ISO-10303-21;
HEADER;
FILE_DESCRIPTION(('Open CASCADE Model'),'2;1');
FILE_NAME('Open CASCADE Shape Model','2026-09-22T09:52:38',('Author'),(
    'Open CASCADE'),'Open CASCADE STEP processor 7.8','Open CASCADE 7.8'
  ,'Unknown');
FILE_SCHEMA(('AUTOMOTIVE_DESIGN { 1 0 10303 214 1 1 1 1 }'));
ENDSEC;
DATA;
#1 = APPLICATION_PROTOCOL_DEFINITION('international standard',
  'automotive_design',2000,#2);
#2 = APPLICATION_CONTEXT(
  'core data for automotive mechanical design processes');
#3 = SHAPE_DEFINITION_REPRESENTATION(#4,#10);
#4 = PRODUCT_DEFINITION_SHAPE('','',#5);
#5 = PRODUCT_DEFINITION('design','',#6,#9);
#6 = PRODUCT_DEFINITION_FORMATION('','',#7);
#7 = PRODUCT('Open CASCADE STEP translator 7.8 1',
  'Open CASCADE STEP translator 7.8 1','',(#8));
#8 = PRODUCT_CONTEXT('',#2,'mechanical');
#9 = PRODUCT_DEFINITION_CONTEXT('part definition',#2,'design');
#10 = ADVANCED_BREP_SHAPE_REPRESENTATION('',(#11,#15),#20113);
#11 = AXIS2_PLACEMENT_3D('',#12,#13,#14);
#12 = CARTESIAN_POINT('',(0.,0.,0.));
#13 = DIRECTION('',(0.,0.,1.));
#14 = DIRECTION('',(1.,0.,-0.));
#15 = MANIFOLD_SOLID_BREP('',#16);
#16 = CLOSED_SHELL('',(#17,#137,#3129,#3213,#3305,#5354,#6713,#8047,
    #8122,#8193,#8200,#8274,#8301,#8398,#8425,#8580,#8607,#8752,#8779,
    #8919,#8946,#8973,#8980,#9027,#9054,#9081,#9108,#9135,#9162,#9189,
    #9196,#9223,#9270,#9297,#9324,#9351,#9378,#9405,#9432,#9439,#9486,
    #9513,#9540,#9567,#9783,#9810,#9950,#9977,#10117,#10144,#10190,
    #10219,#10246,#10293,#10320,#10347,#10374,#10401,#10428,#10455,
    #10462,#10489,#10536,#10563,#10590,#10644,#10671,#10768,#10795,
    #10950,#10977,#11122,#11129,#11269,#11316,#11343,#11370,#11397,
    #11424,#11451,#11478,#11485,#11532,#11559,#11586,#11613,#11640,
    #11667,#11694,#11701,#11728,#11775,#11802,#11829,#11856,#11883,
    #11910,#11937,#11944,#11991,#12018,#12045,#12072,#12099,#12126,
    #12153,#12369,#12398,#12538,#12606,#12724,#13695,#13722,#14693,
    #14720,#14747,#14979,#15075,#15102,#15237,#15264,#15401,#15561,
    #15588,#15683,#15710,#15737,#15784,#15811,#15838,#15845,#15872,
    #15899,#15926,#15973,#16000,#16027,#16034,#16061,#16108,#16135,
    #16162,#16169,#16216,#16243,#16270,#16277,#16304,#16331,#16378,
    #16405,#16432,#16439,#16466,#16513,#16540,#16567,#16574,#16601,
    #16628,#16655,#16662,#16753,#16760,#16767,#16774,#16801,#16828,
    #16875,#16902,#16929,#16936,#16963,#16990,#17017,#17064,#17091,
    #17118,#17125,#17152,#17199,#17226,#17253,#17260,#17307,#17334,
    #17361,#17368,#17395,#17422,#17469,#17496,#17523,#17530,#17557,
    #17604,#17631,#17658,#17665,#17692,#17719,#17746,#17752,#17810,
    #17837,#17888,#17959,#18017,#18024,#18104,#18110,#18168,#18195,
    #18246,#18295,#18302,#18308,#18366,#18455,#18508,#18515,#18573,
    #18580,#18586,#18666,#18733,#18791,#18818,#18851,#18858,#18910,
    #18957,#18989,#19000,#19050,#19100,#19113,#19140,#19302,#19464,
    #19491,#19518,#19680,#19842,#19869,#19873,#19898,#19925,#19930,
    #19934,#19959,#19986,#19991,#19995,#20042,#20047,#20052,#20056,
    #20103,#20108));
#17 = ADVANCED_FACE('',(#18),#32,.F.);
#18 = FACE_BOUND('',#19,.F.);
#19 = EDGE_LOOP('',(#20,#55,#83,#111));
#20 = ORIENTED_EDGE('',*,*,#21,.F.);
#21 = EDGE_CURVE('',#22,#24,#26,.T.);
#22 = VERTEX_POINT('',#23);
#23 = CARTESIAN_POINT('',(-75.,-42.,3.));
#24 = VERTEX_POINT('',#25);
#25 = CARTESIAN_POINT('',(-75.,42.,3.));
#26 = SURFACE_CURVE('',#27,(#31,#43),.PCURVE_S1.);
#27 = LINE('',#28,#29);
#28 = CARTESIAN_POINT('',(-75.,-47.,3.));
#29 = VECTOR('',#30,1.);
#30 = DIRECTION('',(0.,1.,0.));
#31 = PCURVE('',#32,#37);
#32 = PLANE('',#33);
#33 = AXIS2_PLACEMENT_3D('',#34,#35,#36);
#34 = CARTESIAN_POINT('',(-75.,-47.,0.));
#35 = DIRECTION('',(1.,0.,0.));
#36 = DIRECTION('',(0.,0.,1.));
#37 = DEFINITIONAL_REPRESENTATION('',(#38),#42);
#38 = LINE('',#39,#40);
#39 = CARTESIAN_POINT('',(3.,0.));
#40 = VECTOR('',#41,1.);
#41 = DIRECTION('',(0.,-1.));
#42 = ( GEOMETRIC_REPRESENTATION_CONTEXT(2) 
PARAMETRIC_REPRESENTATION_CONTEXT() REPRESENTATION_CONTEXT('2D SPACE',''
  ) );
#43 = PCURVE('',#44,#49);
#44 = PLANE('',#45);
#45 = AXIS2_PLACEMENT_3D('',#46,#47,#48);
#46 = CARTESIAN_POINT('',(-75.,-47.,3.));
#47 = DIRECTION('',(0.,0.,1.));
#48 = DIRECTION('',(1.,0.,0.));
#49 = DEFINITIONAL_REPRESENTATION('',(#50),#54);
#50 = LINE('',#51,#52);
#51 = CARTESIAN_POINT('',(0.,0.));
#52 = VECTOR('',#53,1.);
#53 = DIRECTION('',(0.,1.));
#54 = ( GEOMETRIC_REPRESENTATION_CONTEXT(2) 
PARAMETRIC_REPRESENTATION_CONTEXT() REPRESENTATION_CONTEXT('2D SPACE',''
  ) );
#55 = ORIENTED_EDGE('',*,*,#56,.F.);
#56 = EDGE_CURVE('',#57,#22,#59,.T.);
#57 = VERTEX_POINT('',#58);
#58 = CARTESIAN_POINT('',(-75.,-42.,0.));
#59 = SURFACE_CURVE('',#60,(#64,#71),.PCURVE_S1.);
#60 = LINE('',#61,#62);
#61 = CARTESIAN_POINT('',(-75.,-42.,0.));
#62 = VECTOR('',#63,1.);
#63 = DIRECTION('',(0.,0.,1.));
#64 = PCURVE('',#32,#65);
#65 = DEFINITIONAL_REPRESENTATION('',(#66),#70);
#66 = LINE('',#67,#68);
#67 = CARTESIAN_POINT('',(0.,-5.));
#68 = VECTOR('',#69,1.);
#69 = DIRECTION('',(1.,0.));
#70 = ( GEOMETRIC_REPRESENTATION_CONTEXT(2) 
PARAMETRIC_REPRESENTATION_CONTEXT() REPRESENTATION_CONTEXT('2D SPACE',''
  ) );
#71 = PCURVE('',#72,#77);
#72 = CYLINDRICAL_SURFACE('',#73,5.);
#73 = AXIS2_PLACEMENT_3D('',#74,#75,#76);
#74 = CARTESIAN_POINT('',(-70.,-42.,0.));
#75 = DIRECTION('',(0.,0.,1.));
#76 = DIRECTION('',(-1.,-0.,0.));
#77 = DEFINITIONAL_REPRESENTATION('',(#78),#82);
#78 = LINE('',#79,#80);
#79 = CARTESIAN_POINT('',(0.,0.));
#80 = VECTOR('',#81,1.);
#81 = DIRECTION('',(0.,1.));
#82 = ( GEOMETRIC_REPRESENTATION_CONTEXT(2) 
PARAMETRIC_REPRESENTATION_CONTEXT() REPRESENTATION_CONTEXT('2D SPACE',''
  ) );
#83 = ORIENTED_EDGE('',*,*,#84,.T.);
#84 = EDGE_CURVE('',#57,#85,#87,.T.);
#85 = VERTEX_POINT('',#86);
#86 = CARTESIAN_POINT('',(-75.,42.,0.));
#87 = SURFACE_CURVE('',#88,(#92,#99),.PCURVE_S1.);
#88 = LINE('',#89,#90);
#89 = CARTESIAN_POINT('',(-75.,-47.,0.));
#90 = VECTOR('',#91,1.);
#91 = DIRECTION('',(0.,1.,0.));
#92 = PCURVE('',#32,#93);
#93 = DEFINITIONAL_REPRESENTATION('',(#94),#98);
#94 = LINE('',#95,#96);
#95 = CARTESIAN_POINT('',(0.,0.));
#96 = VECTOR('',#97,1.);
#97 = DIRECTION('',(0.,-1.));
#98 = ( GEOMETRIC_REPRESENTATION_CONTEXT(2) 
PARAMETRIC_REPRESENTATION_CONTEXT() REPRESENTATION_CONTEXT('2D SPACE',''
  ) );
#99 = PCURVE('',#100,#105);
#100 = PLANE('',#101);
#101 = AXIS2_PLACEMENT_3D('',#102,#103,#104);
#102 = CARTESIAN_POINT('',(-75.,-47.,0.));
#103 = DIRECTION('',(0.,0.,1.));
#104 = DIRECTION('',(1.,0.,0.));
#105 = DEFINITIONAL_REPRESENTATION('',(#106),#110);
#106 = LINE('',#107,#108);
#107 = CARTESIAN_POINT('',(0.,0.));
#108 = VECTOR('',#109,1.);
#109 = DIRECTION('',(0.,1.));
#110 = ( GEOMETRIC_REPRESENTATION_CONTEXT(2) 
PARAMETRIC_REPRESENTATION_CONTEXT() REPRESENTATION_CONTEXT('2D SPACE',''
  ) );
#111 = ORIENTED_EDGE('',*,*,#112,.T.);
#112 = EDGE_CURVE('',#85,#24,#113,.T.);
#113 = SURFACE_CURVE('',#114,(#118,#125),.PCURVE_S1.);
#114 = LINE('',#115,#116);
#115 = CARTESIAN_POINT('',(-75.,42.,0.));
#116 = VECTOR('',#117,1.);
#117 = DIRECTION('',(0.,0.,1.));
#118 = PCURVE('',#32,#119);
#119 = DEFINITIONAL_REPRESENTATION('',(#120),#124);
#120 = LINE('',#121,#122);
#121 = CARTESIAN_POINT('',(0.,-89.));
#122 = VECTOR('',#123,1.);
#123 = DIRECTION('',(1.,0.));
#124 = ( GEOMETRIC_REPRESENTATION_CONTEXT(2) 
PARAMETRIC_REPRESENTATION_CONTEXT() REPRESENTATION_CONTEXT('2D SPACE',''
  ) );
#125 = PCURVE('',#126,#131);
#126 = CYLINDRICAL_SURFACE('',#127,5.);
#127 = AXIS2_PLACEMENT_3D('',#128,#129,#130);
#128 = CARTESIAN_POINT('',(-70.,42.,0.));
#129 = DIRECTION('',(0.,0.,1.));
#130 = DIRECTION('',(-1.,-0.,0.));
#131 = DEFINITIONAL_REPRESENTATION('',(#132),#136);
#132 = LINE('',#133,#134);
#133 = CARTESIAN_POINT('',(-0.,0.));
#134 = VECTOR('',#135,1.);
#135 = DIRECTION('',(-0.,1.));
#136 = ( GEOMETRIC_REPRESENTATION_CONTEXT(2) 
PARAMETRIC_REPRESENTATION_CONTEXT() REPRESENTATION_CONTEXT('2D SPACE',''
  ) );
#137 = ADVANCED_FACE('',(#138,#337,#671,#893,#924,#1146,#1480,#1511,
    #1733,#1764,#2098,#2320,#2542,#2573,#2795),#44,.T.);
#138 = FACE_BOUND('',#139,.T.);
#139 = EDGE_LOOP('',(#140,#141,#165,#193,#226,#254,#283,#311));
#140 = ORIENTED_EDGE('',*,*,#21,.F.);
#141 = ORIENTED_EDGE('',*,*,#142,.T.);
#142 = EDGE_CURVE('',#22,#143,#145,.T.);
#143 = VERTEX_POINT('',#144);
#144 = CARTESIAN_POINT('',(-74.58257569495,-44.,3.));
#145 = SURFACE_CURVE('',#146,(#151,#158),.PCURVE_S1.);
#146 = CIRCLE('',#147,5.);
#147 = AXIS2_PLACEMENT_3D('',#148,#149,#150);
#148 = CARTESIAN_POINT('',(-70.,-42.,3.));
#149 = DIRECTION('',(0.,0.,1.));
#150 = DIRECTION('',(0.,-1.,0.));
#151 = PCURVE('',#44,#152);
#152 = DEFINITIONAL_REPRESENTATION('',(#153),#157);
#153 = CIRCLE('',#154,5.);
#154 = AXIS2_PLACEMENT_2D('',#155,#156);
#155 = CARTESIAN_POINT('',(5.,5.));
#156 = DIRECTION('',(0.,-1.));
#157 = ( GEOMETRIC_REPRESENTATION_CONTEXT(2) 
PARAMETRIC_REPRESENTATION_CONTEXT() REPRESENTATION_CONTEXT('2D SPACE',''
  ) );
#158 = PCURVE('',#72,#159);
#159 = DEFINITIONAL_REPRESENTATION('',(#160),#164);
#160 = LINE('',#161,#162);
#161 = CARTESIAN_POINT('',(-4.712388980385,3.));
#162 = VECTOR('',#163,1.);
#163 = DIRECTION('',(1.,0.));
#164 = ( GEOMETRIC_REPRESENTATION_CONTEXT(2) 
PARAMETRIC_REPRESENTATION_CONTEXT() REPRESENTATION_CONTEXT('2D SPACE',''
  ) );
#165 = ORIENTED_EDGE('',*,*,#166,.T.);
#166 = EDGE_CURVE('',#143,#167,#169,.T.);
#167 = VERTEX_POINT('',#168);
#168 = CARTESIAN_POINT('',(74.582575694956,-44.,3.));
#169 = SURFACE_CURVE('',#170,(#174,#181),.PCURVE_S1.);
#170 = LINE('',#171,#172);
#171 = CARTESIAN_POINT('',(-75.,-44.,3.));
#172 = VECTOR('',#173,1.);
#173 = DIRECTION('',(1.,0.,0.));
#174 = PCURVE('',#44,#175);
#175 = DEFINITIONAL_REPRESENTATION('',(#176),#180);
#176 = LINE('',#177,#178);
#177 = CARTESIAN_POINT('',(0.,3.));
#178 = VECTOR('',#179,1.);
#179 = DIRECTION('',(1.,0.));
#180 = ( GEOMETRIC_REPRESENTATION_CONTEXT(2) 
PARAMETRIC_REPRESENTATION_CONTEXT() REPRESENTATION_CONTEXT('2D SPACE',''
  ) );
#181 = PCURVE('',#182,#187);
#182 = PLANE('',#183);
#183 = AXIS2_PLACEMENT_3D('',#184,#185,#186);
#184 = CARTESIAN_POINT('',(-75.,-44.,3.));
#185 = DIRECTION('',(0.,1.,0.));
#186 = DIRECTION('',(0.,0.,1.));
#187 = DEFINITIONAL_REPRESENTATION('',(#188),#192);
#188 = LINE('',#189,#190);
#189 = CARTESIAN_POINT('',(0.,0.));
#190 = VECTOR('',#191,1.);
#191 = DIRECTION('',(0.,1.));
#192 = ( GEOMETRIC_REPRESENTATION_CONTEXT(2) 
PARAMETRIC_REPRESENTATION_CONTEXT() REPRESENTATION_CONTEXT('2D SPACE',''
  ) );
#193 = ORIENTED_EDGE('',*,*,#194,.F.);
#194 = EDGE_CURVE('',#195,#167,#197,.T.);
#195 = VERTEX_POINT('',#196);
#196 = CARTESIAN_POINT('',(75.,-42.,3.));
#197 = SURFACE_CURVE('',#198,(#203,#214),.PCURVE_S1.);
#198 = CIRCLE('',#199,5.);
#199 = AXIS2_PLACEMENT_3D('',#200,#201,#202);
#200 = CARTESIAN_POINT('',(70.,-42.,3.));
#201 = DIRECTION('',(-0.,-0.,-1.));
#202 = DIRECTION('',(0.,-1.,0.));
#203 = PCURVE('',#44,#204);
#204 = DEFINITIONAL_REPRESENTATION('',(#205),#213);
#205 = ( BOUNDED_CURVE() B_SPLINE_CURVE(2,(#206,#207,#208,#209,#210,#211
,#212),.UNSPECIFIED.,.T.,.F.) B_SPLINE_CURVE_WITH_KNOTS((1,2,2,2,2,1),(
    -2.094395102393,0.,2.094395102393,4.188790204786,6.28318530718,
8.377580409573),.UNSPECIFIED.) CURVE() GEOMETRIC_REPRESENTATION_ITEM() 
RATIONAL_B_SPLINE_CURVE((1.,0.5,1.,0.5,1.,0.5,1.)) REPRESENTATION_ITEM(
  '') );
#206 = CARTESIAN_POINT('',(145.,0.));
#207 = CARTESIAN_POINT('',(136.33974596215,0.));
#208 = CARTESIAN_POINT('',(140.66987298107,7.5));
#209 = CARTESIAN_POINT('',(145.,15.));
#210 = CARTESIAN_POINT('',(149.33012701892,7.5));
#211 = CARTESIAN_POINT('',(153.66025403784,7.993605777301E-15));
#212 = CARTESIAN_POINT('',(145.,0.));
#213 = ( GEOMETRIC_REPRESENTATION_CONTEXT(2) 
PARAMETRIC_REPRESENTATION_CONTEXT() REPRESENTATION_CONTEXT('2D SPACE',''
  ) );
#214 = PCURVE('',#215,#220);
#215 = CYLINDRICAL_SURFACE('',#216,5.);
#216 = AXIS2_PLACEMENT_3D('',#217,#218,#219);
#217 = CARTESIAN_POINT('',(70.,-42.,0.));
#218 = DIRECTION('',(0.,0.,1.));
#219 = DIRECTION('',(1.,0.,-0.));
#220 = DEFINITIONAL_REPRESENTATION('',(#221),#225);
#221 = LINE('',#222,#223);
#222 = CARTESIAN_POINT('',(4.712388980385,3.));
#223 = VECTOR('',#224,1.);
#224 = DIRECTION('',(-1.,0.));
#225 = ( GEOMETRIC_REPRESENTATION_CONTEXT(2) 
PARAMETRIC_REPRESENTATION_CONTEXT() REPRESENTATION_CONTEXT('2D SPACE',''
  ) );
#226 = ORIENTED_EDGE('',*,*,#227,.T.);
#227 = EDGE_CURVE('',#195,#228,#230,.T.);
#228 = VERTEX_POINT('',#229);
#229 = CARTESIAN_POINT('',(75.,42.,3.));
#230 = SURFACE_CURVE('',#231,(#235,#242),.PCURVE_S1.);
#231 = LINE('',#232,#233);
#232 = CARTESIAN_POINT('',(75.,-47.,3.));
#233 = VECTOR('',#234,1.);
#234 = DIRECTION('',(0.,1.,0.));
#235 = PCURVE('',#44,#236);
#236 = DEFINITIONAL_REPRESENTATION('',(#237),#241);
#237 = LINE('',#238,#239);
#238 = CARTESIAN_POINT('',(150.,0.));
#239 = VECTOR('',#240,1.);
#240 = DIRECTION('',(0.,1.));
#241 = ( GEOMETRIC_REPRESENTATION_CONTEXT(2) 
PARAMETRIC_REPRESENTATION_CONTEXT() REPRESENTATION_CONTEXT('2D SPACE',''
  ) );
#242 = PCURVE('',#243,#248);
#243 = PLANE('',#244);
#244 = AXIS2_PLACEMENT_3D('',#245,#246,#247);
#245 = CARTESIAN_POINT('',(75.,-47.,0.));
#246 = DIRECTION('',(1.,0.,0.));
#247 = DIRECTION('',(0.,0.,1.));
#248 = DEFINITIONAL_REPRESENTATION('',(#249),#253);
#249 = LINE('',#250,#251);
#250 = CARTESIAN_POINT('',(3.,0.));
#251 = VECTOR('',#252,1.);
#252 = DIRECTION('',(0.,-1.));
#253 = ( GEOMETRIC_REPRESENTATION_CONTEXT(2) 
PARAMETRIC_REPRESENTATION_CONTEXT() REPRESENTATION_CONTEXT('2D SPACE',''
  ) );
#254 = ORIENTED_EDGE('',*,*,#255,.T.);
#255 = EDGE_CURVE('',#228,#256,#258,.T.);
#256 = VERTEX_POINT('',#257);
#257 = CARTESIAN_POINT('',(74.582575694956,44.,3.));
#258 = SURFACE_CURVE('',#259,(#264,#271),.PCURVE_S1.);
#259 = CIRCLE('',#260,5.);
#260 = AXIS2_PLACEMENT_3D('',#261,#262,#263);
#261 = CARTESIAN_POINT('',(70.,42.,3.));
#262 = DIRECTION('',(0.,0.,1.));
#263 = DIRECTION('',(0.,-1.,0.));
#264 = PCURVE('',#44,#265);
#265 = DEFINITIONAL_REPRESENTATION('',(#266),#270);
#266 = CIRCLE('',#267,5.);
#267 = AXIS2_PLACEMENT_2D('',#268,#269);
#268 = CARTESIAN_POINT('',(145.,89.));
#269 = DIRECTION('',(0.,-1.));
#270 = ( GEOMETRIC_REPRESENTATION_CONTEXT(2) 
PARAMETRIC_REPRESENTATION_CONTEXT() REPRESENTATION_CONTEXT('2D SPACE',''
  ) );
#271 = PCURVE('',#272,#277);
#272 = CYLINDRICAL_SURFACE('',#273,5.);
#273 = AXIS2_PLACEMENT_3D('',#274,#275,#276);
#274 = CARTESIAN_POINT('',(70.,42.,0.));
#275 = DIRECTION('',(0.,0.,1.));
#276 = DIRECTION('',(1.,0.,-0.));
#277 = DEFINITIONAL_REPRESENTATION('',(#278),#282);
#278 = LINE('',#279,#280);
#279 = CARTESIAN_POINT('',(-1.570796326795,3.));
#280 = VECTOR('',#281,1.);
#281 = DIRECTION('',(1.,0.));
#282 = ( GEOMETRIC_REPRESENTATION_CONTEXT(2) 
PARAMETRIC_REPRESENTATION_CONTEXT() REPRESENTATION_CONTEXT('2D SPACE',''
  ) );
#283 = ORIENTED_EDGE('',*,*,#284,.F.);
#284 = EDGE_CURVE('',#285,#256,#287,.T.);
#285 = VERTEX_POINT('',#286);
#286 = CARTESIAN_POINT('',(-74.58257569495,44.,3.));
#287 = SURFACE_CURVE('',#288,(#292,#299),.PCURVE_S1.);
#288 = LINE('',#289,#290);
#289 = CARTESIAN_POINT('',(-75.,44.,3.));
#290 = VECTOR('',#291,1.);
#291 = DIRECTION('',(1.,0.,0.));
#292 = PCURVE('',#44,#293);
#293 = DEFINITIONAL_REPRESENTATION('',(#294),#298);
#294 = LINE('',#295,#296);
#295 = CARTESIAN_POINT('',(0.,91.));
#296 = VECTOR('',#297,1.);
#297 = DIRECTION('',(1.,0.));
#298 = ( GEOMETRIC_REPRESENTATION_CONTEXT(2) 
PARAMETRIC_REPRESENTATION_CONTEXT() REPRESENTATION_CONTEXT('2D SPACE',''
  ) );
#299 = PCURVE('',#300,#305);
#300 = PLANE('',#301);
#301 = AXIS2_PLACEMENT_3D('',#302,#303,#304);
#302 = CARTESIAN_POINT('',(-75.,44.,3.));
#303 = DIRECTION('',(0.,1.,0.));
#304 = DIRECTION('',(0.,0.,1.));
#305 = DEFINITIONAL_REPRESENTATION('',(#306),#310);
#306 = LINE('',#307,#308);
#307 = CARTESIAN_POINT('',(0.,0.));
#308 = VECTOR('',#309,1.);
#309 = DIRECTION('',(0.,1.));
#310 = ( GEOMETRIC_REPRESENTATION_CONTEXT(2) 
PARAMETRIC_REPRESENTATION_CONTEXT() REPRESENTATION_CONTEXT('2D SPACE',''
  ) );
#311 = ORIENTED_EDGE('',*,*,#312,.F.);
#312 = EDGE_CURVE('',#24,#285,#313,.T.);
#313 = SURFACE_CURVE('',#314,(#319,#330),.PCURVE_S1.);
#314 = CIRCLE('',#315,5.);
#315 = AXIS2_PLACEMENT_3D('',#316,#317,#318);
#316 = CARTESIAN_POINT('',(-70.,42.,3.));
#317 = DIRECTION('',(-0.,-0.,-1.));
#318 = DIRECTION('',(0.,-1.,0.));
#319 = PCURVE('',#44,#320);
#320 = DEFINITIONAL_REPRESENTATION('',(#321),#329);
#321 = ( BOUNDED_CURVE() B_SPLINE_CURVE(2,(#322,#323,#324,#325,#326,#327
,#328),.UNSPECIFIED.,.T.,.F.) B_SPLINE_CURVE_WITH_KNOTS((1,2,2,2,2,1),(
    -2.094395102393,0.,2.094395102393,4.188790204786,6.28318530718,
8.377580409573),.UNSPECIFIED.) CURVE() GEOMETRIC_REPRESENTATION_ITEM() 
RATIONAL_B_SPLINE_CURVE((1.,0.5,1.,0.5,1.,0.5,1.)) REPRESENTATION_ITEM(
  '') );
#322 = CARTESIAN_POINT('',(5.,84.));
#323 = CARTESIAN_POINT('',(-3.660254037844,84.));
#324 = CARTESIAN_POINT('',(0.669872981078,91.5));
#325 = CARTESIAN_POINT('',(5.,99.));
#326 = CARTESIAN_POINT('',(9.330127018922,91.5));
#327 = CARTESIAN_POINT('',(13.660254037844,84.));
#328 = CARTESIAN_POINT('',(5.,84.));
#329 = ( GEOMETRIC_REPRESENTATION_CONTEXT(2) 
PARAMETRIC_REPRESENTATION_CONTEXT() REPRESENTATION_CONTEXT('2D SPACE',''
  ) );
#330 = PCURVE('',#126,#331);
#331 = DEFINITIONAL_REPRESENTATION('',(#332),#336);
#332 = LINE('',#333,#334);
#333 = CARTESIAN_POINT('',(1.570796326795,3.));
#334 = VECTOR('',#335,1.);
#335 = DIRECTION('',(-1.,0.));
#336 = ( GEOMETRIC_REPRESENTATION_CONTEXT(2) 
PARAMETRIC_REPRESENTATION_CONTEXT() REPRESENTATION_CONTEXT('2D SPACE',''
  ) );
#337 = FACE_BOUND('',#338,.T.);
#338 = EDGE_LOOP('',(#339,#370,#396,#425,#451,#480,#506,#535,#561,#589,
    #617,#645));
#339 = ORIENTED_EDGE('',*,*,#340,.F.);
#340 = EDGE_CURVE('',#341,#343,#345,.T.);
#341 = VERTEX_POINT('',#342);
#342 = CARTESIAN_POINT('',(-66.5,-29.,3.));
#343 = VERTEX_POINT('',#344);
#344 = CARTESIAN_POINT('',(-66.45803989155,-29.5,3.));
#345 = SURFACE_CURVE('',#346,(#351,#358),.PCURVE_S1.);
#346 = CIRCLE('',#347,3.);
#347 = AXIS2_PLACEMENT_3D('',#348,#349,#350);
#348 = CARTESIAN_POINT('',(-63.5,-29.,3.));
#349 = DIRECTION('',(0.,0.,1.));
#350 = DIRECTION('',(-1.,-0.,0.));
#351 = PCURVE('',#44,#352);
#352 = DEFINITIONAL_REPRESENTATION('',(#353),#357);
#353 = CIRCLE('',#354,3.);
#354 = AXIS2_PLACEMENT_2D('',#355,#356);
#355 = CARTESIAN_POINT('',(11.5,18.));
#356 = DIRECTION('',(-1.,0.));
#357 = ( GEOMETRIC_REPRESENTATION_CONTEXT(2) 
PARAMETRIC_REPRESENTATION_CONTEXT() REPRESENTATION_CONTEXT('2D SPACE',''
  ) );
#358 = PCURVE('',#359,#364);
#359 = CYLINDRICAL_SURFACE('',#360,3.);
#360 = AXIS2_PLACEMENT_3D('',#361,#362,#363);
#361 = CARTESIAN_POINT('',(-63.5,-29.,-1.));
#362 = DIRECTION('',(0.,0.,1.));
#363 = DIRECTION('',(-1.,-0.,0.));
#364 = DEFINITIONAL_REPRESENTATION('',(#365),#369);
#365 = LINE('',#366,#367);
#366 = CARTESIAN_POINT('',(0.,4.));
#367 = VECTOR('',#368,1.);
#368 = DIRECTION('',(1.,0.));
#369 = ( GEOMETRIC_REPRESENTATION_CONTEXT(2) 
PARAMETRIC_REPRESENTATION_CONTEXT() REPRESENTATION_CONTEXT('2D SPACE',''
  ) );
#370 = ORIENTED_EDGE('',*,*,#371,.T.);
#371 = EDGE_CURVE('',#341,#372,#374,.T.);
#372 = VERTEX_POINT('',#373);
#373 = CARTESIAN_POINT('',(-66.5,-19.,3.));
#374 = SURFACE_CURVE('',#375,(#379,#385),.PCURVE_S1.);
#375 = LINE('',#376,#377);
#376 = CARTESIAN_POINT('',(-66.5,-39.5,3.));
#377 = VECTOR('',#378,1.);
#378 = DIRECTION('',(0.,1.,0.));
#379 = PCURVE('',#44,#380);
#380 = DEFINITIONAL_REPRESENTATION('',(#381),#384);
#381 = B_SPLINE_CURVE_WITH_KNOTS('',1,(#382,#383),.UNSPECIFIED.,.F.,.F.,
  (2,2),(10.5,20.5),.PIECEWISE_BEZIER_KNOTS.);
#382 = CARTESIAN_POINT('',(8.5,18.));
#383 = CARTESIAN_POINT('',(8.5,28.));
#384 = ( GEOMETRIC_REPRESENTATION_CONTEXT(2) 
PARAMETRIC_REPRESENTATION_CONTEXT() REPRESENTATION_CONTEXT('2D SPACE',''
  ) );
#385 = PCURVE('',#386,#391);
#386 = PLANE('',#387);
#387 = AXIS2_PLACEMENT_3D('',#388,#389,#390);
#388 = CARTESIAN_POINT('',(-66.5,-32.,-1.));
#389 = DIRECTION('',(1.,0.,0.));
#390 = DIRECTION('',(0.,0.,1.));
#391 = DEFINITIONAL_REPRESENTATION('',(#392),#395);
#392 = B_SPLINE_CURVE_WITH_KNOTS('',1,(#393,#394),.UNSPECIFIED.,.F.,.F.,
  (2,2),(10.5,20.5),.PIECEWISE_BEZIER_KNOTS.);
#393 = CARTESIAN_POINT('',(4.,-3.));
#394 = CARTESIAN_POINT('',(4.,-13.));
#395 = ( GEOMETRIC_REPRESENTATION_CONTEXT(2) 
PARAMETRIC_REPRESENTATION_CONTEXT() REPRESENTATION_CONTEXT('2D SPACE',''
  ) );
#396 = ORIENTED_EDGE('',*,*,#397,.F.);
#397 = EDGE_CURVE('',#398,#372,#400,.T.);
#398 = VERTEX_POINT('',#399);
#399 = CARTESIAN_POINT('',(-63.5,-16.,3.));
#400 = SURFACE_CURVE('',#401,(#406,#413),.PCURVE_S1.);
#401 = CIRCLE('',#402,3.);
#402 = AXIS2_PLACEMENT_3D('',#403,#404,#405);
#403 = CARTESIAN_POINT('',(-63.5,-19.,3.));
#404 = DIRECTION('',(0.,0.,1.));
#405 = DIRECTION('',(-1.,-0.,0.));
#406 = PCURVE('',#44,#407);
#407 = DEFINITIONAL_REPRESENTATION('',(#408),#412);
#408 = CIRCLE('',#409,3.);
#409 = AXIS2_PLACEMENT_2D('',#410,#411);
#410 = CARTESIAN_POINT('',(11.5,28.));
#411 = DIRECTION('',(-1.,0.));
#412 = ( GEOMETRIC_REPRESENTATION_CONTEXT(2) 
PARAMETRIC_REPRESENTATION_CONTEXT() REPRESENTATION_CONTEXT('2D SPACE',''
  ) );
#413 = PCURVE('',#414,#419);
#414 = CYLINDRICAL_SURFACE('',#415,3.);
#415 = AXIS2_PLACEMENT_3D('',#416,#417,#418);
#416 = CARTESIAN_POINT('',(-63.5,-19.,-1.));
#417 = DIRECTION('',(0.,0.,1.));
#418 = DIRECTION('',(-1.,-0.,0.));
#419 = DEFINITIONAL_REPRESENTATION('',(#420),#424);
#420 = LINE('',#421,#422);
#421 = CARTESIAN_POINT('',(-6.28318530718,4.));
#422 = VECTOR('',#423,1.);
#423 = DIRECTION('',(1.,-0.));
#424 = ( GEOMETRIC_REPRESENTATION_CONTEXT(2) 
PARAMETRIC_REPRESENTATION_CONTEXT() REPRESENTATION_CONTEXT('2D SPACE',''
  ) );
#425 = ORIENTED_EDGE('',*,*,#426,.F.);
#426 = EDGE_CURVE('',#427,#398,#429,.T.);
#427 = VERTEX_POINT('',#428);
#428 = CARTESIAN_POINT('',(-50.5,-16.,3.));
#429 = SURFACE_CURVE('',#430,(#434,#440),.PCURVE_S1.);
#430 = LINE('',#431,#432);
#431 = CARTESIAN_POINT('',(-70.75,-16.,3.));
#432 = VECTOR('',#433,1.);
#433 = DIRECTION('',(-1.,0.,0.));
#434 = PCURVE('',#44,#435);
#435 = DEFINITIONAL_REPRESENTATION('',(#436),#439);
#436 = B_SPLINE_CURVE_WITH_KNOTS('',1,(#437,#438),.UNSPECIFIED.,.F.,.F.,
  (2,2),(-20.25,-7.25),.PIECEWISE_BEZIER_KNOTS.);
#437 = CARTESIAN_POINT('',(24.5,31.));
#438 = CARTESIAN_POINT('',(11.5,31.));
#439 = ( GEOMETRIC_REPRESENTATION_CONTEXT(2) 
PARAMETRIC_REPRESENTATION_CONTEXT() REPRESENTATION_CONTEXT('2D SPACE',''
  ) );
#440 = PCURVE('',#441,#446);
#441 = PLANE('',#442);
#442 = AXIS2_PLACEMENT_3D('',#443,#444,#445);
#443 = CARTESIAN_POINT('',(-66.5,-16.,-1.));
#444 = DIRECTION('',(0.,1.,0.));
#445 = DIRECTION('',(0.,0.,1.));
#446 = DEFINITIONAL_REPRESENTATION('',(#447),#450);
#447 = B_SPLINE_CURVE_WITH_KNOTS('',1,(#448,#449),.UNSPECIFIED.,.F.,.F.,
  (2,2),(-20.25,-7.25),.PIECEWISE_BEZIER_KNOTS.);
#448 = CARTESIAN_POINT('',(4.,16.));
#449 = CARTESIAN_POINT('',(4.,3.));
#450 = ( GEOMETRIC_REPRESENTATION_CONTEXT(2) 
PARAMETRIC_REPRESENTATION_CONTEXT() REPRESENTATION_CONTEXT('2D SPACE',''
  ) );
#451 = ORIENTED_EDGE('',*,*,#452,.F.);
#452 = EDGE_CURVE('',#453,#427,#455,.T.);
#453 = VERTEX_POINT('',#454);
#454 = CARTESIAN_POINT('',(-47.5,-19.,3.));
#455 = SURFACE_CURVE('',#456,(#461,#468),.PCURVE_S1.);
#456 = CIRCLE('',#457,3.);
#457 = AXIS2_PLACEMENT_3D('',#458,#459,#460);
#458 = CARTESIAN_POINT('',(-50.5,-19.,3.));
#459 = DIRECTION('',(0.,0.,1.));
#460 = DIRECTION('',(1.,0.,-0.));
#461 = PCURVE('',#44,#462);
#462 = DEFINITIONAL_REPRESENTATION('',(#463),#467);
#463 = CIRCLE('',#464,3.);
#464 = AXIS2_PLACEMENT_2D('',#465,#466);
#465 = CARTESIAN_POINT('',(24.5,28.));
#466 = DIRECTION('',(1.,0.));
#467 = ( GEOMETRIC_REPRESENTATION_CONTEXT(2) 
PARAMETRIC_REPRESENTATION_CONTEXT() REPRESENTATION_CONTEXT('2D SPACE',''
  ) );
#468 = PCURVE('',#469,#474);
#469 = CYLINDRICAL_SURFACE('',#470,3.);
#470 = AXIS2_PLACEMENT_3D('',#471,#472,#473);
#471 = CARTESIAN_POINT('',(-50.5,-19.,-1.));
#472 = DIRECTION('',(0.,0.,1.));
#473 = DIRECTION('',(1.,0.,-0.));
#474 = DEFINITIONAL_REPRESENTATION('',(#475),#479);
#475 = LINE('',#476,#477);
#476 = CARTESIAN_POINT('',(0.,4.));
#477 = VECTOR('',#478,1.);
#478 = DIRECTION('',(1.,0.));
#479 = ( GEOMETRIC_REPRESENTATION_CONTEXT(2) 
PARAMETRIC_REPRESENTATION_CONTEXT() REPRESENTATION_CONTEXT('2D SPACE',''
  ) );
#480 = ORIENTED_EDGE('',*,*,#481,.F.);
#481 = EDGE_CURVE('',#482,#453,#484,.T.);
#482 = VERTEX_POINT('',#483);
#483 = CARTESIAN_POINT('',(-47.5,-29.,3.));
#484 = SURFACE_CURVE('',#485,(#489,#495),.PCURVE_S1.);
#485 = LINE('',#486,#487);
#486 = CARTESIAN_POINT('',(-47.5,-39.5,3.));
#487 = VECTOR('',#488,1.);
#488 = DIRECTION('',(0.,1.,0.));
#489 = PCURVE('',#44,#490);
#490 = DEFINITIONAL_REPRESENTATION('',(#491),#494);
#491 = B_SPLINE_CURVE_WITH_KNOTS('',1,(#492,#493),.UNSPECIFIED.,.F.,.F.,
  (2,2),(10.5,20.5),.PIECEWISE_BEZIER_KNOTS.);
#492 = CARTESIAN_POINT('',(27.5,18.));
#493 = CARTESIAN_POINT('',(27.5,28.));
#494 = ( GEOMETRIC_REPRESENTATION_CONTEXT(2) 
PARAMETRIC_REPRESENTATION_CONTEXT() REPRESENTATION_CONTEXT('2D SPACE',''
  ) );
#495 = PCURVE('',#496,#501);
#496 = PLANE('',#497);
#497 = AXIS2_PLACEMENT_3D('',#498,#499,#500);
#498 = CARTESIAN_POINT('',(-47.5,-32.,-1.));
#499 = DIRECTION('',(1.,0.,0.));
#500 = DIRECTION('',(0.,0.,1.));
#501 = DEFINITIONAL_REPRESENTATION('',(#502),#505);
#502 = B_SPLINE_CURVE_WITH_KNOTS('',1,(#503,#504),.UNSPECIFIED.,.F.,.F.,
  (2,2),(10.5,20.5),.PIECEWISE_BEZIER_KNOTS.);
#503 = CARTESIAN_POINT('',(4.,-3.));
#504 = CARTESIAN_POINT('',(4.,-13.));
#505 = ( GEOMETRIC_REPRESENTATION_CONTEXT(2) 
PARAMETRIC_REPRESENTATION_CONTEXT() REPRESENTATION_CONTEXT('2D SPACE',''
  ) );
#506 = ORIENTED_EDGE('',*,*,#507,.F.);
#507 = EDGE_CURVE('',#508,#482,#510,.T.);
#508 = VERTEX_POINT('',#509);
#509 = CARTESIAN_POINT('',(-50.5,-32.,3.));
#510 = SURFACE_CURVE('',#511,(#516,#523),.PCURVE_S1.);
#511 = CIRCLE('',#512,3.);
#512 = AXIS2_PLACEMENT_3D('',#513,#514,#515);
#513 = CARTESIAN_POINT('',(-50.5,-29.,3.));
#514 = DIRECTION('',(0.,0.,1.));
#515 = DIRECTION('',(1.,0.,-0.));
#516 = PCURVE('',#44,#517);
#517 = DEFINITIONAL_REPRESENTATION('',(#518),#522);
#518 = CIRCLE('',#519,3.);
#519 = AXIS2_PLACEMENT_2D('',#520,#521);
#520 = CARTESIAN_POINT('',(24.5,18.));
#521 = DIRECTION('',(1.,0.));
#522 = ( GEOMETRIC_REPRESENTATION_CONTEXT(2) 
PARAMETRIC_REPRESENTATION_CONTEXT() REPRESENTATION_CONTEXT('2D SPACE',''
  ) );
#523 = PCURVE('',#524,#529);
#524 = CYLINDRICAL_SURFACE('',#525,3.);
#525 = AXIS2_PLACEMENT_3D('',#526,#527,#528);
#526 = CARTESIAN_POINT('',(-50.5,-29.,-1.));
#527 = DIRECTION('',(0.,0.,1.));
#528 = DIRECTION('',(1.,0.,-0.));
#529 = DEFINITIONAL_REPRESENTATION('',(#530),#534);
#530 = LINE('',#531,#532);
#531 = CARTESIAN_POINT('',(-6.28318530718,4.));
#532 = VECTOR('',#533,1.);
#533 = DIRECTION('',(1.,-0.));
#534 = ( GEOMETRIC_REPRESENTATION_CONTEXT(2) 
PARAMETRIC_REPRESENTATION_CONTEXT() REPRESENTATION_CONTEXT('2D SPACE',''
  ) );
#535 = ORIENTED_EDGE('',*,*,#536,.T.);
#536 = EDGE_CURVE('',#508,#537,#539,.T.);
#537 = VERTEX_POINT('',#538);
#538 = CARTESIAN_POINT('',(-63.5,-32.,3.));
#539 = SURFACE_CURVE('',#540,(#544,#550),.PCURVE_S1.);
#540 = LINE('',#541,#542);
#541 = CARTESIAN_POINT('',(-70.75,-32.,3.));
#542 = VECTOR('',#543,1.);
#543 = DIRECTION('',(-1.,0.,0.));
#544 = PCURVE('',#44,#545);
#545 = DEFINITIONAL_REPRESENTATION('',(#546),#549);
#546 = B_SPLINE_CURVE_WITH_KNOTS('',1,(#547,#548),.UNSPECIFIED.,.F.,.F.,
  (2,2),(-20.25,-7.25),.PIECEWISE_BEZIER_KNOTS.);
#547 = CARTESIAN_POINT('',(24.5,15.));
#548 = CARTESIAN_POINT('',(11.5,15.));
#549 = ( GEOMETRIC_REPRESENTATION_CONTEXT(2) 
PARAMETRIC_REPRESENTATION_CONTEXT() REPRESENTATION_CONTEXT('2D SPACE',''
  ) );
#550 = PCURVE('',#551,#556);
#551 = PLANE('',#552);
#552 = AXIS2_PLACEMENT_3D('',#553,#554,#555);
#553 = CARTESIAN_POINT('',(-66.5,-32.,-1.));
#554 = DIRECTION('',(0.,1.,0.));
#555 = DIRECTION('',(0.,0.,1.));
#556 = DEFINITIONAL_REPRESENTATION('',(#557),#560);
#557 = B_SPLINE_CURVE_WITH_KNOTS('',1,(#558,#559),.UNSPECIFIED.,.F.,.F.,
  (2,2),(-20.25,-7.25),.PIECEWISE_BEZIER_KNOTS.);
#558 = CARTESIAN_POINT('',(4.,16.));
#559 = CARTESIAN_POINT('',(4.,3.));
#560 = ( GEOMETRIC_REPRESENTATION_CONTEXT(2) 
PARAMETRIC_REPRESENTATION_CONTEXT() REPRESENTATION_CONTEXT('2D SPACE',''
  ) );
#561 = ORIENTED_EDGE('',*,*,#562,.F.);
#562 = EDGE_CURVE('',#563,#537,#565,.T.);
#563 = VERTEX_POINT('',#564);
#564 = CARTESIAN_POINT('',(-63.5,-38.5,3.));
#565 = SURFACE_CURVE('',#566,(#570,#577),.PCURVE_S1.);
#566 = LINE('',#567,#568);
#567 = CARTESIAN_POINT('',(-63.5,-38.5,3.));
#568 = VECTOR('',#569,1.);
#569 = DIRECTION('',(0.,1.,0.));
#570 = PCURVE('',#44,#571);
#571 = DEFINITIONAL_REPRESENTATION('',(#572),#576);
#572 = LINE('',#573,#574);
#573 = CARTESIAN_POINT('',(11.5,8.5));
#574 = VECTOR('',#575,1.);
#575 = DIRECTION('',(0.,1.));
#576 = ( GEOMETRIC_REPRESENTATION_CONTEXT(2) 
PARAMETRIC_REPRESENTATION_CONTEXT() REPRESENTATION_CONTEXT('2D SPACE',''
  ) );
#577 = PCURVE('',#578,#583);
#578 = PLANE('',#579);
#579 = AXIS2_PLACEMENT_3D('',#580,#581,#582);
#580 = CARTESIAN_POINT('',(-63.5,-38.5,3.));
#581 = DIRECTION('',(1.,0.,0.));
#582 = DIRECTION('',(0.,0.,1.));
#583 = DEFINITIONAL_REPRESENTATION('',(#584),#588);
#584 = LINE('',#585,#586);
#585 = CARTESIAN_POINT('',(0.,0.));
#586 = VECTOR('',#587,1.);
#587 = DIRECTION('',(0.,-1.));
#588 = ( GEOMETRIC_REPRESENTATION_CONTEXT(2) 
PARAMETRIC_REPRESENTATION_CONTEXT() REPRESENTATION_CONTEXT('2D SPACE',''
  ) );
#589 = ORIENTED_EDGE('',*,*,#590,.F.);
#590 = EDGE_CURVE('',#591,#563,#593,.T.);
#591 = VERTEX_POINT('',#592);
#592 = CARTESIAN_POINT('',(-72.5,-38.5,3.));
#593 = SURFACE_CURVE('',#594,(#598,#605),.PCURVE_S1.);
#594 = LINE('',#595,#596);
#595 = CARTESIAN_POINT('',(-72.5,-38.5,3.));
#596 = VECTOR('',#597,1.);
#597 = DIRECTION('',(1.,0.,0.));
#598 = PCURVE('',#44,#599);
#599 = DEFINITIONAL_REPRESENTATION('',(#600),#604);
#600 = LINE('',#601,#602);
#601 = CARTESIAN_POINT('',(2.5,8.5));
#602 = VECTOR('',#603,1.);
#603 = DIRECTION('',(1.,0.));
#604 = ( GEOMETRIC_REPRESENTATION_CONTEXT(2) 
PARAMETRIC_REPRESENTATION_CONTEXT() REPRESENTATION_CONTEXT('2D SPACE',''
  ) );
#605 = PCURVE('',#606,#611);
#606 = PLANE('',#607);
#607 = AXIS2_PLACEMENT_3D('',#608,#609,#610);
#608 = CARTESIAN_POINT('',(-72.5,-38.5,3.));
#609 = DIRECTION('',(0.,1.,0.));
#610 = DIRECTION('',(0.,0.,1.));
#611 = DEFINITIONAL_REPRESENTATION('',(#612),#616);
#612 = LINE('',#613,#614);
#613 = CARTESIAN_POINT('',(0.,0.));
#614 = VECTOR('',#615,1.);
#615 = DIRECTION('',(0.,1.));
#616 = ( GEOMETRIC_REPRESENTATION_CONTEXT(2) 
PARAMETRIC_REPRESENTATION_CONTEXT() REPRESENTATION_CONTEXT('2D SPACE',''
  ) );
#617 = ORIENTED_EDGE('',*,*,#618,.T.);
#618 = EDGE_CURVE('',#591,#619,#621,.T.);
#619 = VERTEX_POINT('',#620);
#620 = CARTESIAN_POINT('',(-72.5,-29.5,3.));
#621 = SURFACE_CURVE('',#622,(#626,#633),.PCURVE_S1.);
#622 = LINE('',#623,#624);
#623 = CARTESIAN_POINT('',(-72.5,-38.5,3.));
#624 = VECTOR('',#625,1.);
#625 = DIRECTION('',(0.,1.,0.));
#626 = PCURVE('',#44,#627);
#627 = DEFINITIONAL_REPRESENTATION('',(#628),#632);
#628 = LINE('',#629,#630);
#629 = CARTESIAN_POINT('',(2.5,8.5));
#630 = VECTOR('',#631,1.);
#631 = DIRECTION('',(0.,1.));
#632 = ( GEOMETRIC_REPRESENTATION_CONTEXT(2) 
PARAMETRIC_REPRESENTATION_CONTEXT() REPRESENTATION_CONTEXT('2D SPACE',''
  ) );
#633 = PCURVE('',#634,#639);
#634 = PLANE('',#635);
#635 = AXIS2_PLACEMENT_3D('',#636,#637,#638);
#636 = CARTESIAN_POINT('',(-72.5,-38.5,3.));
#637 = DIRECTION('',(1.,0.,0.));
#638 = DIRECTION('',(0.,0.,1.));
#639 = DEFINITIONAL_REPRESENTATION('',(#640),#644);
#640 = LINE('',#641,#642);
#641 = CARTESIAN_POINT('',(0.,0.));
#642 = VECTOR('',#643,1.);
#643 = DIRECTION('',(0.,-1.));
#644 = ( GEOMETRIC_REPRESENTATION_CONTEXT(2) 
PARAMETRIC_REPRESENTATION_CONTEXT() REPRESENTATION_CONTEXT('2D SPACE',''
  ) );
#645 = ORIENTED_EDGE('',*,*,#646,.T.);
#646 = EDGE_CURVE('',#619,#343,#647,.T.);
#647 = SURFACE_CURVE('',#648,(#652,#659),.PCURVE_S1.);
#648 = LINE('',#649,#650);
#649 = CARTESIAN_POINT('',(-72.5,-29.5,3.));
#650 = VECTOR('',#651,1.);
#651 = DIRECTION('',(1.,0.,0.));
#652 = PCURVE('',#44,#653);
#653 = DEFINITIONAL_REPRESENTATION('',(#654),#658);
#654 = LINE('',#655,#656);
#655 = CARTESIAN_POINT('',(2.5,17.5));
#656 = VECTOR('',#657,1.);
#657 = DIRECTION('',(1.,0.));
#658 = ( GEOMETRIC_REPRESENTATION_CONTEXT(2) 
PARAMETRIC_REPRESENTATION_CONTEXT() REPRESENTATION_CONTEXT('2D SPACE',''
  ) );
#659 = PCURVE('',#660,#665);
#660 = PLANE('',#661);
#661 = AXIS2_PLACEMENT_3D('',#662,#663,#664);
#662 = CARTESIAN_POINT('',(-72.5,-29.5,3.));
#663 = DIRECTION('',(0.,1.,0.));
#664 = DIRECTION('',(0.,0.,1.));
#665 = DEFINITIONAL_REPRESENTATION('',(#666),#670);
#666 = LINE('',#667,#668);
#667 = CARTESIAN_POINT('',(0.,0.));
#668 = VECTOR('',#669,1.);
#669 = DIRECTION('',(0.,1.));
#670 = ( GEOMETRIC_REPRESENTATION_CONTEXT(2) 
PARAMETRIC_REPRESENTATION_CONTEXT() REPRESENTATION_CONTEXT('2D SPACE',''
  ) );
#671 = FACE_BOUND('',#672,.T.);
#672 = EDGE_LOOP('',(#673,#704,#730,#759,#785,#814,#840,#869));
#673 = ORIENTED_EDGE('',*,*,#674,.F.);
#674 = EDGE_CURVE('',#675,#677,#679,.T.);
#675 = VERTEX_POINT('',#676);
#676 = CARTESIAN_POINT('',(-36.,-38.5,3.));
#677 = VERTEX_POINT('',#678);
#678 = CARTESIAN_POINT('',(-33.,-41.5,3.));
#679 = SURFACE_CURVE('',#680,(#685,#692),.PCURVE_S1.);
#680 = CIRCLE('',#681,3.);
#681 = AXIS2_PLACEMENT_3D('',#682,#683,#684);
#682 = CARTESIAN_POINT('',(-33.,-38.5,3.));
#683 = DIRECTION('',(0.,0.,1.));
#684 = DIRECTION('',(-1.,-0.,0.));
#685 = PCURVE('',#44,#686);
#686 = DEFINITIONAL_REPRESENTATION('',(#687),#691);
#687 = CIRCLE('',#688,3.);
#688 = AXIS2_PLACEMENT_2D('',#689,#690);
#689 = CARTESIAN_POINT('',(42.,8.5));
#690 = DIRECTION('',(-1.,0.));
#691 = ( GEOMETRIC_REPRESENTATION_CONTEXT(2) 
PARAMETRIC_REPRESENTATION_CONTEXT() REPRESENTATION_CONTEXT('2D SPACE',''
  ) );
#692 = PCURVE('',#693,#698);
#693 = CYLINDRICAL_SURFACE('',#694,3.);
#694 = AXIS2_PLACEMENT_3D('',#695,#696,#697);
#695 = CARTESIAN_POINT('',(-33.,-38.5,-1.));
#696 = DIRECTION('',(0.,0.,1.));
#697 = DIRECTION('',(-1.,-0.,0.));
#698 = DEFINITIONAL_REPRESENTATION('',(#699),#703);
#699 = LINE('',#700,#701);
#700 = CARTESIAN_POINT('',(0.,4.));
#701 = VECTOR('',#702,1.);
#702 = DIRECTION('',(1.,0.));
#703 = ( GEOMETRIC_REPRESENTATION_CONTEXT(2) 
PARAMETRIC_REPRESENTATION_CONTEXT() REPRESENTATION_CONTEXT('2D SPACE',''
  ) );
#704 = ORIENTED_EDGE('',*,*,#705,.T.);
#705 = EDGE_CURVE('',#675,#706,#708,.T.);
#706 = VERTEX_POINT('',#707);
#707 = CARTESIAN_POINT('',(-36.,-31.5,3.));
#708 = SURFACE_CURVE('',#709,(#713,#719),.PCURVE_S1.);
#709 = LINE('',#710,#711);
#710 = CARTESIAN_POINT('',(-36.,-44.25,3.));
#711 = VECTOR('',#712,1.);
#712 = DIRECTION('',(0.,1.,0.));
#713 = PCURVE('',#44,#714);
#714 = DEFINITIONAL_REPRESENTATION('',(#715),#718);
#715 = B_SPLINE_CURVE_WITH_KNOTS('',1,(#716,#717),.UNSPECIFIED.,.F.,.F.,
  (2,2),(5.75,12.75),.PIECEWISE_BEZIER_KNOTS.);
#716 = CARTESIAN_POINT('',(39.,8.5));
#717 = CARTESIAN_POINT('',(39.,15.5));
#718 = ( GEOMETRIC_REPRESENTATION_CONTEXT(2) 
PARAMETRIC_REPRESENTATION_CONTEXT() REPRESENTATION_CONTEXT('2D SPACE',''
  ) );
#719 = PCURVE('',#720,#725);
#720 = PLANE('',#721);
#721 = AXIS2_PLACEMENT_3D('',#722,#723,#724);
#722 = CARTESIAN_POINT('',(-36.,-41.5,-1.));
#723 = DIRECTION('',(1.,0.,0.));
#724 = DIRECTION('',(0.,0.,1.));
#725 = DEFINITIONAL_REPRESENTATION('',(#726),#729);
#726 = B_SPLINE_CURVE_WITH_KNOTS('',1,(#727,#728),.UNSPECIFIED.,.F.,.F.,
  (2,2),(5.75,12.75),.PIECEWISE_BEZIER_KNOTS.);
#727 = CARTESIAN_POINT('',(4.,-3.));
#728 = CARTESIAN_POINT('',(4.,-10.));
#729 = ( GEOMETRIC_REPRESENTATION_CONTEXT(2) 
PARAMETRIC_REPRESENTATION_CONTEXT() REPRESENTATION_CONTEXT('2D SPACE',''
  ) );
#730 = ORIENTED_EDGE('',*,*,#731,.F.);
#731 = EDGE_CURVE('',#732,#706,#734,.T.);
#732 = VERTEX_POINT('',#733);
#733 = CARTESIAN_POINT('',(-33.,-28.5,3.));
#734 = SURFACE_CURVE('',#735,(#740,#747),.PCURVE_S1.);
#735 = CIRCLE('',#736,3.);
#736 = AXIS2_PLACEMENT_3D('',#737,#738,#739);
#737 = CARTESIAN_POINT('',(-33.,-31.5,3.));
#738 = DIRECTION('',(0.,0.,1.));
#739 = DIRECTION('',(-1.,-0.,0.));
#740 = PCURVE('',#44,#741);
#741 = DEFINITIONAL_REPRESENTATION('',(#742),#746);
#742 = CIRCLE('',#743,3.);
#743 = AXIS2_PLACEMENT_2D('',#744,#745);
#744 = CARTESIAN_POINT('',(42.,15.5));
#745 = DIRECTION('',(-1.,0.));
#746 = ( GEOMETRIC_REPRESENTATION_CONTEXT(2) 
PARAMETRIC_REPRESENTATION_CONTEXT() REPRESENTATION_CONTEXT('2D SPACE',''
  ) );
#747 = PCURVE('',#748,#753);
#748 = CYLINDRICAL_SURFACE('',#749,3.);
#749 = AXIS2_PLACEMENT_3D('',#750,#751,#752);
#750 = CARTESIAN_POINT('',(-33.,-31.5,-1.));
#751 = DIRECTION('',(0.,0.,1.));
#752 = DIRECTION('',(-1.,-0.,0.));
#753 = DEFINITIONAL_REPRESENTATION('',(#754),#758);
#754 = LINE('',#755,#756);
#755 = CARTESIAN_POINT('',(-6.28318530718,4.));
#756 = VECTOR('',#757,1.);
#757 = DIRECTION('',(1.,-0.));
#758 = ( GEOMETRIC_REPRESENTATION_CONTEXT(2) 
PARAMETRIC_REPRESENTATION_CONTEXT() REPRESENTATION_CONTEXT('2D SPACE',''
  ) );
#759 = ORIENTED_EDGE('',*,*,#760,.F.);
#760 = EDGE_CURVE('',#761,#732,#763,.T.);
#761 = VERTEX_POINT('',#762);
#762 = CARTESIAN_POINT('',(-11.,-28.5,3.));
#763 = SURFACE_CURVE('',#764,(#768,#774),.PCURVE_S1.);
#764 = LINE('',#765,#766);
#765 = CARTESIAN_POINT('',(-55.5,-28.5,3.));
#766 = VECTOR('',#767,1.);
#767 = DIRECTION('',(-1.,0.,0.));
#768 = PCURVE('',#44,#769);
#769 = DEFINITIONAL_REPRESENTATION('',(#770),#773);
#770 = B_SPLINE_CURVE_WITH_KNOTS('',1,(#771,#772),.UNSPECIFIED.,.F.,.F.,
  (2,2),(-44.5,-22.5),.PIECEWISE_BEZIER_KNOTS.);
#771 = CARTESIAN_POINT('',(64.,18.5));
#772 = CARTESIAN_POINT('',(42.,18.5));
#773 = ( GEOMETRIC_REPRESENTATION_CONTEXT(2) 
PARAMETRIC_REPRESENTATION_CONTEXT() REPRESENTATION_CONTEXT('2D SPACE',''
  ) );
#774 = PCURVE('',#775,#780);
#775 = PLANE('',#776);
#776 = AXIS2_PLACEMENT_3D('',#777,#778,#779);
#777 = CARTESIAN_POINT('',(-36.,-28.5,-1.));
#778 = DIRECTION('',(0.,1.,0.));
#779 = DIRECTION('',(0.,0.,1.));
#780 = DEFINITIONAL_REPRESENTATION('',(#781),#784);
#781 = B_SPLINE_CURVE_WITH_KNOTS('',1,(#782,#783),.UNSPECIFIED.,.F.,.F.,
  (2,2),(-44.5,-22.5),.PIECEWISE_BEZIER_KNOTS.);
#782 = CARTESIAN_POINT('',(4.,25.));
#783 = CARTESIAN_POINT('',(4.,3.));
#784 = ( GEOMETRIC_REPRESENTATION_CONTEXT(2) 
PARAMETRIC_REPRESENTATION_CONTEXT() REPRESENTATION_CONTEXT('2D SPACE',''
  ) );
#785 = ORIENTED_EDGE('',*,*,#786,.F.);
#786 = EDGE_CURVE('',#787,#761,#789,.T.);
#787 = VERTEX_POINT('',#788);
#788 = CARTESIAN_POINT('',(-8.,-31.5,3.));
#789 = SURFACE_CURVE('',#790,(#795,#802),.PCURVE_S1.);
#790 = CIRCLE('',#791,3.);
#791 = AXIS2_PLACEMENT_3D('',#792,#793,#794);
#792 = CARTESIAN_POINT('',(-11.,-31.5,3.));
#793 = DIRECTION('',(0.,0.,1.));
#794 = DIRECTION('',(1.,0.,-0.));
#795 = PCURVE('',#44,#796);
#796 = DEFINITIONAL_REPRESENTATION('',(#797),#801);
#797 = CIRCLE('',#798,3.);
#798 = AXIS2_PLACEMENT_2D('',#799,#800);
#799 = CARTESIAN_POINT('',(64.,15.5));
#800 = DIRECTION('',(1.,0.));
#801 = ( GEOMETRIC_REPRESENTATION_CONTEXT(2) 
PARAMETRIC_REPRESENTATION_CONTEXT() REPRESENTATION_CONTEXT('2D SPACE',''
  ) );
#802 = PCURVE('',#803,#808);
#803 = CYLINDRICAL_SURFACE('',#804,3.);
#804 = AXIS2_PLACEMENT_3D('',#805,#806,#807);
#805 = CARTESIAN_POINT('',(-11.,-31.5,-1.));
#806 = DIRECTION('',(0.,0.,1.));
#807 = DIRECTION('',(1.,0.,-0.));
#808 = DEFINITIONAL_REPRESENTATION('',(#809),#813);
#809 = LINE('',#810,#811);
#810 = CARTESIAN_POINT('',(0.,4.));
#811 = VECTOR('',#812,1.);
#812 = DIRECTION('',(1.,0.));
#813 = ( GEOMETRIC_REPRESENTATION_CONTEXT(2) 
PARAMETRIC_REPRESENTATION_CONTEXT() REPRESENTATION_CONTEXT('2D SPACE',''
  ) );
#814 = ORIENTED_EDGE('',*,*,#815,.F.);
#815 = EDGE_CURVE('',#816,#787,#818,.T.);
#816 = VERTEX_POINT('',#817);
#817 = CARTESIAN_POINT('',(-8.,-38.5,3.));
#818 = SURFACE_CURVE('',#819,(#823,#829),.PCURVE_S1.);
#819 = LINE('',#820,#821);
#820 = CARTESIAN_POINT('',(-8.,-44.25,3.));
#821 = VECTOR('',#822,1.);
#822 = DIRECTION('',(0.,1.,0.));
#823 = PCURVE('',#44,#824);
#824 = DEFINITIONAL_REPRESENTATION('',(#825),#828);
#825 = B_SPLINE_CURVE_WITH_KNOTS('',1,(#826,#827),.UNSPECIFIED.,.F.,.F.,
  (2,2),(5.75,12.75),.PIECEWISE_BEZIER_KNOTS.);
#826 = CARTESIAN_POINT('',(67.,8.5));
#827 = CARTESIAN_POINT('',(67.,15.5));
#828 = ( GEOMETRIC_REPRESENTATION_CONTEXT(2) 
PARAMETRIC_REPRESENTATION_CONTEXT() REPRESENTATION_CONTEXT('2D SPACE',''
  ) );
#829 = PCURVE('',#830,#835);
#830 = PLANE('',#831);
#831 = AXIS2_PLACEMENT_3D('',#832,#833,#834);
#832 = CARTESIAN_POINT('',(-8.,-41.5,-1.));
#833 = DIRECTION('',(1.,0.,0.));
#834 = DIRECTION('',(0.,0.,1.));
#835 = DEFINITIONAL_REPRESENTATION('',(#836),#839);
#836 = B_SPLINE_CURVE_WITH_KNOTS('',1,(#837,#838),.UNSPECIFIED.,.F.,.F.,
  (2,2),(5.75,12.75),.PIECEWISE_BEZIER_KNOTS.);
#837 = CARTESIAN_POINT('',(4.,-3.));
#838 = CARTESIAN_POINT('',(4.,-10.));
#839 = ( GEOMETRIC_REPRESENTATION_CONTEXT(2) 
PARAMETRIC_REPRESENTATION_CONTEXT() REPRESENTATION_CONTEXT('2D SPACE',''
  ) );
#840 = ORIENTED_EDGE('',*,*,#841,.F.);
#841 = EDGE_CURVE('',#842,#816,#844,.T.);
#842 = VERTEX_POINT('',#843);
#843 = CARTESIAN_POINT('',(-11.,-41.5,3.));
#844 = SURFACE_CURVE('',#845,(#850,#857),.PCURVE_S1.);
#845 = CIRCLE('',#846,3.);
#846 = AXIS2_PLACEMENT_3D('',#847,#848,#849);
#847 = CARTESIAN_POINT('',(-11.,-38.5,3.));
#848 = DIRECTION('',(0.,0.,1.));
#849 = DIRECTION('',(1.,0.,-0.));
#850 = PCURVE('',#44,#851);
#851 = DEFINITIONAL_REPRESENTATION('',(#852),#856);
#852 = CIRCLE('',#853,3.);
#853 = AXIS2_PLACEMENT_2D('',#854,#855);
#854 = CARTESIAN_POINT('',(64.,8.5));
#855 = DIRECTION('',(1.,0.));
#856 = ( GEOMETRIC_REPRESENTATION_CONTEXT(2) 
PARAMETRIC_REPRESENTATION_CONTEXT() REPRESENTATION_CONTEXT('2D SPACE',''
  ) );
#857 = PCURVE('',#858,#863);
#858 = CYLINDRICAL_SURFACE('',#859,3.);
#859 = AXIS2_PLACEMENT_3D('',#860,#861,#862);
#860 = CARTESIAN_POINT('',(-11.,-38.5,-1.));
#861 = DIRECTION('',(0.,0.,1.));
#862 = DIRECTION('',(1.,0.,-0.));
#863 = DEFINITIONAL_REPRESENTATION('',(#864),#868);
#864 = LINE('',#865,#866);
#865 = CARTESIAN_POINT('',(-6.28318530718,4.));
#866 = VECTOR('',#867,1.);
#867 = DIRECTION('',(1.,-0.));
#868 = ( GEOMETRIC_REPRESENTATION_CONTEXT(2) 
PARAMETRIC_REPRESENTATION_CONTEXT() REPRESENTATION_CONTEXT('2D SPACE',''
  ) );
#869 = ORIENTED_EDGE('',*,*,#870,.T.);
#870 = EDGE_CURVE('',#842,#677,#871,.T.);
#871 = SURFACE_CURVE('',#872,(#876,#882),.PCURVE_S1.);
#872 = LINE('',#873,#874);
#873 = CARTESIAN_POINT('',(-55.5,-41.5,3.));
#874 = VECTOR('',#875,1.);
#875 = DIRECTION('',(-1.,0.,0.));
#876 = PCURVE('',#44,#877);
#877 = DEFINITIONAL_REPRESENTATION('',(#878),#881);
#878 = B_SPLINE_CURVE_WITH_KNOTS('',1,(#879,#880),.UNSPECIFIED.,.F.,.F.,
  (2,2),(-44.5,-22.5),.PIECEWISE_BEZIER_KNOTS.);
#879 = CARTESIAN_POINT('',(64.,5.5));
#880 = CARTESIAN_POINT('',(42.,5.5));
#881 = ( GEOMETRIC_REPRESENTATION_CONTEXT(2) 
PARAMETRIC_REPRESENTATION_CONTEXT() REPRESENTATION_CONTEXT('2D SPACE',''
  ) );
#882 = PCURVE('',#883,#888);
#883 = PLANE('',#884);
#884 = AXIS2_PLACEMENT_3D('',#885,#886,#887);
#885 = CARTESIAN_POINT('',(-36.,-41.5,-1.));
#886 = DIRECTION('',(0.,1.,0.));
#887 = DIRECTION('',(0.,0.,1.));
#888 = DEFINITIONAL_REPRESENTATION('',(#889),#892);
#889 = B_SPLINE_CURVE_WITH_KNOTS('',1,(#890,#891),.UNSPECIFIED.,.F.,.F.,
  (2,2),(-44.5,-22.5),.PIECEWISE_BEZIER_KNOTS.);
#890 = CARTESIAN_POINT('',(4.,25.));
#891 = CARTESIAN_POINT('',(4.,3.));
#892 = ( GEOMETRIC_REPRESENTATION_CONTEXT(2) 
PARAMETRIC_REPRESENTATION_CONTEXT() REPRESENTATION_CONTEXT('2D SPACE',''
  ) );
#893 = FACE_BOUND('',#894,.T.);
#894 = EDGE_LOOP('',(#895));
#895 = ORIENTED_EDGE('',*,*,#896,.F.);
#896 = EDGE_CURVE('',#897,#897,#899,.T.);
#897 = VERTEX_POINT('',#898);
#898 = CARTESIAN_POINT('',(-40.35,-18.,3.));
#899 = SURFACE_CURVE('',#900,(#905,#912),.PCURVE_S1.);
#900 = CIRCLE('',#901,1.65);
#901 = AXIS2_PLACEMENT_3D('',#902,#903,#904);
#902 = CARTESIAN_POINT('',(-42.,-18.,3.));
#903 = DIRECTION('',(0.,0.,1.));
#904 = DIRECTION('',(1.,0.,-0.));
#905 = PCURVE('',#44,#906);
#906 = DEFINITIONAL_REPRESENTATION('',(#907),#911);
#907 = CIRCLE('',#908,1.65);
#908 = AXIS2_PLACEMENT_2D('',#909,#910);
#909 = CARTESIAN_POINT('',(33.,29.));
#910 = DIRECTION('',(1.,0.));
#911 = ( GEOMETRIC_REPRESENTATION_CONTEXT(2) 
PARAMETRIC_REPRESENTATION_CONTEXT() REPRESENTATION_CONTEXT('2D SPACE',''
  ) );
#912 = PCURVE('',#913,#918);
#913 = CYLINDRICAL_SURFACE('',#914,1.65);
#914 = AXIS2_PLACEMENT_3D('',#915,#916,#917);
#915 = CARTESIAN_POINT('',(-42.,-18.,-1.));
#916 = DIRECTION('',(0.,0.,1.));
#917 = DIRECTION('',(1.,0.,-0.));
#918 = DEFINITIONAL_REPRESENTATION('',(#919),#923);
#919 = LINE('',#920,#921);
#920 = CARTESIAN_POINT('',(0.,4.));
#921 = VECTOR('',#922,1.);
#922 = DIRECTION('',(1.,0.));
#923 = ( GEOMETRIC_REPRESENTATION_CONTEXT(2) 
PARAMETRIC_REPRESENTATION_CONTEXT() REPRESENTATION_CONTEXT('2D SPACE',''
  ) );
#924 = FACE_BOUND('',#925,.T.);
#925 = EDGE_LOOP('',(#926,#957,#983,#1012,#1038,#1067,#1093,#1122));
#926 = ORIENTED_EDGE('',*,*,#927,.F.);
#927 = EDGE_CURVE('',#928,#930,#932,.T.);
#928 = VERTEX_POINT('',#929);
#929 = CARTESIAN_POINT('',(8.,-38.5,3.));
#930 = VERTEX_POINT('',#931);
#931 = CARTESIAN_POINT('',(11.,-41.5,3.));
#932 = SURFACE_CURVE('',#933,(#938,#945),.PCURVE_S1.);
#933 = CIRCLE('',#934,3.);
#934 = AXIS2_PLACEMENT_3D('',#935,#936,#937);
#935 = CARTESIAN_POINT('',(11.,-38.5,3.));
#936 = DIRECTION('',(0.,0.,1.));
#937 = DIRECTION('',(-1.,-0.,0.));
#938 = PCURVE('',#44,#939);
#939 = DEFINITIONAL_REPRESENTATION('',(#940),#944);
#940 = CIRCLE('',#941,3.);
#941 = AXIS2_PLACEMENT_2D('',#942,#943);
#942 = CARTESIAN_POINT('',(86.,8.5));
#943 = DIRECTION('',(-1.,0.));
#944 = ( GEOMETRIC_REPRESENTATION_CONTEXT(2) 
PARAMETRIC_REPRESENTATION_CONTEXT() REPRESENTATION_CONTEXT('2D SPACE',''
  ) );
#945 = PCURVE('',#946,#951);
#946 = CYLINDRICAL_SURFACE('',#947,3.);
#947 = AXIS2_PLACEMENT_3D('',#948,#949,#950);
#948 = CARTESIAN_POINT('',(11.,-38.5,-1.));
#949 = DIRECTION('',(0.,0.,1.));
#950 = DIRECTION('',(-1.,-0.,0.));
#951 = DEFINITIONAL_REPRESENTATION('',(#952),#956);
#952 = LINE('',#953,#954);
#953 = CARTESIAN_POINT('',(0.,4.));
#954 = VECTOR('',#955,1.);
#955 = DIRECTION('',(1.,0.));
#956 = ( GEOMETRIC_REPRESENTATION_CONTEXT(2) 
PARAMETRIC_REPRESENTATION_CONTEXT() REPRESENTATION_CONTEXT('2D SPACE',''
  ) );
#957 = ORIENTED_EDGE('',*,*,#958,.T.);
#958 = EDGE_CURVE('',#928,#959,#961,.T.);
#959 = VERTEX_POINT('',#960);
#960 = CARTESIAN_POINT('',(8.,-31.5,3.));
#961 = SURFACE_CURVE('',#962,(#966,#972),.PCURVE_S1.);
#962 = LINE('',#963,#964);
#963 = CARTESIAN_POINT('',(8.,-44.25,3.));
#964 = VECTOR('',#965,1.);
#965 = DIRECTION('',(0.,1.,0.));
#966 = PCURVE('',#44,#967);
#967 = DEFINITIONAL_REPRESENTATION('',(#968),#971);
#968 = B_SPLINE_CURVE_WITH_KNOTS('',1,(#969,#970),.UNSPECIFIED.,.F.,.F.,
  (2,2),(5.75,12.75),.PIECEWISE_BEZIER_KNOTS.);
#969 = CARTESIAN_POINT('',(83.,8.5));
#970 = CARTESIAN_POINT('',(83.,15.5));
#971 = ( GEOMETRIC_REPRESENTATION_CONTEXT(2) 
PARAMETRIC_REPRESENTATION_CONTEXT() REPRESENTATION_CONTEXT('2D SPACE',''
  ) );
#972 = PCURVE('',#973,#978);
#973 = PLANE('',#974);
#974 = AXIS2_PLACEMENT_3D('',#975,#976,#977);
#975 = CARTESIAN_POINT('',(8.,-41.5,-1.));
#976 = DIRECTION('',(1.,0.,0.));
#977 = DIRECTION('',(0.,0.,1.));
#978 = DEFINITIONAL_REPRESENTATION('',(#979),#982);
#979 = B_SPLINE_CURVE_WITH_KNOTS('',1,(#980,#981),.UNSPECIFIED.,.F.,.F.,
  (2,2),(5.75,12.75),.PIECEWISE_BEZIER_KNOTS.);
#980 = CARTESIAN_POINT('',(4.,-3.));
#981 = CARTESIAN_POINT('',(4.,-10.));
#982 = ( GEOMETRIC_REPRESENTATION_CONTEXT(2) 
PARAMETRIC_REPRESENTATION_CONTEXT() REPRESENTATION_CONTEXT('2D SPACE',''
  ) );
#983 = ORIENTED_EDGE('',*,*,#984,.F.);
#984 = EDGE_CURVE('',#985,#959,#987,.T.);
#985 = VERTEX_POINT('',#986);
#986 = CARTESIAN_POINT('',(11.,-28.5,3.));
#987 = SURFACE_CURVE('',#988,(#993,#1000),.PCURVE_S1.);
#988 = CIRCLE('',#989,3.);
#989 = AXIS2_PLACEMENT_3D('',#990,#991,#992);
#990 = CARTESIAN_POINT('',(11.,-31.5,3.));
#991 = DIRECTION('',(0.,0.,1.));
#992 = DIRECTION('',(-1.,-0.,0.));
#993 = PCURVE('',#44,#994);
#994 = DEFINITIONAL_REPRESENTATION('',(#995),#999);
#995 = CIRCLE('',#996,3.);
#996 = AXIS2_PLACEMENT_2D('',#997,#998);
#997 = CARTESIAN_POINT('',(86.,15.5));
#998 = DIRECTION('',(-1.,0.));
#999 = ( GEOMETRIC_REPRESENTATION_CONTEXT(2) 
PARAMETRIC_REPRESENTATION_CONTEXT() REPRESENTATION_CONTEXT('2D SPACE',''
  ) );
#1000 = PCURVE('',#1001,#1006);
#1001 = CYLINDRICAL_SURFACE('',#1002,3.);
#1002 = AXIS2_PLACEMENT_3D('',#1003,#1004,#1005);
#1003 = CARTESIAN_POINT('',(11.,-31.5,-1.));
#1004 = DIRECTION('',(0.,0.,1.));
#1005 = DIRECTION('',(-1.,-0.,0.));
#1006 = DEFINITIONAL_REPRESENTATION('',(#1007),#1011);
#1007 = LINE('',#1008,#1009);
#1008 = CARTESIAN_POINT('',(-6.28318530718,4.));
#1009 = VECTOR('',#1010,1.);
#1010 = DIRECTION('',(1.,-0.));
#1011 = ( GEOMETRIC_REPRESENTATION_CONTEXT(2) 
PARAMETRIC_REPRESENTATION_CONTEXT() REPRESENTATION_CONTEXT('2D SPACE',''
  ) );
#1012 = ORIENTED_EDGE('',*,*,#1013,.F.);
#1013 = EDGE_CURVE('',#1014,#985,#1016,.T.);
#1014 = VERTEX_POINT('',#1015);
#1015 = CARTESIAN_POINT('',(33.,-28.5,3.));
#1016 = SURFACE_CURVE('',#1017,(#1021,#1027),.PCURVE_S1.);
#1017 = LINE('',#1018,#1019);
#1018 = CARTESIAN_POINT('',(-33.5,-28.5,3.));
#1019 = VECTOR('',#1020,1.);
#1020 = DIRECTION('',(-1.,0.,0.));
#1021 = PCURVE('',#44,#1022);
#1022 = DEFINITIONAL_REPRESENTATION('',(#1023),#1026);
#1023 = B_SPLINE_CURVE_WITH_KNOTS('',1,(#1024,#1025),.UNSPECIFIED.,.F.,
  .F.,(2,2),(-66.5,-44.5),.PIECEWISE_BEZIER_KNOTS.);
#1024 = CARTESIAN_POINT('',(108.,18.5));
#1025 = CARTESIAN_POINT('',(86.,18.5));
#1026 = ( GEOMETRIC_REPRESENTATION_CONTEXT(2) 
PARAMETRIC_REPRESENTATION_CONTEXT() REPRESENTATION_CONTEXT('2D SPACE',''
  ) );
#1027 = PCURVE('',#1028,#1033);
#1028 = PLANE('',#1029);
#1029 = AXIS2_PLACEMENT_3D('',#1030,#1031,#1032);
#1030 = CARTESIAN_POINT('',(8.,-28.5,-1.));
#1031 = DIRECTION('',(0.,1.,0.));
#1032 = DIRECTION('',(0.,0.,1.));
#1033 = DEFINITIONAL_REPRESENTATION('',(#1034),#1037);
#1034 = B_SPLINE_CURVE_WITH_KNOTS('',1,(#1035,#1036),.UNSPECIFIED.,.F.,
  .F.,(2,2),(-66.5,-44.5),.PIECEWISE_BEZIER_KNOTS.);
#1035 = CARTESIAN_POINT('',(4.,25.));
#1036 = CARTESIAN_POINT('',(4.,3.));
#1037 = ( GEOMETRIC_REPRESENTATION_CONTEXT(2) 
PARAMETRIC_REPRESENTATION_CONTEXT() REPRESENTATION_CONTEXT('2D SPACE',''
  ) );
#1038 = ORIENTED_EDGE('',*,*,#1039,.F.);
#1039 = EDGE_CURVE('',#1040,#1014,#1042,.T.);
#1040 = VERTEX_POINT('',#1041);
#1041 = CARTESIAN_POINT('',(36.,-31.5,3.));
#1042 = SURFACE_CURVE('',#1043,(#1048,#1055),.PCURVE_S1.);
#1043 = CIRCLE('',#1044,3.);
#1044 = AXIS2_PLACEMENT_3D('',#1045,#1046,#1047);
#1045 = CARTESIAN_POINT('',(33.,-31.5,3.));
#1046 = DIRECTION('',(0.,0.,1.));
#1047 = DIRECTION('',(1.,0.,-0.));
#1048 = PCURVE('',#44,#1049);
#1049 = DEFINITIONAL_REPRESENTATION('',(#1050),#1054);
#1050 = CIRCLE('',#1051,3.);
#1051 = AXIS2_PLACEMENT_2D('',#1052,#1053);
#1052 = CARTESIAN_POINT('',(108.,15.5));
#1053 = DIRECTION('',(1.,0.));
#1054 = ( GEOMETRIC_REPRESENTATION_CONTEXT(2) 
PARAMETRIC_REPRESENTATION_CONTEXT() REPRESENTATION_CONTEXT('2D SPACE',''
  ) );
#1055 = PCURVE('',#1056,#1061);
#1056 = CYLINDRICAL_SURFACE('',#1057,3.);
#1057 = AXIS2_PLACEMENT_3D('',#1058,#1059,#1060);
#1058 = CARTESIAN_POINT('',(33.,-31.5,-1.));
#1059 = DIRECTION('',(0.,0.,1.));
#1060 = DIRECTION('',(1.,0.,-0.));
#1061 = DEFINITIONAL_REPRESENTATION('',(#1062),#1066);
#1062 = LINE('',#1063,#1064);
#1063 = CARTESIAN_POINT('',(0.,4.));
#1064 = VECTOR('',#1065,1.);
#1065 = DIRECTION('',(1.,0.));
#1066 = ( GEOMETRIC_REPRESENTATION_CONTEXT(2) 
PARAMETRIC_REPRESENTATION_CONTEXT() REPRESENTATION_CONTEXT('2D SPACE',''
  ) );
#1067 = ORIENTED_EDGE('',*,*,#1068,.F.);
#1068 = EDGE_CURVE('',#1069,#1040,#1071,.T.);
#1069 = VERTEX_POINT('',#1070);
#1070 = CARTESIAN_POINT('',(36.,-38.5,3.));
#1071 = SURFACE_CURVE('',#1072,(#1076,#1082),.PCURVE_S1.);
#1072 = LINE('',#1073,#1074);
#1073 = CARTESIAN_POINT('',(36.,-44.25,3.));
#1074 = VECTOR('',#1075,1.);
#1075 = DIRECTION('',(0.,1.,0.));
#1076 = PCURVE('',#44,#1077);
#1077 = DEFINITIONAL_REPRESENTATION('',(#1078),#1081);
#1078 = B_SPLINE_CURVE_WITH_KNOTS('',1,(#1079,#1080),.UNSPECIFIED.,.F.,
  .F.,(2,2),(5.75,12.75),.PIECEWISE_BEZIER_KNOTS.);
#1079 = CARTESIAN_POINT('',(111.,8.5));
#1080 = CARTESIAN_POINT('',(111.,15.5));
#1081 = ( GEOMETRIC_REPRESENTATION_CONTEXT(2) 
PARAMETRIC_REPRESENTATION_CONTEXT() REPRESENTATION_CONTEXT('2D SPACE',''
  ) );
#1082 = PCURVE('',#1083,#1088);
#1083 = PLANE('',#1084);
#1084 = AXIS2_PLACEMENT_3D('',#1085,#1086,#1087);
#1085 = CARTESIAN_POINT('',(36.,-41.5,-1.));
#1086 = DIRECTION('',(1.,0.,0.));
#1087 = DIRECTION('',(0.,0.,1.));
#1088 = DEFINITIONAL_REPRESENTATION('',(#1089),#1092);
#1089 = B_SPLINE_CURVE_WITH_KNOTS('',1,(#1090,#1091),.UNSPECIFIED.,.F.,
  .F.,(2,2),(5.75,12.75),.PIECEWISE_BEZIER_KNOTS.);
#1090 = CARTESIAN_POINT('',(4.,-3.));
#1091 = CARTESIAN_POINT('',(4.,-10.));
#1092 = ( GEOMETRIC_REPRESENTATION_CONTEXT(2) 
PARAMETRIC_REPRESENTATION_CONTEXT() REPRESENTATION_CONTEXT('2D SPACE',''
  ) );
#1093 = ORIENTED_EDGE('',*,*,#1094,.F.);
#1094 = EDGE_CURVE('',#1095,#1069,#1097,.T.);
#1095 = VERTEX_POINT('',#1096);
#1096 = CARTESIAN_POINT('',(33.,-41.5,3.));
#1097 = SURFACE_CURVE('',#1098,(#1103,#1110),.PCURVE_S1.);
#1098 = CIRCLE('',#1099,3.);
#1099 = AXIS2_PLACEMENT_3D('',#1100,#1101,#1102);
#1100 = CARTESIAN_POINT('',(33.,-38.5,3.));
#1101 = DIRECTION('',(0.,0.,1.));
#1102 = DIRECTION('',(1.,0.,-0.));
#1103 = PCURVE('',#44,#1104);
#1104 = DEFINITIONAL_REPRESENTATION('',(#1105),#1109);
#1105 = CIRCLE('',#1106,3.);
#1106 = AXIS2_PLACEMENT_2D('',#1107,#1108);
#1107 = CARTESIAN_POINT('',(108.,8.5));
#1108 = DIRECTION('',(1.,0.));
#1109 = ( GEOMETRIC_REPRESENTATION_CONTEXT(2) 
PARAMETRIC_REPRESENTATION_CONTEXT() REPRESENTATION_CONTEXT('2D SPACE',''
  ) );
#1110 = PCURVE('',#1111,#1116);
#1111 = CYLINDRICAL_SURFACE('',#1112,3.);
#1112 = AXIS2_PLACEMENT_3D('',#1113,#1114,#1115);
#1113 = CARTESIAN_POINT('',(33.,-38.5,-1.));
#1114 = DIRECTION('',(0.,0.,1.));
#1115 = DIRECTION('',(1.,0.,-0.));
#1116 = DEFINITIONAL_REPRESENTATION('',(#1117),#1121);
#1117 = LINE('',#1118,#1119);
#1118 = CARTESIAN_POINT('',(-6.28318530718,4.));
#1119 = VECTOR('',#1120,1.);
#1120 = DIRECTION('',(1.,-0.));
#1121 = ( GEOMETRIC_REPRESENTATION_CONTEXT(2) 
PARAMETRIC_REPRESENTATION_CONTEXT() REPRESENTATION_CONTEXT('2D SPACE',''
  ) );
#1122 = ORIENTED_EDGE('',*,*,#1123,.T.);
#1123 = EDGE_CURVE('',#1095,#930,#1124,.T.);
#1124 = SURFACE_CURVE('',#1125,(#1129,#1135),.PCURVE_S1.);
#1125 = LINE('',#1126,#1127);
#1126 = CARTESIAN_POINT('',(-33.5,-41.5,3.));
#1127 = VECTOR('',#1128,1.);
#1128 = DIRECTION('',(-1.,0.,0.));
#1129 = PCURVE('',#44,#1130);
#1130 = DEFINITIONAL_REPRESENTATION('',(#1131),#1134);
#1131 = B_SPLINE_CURVE_WITH_KNOTS('',1,(#1132,#1133),.UNSPECIFIED.,.F.,
  .F.,(2,2),(-66.5,-44.5),.PIECEWISE_BEZIER_KNOTS.);
#1132 = CARTESIAN_POINT('',(108.,5.5));
#1133 = CARTESIAN_POINT('',(86.,5.5));
#1134 = ( GEOMETRIC_REPRESENTATION_CONTEXT(2) 
PARAMETRIC_REPRESENTATION_CONTEXT() REPRESENTATION_CONTEXT('2D SPACE',''
  ) );
#1135 = PCURVE('',#1136,#1141);
#1136 = PLANE('',#1137);
#1137 = AXIS2_PLACEMENT_3D('',#1138,#1139,#1140);
#1138 = CARTESIAN_POINT('',(8.,-41.5,-1.));
#1139 = DIRECTION('',(0.,1.,0.));
#1140 = DIRECTION('',(0.,0.,1.));
#1141 = DEFINITIONAL_REPRESENTATION('',(#1142),#1145);
#1142 = B_SPLINE_CURVE_WITH_KNOTS('',1,(#1143,#1144),.UNSPECIFIED.,.F.,
  .F.,(2,2),(-66.5,-44.5),.PIECEWISE_BEZIER_KNOTS.);
#1143 = CARTESIAN_POINT('',(4.,25.));
#1144 = CARTESIAN_POINT('',(4.,3.));
#1145 = ( GEOMETRIC_REPRESENTATION_CONTEXT(2) 
PARAMETRIC_REPRESENTATION_CONTEXT() REPRESENTATION_CONTEXT('2D SPACE',''
  ) );
#1146 = FACE_BOUND('',#1147,.T.);
#1147 = EDGE_LOOP('',(#1148,#1179,#1205,#1234,#1260,#1289,#1315,#1344,
    #1372,#1400,#1428,#1456));
#1148 = ORIENTED_EDGE('',*,*,#1149,.F.);
#1149 = EDGE_CURVE('',#1150,#1152,#1154,.T.);
#1150 = VERTEX_POINT('',#1151);
#1151 = CARTESIAN_POINT('',(47.5,-29.,3.));
#1152 = VERTEX_POINT('',#1153);
#1153 = CARTESIAN_POINT('',(50.5,-32.,3.));
#1154 = SURFACE_CURVE('',#1155,(#1160,#1167),.PCURVE_S1.);
#1155 = CIRCLE('',#1156,3.);
#1156 = AXIS2_PLACEMENT_3D('',#1157,#1158,#1159);
#1157 = CARTESIAN_POINT('',(50.5,-29.,3.));
#1158 = DIRECTION('',(0.,0.,1.));
#1159 = DIRECTION('',(-1.,-0.,0.));
#1160 = PCURVE('',#44,#1161);
#1161 = DEFINITIONAL_REPRESENTATION('',(#1162),#1166);
#1162 = CIRCLE('',#1163,3.);
#1163 = AXIS2_PLACEMENT_2D('',#1164,#1165);
#1164 = CARTESIAN_POINT('',(125.5,18.));
#1165 = DIRECTION('',(-1.,0.));
#1166 = ( GEOMETRIC_REPRESENTATION_CONTEXT(2) 
PARAMETRIC_REPRESENTATION_CONTEXT() REPRESENTATION_CONTEXT('2D SPACE',''
  ) );
#1167 = PCURVE('',#1168,#1173);
#1168 = CYLINDRICAL_SURFACE('',#1169,3.);
#1169 = AXIS2_PLACEMENT_3D('',#1170,#1171,#1172);
#1170 = CARTESIAN_POINT('',(50.5,-29.,-1.));
#1171 = DIRECTION('',(0.,0.,1.));
#1172 = DIRECTION('',(-1.,-0.,0.));
#1173 = DEFINITIONAL_REPRESENTATION('',(#1174),#1178);
#1174 = LINE('',#1175,#1176);
#1175 = CARTESIAN_POINT('',(0.,4.));
#1176 = VECTOR('',#1177,1.);
#1177 = DIRECTION('',(1.,0.));
#1178 = ( GEOMETRIC_REPRESENTATION_CONTEXT(2) 
PARAMETRIC_REPRESENTATION_CONTEXT() REPRESENTATION_CONTEXT('2D SPACE',''
  ) );
#1179 = ORIENTED_EDGE('',*,*,#1180,.T.);
#1180 = EDGE_CURVE('',#1150,#1181,#1183,.T.);
#1181 = VERTEX_POINT('',#1182);
#1182 = CARTESIAN_POINT('',(47.5,-19.,3.));
#1183 = SURFACE_CURVE('',#1184,(#1188,#1194),.PCURVE_S1.);
#1184 = LINE('',#1185,#1186);
#1185 = CARTESIAN_POINT('',(47.5,-39.5,3.));
#1186 = VECTOR('',#1187,1.);
#1187 = DIRECTION('',(0.,1.,0.));
#1188 = PCURVE('',#44,#1189);
#1189 = DEFINITIONAL_REPRESENTATION('',(#1190),#1193);
#1190 = B_SPLINE_CURVE_WITH_KNOTS('',1,(#1191,#1192),.UNSPECIFIED.,.F.,
  .F.,(2,2),(10.5,20.5),.PIECEWISE_BEZIER_KNOTS.);
#1191 = CARTESIAN_POINT('',(122.5,18.));
#1192 = CARTESIAN_POINT('',(122.5,28.));
#1193 = ( GEOMETRIC_REPRESENTATION_CONTEXT(2) 
PARAMETRIC_REPRESENTATION_CONTEXT() REPRESENTATION_CONTEXT('2D SPACE',''
  ) );
#1194 = PCURVE('',#1195,#1200);
#1195 = PLANE('',#1196);
#1196 = AXIS2_PLACEMENT_3D('',#1197,#1198,#1199);
#1197 = CARTESIAN_POINT('',(47.5,-32.,-1.));
#1198 = DIRECTION('',(1.,0.,0.));
#1199 = DIRECTION('',(0.,0.,1.));
#1200 = DEFINITIONAL_REPRESENTATION('',(#1201),#1204);
#1201 = B_SPLINE_CURVE_WITH_KNOTS('',1,(#1202,#1203),.UNSPECIFIED.,.F.,
  .F.,(2,2),(10.5,20.5),.PIECEWISE_BEZIER_KNOTS.);
#1202 = CARTESIAN_POINT('',(4.,-3.));
#1203 = CARTESIAN_POINT('',(4.,-13.));
#1204 = ( GEOMETRIC_REPRESENTATION_CONTEXT(2) 
PARAMETRIC_REPRESENTATION_CONTEXT() REPRESENTATION_CONTEXT('2D SPACE',''
  ) );
#1205 = ORIENTED_EDGE('',*,*,#1206,.F.);
#1206 = EDGE_CURVE('',#1207,#1181,#1209,.T.);
#1207 = VERTEX_POINT('',#1208);
#1208 = CARTESIAN_POINT('',(50.5,-16.,3.));
#1209 = SURFACE_CURVE('',#1210,(#1215,#1222),.PCURVE_S1.);
#1210 = CIRCLE('',#1211,3.);
#1211 = AXIS2_PLACEMENT_3D('',#1212,#1213,#1214);
#1212 = CARTESIAN_POINT('',(50.5,-19.,3.));
#1213 = DIRECTION('',(0.,0.,1.));
#1214 = DIRECTION('',(-1.,-0.,0.));
#1215 = PCURVE('',#44,#1216);
#1216 = DEFINITIONAL_REPRESENTATION('',(#1217),#1221);
#1217 = CIRCLE('',#1218,3.);
#1218 = AXIS2_PLACEMENT_2D('',#1219,#1220);
#1219 = CARTESIAN_POINT('',(125.5,28.));
#1220 = DIRECTION('',(-1.,0.));
#1221 = ( GEOMETRIC_REPRESENTATION_CONTEXT(2) 
PARAMETRIC_REPRESENTATION_CONTEXT() REPRESENTATION_CONTEXT('2D SPACE',''
  ) );
#1222 = PCURVE('',#1223,#1228);
#1223 = CYLINDRICAL_SURFACE('',#1224,3.);
#1224 = AXIS2_PLACEMENT_3D('',#1225,#1226,#1227);
#1225 = CARTESIAN_POINT('',(50.5,-19.,-1.));
#1226 = DIRECTION('',(0.,0.,1.));
#1227 = DIRECTION('',(-1.,-0.,0.));
#1228 = DEFINITIONAL_REPRESENTATION('',(#1229),#1233);
#1229 = LINE('',#1230,#1231);
#1230 = CARTESIAN_POINT('',(-6.28318530718,4.));
#1231 = VECTOR('',#1232,1.);
#1232 = DIRECTION('',(1.,-0.));
#1233 = ( GEOMETRIC_REPRESENTATION_CONTEXT(2) 
PARAMETRIC_REPRESENTATION_CONTEXT() REPRESENTATION_CONTEXT('2D SPACE',''
  ) );
#1234 = ORIENTED_EDGE('',*,*,#1235,.F.);
#1235 = EDGE_CURVE('',#1236,#1207,#1238,.T.);
#1236 = VERTEX_POINT('',#1237);
#1237 = CARTESIAN_POINT('',(63.5,-16.,3.));
#1238 = SURFACE_CURVE('',#1239,(#1243,#1249),.PCURVE_S1.);
#1239 = LINE('',#1240,#1241);
#1240 = CARTESIAN_POINT('',(-13.75,-16.,3.));
#1241 = VECTOR('',#1242,1.);
#1242 = DIRECTION('',(-1.,0.,0.));
#1243 = PCURVE('',#44,#1244);
#1244 = DEFINITIONAL_REPRESENTATION('',(#1245),#1248);
#1245 = B_SPLINE_CURVE_WITH_KNOTS('',1,(#1246,#1247),.UNSPECIFIED.,.F.,
  .F.,(2,2),(-77.25,-64.25),.PIECEWISE_BEZIER_KNOTS.);
#1246 = CARTESIAN_POINT('',(138.5,31.));
#1247 = CARTESIAN_POINT('',(125.5,31.));
#1248 = ( GEOMETRIC_REPRESENTATION_CONTEXT(2) 
PARAMETRIC_REPRESENTATION_CONTEXT() REPRESENTATION_CONTEXT('2D SPACE',''
  ) );
#1249 = PCURVE('',#1250,#1255);
#1250 = PLANE('',#1251);
#1251 = AXIS2_PLACEMENT_3D('',#1252,#1253,#1254);
#1252 = CARTESIAN_POINT('',(47.5,-16.,-1.));
#1253 = DIRECTION('',(0.,1.,0.));
#1254 = DIRECTION('',(0.,0.,1.));
#1255 = DEFINITIONAL_REPRESENTATION('',(#1256),#1259);
#1256 = B_SPLINE_CURVE_WITH_KNOTS('',1,(#1257,#1258),.UNSPECIFIED.,.F.,
  .F.,(2,2),(-77.25,-64.25),.PIECEWISE_BEZIER_KNOTS.);
#1257 = CARTESIAN_POINT('',(4.,16.));
#1258 = CARTESIAN_POINT('',(4.,3.));
#1259 = ( GEOMETRIC_REPRESENTATION_CONTEXT(2) 
PARAMETRIC_REPRESENTATION_CONTEXT() REPRESENTATION_CONTEXT('2D SPACE',''
  ) );
#1260 = ORIENTED_EDGE('',*,*,#1261,.F.);
#1261 = EDGE_CURVE('',#1262,#1236,#1264,.T.);
#1262 = VERTEX_POINT('',#1263);
#1263 = CARTESIAN_POINT('',(66.5,-19.,3.));
#1264 = SURFACE_CURVE('',#1265,(#1270,#1277),.PCURVE_S1.);
#1265 = CIRCLE('',#1266,3.);
#1266 = AXIS2_PLACEMENT_3D('',#1267,#1268,#1269);
#1267 = CARTESIAN_POINT('',(63.5,-19.,3.));
#1268 = DIRECTION('',(0.,0.,1.));
#1269 = DIRECTION('',(1.,0.,-0.));
#1270 = PCURVE('',#44,#1271);
#1271 = DEFINITIONAL_REPRESENTATION('',(#1272),#1276);
#1272 = CIRCLE('',#1273,3.);
#1273 = AXIS2_PLACEMENT_2D('',#1274,#1275);
#1274 = CARTESIAN_POINT('',(138.5,28.));
#1275 = DIRECTION('',(1.,0.));
#1276 = ( GEOMETRIC_REPRESENTATION_CONTEXT(2) 
PARAMETRIC_REPRESENTATION_CONTEXT() REPRESENTATION_CONTEXT('2D SPACE',''
  ) );
#1277 = PCURVE('',#1278,#1283);
#1278 = CYLINDRICAL_SURFACE('',#1279,3.);
#1279 = AXIS2_PLACEMENT_3D('',#1280,#1281,#1282);
#1280 = CARTESIAN_POINT('',(63.5,-19.,-1.));
#1281 = DIRECTION('',(0.,0.,1.));
#1282 = DIRECTION('',(1.,0.,-0.));
#1283 = DEFINITIONAL_REPRESENTATION('',(#1284),#1288);
#1284 = LINE('',#1285,#1286);
#1285 = CARTESIAN_POINT('',(0.,4.));
#1286 = VECTOR('',#1287,1.);
#1287 = DIRECTION('',(1.,0.));
#1288 = ( GEOMETRIC_REPRESENTATION_CONTEXT(2) 
PARAMETRIC_REPRESENTATION_CONTEXT() REPRESENTATION_CONTEXT('2D SPACE',''
  ) );
#1289 = ORIENTED_EDGE('',*,*,#1290,.F.);
#1290 = EDGE_CURVE('',#1291,#1262,#1293,.T.);
#1291 = VERTEX_POINT('',#1292);
#1292 = CARTESIAN_POINT('',(66.5,-29.,3.));
#1293 = SURFACE_CURVE('',#1294,(#1298,#1304),.PCURVE_S1.);
#1294 = LINE('',#1295,#1296);
#1295 = CARTESIAN_POINT('',(66.5,-39.5,3.));
#1296 = VECTOR('',#1297,1.);
#1297 = DIRECTION('',(0.,1.,0.));
#1298 = PCURVE('',#44,#1299);
#1299 = DEFINITIONAL_REPRESENTATION('',(#1300),#1303);
#1300 = B_SPLINE_CURVE_WITH_KNOTS('',1,(#1301,#1302),.UNSPECIFIED.,.F.,
  .F.,(2,2),(10.5,20.5),.PIECEWISE_BEZIER_KNOTS.);
#1301 = CARTESIAN_POINT('',(141.5,18.));
#1302 = CARTESIAN_POINT('',(141.5,28.));
#1303 = ( GEOMETRIC_REPRESENTATION_CONTEXT(2) 
PARAMETRIC_REPRESENTATION_CONTEXT() REPRESENTATION_CONTEXT('2D SPACE',''
  ) );
#1304 = PCURVE('',#1305,#1310);
#1305 = PLANE('',#1306);
#1306 = AXIS2_PLACEMENT_3D('',#1307,#1308,#1309);
#1307 = CARTESIAN_POINT('',(66.5,-32.,-1.));
#1308 = DIRECTION('',(1.,0.,0.));
#1309 = DIRECTION('',(0.,0.,1.));
#1310 = DEFINITIONAL_REPRESENTATION('',(#1311),#1314);
#1311 = B_SPLINE_CURVE_WITH_KNOTS('',1,(#1312,#1313),.UNSPECIFIED.,.F.,
  .F.,(2,2),(10.5,20.5),.PIECEWISE_BEZIER_KNOTS.);
#1312 = CARTESIAN_POINT('',(4.,-3.));
#1313 = CARTESIAN_POINT('',(4.,-13.));
#1314 = ( GEOMETRIC_REPRESENTATION_CONTEXT(2) 
PARAMETRIC_REPRESENTATION_CONTEXT() REPRESENTATION_CONTEXT('2D SPACE',''
  ) );
#1315 = ORIENTED_EDGE('',*,*,#1316,.F.);
#1316 = EDGE_CURVE('',#1317,#1291,#1319,.T.);
#1317 = VERTEX_POINT('',#1318);
#1318 = CARTESIAN_POINT('',(66.45803989155,-29.5,3.));
#1319 = SURFACE_CURVE('',#1320,(#1325,#1332),.PCURVE_S1.);
#1320 = CIRCLE('',#1321,3.);
#1321 = AXIS2_PLACEMENT_3D('',#1322,#1323,#1324);
#1322 = CARTESIAN_POINT('',(63.5,-29.,3.));
#1323 = DIRECTION('',(0.,0.,1.));
#1324 = DIRECTION('',(1.,0.,-0.));
#1325 = PCURVE('',#44,#1326);
#1326 = DEFINITIONAL_REPRESENTATION('',(#1327),#1331);
#1327 = CIRCLE('',#1328,3.);
#1328 = AXIS2_PLACEMENT_2D('',#1329,#1330);
#1329 = CARTESIAN_POINT('',(138.5,18.));
#1330 = DIRECTION('',(1.,0.));
#1331 = ( GEOMETRIC_REPRESENTATION_CONTEXT(2) 
PARAMETRIC_REPRESENTATION_CONTEXT() REPRESENTATION_CONTEXT('2D SPACE',''
  ) );
#1332 = PCURVE('',#1333,#1338);
#1333 = CYLINDRICAL_SURFACE('',#1334,3.);
#1334 = AXIS2_PLACEMENT_3D('',#1335,#1336,#1337);
#1335 = CARTESIAN_POINT('',(63.5,-29.,-1.));
#1336 = DIRECTION('',(0.,0.,1.));
#1337 = DIRECTION('',(1.,0.,-0.));
#1338 = DEFINITIONAL_REPRESENTATION('',(#1339),#1343);
#1339 = LINE('',#1340,#1341);
#1340 = CARTESIAN_POINT('',(-6.28318530718,4.));
#1341 = VECTOR('',#1342,1.);
#1342 = DIRECTION('',(1.,-0.));
#1343 = ( GEOMETRIC_REPRESENTATION_CONTEXT(2) 
PARAMETRIC_REPRESENTATION_CONTEXT() REPRESENTATION_CONTEXT('2D SPACE',''
  ) );
#1344 = ORIENTED_EDGE('',*,*,#1345,.T.);
#1345 = EDGE_CURVE('',#1317,#1346,#1348,.T.);
#1346 = VERTEX_POINT('',#1347);
#1347 = CARTESIAN_POINT('',(72.5,-29.5,3.));
#1348 = SURFACE_CURVE('',#1349,(#1353,#1360),.PCURVE_S1.);
#1349 = LINE('',#1350,#1351);
#1350 = CARTESIAN_POINT('',(63.5,-29.5,3.));
#1351 = VECTOR('',#1352,1.);
#1352 = DIRECTION('',(1.,0.,0.));
#1353 = PCURVE('',#44,#1354);
#1354 = DEFINITIONAL_REPRESENTATION('',(#1355),#1359);
#1355 = LINE('',#1356,#1357);
#1356 = CARTESIAN_POINT('',(138.5,17.5));
#1357 = VECTOR('',#1358,1.);
#1358 = DIRECTION('',(1.,0.));
#1359 = ( GEOMETRIC_REPRESENTATION_CONTEXT(2) 
PARAMETRIC_REPRESENTATION_CONTEXT() REPRESENTATION_CONTEXT('2D SPACE',''
  ) );
#1360 = PCURVE('',#1361,#1366);
#1361 = PLANE('',#1362);
#1362 = AXIS2_PLACEMENT_3D('',#1363,#1364,#1365);
#1363 = CARTESIAN_POINT('',(63.5,-29.5,3.));
#1364 = DIRECTION('',(0.,1.,0.));
#1365 = DIRECTION('',(0.,0.,1.));
#1366 = DEFINITIONAL_REPRESENTATION('',(#1367),#1371);
#1367 = LINE('',#1368,#1369);
#1368 = CARTESIAN_POINT('',(0.,0.));
#1369 = VECTOR('',#1370,1.);
#1370 = DIRECTION('',(0.,1.));
#1371 = ( GEOMETRIC_REPRESENTATION_CONTEXT(2) 
PARAMETRIC_REPRESENTATION_CONTEXT() REPRESENTATION_CONTEXT('2D SPACE',''
  ) );
#1372 = ORIENTED_EDGE('',*,*,#1373,.F.);
#1373 = EDGE_CURVE('',#1374,#1346,#1376,.T.);
#1374 = VERTEX_POINT('',#1375);
#1375 = CARTESIAN_POINT('',(72.5,-38.5,3.));
#1376 = SURFACE_CURVE('',#1377,(#1381,#1388),.PCURVE_S1.);
#1377 = LINE('',#1378,#1379);
#1378 = CARTESIAN_POINT('',(72.5,-38.5,3.));
#1379 = VECTOR('',#1380,1.);
#1380 = DIRECTION('',(0.,1.,0.));
#1381 = PCURVE('',#44,#1382);
#1382 = DEFINITIONAL_REPRESENTATION('',(#1383),#1387);
#1383 = LINE('',#1384,#1385);
#1384 = CARTESIAN_POINT('',(147.5,8.5));
#1385 = VECTOR('',#1386,1.);
#1386 = DIRECTION('',(0.,1.));
#1387 = ( GEOMETRIC_REPRESENTATION_CONTEXT(2) 
PARAMETRIC_REPRESENTATION_CONTEXT() REPRESENTATION_CONTEXT('2D SPACE',''
  ) );
#1388 = PCURVE('',#1389,#1394);
#1389 = PLANE('',#1390);
#1390 = AXIS2_PLACEMENT_3D('',#1391,#1392,#1393);
#1391 = CARTESIAN_POINT('',(72.5,-38.5,3.));
#1392 = DIRECTION('',(1.,0.,0.));
#1393 = DIRECTION('',(0.,0.,1.));
#1394 = DEFINITIONAL_REPRESENTATION('',(#1395),#1399);
#1395 = LINE('',#1396,#1397);
#1396 = CARTESIAN_POINT('',(0.,0.));
#1397 = VECTOR('',#1398,1.);
#1398 = DIRECTION('',(0.,-1.));
#1399 = ( GEOMETRIC_REPRESENTATION_CONTEXT(2) 
PARAMETRIC_REPRESENTATION_CONTEXT() REPRESENTATION_CONTEXT('2D SPACE',''
  ) );
#1400 = ORIENTED_EDGE('',*,*,#1401,.F.);
#1401 = EDGE_CURVE('',#1402,#1374,#1404,.T.);
#1402 = VERTEX_POINT('',#1403);
#1403 = CARTESIAN_POINT('',(63.5,-38.5,3.));
#1404 = SURFACE_CURVE('',#1405,(#1409,#1416),.PCURVE_S1.);
#1405 = LINE('',#1406,#1407);
#1406 = CARTESIAN_POINT('',(63.5,-38.5,3.));
#1407 = VECTOR('',#1408,1.);
#1408 = DIRECTION('',(1.,0.,0.));
#1409 = PCURVE('',#44,#1410);
#1410 = DEFINITIONAL_REPRESENTATION('',(#1411),#1415);
#1411 = LINE('',#1412,#1413);
#1412 = CARTESIAN_POINT('',(138.5,8.5));
#1413 = VECTOR('',#1414,1.);
#1414 = DIRECTION('',(1.,0.));
#1415 = ( GEOMETRIC_REPRESENTATION_CONTEXT(2) 
PARAMETRIC_REPRESENTATION_CONTEXT() REPRESENTATION_CONTEXT('2D SPACE',''
  ) );
#1416 = PCURVE('',#1417,#1422);
#1417 = PLANE('',#1418);
#1418 = AXIS2_PLACEMENT_3D('',#1419,#1420,#1421);
#1419 = CARTESIAN_POINT('',(63.5,-38.5,3.));
#1420 = DIRECTION('',(0.,1.,0.));
#1421 = DIRECTION('',(0.,0.,1.));
#1422 = DEFINITIONAL_REPRESENTATION('',(#1423),#1427);
#1423 = LINE('',#1424,#1425);
#1424 = CARTESIAN_POINT('',(0.,0.));
#1425 = VECTOR('',#1426,1.);
#1426 = DIRECTION('',(0.,1.));
#1427 = ( GEOMETRIC_REPRESENTATION_CONTEXT(2) 
PARAMETRIC_REPRESENTATION_CONTEXT() REPRESENTATION_CONTEXT('2D SPACE',''
  ) );
#1428 = ORIENTED_EDGE('',*,*,#1429,.T.);
#1429 = EDGE_CURVE('',#1402,#1430,#1432,.T.);
#1430 = VERTEX_POINT('',#1431);
#1431 = CARTESIAN_POINT('',(63.5,-32.,3.));
#1432 = SURFACE_CURVE('',#1433,(#1437,#1444),.PCURVE_S1.);
#1433 = LINE('',#1434,#1435);
#1434 = CARTESIAN_POINT('',(63.5,-38.5,3.));
#1435 = VECTOR('',#1436,1.);
#1436 = DIRECTION('',(0.,1.,0.));
#1437 = PCURVE('',#44,#1438);
#1438 = DEFINITIONAL_REPRESENTATION('',(#1439),#1443);
#1439 = LINE('',#1440,#1441);
#1440 = CARTESIAN_POINT('',(138.5,8.5));
#1441 = VECTOR('',#1442,1.);
#1442 = DIRECTION('',(0.,1.));
#1443 = ( GEOMETRIC_REPRESENTATION_CONTEXT(2) 
PARAMETRIC_REPRESENTATION_CONTEXT() REPRESENTATION_CONTEXT('2D SPACE',''
  ) );
#1444 = PCURVE('',#1445,#1450);
#1445 = PLANE('',#1446);
#1446 = AXIS2_PLACEMENT_3D('',#1447,#1448,#1449);
#1447 = CARTESIAN_POINT('',(63.5,-38.5,3.));
#1448 = DIRECTION('',(1.,0.,0.));
#1449 = DIRECTION('',(0.,0.,1.));
#1450 = DEFINITIONAL_REPRESENTATION('',(#1451),#1455);
#1451 = LINE('',#1452,#1453);
#1452 = CARTESIAN_POINT('',(0.,0.));
#1453 = VECTOR('',#1454,1.);
#1454 = DIRECTION('',(0.,-1.));
#1455 = ( GEOMETRIC_REPRESENTATION_CONTEXT(2) 
PARAMETRIC_REPRESENTATION_CONTEXT() REPRESENTATION_CONTEXT('2D SPACE',''
  ) );
#1456 = ORIENTED_EDGE('',*,*,#1457,.T.);
#1457 = EDGE_CURVE('',#1430,#1152,#1458,.T.);
#1458 = SURFACE_CURVE('',#1459,(#1463,#1469),.PCURVE_S1.);
#1459 = LINE('',#1460,#1461);
#1460 = CARTESIAN_POINT('',(-13.75,-32.,3.));
#1461 = VECTOR('',#1462,1.);
#1462 = DIRECTION('',(-1.,0.,0.));
#1463 = PCURVE('',#44,#1464);
#1464 = DEFINITIONAL_REPRESENTATION('',(#1465),#1468);
#1465 = B_SPLINE_CURVE_WITH_KNOTS('',1,(#1466,#1467),.UNSPECIFIED.,.F.,
  .F.,(2,2),(-77.25,-64.25),.PIECEWISE_BEZIER_KNOTS.);
#1466 = CARTESIAN_POINT('',(138.5,15.));
#1467 = CARTESIAN_POINT('',(125.5,15.));
#1468 = ( GEOMETRIC_REPRESENTATION_CONTEXT(2) 
PARAMETRIC_REPRESENTATION_CONTEXT() REPRESENTATION_CONTEXT('2D SPACE',''
  ) );
#1469 = PCURVE('',#1470,#1475);
#1470 = PLANE('',#1471);
#1471 = AXIS2_PLACEMENT_3D('',#1472,#1473,#1474);
#1472 = CARTESIAN_POINT('',(47.5,-32.,-1.));
#1473 = DIRECTION('',(0.,1.,0.));
#1474 = DIRECTION('',(0.,0.,1.));
#1475 = DEFINITIONAL_REPRESENTATION('',(#1476),#1479);
#1476 = B_SPLINE_CURVE_WITH_KNOTS('',1,(#1477,#1478),.UNSPECIFIED.,.F.,
  .F.,(2,2),(-77.25,-64.25),.PIECEWISE_BEZIER_KNOTS.);
#1477 = CARTESIAN_POINT('',(4.,16.));
#1478 = CARTESIAN_POINT('',(4.,3.));
#1479 = ( GEOMETRIC_REPRESENTATION_CONTEXT(2) 
PARAMETRIC_REPRESENTATION_CONTEXT() REPRESENTATION_CONTEXT('2D SPACE',''
  ) );
#1480 = FACE_BOUND('',#1481,.T.);
#1481 = EDGE_LOOP('',(#1482));
#1482 = ORIENTED_EDGE('',*,*,#1483,.F.);
#1483 = EDGE_CURVE('',#1484,#1484,#1486,.T.);
#1484 = VERTEX_POINT('',#1485);
#1485 = CARTESIAN_POINT('',(43.65,-18.,3.));
#1486 = SURFACE_CURVE('',#1487,(#1492,#1499),.PCURVE_S1.);
#1487 = CIRCLE('',#1488,1.65);
#1488 = AXIS2_PLACEMENT_3D('',#1489,#1490,#1491);
#1489 = CARTESIAN_POINT('',(42.,-18.,3.));
#1490 = DIRECTION('',(0.,0.,1.));
#1491 = DIRECTION('',(1.,0.,-0.));
#1492 = PCURVE('',#44,#1493);
#1493 = DEFINITIONAL_REPRESENTATION('',(#1494),#1498);
#1494 = CIRCLE('',#1495,1.65);
#1495 = AXIS2_PLACEMENT_2D('',#1496,#1497);
#1496 = CARTESIAN_POINT('',(117.,29.));
#1497 = DIRECTION('',(1.,0.));
#1498 = ( GEOMETRIC_REPRESENTATION_CONTEXT(2) 
PARAMETRIC_REPRESENTATION_CONTEXT() REPRESENTATION_CONTEXT('2D SPACE',''
  ) );
#1499 = PCURVE('',#1500,#1505);
#1500 = CYLINDRICAL_SURFACE('',#1501,1.65);
#1501 = AXIS2_PLACEMENT_3D('',#1502,#1503,#1504);
#1502 = CARTESIAN_POINT('',(42.,-18.,-1.));
#1503 = DIRECTION('',(0.,0.,1.));
#1504 = DIRECTION('',(1.,0.,-0.));
#1505 = DEFINITIONAL_REPRESENTATION('',(#1506),#1510);
#1506 = LINE('',#1507,#1508);
#1507 = CARTESIAN_POINT('',(0.,4.));
#1508 = VECTOR('',#1509,1.);
#1509 = DIRECTION('',(1.,0.));
#1510 = ( GEOMETRIC_REPRESENTATION_CONTEXT(2) 
PARAMETRIC_REPRESENTATION_CONTEXT() REPRESENTATION_CONTEXT('2D SPACE',''
  ) );
#1511 = FACE_BOUND('',#1512,.T.);
#1512 = EDGE_LOOP('',(#1513,#1544,#1570,#1599,#1625,#1654,#1680,#1709));
#1513 = ORIENTED_EDGE('',*,*,#1514,.F.);
#1514 = EDGE_CURVE('',#1515,#1517,#1519,.T.);
#1515 = VERTEX_POINT('',#1516);
#1516 = CARTESIAN_POINT('',(-66.5,-5.,3.));
#1517 = VERTEX_POINT('',#1518);
#1518 = CARTESIAN_POINT('',(-63.5,-8.,3.));
#1519 = SURFACE_CURVE('',#1520,(#1525,#1532),.PCURVE_S1.);
#1520 = CIRCLE('',#1521,3.);
#1521 = AXIS2_PLACEMENT_3D('',#1522,#1523,#1524);
#1522 = CARTESIAN_POINT('',(-63.5,-5.,3.));
#1523 = DIRECTION('',(0.,0.,1.));
#1524 = DIRECTION('',(-1.,-0.,0.));
#1525 = PCURVE('',#44,#1526);
#1526 = DEFINITIONAL_REPRESENTATION('',(#1527),#1531);
#1527 = CIRCLE('',#1528,3.);
#1528 = AXIS2_PLACEMENT_2D('',#1529,#1530);
#1529 = CARTESIAN_POINT('',(11.5,42.));
#1530 = DIRECTION('',(-1.,0.));
#1531 = ( GEOMETRIC_REPRESENTATION_CONTEXT(2) 
PARAMETRIC_REPRESENTATION_CONTEXT() REPRESENTATION_CONTEXT('2D SPACE',''
  ) );
#1532 = PCURVE('',#1533,#1538);
#1533 = CYLINDRICAL_SURFACE('',#1534,3.);
#1534 = AXIS2_PLACEMENT_3D('',#1535,#1536,#1537);
#1535 = CARTESIAN_POINT('',(-63.5,-5.,-1.));
#1536 = DIRECTION('',(0.,0.,1.));
#1537 = DIRECTION('',(-1.,-0.,0.));
#1538 = DEFINITIONAL_REPRESENTATION('',(#1539),#1543);
#1539 = LINE('',#1540,#1541);
#1540 = CARTESIAN_POINT('',(0.,4.));
#1541 = VECTOR('',#1542,1.);
#1542 = DIRECTION('',(1.,0.));
#1543 = ( GEOMETRIC_REPRESENTATION_CONTEXT(2) 
PARAMETRIC_REPRESENTATION_CONTEXT() REPRESENTATION_CONTEXT('2D SPACE',''
  ) );
#1544 = ORIENTED_EDGE('',*,*,#1545,.T.);
#1545 = EDGE_CURVE('',#1515,#1546,#1548,.T.);
#1546 = VERTEX_POINT('',#1547);
#1547 = CARTESIAN_POINT('',(-66.5,5.,3.));
#1548 = SURFACE_CURVE('',#1549,(#1553,#1559),.PCURVE_S1.);
#1549 = LINE('',#1550,#1551);
#1550 = CARTESIAN_POINT('',(-66.5,-27.5,3.));
#1551 = VECTOR('',#1552,1.);
#1552 = DIRECTION('',(0.,1.,0.));
#1553 = PCURVE('',#44,#1554);
#1554 = DEFINITIONAL_REPRESENTATION('',(#1555),#1558);
#1555 = B_SPLINE_CURVE_WITH_KNOTS('',1,(#1556,#1557),.UNSPECIFIED.,.F.,
  .F.,(2,2),(22.5,32.5),.PIECEWISE_BEZIER_KNOTS.);
#1556 = CARTESIAN_POINT('',(8.5,42.));
#1557 = CARTESIAN_POINT('',(8.5,52.));
#1558 = ( GEOMETRIC_REPRESENTATION_CONTEXT(2) 
PARAMETRIC_REPRESENTATION_CONTEXT() REPRESENTATION_CONTEXT('2D SPACE',''
  ) );
#1559 = PCURVE('',#1560,#1565);
#1560 = PLANE('',#1561);
#1561 = AXIS2_PLACEMENT_3D('',#1562,#1563,#1564);
#1562 = CARTESIAN_POINT('',(-66.5,-8.,-1.));
#1563 = DIRECTION('',(1.,0.,0.));
#1564 = DIRECTION('',(0.,0.,1.));
#1565 = DEFINITIONAL_REPRESENTATION('',(#1566),#1569);
#1566 = B_SPLINE_CURVE_WITH_KNOTS('',1,(#1567,#1568),.UNSPECIFIED.,.F.,
  .F.,(2,2),(22.5,32.5),.PIECEWISE_BEZIER_KNOTS.);
#1567 = CARTESIAN_POINT('',(4.,-3.));
#1568 = CARTESIAN_POINT('',(4.,-13.));
#1569 = ( GEOMETRIC_REPRESENTATION_CONTEXT(2) 
PARAMETRIC_REPRESENTATION_CONTEXT() REPRESENTATION_CONTEXT('2D SPACE',''
  ) );
#1570 = ORIENTED_EDGE('',*,*,#1571,.F.);
#1571 = EDGE_CURVE('',#1572,#1546,#1574,.T.);
#1572 = VERTEX_POINT('',#1573);
#1573 = CARTESIAN_POINT('',(-63.5,8.,3.));
#1574 = SURFACE_CURVE('',#1575,(#1580,#1587),.PCURVE_S1.);
#1575 = CIRCLE('',#1576,3.);
#1576 = AXIS2_PLACEMENT_3D('',#1577,#1578,#1579);
#1577 = CARTESIAN_POINT('',(-63.5,5.,3.));
#1578 = DIRECTION('',(0.,0.,1.));
#1579 = DIRECTION('',(-1.,-0.,0.));
#1580 = PCURVE('',#44,#1581);
#1581 = DEFINITIONAL_REPRESENTATION('',(#1582),#1586);
#1582 = CIRCLE('',#1583,3.);
#1583 = AXIS2_PLACEMENT_2D('',#1584,#1585);
#1584 = CARTESIAN_POINT('',(11.5,52.));
#1585 = DIRECTION('',(-1.,0.));
#1586 = ( GEOMETRIC_REPRESENTATION_CONTEXT(2) 
PARAMETRIC_REPRESENTATION_CONTEXT() REPRESENTATION_CONTEXT('2D SPACE',''
  ) );
#1587 = PCURVE('',#1588,#1593);
#1588 = CYLINDRICAL_SURFACE('',#1589,3.);
#1589 = AXIS2_PLACEMENT_3D('',#1590,#1591,#1592);
#1590 = CARTESIAN_POINT('',(-63.5,5.,-1.));
#1591 = DIRECTION('',(0.,0.,1.));
#1592 = DIRECTION('',(-1.,-0.,0.));
#1593 = DEFINITIONAL_REPRESENTATION('',(#1594),#1598);
#1594 = LINE('',#1595,#1596);
#1595 = CARTESIAN_POINT('',(-6.28318530718,4.));
#1596 = VECTOR('',#1597,1.);
#1597 = DIRECTION('',(1.,-0.));
#1598 = ( GEOMETRIC_REPRESENTATION_CONTEXT(2) 
PARAMETRIC_REPRESENTATION_CONTEXT() REPRESENTATION_CONTEXT('2D SPACE',''
  ) );
#1599 = ORIENTED_EDGE('',*,*,#1600,.F.);
#1600 = EDGE_CURVE('',#1601,#1572,#1603,.T.);
#1601 = VERTEX_POINT('',#1602);
#1602 = CARTESIAN_POINT('',(-50.5,8.,3.));
#1603 = SURFACE_CURVE('',#1604,(#1608,#1614),.PCURVE_S1.);
#1604 = LINE('',#1605,#1606);
#1605 = CARTESIAN_POINT('',(-70.75,8.,3.));
#1606 = VECTOR('',#1607,1.);
#1607 = DIRECTION('',(-1.,0.,0.));
#1608 = PCURVE('',#44,#1609);
#1609 = DEFINITIONAL_REPRESENTATION('',(#1610),#1613);
#1610 = B_SPLINE_CURVE_WITH_KNOTS('',1,(#1611,#1612),.UNSPECIFIED.,.F.,
  .F.,(2,2),(-20.25,-7.25),.PIECEWISE_BEZIER_KNOTS.);
#1611 = CARTESIAN_POINT('',(24.5,55.));
#1612 = CARTESIAN_POINT('',(11.5,55.));
#1613 = ( GEOMETRIC_REPRESENTATION_CONTEXT(2) 
PARAMETRIC_REPRESENTATION_CONTEXT() REPRESENTATION_CONTEXT('2D SPACE',''
  ) );
#1614 = PCURVE('',#1615,#1620);
#1615 = PLANE('',#1616);
#1616 = AXIS2_PLACEMENT_3D('',#1617,#1618,#1619);
#1617 = CARTESIAN_POINT('',(-66.5,8.,-1.));
#1618 = DIRECTION('',(0.,1.,0.));
#1619 = DIRECTION('',(0.,0.,1.));
#1620 = DEFINITIONAL_REPRESENTATION('',(#1621),#1624);
#1621 = B_SPLINE_CURVE_WITH_KNOTS('',1,(#1622,#1623),.UNSPECIFIED.,.F.,
  .F.,(2,2),(-20.25,-7.25),.PIECEWISE_BEZIER_KNOTS.);
#1622 = CARTESIAN_POINT('',(4.,16.));
#1623 = CARTESIAN_POINT('',(4.,3.));
#1624 = ( GEOMETRIC_REPRESENTATION_CONTEXT(2) 
PARAMETRIC_REPRESENTATION_CONTEXT() REPRESENTATION_CONTEXT('2D SPACE',''
  ) );
#1625 = ORIENTED_EDGE('',*,*,#1626,.F.);
#1626 = EDGE_CURVE('',#1627,#1601,#1629,.T.);
#1627 = VERTEX_POINT('',#1628);
#1628 = CARTESIAN_POINT('',(-47.5,5.,3.));
#1629 = SURFACE_CURVE('',#1630,(#1635,#1642),.PCURVE_S1.);
#1630 = CIRCLE('',#1631,3.);
#1631 = AXIS2_PLACEMENT_3D('',#1632,#1633,#1634);
#1632 = CARTESIAN_POINT('',(-50.5,5.,3.));
#1633 = DIRECTION('',(0.,0.,1.));
#1634 = DIRECTION('',(1.,0.,-0.));
#1635 = PCURVE('',#44,#1636);
#1636 = DEFINITIONAL_REPRESENTATION('',(#1637),#1641);
#1637 = CIRCLE('',#1638,3.);
#1638 = AXIS2_PLACEMENT_2D('',#1639,#1640);
#1639 = CARTESIAN_POINT('',(24.5,52.));
#1640 = DIRECTION('',(1.,0.));
#1641 = ( GEOMETRIC_REPRESENTATION_CONTEXT(2) 
PARAMETRIC_REPRESENTATION_CONTEXT() REPRESENTATION_CONTEXT('2D SPACE',''
  ) );
#1642 = PCURVE('',#1643,#1648);
#1643 = CYLINDRICAL_SURFACE('',#1644,3.);
#1644 = AXIS2_PLACEMENT_3D('',#1645,#1646,#1647);
#1645 = CARTESIAN_POINT('',(-50.5,5.,-1.));
#1646 = DIRECTION('',(0.,0.,1.));
#1647 = DIRECTION('',(1.,0.,-0.));
#1648 = DEFINITIONAL_REPRESENTATION('',(#1649),#1653);
#1649 = LINE('',#1650,#1651);
#1650 = CARTESIAN_POINT('',(0.,4.));
#1651 = VECTOR('',#1652,1.);
#1652 = DIRECTION('',(1.,0.));
#1653 = ( GEOMETRIC_REPRESENTATION_CONTEXT(2) 
PARAMETRIC_REPRESENTATION_CONTEXT() REPRESENTATION_CONTEXT('2D SPACE',''
  ) );
#1654 = ORIENTED_EDGE('',*,*,#1655,.F.);
#1655 = EDGE_CURVE('',#1656,#1627,#1658,.T.);
#1656 = VERTEX_POINT('',#1657);
#1657 = CARTESIAN_POINT('',(-47.5,-5.,3.));
#1658 = SURFACE_CURVE('',#1659,(#1663,#1669),.PCURVE_S1.);
#1659 = LINE('',#1660,#1661);
#1660 = CARTESIAN_POINT('',(-47.5,-27.5,3.));
#1661 = VECTOR('',#1662,1.);
#1662 = DIRECTION('',(0.,1.,0.));
#1663 = PCURVE('',#44,#1664);
#1664 = DEFINITIONAL_REPRESENTATION('',(#1665),#1668);
#1665 = B_SPLINE_CURVE_WITH_KNOTS('',1,(#1666,#1667),.UNSPECIFIED.,.F.,
  .F.,(2,2),(22.5,32.5),.PIECEWISE_BEZIER_KNOTS.);
#1666 = CARTESIAN_POINT('',(27.5,42.));
#1667 = CARTESIAN_POINT('',(27.5,52.));
#1668 = ( GEOMETRIC_REPRESENTATION_CONTEXT(2) 
PARAMETRIC_REPRESENTATION_CONTEXT() REPRESENTATION_CONTEXT('2D SPACE',''
  ) );
#1669 = PCURVE('',#1670,#1675);
#1670 = PLANE('',#1671);
#1671 = AXIS2_PLACEMENT_3D('',#1672,#1673,#1674);
#1672 = CARTESIAN_POINT('',(-47.5,-8.,-1.));
#1673 = DIRECTION('',(1.,0.,0.));
#1674 = DIRECTION('',(0.,0.,1.));
#1675 = DEFINITIONAL_REPRESENTATION('',(#1676),#1679);
#1676 = B_SPLINE_CURVE_WITH_KNOTS('',1,(#1677,#1678),.UNSPECIFIED.,.F.,
  .F.,(2,2),(22.5,32.5),.PIECEWISE_BEZIER_KNOTS.);
#1677 = CARTESIAN_POINT('',(4.,-3.));
#1678 = CARTESIAN_POINT('',(4.,-13.));
#1679 = ( GEOMETRIC_REPRESENTATION_CONTEXT(2) 
PARAMETRIC_REPRESENTATION_CONTEXT() REPRESENTATION_CONTEXT('2D SPACE',''
  ) );
#1680 = ORIENTED_EDGE('',*,*,#1681,.F.);
#1681 = EDGE_CURVE('',#1682,#1656,#1684,.T.);
#1682 = VERTEX_POINT('',#1683);
#1683 = CARTESIAN_POINT('',(-50.5,-8.,3.));
#1684 = SURFACE_CURVE('',#1685,(#1690,#1697),.PCURVE_S1.);
#1685 = CIRCLE('',#1686,3.);
#1686 = AXIS2_PLACEMENT_3D('',#1687,#1688,#1689);
#1687 = CARTESIAN_POINT('',(-50.5,-5.,3.));
#1688 = DIRECTION('',(0.,0.,1.));
#1689 = DIRECTION('',(1.,0.,-0.));
#1690 = PCURVE('',#44,#1691);
#1691 = DEFINITIONAL_REPRESENTATION('',(#1692),#1696);
#1692 = CIRCLE('',#1693,3.);
#1693 = AXIS2_PLACEMENT_2D('',#1694,#1695);
#1694 = CARTESIAN_POINT('',(24.5,42.));
#1695 = DIRECTION('',(1.,0.));
#1696 = ( GEOMETRIC_REPRESENTATION_CONTEXT(2) 
PARAMETRIC_REPRESENTATION_CONTEXT() REPRESENTATION_CONTEXT('2D SPACE',''
  ) );
#1697 = PCURVE('',#1698,#1703);
#1698 = CYLINDRICAL_SURFACE('',#1699,3.);
#1699 = AXIS2_PLACEMENT_3D('',#1700,#1701,#1702);
#1700 = CARTESIAN_POINT('',(-50.5,-5.,-1.));
#1701 = DIRECTION('',(0.,0.,1.));
#1702 = DIRECTION('',(1.,0.,-0.));
#1703 = DEFINITIONAL_REPRESENTATION('',(#1704),#1708);
#1704 = LINE('',#1705,#1706);
#1705 = CARTESIAN_POINT('',(-6.28318530718,4.));
#1706 = VECTOR('',#1707,1.);
#1707 = DIRECTION('',(1.,-0.));
#1708 = ( GEOMETRIC_REPRESENTATION_CONTEXT(2) 
PARAMETRIC_REPRESENTATION_CONTEXT() REPRESENTATION_CONTEXT('2D SPACE',''
  ) );
#1709 = ORIENTED_EDGE('',*,*,#1710,.T.);
#1710 = EDGE_CURVE('',#1682,#1517,#1711,.T.);
#1711 = SURFACE_CURVE('',#1712,(#1716,#1722),.PCURVE_S1.);
#1712 = LINE('',#1713,#1714);
#1713 = CARTESIAN_POINT('',(-70.75,-8.,3.));
#1714 = VECTOR('',#1715,1.);
#1715 = DIRECTION('',(-1.,0.,0.));
#1716 = PCURVE('',#44,#1717);
#1717 = DEFINITIONAL_REPRESENTATION('',(#1718),#1721);
#1718 = B_SPLINE_CURVE_WITH_KNOTS('',1,(#1719,#1720),.UNSPECIFIED.,.F.,
  .F.,(2,2),(-20.25,-7.25),.PIECEWISE_BEZIER_KNOTS.);
#1719 = CARTESIAN_POINT('',(24.5,39.));
#1720 = CARTESIAN_POINT('',(11.5,39.));
#1721 = ( GEOMETRIC_REPRESENTATION_CONTEXT(2) 
PARAMETRIC_REPRESENTATION_CONTEXT() REPRESENTATION_CONTEXT('2D SPACE',''
  ) );
#1722 = PCURVE('',#1723,#1728);
#1723 = PLANE('',#1724);
#1724 = AXIS2_PLACEMENT_3D('',#1725,#1726,#1727);
#1725 = CARTESIAN_POINT('',(-66.5,-8.,-1.));
#1726 = DIRECTION('',(0.,1.,0.));
#1727 = DIRECTION('',(0.,0.,1.));
#1728 = DEFINITIONAL_REPRESENTATION('',(#1729),#1732);
#1729 = B_SPLINE_CURVE_WITH_KNOTS('',1,(#1730,#1731),.UNSPECIFIED.,.F.,
  .F.,(2,2),(-20.25,-7.25),.PIECEWISE_BEZIER_KNOTS.);
#1730 = CARTESIAN_POINT('',(4.,16.));
#1731 = CARTESIAN_POINT('',(4.,3.));
#1732 = ( GEOMETRIC_REPRESENTATION_CONTEXT(2) 
PARAMETRIC_REPRESENTATION_CONTEXT() REPRESENTATION_CONTEXT('2D SPACE',''
  ) );
#1733 = FACE_BOUND('',#1734,.T.);
#1734 = EDGE_LOOP('',(#1735));
#1735 = ORIENTED_EDGE('',*,*,#1736,.F.);
#1736 = EDGE_CURVE('',#1737,#1737,#1739,.T.);
#1737 = VERTEX_POINT('',#1738);
#1738 = CARTESIAN_POINT('',(-40.35,18.,3.));
#1739 = SURFACE_CURVE('',#1740,(#1745,#1752),.PCURVE_S1.);
#1740 = CIRCLE('',#1741,1.65);
#1741 = AXIS2_PLACEMENT_3D('',#1742,#1743,#1744);
#1742 = CARTESIAN_POINT('',(-42.,18.,3.));
#1743 = DIRECTION('',(0.,0.,1.));
#1744 = DIRECTION('',(1.,0.,-0.));
#1745 = PCURVE('',#44,#1746);
#1746 = DEFINITIONAL_REPRESENTATION('',(#1747),#1751);
#1747 = CIRCLE('',#1748,1.65);
#1748 = AXIS2_PLACEMENT_2D('',#1749,#1750);
#1749 = CARTESIAN_POINT('',(33.,65.));
#1750 = DIRECTION('',(1.,0.));
#1751 = ( GEOMETRIC_REPRESENTATION_CONTEXT(2) 
PARAMETRIC_REPRESENTATION_CONTEXT() REPRESENTATION_CONTEXT('2D SPACE',''
  ) );
#1752 = PCURVE('',#1753,#1758);
#1753 = CYLINDRICAL_SURFACE('',#1754,1.65);
#1754 = AXIS2_PLACEMENT_3D('',#1755,#1756,#1757);
#1755 = CARTESIAN_POINT('',(-42.,18.,-1.));
#1756 = DIRECTION('',(0.,0.,1.));
#1757 = DIRECTION('',(1.,0.,-0.));
#1758 = DEFINITIONAL_REPRESENTATION('',(#1759),#1763);
#1759 = LINE('',#1760,#1761);
#1760 = CARTESIAN_POINT('',(0.,4.));
#1761 = VECTOR('',#1762,1.);
#1762 = DIRECTION('',(1.,0.));
#1763 = ( GEOMETRIC_REPRESENTATION_CONTEXT(2) 
PARAMETRIC_REPRESENTATION_CONTEXT() REPRESENTATION_CONTEXT('2D SPACE',''
  ) );
#1764 = FACE_BOUND('',#1765,.T.);
#1765 = EDGE_LOOP('',(#1766,#1797,#1823,#1852,#1880,#1908,#1936,#1964,
    #1990,#2019,#2045,#2074));
#1766 = ORIENTED_EDGE('',*,*,#1767,.F.);
#1767 = EDGE_CURVE('',#1768,#1770,#1772,.T.);
#1768 = VERTEX_POINT('',#1769);
#1769 = CARTESIAN_POINT('',(-66.5,19.,3.));
#1770 = VERTEX_POINT('',#1771);
#1771 = CARTESIAN_POINT('',(-63.5,16.,3.));
#1772 = SURFACE_CURVE('',#1773,(#1778,#1785),.PCURVE_S1.);
#1773 = CIRCLE('',#1774,3.);
#1774 = AXIS2_PLACEMENT_3D('',#1775,#1776,#1777);
#1775 = CARTESIAN_POINT('',(-63.5,19.,3.));
#1776 = DIRECTION('',(0.,0.,1.));
#1777 = DIRECTION('',(-1.,-0.,0.));
#1778 = PCURVE('',#44,#1779);
#1779 = DEFINITIONAL_REPRESENTATION('',(#1780),#1784);
#1780 = CIRCLE('',#1781,3.);
#1781 = AXIS2_PLACEMENT_2D('',#1782,#1783);
#1782 = CARTESIAN_POINT('',(11.5,66.));
#1783 = DIRECTION('',(-1.,0.));
#1784 = ( GEOMETRIC_REPRESENTATION_CONTEXT(2) 
PARAMETRIC_REPRESENTATION_CONTEXT() REPRESENTATION_CONTEXT('2D SPACE',''
  ) );
#1785 = PCURVE('',#1786,#1791);
#1786 = CYLINDRICAL_SURFACE('',#1787,3.);
#1787 = AXIS2_PLACEMENT_3D('',#1788,#1789,#1790);
#1788 = CARTESIAN_POINT('',(-63.5,19.,-1.));
#1789 = DIRECTION('',(0.,0.,1.));
#1790 = DIRECTION('',(-1.,-0.,0.));
#1791 = DEFINITIONAL_REPRESENTATION('',(#1792),#1796);
#1792 = LINE('',#1793,#1794);
#1793 = CARTESIAN_POINT('',(0.,4.));
#1794 = VECTOR('',#1795,1.);
#1795 = DIRECTION('',(1.,0.));
#1796 = ( GEOMETRIC_REPRESENTATION_CONTEXT(2) 
PARAMETRIC_REPRESENTATION_CONTEXT() REPRESENTATION_CONTEXT('2D SPACE',''
  ) );
#1797 = ORIENTED_EDGE('',*,*,#1798,.T.);
#1798 = EDGE_CURVE('',#1768,#1799,#1801,.T.);
#1799 = VERTEX_POINT('',#1800);
#1800 = CARTESIAN_POINT('',(-66.5,29.,3.));
#1801 = SURFACE_CURVE('',#1802,(#1806,#1812),.PCURVE_S1.);
#1802 = LINE('',#1803,#1804);
#1803 = CARTESIAN_POINT('',(-66.5,-15.5,3.));
#1804 = VECTOR('',#1805,1.);
#1805 = DIRECTION('',(0.,1.,0.));
#1806 = PCURVE('',#44,#1807);
#1807 = DEFINITIONAL_REPRESENTATION('',(#1808),#1811);
#1808 = B_SPLINE_CURVE_WITH_KNOTS('',1,(#1809,#1810),.UNSPECIFIED.,.F.,
  .F.,(2,2),(34.5,44.5),.PIECEWISE_BEZIER_KNOTS.);
#1809 = CARTESIAN_POINT('',(8.5,66.));
#1810 = CARTESIAN_POINT('',(8.5,76.));
#1811 = ( GEOMETRIC_REPRESENTATION_CONTEXT(2) 
PARAMETRIC_REPRESENTATION_CONTEXT() REPRESENTATION_CONTEXT('2D SPACE',''
  ) );
#1812 = PCURVE('',#1813,#1818);
#1813 = PLANE('',#1814);
#1814 = AXIS2_PLACEMENT_3D('',#1815,#1816,#1817);
#1815 = CARTESIAN_POINT('',(-66.5,16.,-1.));
#1816 = DIRECTION('',(1.,0.,0.));
#1817 = DIRECTION('',(0.,0.,1.));
#1818 = DEFINITIONAL_REPRESENTATION('',(#1819),#1822);
#1819 = B_SPLINE_CURVE_WITH_KNOTS('',1,(#1820,#1821),.UNSPECIFIED.,.F.,
  .F.,(2,2),(34.5,44.5),.PIECEWISE_BEZIER_KNOTS.);
#1820 = CARTESIAN_POINT('',(4.,-3.));
#1821 = CARTESIAN_POINT('',(4.,-13.));
#1822 = ( GEOMETRIC_REPRESENTATION_CONTEXT(2) 
PARAMETRIC_REPRESENTATION_CONTEXT() REPRESENTATION_CONTEXT('2D SPACE',''
  ) );
#1823 = ORIENTED_EDGE('',*,*,#1824,.F.);
#1824 = EDGE_CURVE('',#1825,#1799,#1827,.T.);
#1825 = VERTEX_POINT('',#1826);
#1826 = CARTESIAN_POINT('',(-66.45803989155,29.5,3.));
#1827 = SURFACE_CURVE('',#1828,(#1833,#1840),.PCURVE_S1.);
#1828 = CIRCLE('',#1829,3.);
#1829 = AXIS2_PLACEMENT_3D('',#1830,#1831,#1832);
#1830 = CARTESIAN_POINT('',(-63.5,29.,3.));
#1831 = DIRECTION('',(0.,0.,1.));
#1832 = DIRECTION('',(-1.,-0.,0.));
#1833 = PCURVE('',#44,#1834);
#1834 = DEFINITIONAL_REPRESENTATION('',(#1835),#1839);
#1835 = CIRCLE('',#1836,3.);
#1836 = AXIS2_PLACEMENT_2D('',#1837,#1838);
#1837 = CARTESIAN_POINT('',(11.5,76.));
#1838 = DIRECTION('',(-1.,0.));
#1839 = ( GEOMETRIC_REPRESENTATION_CONTEXT(2) 
PARAMETRIC_REPRESENTATION_CONTEXT() REPRESENTATION_CONTEXT('2D SPACE',''
  ) );
#1840 = PCURVE('',#1841,#1846);
#1841 = CYLINDRICAL_SURFACE('',#1842,3.);
#1842 = AXIS2_PLACEMENT_3D('',#1843,#1844,#1845);
#1843 = CARTESIAN_POINT('',(-63.5,29.,-1.));
#1844 = DIRECTION('',(0.,0.,1.));
#1845 = DIRECTION('',(-1.,-0.,0.));
#1846 = DEFINITIONAL_REPRESENTATION('',(#1847),#1851);
#1847 = LINE('',#1848,#1849);
#1848 = CARTESIAN_POINT('',(-6.28318530718,4.));
#1849 = VECTOR('',#1850,1.);
#1850 = DIRECTION('',(1.,-0.));
#1851 = ( GEOMETRIC_REPRESENTATION_CONTEXT(2) 
PARAMETRIC_REPRESENTATION_CONTEXT() REPRESENTATION_CONTEXT('2D SPACE',''
  ) );
#1852 = ORIENTED_EDGE('',*,*,#1853,.F.);
#1853 = EDGE_CURVE('',#1854,#1825,#1856,.T.);
#1854 = VERTEX_POINT('',#1855);
#1855 = CARTESIAN_POINT('',(-72.5,29.5,3.));
#1856 = SURFACE_CURVE('',#1857,(#1861,#1868),.PCURVE_S1.);
#1857 = LINE('',#1858,#1859);
#1858 = CARTESIAN_POINT('',(-72.5,29.5,3.));
#1859 = VECTOR('',#1860,1.);
#1860 = DIRECTION('',(1.,0.,0.));
#1861 = PCURVE('',#44,#1862);
#1862 = DEFINITIONAL_REPRESENTATION('',(#1863),#1867);
#1863 = LINE('',#1864,#1865);
#1864 = CARTESIAN_POINT('',(2.5,76.5));
#1865 = VECTOR('',#1866,1.);
#1866 = DIRECTION('',(1.,0.));
#1867 = ( GEOMETRIC_REPRESENTATION_CONTEXT(2) 
PARAMETRIC_REPRESENTATION_CONTEXT() REPRESENTATION_CONTEXT('2D SPACE',''
  ) );
#1868 = PCURVE('',#1869,#1874);
#1869 = PLANE('',#1870);
#1870 = AXIS2_PLACEMENT_3D('',#1871,#1872,#1873);
#1871 = CARTESIAN_POINT('',(-72.5,29.5,3.));
#1872 = DIRECTION('',(0.,1.,0.));
#1873 = DIRECTION('',(0.,0.,1.));
#1874 = DEFINITIONAL_REPRESENTATION('',(#1875),#1879);
#1875 = LINE('',#1876,#1877);
#1876 = CARTESIAN_POINT('',(0.,0.));
#1877 = VECTOR('',#1878,1.);
#1878 = DIRECTION('',(0.,1.));
#1879 = ( GEOMETRIC_REPRESENTATION_CONTEXT(2) 
PARAMETRIC_REPRESENTATION_CONTEXT() REPRESENTATION_CONTEXT('2D SPACE',''
  ) );
#1880 = ORIENTED_EDGE('',*,*,#1881,.T.);
#1881 = EDGE_CURVE('',#1854,#1882,#1884,.T.);
#1882 = VERTEX_POINT('',#1883);
#1883 = CARTESIAN_POINT('',(-72.5,38.5,3.));
#1884 = SURFACE_CURVE('',#1885,(#1889,#1896),.PCURVE_S1.);
#1885 = LINE('',#1886,#1887);
#1886 = CARTESIAN_POINT('',(-72.5,29.5,3.));
#1887 = VECTOR('',#1888,1.);
#1888 = DIRECTION('',(0.,1.,0.));
#1889 = PCURVE('',#44,#1890);
#1890 = DEFINITIONAL_REPRESENTATION('',(#1891),#1895);
#1891 = LINE('',#1892,#1893);
#1892 = CARTESIAN_POINT('',(2.5,76.5));
#1893 = VECTOR('',#1894,1.);
#1894 = DIRECTION('',(0.,1.));
#1895 = ( GEOMETRIC_REPRESENTATION_CONTEXT(2) 
PARAMETRIC_REPRESENTATION_CONTEXT() REPRESENTATION_CONTEXT('2D SPACE',''
  ) );
#1896 = PCURVE('',#1897,#1902);
#1897 = PLANE('',#1898);
#1898 = AXIS2_PLACEMENT_3D('',#1899,#1900,#1901);
#1899 = CARTESIAN_POINT('',(-72.5,29.5,3.));
#1900 = DIRECTION('',(1.,0.,0.));
#1901 = DIRECTION('',(0.,0.,1.));
#1902 = DEFINITIONAL_REPRESENTATION('',(#1903),#1907);
#1903 = LINE('',#1904,#1905);
#1904 = CARTESIAN_POINT('',(0.,0.));
#1905 = VECTOR('',#1906,1.);
#1906 = DIRECTION('',(0.,-1.));
#1907 = ( GEOMETRIC_REPRESENTATION_CONTEXT(2) 
PARAMETRIC_REPRESENTATION_CONTEXT() REPRESENTATION_CONTEXT('2D SPACE',''
  ) );
#1908 = ORIENTED_EDGE('',*,*,#1909,.T.);
#1909 = EDGE_CURVE('',#1882,#1910,#1912,.T.);
#1910 = VERTEX_POINT('',#1911);
#1911 = CARTESIAN_POINT('',(-63.5,38.5,3.));
#1912 = SURFACE_CURVE('',#1913,(#1917,#1924),.PCURVE_S1.);
#1913 = LINE('',#1914,#1915);
#1914 = CARTESIAN_POINT('',(-72.5,38.5,3.));
#1915 = VECTOR('',#1916,1.);
#1916 = DIRECTION('',(1.,0.,0.));
#1917 = PCURVE('',#44,#1918);
#1918 = DEFINITIONAL_REPRESENTATION('',(#1919),#1923);
#1919 = LINE('',#1920,#1921);
#1920 = CARTESIAN_POINT('',(2.5,85.5));
#1921 = VECTOR('',#1922,1.);
#1922 = DIRECTION('',(1.,0.));
#1923 = ( GEOMETRIC_REPRESENTATION_CONTEXT(2) 
PARAMETRIC_REPRESENTATION_CONTEXT() REPRESENTATION_CONTEXT('2D SPACE',''
  ) );
#1924 = PCURVE('',#1925,#1930);
#1925 = PLANE('',#1926);
#1926 = AXIS2_PLACEMENT_3D('',#1927,#1928,#1929);
#1927 = CARTESIAN_POINT('',(-72.5,38.5,3.));
#1928 = DIRECTION('',(0.,1.,0.));
#1929 = DIRECTION('',(0.,0.,1.));
#1930 = DEFINITIONAL_REPRESENTATION('',(#1931),#1935);
#1931 = LINE('',#1932,#1933);
#1932 = CARTESIAN_POINT('',(0.,0.));
#1933 = VECTOR('',#1934,1.);
#1934 = DIRECTION('',(0.,1.));
#1935 = ( GEOMETRIC_REPRESENTATION_CONTEXT(2) 
PARAMETRIC_REPRESENTATION_CONTEXT() REPRESENTATION_CONTEXT('2D SPACE',''
  ) );
#1936 = ORIENTED_EDGE('',*,*,#1937,.F.);
#1937 = EDGE_CURVE('',#1938,#1910,#1940,.T.);
#1938 = VERTEX_POINT('',#1939);
#1939 = CARTESIAN_POINT('',(-63.5,32.,3.));
#1940 = SURFACE_CURVE('',#1941,(#1945,#1952),.PCURVE_S1.);
#1941 = LINE('',#1942,#1943);
#1942 = CARTESIAN_POINT('',(-63.5,29.5,3.));
#1943 = VECTOR('',#1944,1.);
#1944 = DIRECTION('',(0.,1.,0.));
#1945 = PCURVE('',#44,#1946);
#1946 = DEFINITIONAL_REPRESENTATION('',(#1947),#1951);
#1947 = LINE('',#1948,#1949);
#1948 = CARTESIAN_POINT('',(11.5,76.5));
#1949 = VECTOR('',#1950,1.);
#1950 = DIRECTION('',(0.,1.));
#1951 = ( GEOMETRIC_REPRESENTATION_CONTEXT(2) 
PARAMETRIC_REPRESENTATION_CONTEXT() REPRESENTATION_CONTEXT('2D SPACE',''
  ) );
#1952 = PCURVE('',#1953,#1958);
#1953 = PLANE('',#1954);
#1954 = AXIS2_PLACEMENT_3D('',#1955,#1956,#1957);
#1955 = CARTESIAN_POINT('',(-63.5,29.5,3.));
#1956 = DIRECTION('',(1.,0.,0.));
#1957 = DIRECTION('',(0.,0.,1.));
#1958 = DEFINITIONAL_REPRESENTATION('',(#1959),#1963);
#1959 = LINE('',#1960,#1961);
#1960 = CARTESIAN_POINT('',(0.,0.));
#1961 = VECTOR('',#1962,1.);
#1962 = DIRECTION('',(0.,-1.));
#1963 = ( GEOMETRIC_REPRESENTATION_CONTEXT(2) 
PARAMETRIC_REPRESENTATION_CONTEXT() REPRESENTATION_CONTEXT('2D SPACE',''
  ) );
#1964 = ORIENTED_EDGE('',*,*,#1965,.F.);
#1965 = EDGE_CURVE('',#1966,#1938,#1968,.T.);
#1966 = VERTEX_POINT('',#1967);
#1967 = CARTESIAN_POINT('',(-50.5,32.,3.));
#1968 = SURFACE_CURVE('',#1969,(#1973,#1979),.PCURVE_S1.);
#1969 = LINE('',#1970,#1971);
#1970 = CARTESIAN_POINT('',(-70.75,32.,3.));
#1971 = VECTOR('',#1972,1.);
#1972 = DIRECTION('',(-1.,0.,0.));
#1973 = PCURVE('',#44,#1974);
#1974 = DEFINITIONAL_REPRESENTATION('',(#1975),#1978);
#1975 = B_SPLINE_CURVE_WITH_KNOTS('',1,(#1976,#1977),.UNSPECIFIED.,.F.,
  .F.,(2,2),(-20.25,-7.25),.PIECEWISE_BEZIER_KNOTS.);
#1976 = CARTESIAN_POINT('',(24.5,79.));
#1977 = CARTESIAN_POINT('',(11.5,79.));
#1978 = ( GEOMETRIC_REPRESENTATION_CONTEXT(2) 
PARAMETRIC_REPRESENTATION_CONTEXT() REPRESENTATION_CONTEXT('2D SPACE',''
  ) );
#1979 = PCURVE('',#1980,#1985);
#1980 = PLANE('',#1981);
#1981 = AXIS2_PLACEMENT_3D('',#1982,#1983,#1984);
#1982 = CARTESIAN_POINT('',(-66.5,32.,-1.));
#1983 = DIRECTION('',(0.,1.,0.));
#1984 = DIRECTION('',(0.,0.,1.));
#1985 = DEFINITIONAL_REPRESENTATION('',(#1986),#1989);
#1986 = B_SPLINE_CURVE_WITH_KNOTS('',1,(#1987,#1988),.UNSPECIFIED.,.F.,
  .F.,(2,2),(-20.25,-7.25),.PIECEWISE_BEZIER_KNOTS.);
#1987 = CARTESIAN_POINT('',(4.,16.));
#1988 = CARTESIAN_POINT('',(4.,3.));
#1989 = ( GEOMETRIC_REPRESENTATION_CONTEXT(2) 
PARAMETRIC_REPRESENTATION_CONTEXT() REPRESENTATION_CONTEXT('2D SPACE',''
  ) );
#1990 = ORIENTED_EDGE('',*,*,#1991,.F.);
#1991 = EDGE_CURVE('',#1992,#1966,#1994,.T.);
#1992 = VERTEX_POINT('',#1993);
#1993 = CARTESIAN_POINT('',(-47.5,29.,3.));
#1994 = SURFACE_CURVE('',#1995,(#2000,#2007),.PCURVE_S1.);
#1995 = CIRCLE('',#1996,3.);
#1996 = AXIS2_PLACEMENT_3D('',#1997,#1998,#1999);
#1997 = CARTESIAN_POINT('',(-50.5,29.,3.));
#1998 = DIRECTION('',(0.,0.,1.));
#1999 = DIRECTION('',(1.,0.,-0.));
#2000 = PCURVE('',#44,#2001);
#2001 = DEFINITIONAL_REPRESENTATION('',(#2002),#2006);
#2002 = CIRCLE('',#2003,3.);
#2003 = AXIS2_PLACEMENT_2D('',#2004,#2005);
#2004 = CARTESIAN_POINT('',(24.5,76.));
#2005 = DIRECTION('',(1.,0.));
#2006 = ( GEOMETRIC_REPRESENTATION_CONTEXT(2) 
PARAMETRIC_REPRESENTATION_CONTEXT() REPRESENTATION_CONTEXT('2D SPACE',''
  ) );
#2007 = PCURVE('',#2008,#2013);
#2008 = CYLINDRICAL_SURFACE('',#2009,3.);
#2009 = AXIS2_PLACEMENT_3D('',#2010,#2011,#2012);
#2010 = CARTESIAN_POINT('',(-50.5,29.,-1.));
#2011 = DIRECTION('',(0.,0.,1.));
#2012 = DIRECTION('',(1.,0.,-0.));
#2013 = DEFINITIONAL_REPRESENTATION('',(#2014),#2018);
#2014 = LINE('',#2015,#2016);
#2015 = CARTESIAN_POINT('',(0.,4.));
#2016 = VECTOR('',#2017,1.);
#2017 = DIRECTION('',(1.,0.));
#2018 = ( GEOMETRIC_REPRESENTATION_CONTEXT(2) 
PARAMETRIC_REPRESENTATION_CONTEXT() REPRESENTATION_CONTEXT('2D SPACE',''
  ) );
#2019 = ORIENTED_EDGE('',*,*,#2020,.F.);
#2020 = EDGE_CURVE('',#2021,#1992,#2023,.T.);
#2021 = VERTEX_POINT('',#2022);
#2022 = CARTESIAN_POINT('',(-47.5,19.,3.));
#2023 = SURFACE_CURVE('',#2024,(#2028,#2034),.PCURVE_S1.);
#2024 = LINE('',#2025,#2026);
#2025 = CARTESIAN_POINT('',(-47.5,-15.5,3.));
#2026 = VECTOR('',#2027,1.);
#2027 = DIRECTION('',(0.,1.,0.));
#2028 = PCURVE('',#44,#2029);
#2029 = DEFINITIONAL_REPRESENTATION('',(#2030),#2033);
#2030 = B_SPLINE_CURVE_WITH_KNOTS('',1,(#2031,#2032),.UNSPECIFIED.,.F.,
  .F.,(2,2),(34.5,44.5),.PIECEWISE_BEZIER_KNOTS.);
#2031 = CARTESIAN_POINT('',(27.5,66.));
#2032 = CARTESIAN_POINT('',(27.5,76.));
#2033 = ( GEOMETRIC_REPRESENTATION_CONTEXT(2) 
PARAMETRIC_REPRESENTATION_CONTEXT() REPRESENTATION_CONTEXT('2D SPACE',''
  ) );
#2034 = PCURVE('',#2035,#2040);
#2035 = PLANE('',#2036);
#2036 = AXIS2_PLACEMENT_3D('',#2037,#2038,#2039);
#2037 = CARTESIAN_POINT('',(-47.5,16.,-1.));
#2038 = DIRECTION('',(1.,0.,0.));
#2039 = DIRECTION('',(0.,0.,1.));
#2040 = DEFINITIONAL_REPRESENTATION('',(#2041),#2044);
#2041 = B_SPLINE_CURVE_WITH_KNOTS('',1,(#2042,#2043),.UNSPECIFIED.,.F.,
  .F.,(2,2),(34.5,44.5),.PIECEWISE_BEZIER_KNOTS.);
#2042 = CARTESIAN_POINT('',(4.,-3.));
#2043 = CARTESIAN_POINT('',(4.,-13.));
#2044 = ( GEOMETRIC_REPRESENTATION_CONTEXT(2) 
PARAMETRIC_REPRESENTATION_CONTEXT() REPRESENTATION_CONTEXT('2D SPACE',''
  ) );
#2045 = ORIENTED_EDGE('',*,*,#2046,.F.);
#2046 = EDGE_CURVE('',#2047,#2021,#2049,.T.);
#2047 = VERTEX_POINT('',#2048);
#2048 = CARTESIAN_POINT('',(-50.5,16.,3.));
#2049 = SURFACE_CURVE('',#2050,(#2055,#2062),.PCURVE_S1.);
#2050 = CIRCLE('',#2051,3.);
#2051 = AXIS2_PLACEMENT_3D('',#2052,#2053,#2054);
#2052 = CARTESIAN_POINT('',(-50.5,19.,3.));
#2053 = DIRECTION('',(0.,0.,1.));
#2054 = DIRECTION('',(1.,0.,-0.));
#2055 = PCURVE('',#44,#2056);
#2056 = DEFINITIONAL_REPRESENTATION('',(#2057),#2061);
#2057 = CIRCLE('',#2058,3.);
#2058 = AXIS2_PLACEMENT_2D('',#2059,#2060);
#2059 = CARTESIAN_POINT('',(24.5,66.));
#2060 = DIRECTION('',(1.,0.));
#2061 = ( GEOMETRIC_REPRESENTATION_CONTEXT(2) 
PARAMETRIC_REPRESENTATION_CONTEXT() REPRESENTATION_CONTEXT('2D SPACE',''
  ) );
#2062 = PCURVE('',#2063,#2068);
#2063 = CYLINDRICAL_SURFACE('',#2064,3.);
#2064 = AXIS2_PLACEMENT_3D('',#2065,#2066,#2067);
#2065 = CARTESIAN_POINT('',(-50.5,19.,-1.));
#2066 = DIRECTION('',(0.,0.,1.));
#2067 = DIRECTION('',(1.,0.,-0.));
#2068 = DEFINITIONAL_REPRESENTATION('',(#2069),#2073);
#2069 = LINE('',#2070,#2071);
#2070 = CARTESIAN_POINT('',(-6.28318530718,4.));
#2071 = VECTOR('',#2072,1.);
#2072 = DIRECTION('',(1.,-0.));
#2073 = ( GEOMETRIC_REPRESENTATION_CONTEXT(2) 
PARAMETRIC_REPRESENTATION_CONTEXT() REPRESENTATION_CONTEXT('2D SPACE',''
  ) );
#2074 = ORIENTED_EDGE('',*,*,#2075,.T.);
#2075 = EDGE_CURVE('',#2047,#1770,#2076,.T.);
#2076 = SURFACE_CURVE('',#2077,(#2081,#2087),.PCURVE_S1.);
#2077 = LINE('',#2078,#2079);
#2078 = CARTESIAN_POINT('',(-70.75,16.,3.));
#2079 = VECTOR('',#2080,1.);
#2080 = DIRECTION('',(-1.,0.,0.));
#2081 = PCURVE('',#44,#2082);
#2082 = DEFINITIONAL_REPRESENTATION('',(#2083),#2086);
#2083 = B_SPLINE_CURVE_WITH_KNOTS('',1,(#2084,#2085),.UNSPECIFIED.,.F.,
  .F.,(2,2),(-20.25,-7.25),.PIECEWISE_BEZIER_KNOTS.);
#2084 = CARTESIAN_POINT('',(24.5,63.));
#2085 = CARTESIAN_POINT('',(11.5,63.));
#2086 = ( GEOMETRIC_REPRESENTATION_CONTEXT(2) 
PARAMETRIC_REPRESENTATION_CONTEXT() REPRESENTATION_CONTEXT('2D SPACE',''
  ) );
#2087 = PCURVE('',#2088,#2093);
#2088 = PLANE('',#2089);
#2089 = AXIS2_PLACEMENT_3D('',#2090,#2091,#2092);
#2090 = CARTESIAN_POINT('',(-66.5,16.,-1.));
#2091 = DIRECTION('',(0.,1.,0.));
#2092 = DIRECTION('',(0.,0.,1.));
#2093 = DEFINITIONAL_REPRESENTATION('',(#2094),#2097);
#2094 = B_SPLINE_CURVE_WITH_KNOTS('',1,(#2095,#2096),.UNSPECIFIED.,.F.,
  .F.,(2,2),(-20.25,-7.25),.PIECEWISE_BEZIER_KNOTS.);
#2095 = CARTESIAN_POINT('',(4.,16.));
#2096 = CARTESIAN_POINT('',(4.,3.));
#2097 = ( GEOMETRIC_REPRESENTATION_CONTEXT(2) 
PARAMETRIC_REPRESENTATION_CONTEXT() REPRESENTATION_CONTEXT('2D SPACE',''
  ) );
#2098 = FACE_BOUND('',#2099,.T.);
#2099 = EDGE_LOOP('',(#2100,#2131,#2157,#2186,#2212,#2241,#2267,#2296));
#2100 = ORIENTED_EDGE('',*,*,#2101,.F.);
#2101 = EDGE_CURVE('',#2102,#2104,#2106,.T.);
#2102 = VERTEX_POINT('',#2103);
#2103 = CARTESIAN_POINT('',(-36.,31.5,3.));
#2104 = VERTEX_POINT('',#2105);
#2105 = CARTESIAN_POINT('',(-33.,28.5,3.));
#2106 = SURFACE_CURVE('',#2107,(#2112,#2119),.PCURVE_S1.);
#2107 = CIRCLE('',#2108,3.);
#2108 = AXIS2_PLACEMENT_3D('',#2109,#2110,#2111);
#2109 = CARTESIAN_POINT('',(-33.,31.5,3.));
#2110 = DIRECTION('',(0.,0.,1.));
#2111 = DIRECTION('',(-1.,-0.,0.));
#2112 = PCURVE('',#44,#2113);
#2113 = DEFINITIONAL_REPRESENTATION('',(#2114),#2118);
#2114 = CIRCLE('',#2115,3.);
#2115 = AXIS2_PLACEMENT_2D('',#2116,#2117);
#2116 = CARTESIAN_POINT('',(42.,78.5));
#2117 = DIRECTION('',(-1.,0.));
#2118 = ( GEOMETRIC_REPRESENTATION_CONTEXT(2) 
PARAMETRIC_REPRESENTATION_CONTEXT() REPRESENTATION_CONTEXT('2D SPACE',''
  ) );
#2119 = PCURVE('',#2120,#2125);
#2120 = CYLINDRICAL_SURFACE('',#2121,3.);
#2121 = AXIS2_PLACEMENT_3D('',#2122,#2123,#2124);
#2122 = CARTESIAN_POINT('',(-33.,31.5,-1.));
#2123 = DIRECTION('',(0.,0.,1.));
#2124 = DIRECTION('',(-1.,-0.,0.));
#2125 = DEFINITIONAL_REPRESENTATION('',(#2126),#2130);
#2126 = LINE('',#2127,#2128);
#2127 = CARTESIAN_POINT('',(0.,4.));
#2128 = VECTOR('',#2129,1.);
#2129 = DIRECTION('',(1.,0.));
#2130 = ( GEOMETRIC_REPRESENTATION_CONTEXT(2) 
PARAMETRIC_REPRESENTATION_CONTEXT() REPRESENTATION_CONTEXT('2D SPACE',''
  ) );
#2131 = ORIENTED_EDGE('',*,*,#2132,.T.);
#2132 = EDGE_CURVE('',#2102,#2133,#2135,.T.);
#2133 = VERTEX_POINT('',#2134);
#2134 = CARTESIAN_POINT('',(-36.,38.5,3.));
#2135 = SURFACE_CURVE('',#2136,(#2140,#2146),.PCURVE_S1.);
#2136 = LINE('',#2137,#2138);
#2137 = CARTESIAN_POINT('',(-36.,-9.25,3.));
#2138 = VECTOR('',#2139,1.);
#2139 = DIRECTION('',(0.,1.,0.));
#2140 = PCURVE('',#44,#2141);
#2141 = DEFINITIONAL_REPRESENTATION('',(#2142),#2145);
#2142 = B_SPLINE_CURVE_WITH_KNOTS('',1,(#2143,#2144),.UNSPECIFIED.,.F.,
  .F.,(2,2),(40.75,47.75),.PIECEWISE_BEZIER_KNOTS.);
#2143 = CARTESIAN_POINT('',(39.,78.5));
#2144 = CARTESIAN_POINT('',(39.,85.5));
#2145 = ( GEOMETRIC_REPRESENTATION_CONTEXT(2) 
PARAMETRIC_REPRESENTATION_CONTEXT() REPRESENTATION_CONTEXT('2D SPACE',''
  ) );
#2146 = PCURVE('',#2147,#2152);
#2147 = PLANE('',#2148);
#2148 = AXIS2_PLACEMENT_3D('',#2149,#2150,#2151);
#2149 = CARTESIAN_POINT('',(-36.,28.5,-1.));
#2150 = DIRECTION('',(1.,0.,0.));
#2151 = DIRECTION('',(0.,0.,1.));
#2152 = DEFINITIONAL_REPRESENTATION('',(#2153),#2156);
#2153 = B_SPLINE_CURVE_WITH_KNOTS('',1,(#2154,#2155),.UNSPECIFIED.,.F.,
  .F.,(2,2),(40.75,47.75),.PIECEWISE_BEZIER_KNOTS.);
#2154 = CARTESIAN_POINT('',(4.,-3.));
#2155 = CARTESIAN_POINT('',(4.,-10.));
#2156 = ( GEOMETRIC_REPRESENTATION_CONTEXT(2) 
PARAMETRIC_REPRESENTATION_CONTEXT() REPRESENTATION_CONTEXT('2D SPACE',''
  ) );
#2157 = ORIENTED_EDGE('',*,*,#2158,.F.);
#2158 = EDGE_CURVE('',#2159,#2133,#2161,.T.);
#2159 = VERTEX_POINT('',#2160);
#2160 = CARTESIAN_POINT('',(-33.,41.5,3.));
#2161 = SURFACE_CURVE('',#2162,(#2167,#2174),.PCURVE_S1.);
#2162 = CIRCLE('',#2163,3.);
#2163 = AXIS2_PLACEMENT_3D('',#2164,#2165,#2166);
#2164 = CARTESIAN_POINT('',(-33.,38.5,3.));
#2165 = DIRECTION('',(0.,0.,1.));
#2166 = DIRECTION('',(-1.,-0.,0.));
#2167 = PCURVE('',#44,#2168);
#2168 = DEFINITIONAL_REPRESENTATION('',(#2169),#2173);
#2169 = CIRCLE('',#2170,3.);
#2170 = AXIS2_PLACEMENT_2D('',#2171,#2172);
#2171 = CARTESIAN_POINT('',(42.,85.5));
#2172 = DIRECTION('',(-1.,0.));
#2173 = ( GEOMETRIC_REPRESENTATION_CONTEXT(2) 
PARAMETRIC_REPRESENTATION_CONTEXT() REPRESENTATION_CONTEXT('2D SPACE',''
  ) );
#2174 = PCURVE('',#2175,#2180);
#2175 = CYLINDRICAL_SURFACE('',#2176,3.);
#2176 = AXIS2_PLACEMENT_3D('',#2177,#2178,#2179);
#2177 = CARTESIAN_POINT('',(-33.,38.5,-1.));
#2178 = DIRECTION('',(0.,0.,1.));
#2179 = DIRECTION('',(-1.,-0.,0.));
#2180 = DEFINITIONAL_REPRESENTATION('',(#2181),#2185);
#2181 = LINE('',#2182,#2183);
#2182 = CARTESIAN_POINT('',(-6.28318530718,4.));
#2183 = VECTOR('',#2184,1.);
#2184 = DIRECTION('',(1.,-0.));
#2185 = ( GEOMETRIC_REPRESENTATION_CONTEXT(2) 
PARAMETRIC_REPRESENTATION_CONTEXT() REPRESENTATION_CONTEXT('2D SPACE',''
  ) );
#2186 = ORIENTED_EDGE('',*,*,#2187,.F.);
#2187 = EDGE_CURVE('',#2188,#2159,#2190,.T.);
#2188 = VERTEX_POINT('',#2189);
#2189 = CARTESIAN_POINT('',(-11.,41.5,3.));
#2190 = SURFACE_CURVE('',#2191,(#2195,#2201),.PCURVE_S1.);
#2191 = LINE('',#2192,#2193);
#2192 = CARTESIAN_POINT('',(-55.5,41.5,3.));
#2193 = VECTOR('',#2194,1.);
#2194 = DIRECTION('',(-1.,0.,0.));
#2195 = PCURVE('',#44,#2196);
#2196 = DEFINITIONAL_REPRESENTATION('',(#2197),#2200);
#2197 = B_SPLINE_CURVE_WITH_KNOTS('',1,(#2198,#2199),.UNSPECIFIED.,.F.,
  .F.,(2,2),(-44.5,-22.5),.PIECEWISE_BEZIER_KNOTS.);
#2198 = CARTESIAN_POINT('',(64.,88.5));
#2199 = CARTESIAN_POINT('',(42.,88.5));
#2200 = ( GEOMETRIC_REPRESENTATION_CONTEXT(2) 
PARAMETRIC_REPRESENTATION_CONTEXT() REPRESENTATION_CONTEXT('2D SPACE',''
  ) );
#2201 = PCURVE('',#2202,#2207);
#2202 = PLANE('',#2203);
#2203 = AXIS2_PLACEMENT_3D('',#2204,#2205,#2206);
#2204 = CARTESIAN_POINT('',(-36.,41.5,-1.));
#2205 = DIRECTION('',(0.,1.,0.));
#2206 = DIRECTION('',(0.,0.,1.));
#2207 = DEFINITIONAL_REPRESENTATION('',(#2208),#2211);
#2208 = B_SPLINE_CURVE_WITH_KNOTS('',1,(#2209,#2210),.UNSPECIFIED.,.F.,
  .F.,(2,2),(-44.5,-22.5),.PIECEWISE_BEZIER_KNOTS.);
#2209 = CARTESIAN_POINT('',(4.,25.));
#2210 = CARTESIAN_POINT('',(4.,3.));
#2211 = ( GEOMETRIC_REPRESENTATION_CONTEXT(2) 
PARAMETRIC_REPRESENTATION_CONTEXT() REPRESENTATION_CONTEXT('2D SPACE',''
  ) );
#2212 = ORIENTED_EDGE('',*,*,#2213,.F.);
#2213 = EDGE_CURVE('',#2214,#2188,#2216,.T.);
#2214 = VERTEX_POINT('',#2215);
#2215 = CARTESIAN_POINT('',(-8.,38.5,3.));
#2216 = SURFACE_CURVE('',#2217,(#2222,#2229),.PCURVE_S1.);
#2217 = CIRCLE('',#2218,3.);
#2218 = AXIS2_PLACEMENT_3D('',#2219,#2220,#2221);
#2219 = CARTESIAN_POINT('',(-11.,38.5,3.));
#2220 = DIRECTION('',(0.,0.,1.));
#2221 = DIRECTION('',(1.,0.,-0.));
#2222 = PCURVE('',#44,#2223);
#2223 = DEFINITIONAL_REPRESENTATION('',(#2224),#2228);
#2224 = CIRCLE('',#2225,3.);
#2225 = AXIS2_PLACEMENT_2D('',#2226,#2227);
#2226 = CARTESIAN_POINT('',(64.,85.5));
#2227 = DIRECTION('',(1.,0.));
#2228 = ( GEOMETRIC_REPRESENTATION_CONTEXT(2) 
PARAMETRIC_REPRESENTATION_CONTEXT() REPRESENTATION_CONTEXT('2D SPACE',''
  ) );
#2229 = PCURVE('',#2230,#2235);
#2230 = CYLINDRICAL_SURFACE('',#2231,3.);
#2231 = AXIS2_PLACEMENT_3D('',#2232,#2233,#2234);
#2232 = CARTESIAN_POINT('',(-11.,38.5,-1.));
#2233 = DIRECTION('',(0.,0.,1.));
#2234 = DIRECTION('',(1.,0.,-0.));
#2235 = DEFINITIONAL_REPRESENTATION('',(#2236),#2240);
#2236 = LINE('',#2237,#2238);
#2237 = CARTESIAN_POINT('',(0.,4.));
#2238 = VECTOR('',#2239,1.);
#2239 = DIRECTION('',(1.,0.));
#2240 = ( GEOMETRIC_REPRESENTATION_CONTEXT(2) 
PARAMETRIC_REPRESENTATION_CONTEXT() REPRESENTATION_CONTEXT('2D SPACE',''
  ) );
#2241 = ORIENTED_EDGE('',*,*,#2242,.F.);
#2242 = EDGE_CURVE('',#2243,#2214,#2245,.T.);
#2243 = VERTEX_POINT('',#2244);
#2244 = CARTESIAN_POINT('',(-8.,31.5,3.));
#2245 = SURFACE_CURVE('',#2246,(#2250,#2256),.PCURVE_S1.);
#2246 = LINE('',#2247,#2248);
#2247 = CARTESIAN_POINT('',(-8.,-9.25,3.));
#2248 = VECTOR('',#2249,1.);
#2249 = DIRECTION('',(0.,1.,0.));
#2250 = PCURVE('',#44,#2251);
#2251 = DEFINITIONAL_REPRESENTATION('',(#2252),#2255);
#2252 = B_SPLINE_CURVE_WITH_KNOTS('',1,(#2253,#2254),.UNSPECIFIED.,.F.,
  .F.,(2,2),(40.75,47.75),.PIECEWISE_BEZIER_KNOTS.);
#2253 = CARTESIAN_POINT('',(67.,78.5));
#2254 = CARTESIAN_POINT('',(67.,85.5));
#2255 = ( GEOMETRIC_REPRESENTATION_CONTEXT(2) 
PARAMETRIC_REPRESENTATION_CONTEXT() REPRESENTATION_CONTEXT('2D SPACE',''
  ) );
#2256 = PCURVE('',#2257,#2262);
#2257 = PLANE('',#2258);
#2258 = AXIS2_PLACEMENT_3D('',#2259,#2260,#2261);
#2259 = CARTESIAN_POINT('',(-8.,28.5,-1.));
#2260 = DIRECTION('',(1.,0.,0.));
#2261 = DIRECTION('',(0.,0.,1.));
#2262 = DEFINITIONAL_REPRESENTATION('',(#2263),#2266);
#2263 = B_SPLINE_CURVE_WITH_KNOTS('',1,(#2264,#2265),.UNSPECIFIED.,.F.,
  .F.,(2,2),(40.75,47.75),.PIECEWISE_BEZIER_KNOTS.);
#2264 = CARTESIAN_POINT('',(4.,-3.));
#2265 = CARTESIAN_POINT('',(4.,-10.));
#2266 = ( GEOMETRIC_REPRESENTATION_CONTEXT(2) 
PARAMETRIC_REPRESENTATION_CONTEXT() REPRESENTATION_CONTEXT('2D SPACE',''
  ) );
#2267 = ORIENTED_EDGE('',*,*,#2268,.F.);
#2268 = EDGE_CURVE('',#2269,#2243,#2271,.T.);
#2269 = VERTEX_POINT('',#2270);
#2270 = CARTESIAN_POINT('',(-11.,28.5,3.));
#2271 = SURFACE_CURVE('',#2272,(#2277,#2284),.PCURVE_S1.);
#2272 = CIRCLE('',#2273,3.);
#2273 = AXIS2_PLACEMENT_3D('',#2274,#2275,#2276);
#2274 = CARTESIAN_POINT('',(-11.,31.5,3.));
#2275 = DIRECTION('',(0.,0.,1.));
#2276 = DIRECTION('',(1.,0.,-0.));
#2277 = PCURVE('',#44,#2278);
#2278 = DEFINITIONAL_REPRESENTATION('',(#2279),#2283);
#2279 = CIRCLE('',#2280,3.);
#2280 = AXIS2_PLACEMENT_2D('',#2281,#2282);
#2281 = CARTESIAN_POINT('',(64.,78.5));
#2282 = DIRECTION('',(1.,0.));
#2283 = ( GEOMETRIC_REPRESENTATION_CONTEXT(2) 
PARAMETRIC_REPRESENTATION_CONTEXT() REPRESENTATION_CONTEXT('2D SPACE',''
  ) );
#2284 = PCURVE('',#2285,#2290);
#2285 = CYLINDRICAL_SURFACE('',#2286,3.);
#2286 = AXIS2_PLACEMENT_3D('',#2287,#2288,#2289);
#2287 = CARTESIAN_POINT('',(-11.,31.5,-1.));
#2288 = DIRECTION('',(0.,0.,1.));
#2289 = DIRECTION('',(1.,0.,-0.));
#2290 = DEFINITIONAL_REPRESENTATION('',(#2291),#2295);
#2291 = LINE('',#2292,#2293);
#2292 = CARTESIAN_POINT('',(-6.28318530718,4.));
#2293 = VECTOR('',#2294,1.);
#2294 = DIRECTION('',(1.,-0.));
#2295 = ( GEOMETRIC_REPRESENTATION_CONTEXT(2) 
PARAMETRIC_REPRESENTATION_CONTEXT() REPRESENTATION_CONTEXT('2D SPACE',''
  ) );
#2296 = ORIENTED_EDGE('',*,*,#2297,.T.);
#2297 = EDGE_CURVE('',#2269,#2104,#2298,.T.);
#2298 = SURFACE_CURVE('',#2299,(#2303,#2309),.PCURVE_S1.);
#2299 = LINE('',#2300,#2301);
#2300 = CARTESIAN_POINT('',(-55.5,28.5,3.));
#2301 = VECTOR('',#2302,1.);
#2302 = DIRECTION('',(-1.,0.,0.));
#2303 = PCURVE('',#44,#2304);
#2304 = DEFINITIONAL_REPRESENTATION('',(#2305),#2308);
#2305 = B_SPLINE_CURVE_WITH_KNOTS('',1,(#2306,#2307),.UNSPECIFIED.,.F.,
  .F.,(2,2),(-44.5,-22.5),.PIECEWISE_BEZIER_KNOTS.);
#2306 = CARTESIAN_POINT('',(64.,75.5));
#2307 = CARTESIAN_POINT('',(42.,75.5));
#2308 = ( GEOMETRIC_REPRESENTATION_CONTEXT(2) 
PARAMETRIC_REPRESENTATION_CONTEXT() REPRESENTATION_CONTEXT('2D SPACE',''
  ) );
#2309 = PCURVE('',#2310,#2315);
#2310 = PLANE('',#2311);
#2311 = AXIS2_PLACEMENT_3D('',#2312,#2313,#2314);
#2312 = CARTESIAN_POINT('',(-36.,28.5,-1.));
#2313 = DIRECTION('',(0.,1.,0.));
#2314 = DIRECTION('',(0.,0.,1.));
#2315 = DEFINITIONAL_REPRESENTATION('',(#2316),#2319);
#2316 = B_SPLINE_CURVE_WITH_KNOTS('',1,(#2317,#2318),.UNSPECIFIED.,.F.,
  .F.,(2,2),(-44.5,-22.5),.PIECEWISE_BEZIER_KNOTS.);
#2317 = CARTESIAN_POINT('',(4.,25.));
#2318 = CARTESIAN_POINT('',(4.,3.));
#2319 = ( GEOMETRIC_REPRESENTATION_CONTEXT(2) 
PARAMETRIC_REPRESENTATION_CONTEXT() REPRESENTATION_CONTEXT('2D SPACE',''
  ) );
#2320 = FACE_BOUND('',#2321,.T.);
#2321 = EDGE_LOOP('',(#2322,#2353,#2379,#2408,#2434,#2463,#2489,#2518));
#2322 = ORIENTED_EDGE('',*,*,#2323,.F.);
#2323 = EDGE_CURVE('',#2324,#2326,#2328,.T.);
#2324 = VERTEX_POINT('',#2325);
#2325 = CARTESIAN_POINT('',(47.5,-5.,3.));
#2326 = VERTEX_POINT('',#2327);
#2327 = CARTESIAN_POINT('',(50.5,-8.,3.));
#2328 = SURFACE_CURVE('',#2329,(#2334,#2341),.PCURVE_S1.);
#2329 = CIRCLE('',#2330,3.);
#2330 = AXIS2_PLACEMENT_3D('',#2331,#2332,#2333);
#2331 = CARTESIAN_POINT('',(50.5,-5.,3.));
#2332 = DIRECTION('',(0.,0.,1.));
#2333 = DIRECTION('',(-1.,-0.,0.));
#2334 = PCURVE('',#44,#2335);
#2335 = DEFINITIONAL_REPRESENTATION('',(#2336),#2340);
#2336 = CIRCLE('',#2337,3.);
#2337 = AXIS2_PLACEMENT_2D('',#2338,#2339);
#2338 = CARTESIAN_POINT('',(125.5,42.));
#2339 = DIRECTION('',(-1.,0.));
#2340 = ( GEOMETRIC_REPRESENTATION_CONTEXT(2) 
PARAMETRIC_REPRESENTATION_CONTEXT() REPRESENTATION_CONTEXT('2D SPACE',''
  ) );
#2341 = PCURVE('',#2342,#2347);
#2342 = CYLINDRICAL_SURFACE('',#2343,3.);
#2343 = AXIS2_PLACEMENT_3D('',#2344,#2345,#2346);
#2344 = CARTESIAN_POINT('',(50.5,-5.,-1.));
#2345 = DIRECTION('',(0.,0.,1.));
#2346 = DIRECTION('',(-1.,-0.,0.));
#2347 = DEFINITIONAL_REPRESENTATION('',(#2348),#2352);
#2348 = LINE('',#2349,#2350);
#2349 = CARTESIAN_POINT('',(0.,4.));
#2350 = VECTOR('',#2351,1.);
#2351 = DIRECTION('',(1.,0.));
#2352 = ( GEOMETRIC_REPRESENTATION_CONTEXT(2) 
PARAMETRIC_REPRESENTATION_CONTEXT() REPRESENTATION_CONTEXT('2D SPACE',''
  ) );
#2353 = ORIENTED_EDGE('',*,*,#2354,.T.);
#2354 = EDGE_CURVE('',#2324,#2355,#2357,.T.);
#2355 = VERTEX_POINT('',#2356);
#2356 = CARTESIAN_POINT('',(47.5,5.,3.));
#2357 = SURFACE_CURVE('',#2358,(#2362,#2368),.PCURVE_S1.);
#2358 = LINE('',#2359,#2360);
#2359 = CARTESIAN_POINT('',(47.5,-27.5,3.));
#2360 = VECTOR('',#2361,1.);
#2361 = DIRECTION('',(0.,1.,0.));
#2362 = PCURVE('',#44,#2363);
#2363 = DEFINITIONAL_REPRESENTATION('',(#2364),#2367);
#2364 = B_SPLINE_CURVE_WITH_KNOTS('',1,(#2365,#2366),.UNSPECIFIED.,.F.,
  .F.,(2,2),(22.5,32.5),.PIECEWISE_BEZIER_KNOTS.);
#2365 = CARTESIAN_POINT('',(122.5,42.));
#2366 = CARTESIAN_POINT('',(122.5,52.));
#2367 = ( GEOMETRIC_REPRESENTATION_CONTEXT(2) 
PARAMETRIC_REPRESENTATION_CONTEXT() REPRESENTATION_CONTEXT('2D SPACE',''
  ) );
#2368 = PCURVE('',#2369,#2374);
#2369 = PLANE('',#2370);
#2370 = AXIS2_PLACEMENT_3D('',#2371,#2372,#2373);
#2371 = CARTESIAN_POINT('',(47.5,-8.,-1.));
#2372 = DIRECTION('',(1.,0.,0.));
#2373 = DIRECTION('',(0.,0.,1.));
#2374 = DEFINITIONAL_REPRESENTATION('',(#2375),#2378);
#2375 = B_SPLINE_CURVE_WITH_KNOTS('',1,(#2376,#2377),.UNSPECIFIED.,.F.,
  .F.,(2,2),(22.5,32.5),.PIECEWISE_BEZIER_KNOTS.);
#2376 = CARTESIAN_POINT('',(4.,-3.));
#2377 = CARTESIAN_POINT('',(4.,-13.));
#2378 = ( GEOMETRIC_REPRESENTATION_CONTEXT(2) 
PARAMETRIC_REPRESENTATION_CONTEXT() REPRESENTATION_CONTEXT('2D SPACE',''
  ) );
#2379 = ORIENTED_EDGE('',*,*,#2380,.F.);
#2380 = EDGE_CURVE('',#2381,#2355,#2383,.T.);
#2381 = VERTEX_POINT('',#2382);
#2382 = CARTESIAN_POINT('',(50.5,8.,3.));
#2383 = SURFACE_CURVE('',#2384,(#2389,#2396),.PCURVE_S1.);
#2384 = CIRCLE('',#2385,3.);
#2385 = AXIS2_PLACEMENT_3D('',#2386,#2387,#2388);
#2386 = CARTESIAN_POINT('',(50.5,5.,3.));
#2387 = DIRECTION('',(0.,0.,1.));
#2388 = DIRECTION('',(-1.,-0.,0.));
#2389 = PCURVE('',#44,#2390);
#2390 = DEFINITIONAL_REPRESENTATION('',(#2391),#2395);
#2391 = CIRCLE('',#2392,3.);
#2392 = AXIS2_PLACEMENT_2D('',#2393,#2394);
#2393 = CARTESIAN_POINT('',(125.5,52.));
#2394 = DIRECTION('',(-1.,0.));
#2395 = ( GEOMETRIC_REPRESENTATION_CONTEXT(2) 
PARAMETRIC_REPRESENTATION_CONTEXT() REPRESENTATION_CONTEXT('2D SPACE',''
  ) );
#2396 = PCURVE('',#2397,#2402);
#2397 = CYLINDRICAL_SURFACE('',#2398,3.);
#2398 = AXIS2_PLACEMENT_3D('',#2399,#2400,#2401);
#2399 = CARTESIAN_POINT('',(50.5,5.,-1.));
#2400 = DIRECTION('',(0.,0.,1.));
#2401 = DIRECTION('',(-1.,-0.,0.));
#2402 = DEFINITIONAL_REPRESENTATION('',(#2403),#2407);
#2403 = LINE('',#2404,#2405);
#2404 = CARTESIAN_POINT('',(-6.28318530718,4.));
#2405 = VECTOR('',#2406,1.);
#2406 = DIRECTION('',(1.,-0.));
#2407 = ( GEOMETRIC_REPRESENTATION_CONTEXT(2) 
PARAMETRIC_REPRESENTATION_CONTEXT() REPRESENTATION_CONTEXT('2D SPACE',''
  ) );
#2408 = ORIENTED_EDGE('',*,*,#2409,.F.);
#2409 = EDGE_CURVE('',#2410,#2381,#2412,.T.);
#2410 = VERTEX_POINT('',#2411);
#2411 = CARTESIAN_POINT('',(63.5,8.,3.));
#2412 = SURFACE_CURVE('',#2413,(#2417,#2423),.PCURVE_S1.);
#2413 = LINE('',#2414,#2415);
#2414 = CARTESIAN_POINT('',(-13.75,8.,3.));
#2415 = VECTOR('',#2416,1.);
#2416 = DIRECTION('',(-1.,0.,0.));
#2417 = PCURVE('',#44,#2418);
#2418 = DEFINITIONAL_REPRESENTATION('',(#2419),#2422);
#2419 = B_SPLINE_CURVE_WITH_KNOTS('',1,(#2420,#2421),.UNSPECIFIED.,.F.,
  .F.,(2,2),(-77.25,-64.25),.PIECEWISE_BEZIER_KNOTS.);
#2420 = CARTESIAN_POINT('',(138.5,55.));
#2421 = CARTESIAN_POINT('',(125.5,55.));
#2422 = ( GEOMETRIC_REPRESENTATION_CONTEXT(2) 
PARAMETRIC_REPRESENTATION_CONTEXT() REPRESENTATION_CONTEXT('2D SPACE',''
  ) );
#2423 = PCURVE('',#2424,#2429);
#2424 = PLANE('',#2425);
#2425 = AXIS2_PLACEMENT_3D('',#2426,#2427,#2428);
#2426 = CARTESIAN_POINT('',(47.5,8.,-1.));
#2427 = DIRECTION('',(0.,1.,0.));
#2428 = DIRECTION('',(0.,0.,1.));
#2429 = DEFINITIONAL_REPRESENTATION('',(#2430),#2433);
#2430 = B_SPLINE_CURVE_WITH_KNOTS('',1,(#2431,#2432),.UNSPECIFIED.,.F.,
  .F.,(2,2),(-77.25,-64.25),.PIECEWISE_BEZIER_KNOTS.);
#2431 = CARTESIAN_POINT('',(4.,16.));
#2432 = CARTESIAN_POINT('',(4.,3.));
#2433 = ( GEOMETRIC_REPRESENTATION_CONTEXT(2) 
PARAMETRIC_REPRESENTATION_CONTEXT() REPRESENTATION_CONTEXT('2D SPACE',''
  ) );
#2434 = ORIENTED_EDGE('',*,*,#2435,.F.);
#2435 = EDGE_CURVE('',#2436,#2410,#2438,.T.);
#2436 = VERTEX_POINT('',#2437);
#2437 = CARTESIAN_POINT('',(66.5,5.,3.));
#2438 = SURFACE_CURVE('',#2439,(#2444,#2451),.PCURVE_S1.);
#2439 = CIRCLE('',#2440,3.);
#2440 = AXIS2_PLACEMENT_3D('',#2441,#2442,#2443);
#2441 = CARTESIAN_POINT('',(63.5,5.,3.));
#2442 = DIRECTION('',(0.,0.,1.));
#2443 = DIRECTION('',(1.,0.,-0.));
#2444 = PCURVE('',#44,#2445);
#2445 = DEFINITIONAL_REPRESENTATION('',(#2446),#2450);
#2446 = CIRCLE('',#2447,3.);
#2447 = AXIS2_PLACEMENT_2D('',#2448,#2449);
#2448 = CARTESIAN_POINT('',(138.5,52.));
#2449 = DIRECTION('',(1.,0.));
#2450 = ( GEOMETRIC_REPRESENTATION_CONTEXT(2) 
PARAMETRIC_REPRESENTATION_CONTEXT() REPRESENTATION_CONTEXT('2D SPACE',''
  ) );
#2451 = PCURVE('',#2452,#2457);
#2452 = CYLINDRICAL_SURFACE('',#2453,3.);
#2453 = AXIS2_PLACEMENT_3D('',#2454,#2455,#2456);
#2454 = CARTESIAN_POINT('',(63.5,5.,-1.));
#2455 = DIRECTION('',(0.,0.,1.));
#2456 = DIRECTION('',(1.,0.,-0.));
#2457 = DEFINITIONAL_REPRESENTATION('',(#2458),#2462);
#2458 = LINE('',#2459,#2460);
#2459 = CARTESIAN_POINT('',(0.,4.));
#2460 = VECTOR('',#2461,1.);
#2461 = DIRECTION('',(1.,0.));
#2462 = ( GEOMETRIC_REPRESENTATION_CONTEXT(2) 
PARAMETRIC_REPRESENTATION_CONTEXT() REPRESENTATION_CONTEXT('2D SPACE',''
  ) );
#2463 = ORIENTED_EDGE('',*,*,#2464,.F.);
#2464 = EDGE_CURVE('',#2465,#2436,#2467,.T.);
#2465 = VERTEX_POINT('',#2466);
#2466 = CARTESIAN_POINT('',(66.5,-5.,3.));
#2467 = SURFACE_CURVE('',#2468,(#2472,#2478),.PCURVE_S1.);
#2468 = LINE('',#2469,#2470);
#2469 = CARTESIAN_POINT('',(66.5,-27.5,3.));
#2470 = VECTOR('',#2471,1.);
#2471 = DIRECTION('',(0.,1.,0.));
#2472 = PCURVE('',#44,#2473);
#2473 = DEFINITIONAL_REPRESENTATION('',(#2474),#2477);
#2474 = B_SPLINE_CURVE_WITH_KNOTS('',1,(#2475,#2476),.UNSPECIFIED.,.F.,
  .F.,(2,2),(22.5,32.5),.PIECEWISE_BEZIER_KNOTS.);
#2475 = CARTESIAN_POINT('',(141.5,42.));
#2476 = CARTESIAN_POINT('',(141.5,52.));
#2477 = ( GEOMETRIC_REPRESENTATION_CONTEXT(2) 
PARAMETRIC_REPRESENTATION_CONTEXT() REPRESENTATION_CONTEXT('2D SPACE',''
  ) );
#2478 = PCURVE('',#2479,#2484);
#2479 = PLANE('',#2480);
#2480 = AXIS2_PLACEMENT_3D('',#2481,#2482,#2483);
#2481 = CARTESIAN_POINT('',(66.5,-8.,-1.));
#2482 = DIRECTION('',(1.,0.,0.));
#2483 = DIRECTION('',(0.,0.,1.));
#2484 = DEFINITIONAL_REPRESENTATION('',(#2485),#2488);
#2485 = B_SPLINE_CURVE_WITH_KNOTS('',1,(#2486,#2487),.UNSPECIFIED.,.F.,
  .F.,(2,2),(22.5,32.5),.PIECEWISE_BEZIER_KNOTS.);
#2486 = CARTESIAN_POINT('',(4.,-3.));
#2487 = CARTESIAN_POINT('',(4.,-13.));
#2488 = ( GEOMETRIC_REPRESENTATION_CONTEXT(2) 
PARAMETRIC_REPRESENTATION_CONTEXT() REPRESENTATION_CONTEXT('2D SPACE',''
  ) );
#2489 = ORIENTED_EDGE('',*,*,#2490,.F.);
#2490 = EDGE_CURVE('',#2491,#2465,#2493,.T.);
#2491 = VERTEX_POINT('',#2492);
#2492 = CARTESIAN_POINT('',(63.5,-8.,3.));
#2493 = SURFACE_CURVE('',#2494,(#2499,#2506),.PCURVE_S1.);
#2494 = CIRCLE('',#2495,3.);
#2495 = AXIS2_PLACEMENT_3D('',#2496,#2497,#2498);
#2496 = CARTESIAN_POINT('',(63.5,-5.,3.));
#2497 = DIRECTION('',(0.,0.,1.));
#2498 = DIRECTION('',(1.,0.,-0.));
#2499 = PCURVE('',#44,#2500);
#2500 = DEFINITIONAL_REPRESENTATION('',(#2501),#2505);
#2501 = CIRCLE('',#2502,3.);
#2502 = AXIS2_PLACEMENT_2D('',#2503,#2504);
#2503 = CARTESIAN_POINT('',(138.5,42.));
#2504 = DIRECTION('',(1.,0.));
#2505 = ( GEOMETRIC_REPRESENTATION_CONTEXT(2) 
PARAMETRIC_REPRESENTATION_CONTEXT() REPRESENTATION_CONTEXT('2D SPACE',''
  ) );
#2506 = PCURVE('',#2507,#2512);
#2507 = CYLINDRICAL_SURFACE('',#2508,3.);
#2508 = AXIS2_PLACEMENT_3D('',#2509,#2510,#2511);
#2509 = CARTESIAN_POINT('',(63.5,-5.,-1.));
#2510 = DIRECTION('',(0.,0.,1.));
#2511 = DIRECTION('',(1.,0.,-0.));
#2512 = DEFINITIONAL_REPRESENTATION('',(#2513),#2517);
#2513 = LINE('',#2514,#2515);
#2514 = CARTESIAN_POINT('',(-6.28318530718,4.));
#2515 = VECTOR('',#2516,1.);
#2516 = DIRECTION('',(1.,-0.));
#2517 = ( GEOMETRIC_REPRESENTATION_CONTEXT(2) 
PARAMETRIC_REPRESENTATION_CONTEXT() REPRESENTATION_CONTEXT('2D SPACE',''
  ) );
#2518 = ORIENTED_EDGE('',*,*,#2519,.T.);
#2519 = EDGE_CURVE('',#2491,#2326,#2520,.T.);
#2520 = SURFACE_CURVE('',#2521,(#2525,#2531),.PCURVE_S1.);
#2521 = LINE('',#2522,#2523);
#2522 = CARTESIAN_POINT('',(-13.75,-8.,3.));
#2523 = VECTOR('',#2524,1.);
#2524 = DIRECTION('',(-1.,0.,0.));
#2525 = PCURVE('',#44,#2526);
#2526 = DEFINITIONAL_REPRESENTATION('',(#2527),#2530);
#2527 = B_SPLINE_CURVE_WITH_KNOTS('',1,(#2528,#2529),.UNSPECIFIED.,.F.,
  .F.,(2,2),(-77.25,-64.25),.PIECEWISE_BEZIER_KNOTS.);
#2528 = CARTESIAN_POINT('',(138.5,39.));
#2529 = CARTESIAN_POINT('',(125.5,39.));
#2530 = ( GEOMETRIC_REPRESENTATION_CONTEXT(2) 
PARAMETRIC_REPRESENTATION_CONTEXT() REPRESENTATION_CONTEXT('2D SPACE',''
  ) );
#2531 = PCURVE('',#2532,#2537);
#2532 = PLANE('',#2533);
#2533 = AXIS2_PLACEMENT_3D('',#2534,#2535,#2536);
#2534 = CARTESIAN_POINT('',(47.5,-8.,-1.));
#2535 = DIRECTION('',(0.,1.,0.));
#2536 = DIRECTION('',(0.,0.,1.));
#2537 = DEFINITIONAL_REPRESENTATION('',(#2538),#2541);
#2538 = B_SPLINE_CURVE_WITH_KNOTS('',1,(#2539,#2540),.UNSPECIFIED.,.F.,
  .F.,(2,2),(-77.25,-64.25),.PIECEWISE_BEZIER_KNOTS.);
#2539 = CARTESIAN_POINT('',(4.,16.));
#2540 = CARTESIAN_POINT('',(4.,3.));
#2541 = ( GEOMETRIC_REPRESENTATION_CONTEXT(2) 
PARAMETRIC_REPRESENTATION_CONTEXT() REPRESENTATION_CONTEXT('2D SPACE',''
  ) );
#2542 = FACE_BOUND('',#2543,.T.);
#2543 = EDGE_LOOP('',(#2544));
#2544 = ORIENTED_EDGE('',*,*,#2545,.F.);
#2545 = EDGE_CURVE('',#2546,#2546,#2548,.T.);
#2546 = VERTEX_POINT('',#2547);
#2547 = CARTESIAN_POINT('',(43.65,18.,3.));
#2548 = SURFACE_CURVE('',#2549,(#2554,#2561),.PCURVE_S1.);
#2549 = CIRCLE('',#2550,1.65);
#2550 = AXIS2_PLACEMENT_3D('',#2551,#2552,#2553);
#2551 = CARTESIAN_POINT('',(42.,18.,3.));
#2552 = DIRECTION('',(0.,0.,1.));
#2553 = DIRECTION('',(1.,0.,-0.));
#2554 = PCURVE('',#44,#2555);
#2555 = DEFINITIONAL_REPRESENTATION('',(#2556),#2560);
#2556 = CIRCLE('',#2557,1.65);
#2557 = AXIS2_PLACEMENT_2D('',#2558,#2559);
#2558 = CARTESIAN_POINT('',(117.,65.));
#2559 = DIRECTION('',(1.,0.));
#2560 = ( GEOMETRIC_REPRESENTATION_CONTEXT(2) 
PARAMETRIC_REPRESENTATION_CONTEXT() REPRESENTATION_CONTEXT('2D SPACE',''
  ) );
#2561 = PCURVE('',#2562,#2567);
#2562 = CYLINDRICAL_SURFACE('',#2563,1.65);
#2563 = AXIS2_PLACEMENT_3D('',#2564,#2565,#2566);
#2564 = CARTESIAN_POINT('',(42.,18.,-1.));
#2565 = DIRECTION('',(0.,0.,1.));
#2566 = DIRECTION('',(1.,0.,-0.));
#2567 = DEFINITIONAL_REPRESENTATION('',(#2568),#2572);
#2568 = LINE('',#2569,#2570);
#2569 = CARTESIAN_POINT('',(0.,4.));
#2570 = VECTOR('',#2571,1.);
#2571 = DIRECTION('',(1.,0.));
#2572 = ( GEOMETRIC_REPRESENTATION_CONTEXT(2) 
PARAMETRIC_REPRESENTATION_CONTEXT() REPRESENTATION_CONTEXT('2D SPACE',''
  ) );
#2573 = FACE_BOUND('',#2574,.T.);
#2574 = EDGE_LOOP('',(#2575,#2606,#2632,#2661,#2687,#2716,#2742,#2771));
#2575 = ORIENTED_EDGE('',*,*,#2576,.F.);
#2576 = EDGE_CURVE('',#2577,#2579,#2581,.T.);
#2577 = VERTEX_POINT('',#2578);
#2578 = CARTESIAN_POINT('',(8.,31.5,3.));
#2579 = VERTEX_POINT('',#2580);
#2580 = CARTESIAN_POINT('',(11.,28.5,3.));
#2581 = SURFACE_CURVE('',#2582,(#2587,#2594),.PCURVE_S1.);
#2582 = CIRCLE('',#2583,3.);
#2583 = AXIS2_PLACEMENT_3D('',#2584,#2585,#2586);
#2584 = CARTESIAN_POINT('',(11.,31.5,3.));
#2585 = DIRECTION('',(0.,0.,1.));
#2586 = DIRECTION('',(-1.,-0.,0.));
#2587 = PCURVE('',#44,#2588);
#2588 = DEFINITIONAL_REPRESENTATION('',(#2589),#2593);
#2589 = CIRCLE('',#2590,3.);
#2590 = AXIS2_PLACEMENT_2D('',#2591,#2592);
#2591 = CARTESIAN_POINT('',(86.,78.5));
#2592 = DIRECTION('',(-1.,0.));
#2593 = ( GEOMETRIC_REPRESENTATION_CONTEXT(2) 
PARAMETRIC_REPRESENTATION_CONTEXT() REPRESENTATION_CONTEXT('2D SPACE',''
  ) );
#2594 = PCURVE('',#2595,#2600);
#2595 = CYLINDRICAL_SURFACE('',#2596,3.);
#2596 = AXIS2_PLACEMENT_3D('',#2597,#2598,#2599);
#2597 = CARTESIAN_POINT('',(11.,31.5,-1.));
#2598 = DIRECTION('',(0.,0.,1.));
#2599 = DIRECTION('',(-1.,-0.,0.));
#2600 = DEFINITIONAL_REPRESENTATION('',(#2601),#2605);
#2601 = LINE('',#2602,#2603);
#2602 = CARTESIAN_POINT('',(0.,4.));
#2603 = VECTOR('',#2604,1.);
#2604 = DIRECTION('',(1.,0.));
#2605 = ( GEOMETRIC_REPRESENTATION_CONTEXT(2) 
PARAMETRIC_REPRESENTATION_CONTEXT() REPRESENTATION_CONTEXT('2D SPACE',''
  ) );
#2606 = ORIENTED_EDGE('',*,*,#2607,.T.);
#2607 = EDGE_CURVE('',#2577,#2608,#2610,.T.);
#2608 = VERTEX_POINT('',#2609);
#2609 = CARTESIAN_POINT('',(8.,38.5,3.));
#2610 = SURFACE_CURVE('',#2611,(#2615,#2621),.PCURVE_S1.);
#2611 = LINE('',#2612,#2613);
#2612 = CARTESIAN_POINT('',(8.,-9.25,3.));
#2613 = VECTOR('',#2614,1.);
#2614 = DIRECTION('',(0.,1.,0.));
#2615 = PCURVE('',#44,#2616);
#2616 = DEFINITIONAL_REPRESENTATION('',(#2617),#2620);
#2617 = B_SPLINE_CURVE_WITH_KNOTS('',1,(#2618,#2619),.UNSPECIFIED.,.F.,
  .F.,(2,2),(40.75,47.75),.PIECEWISE_BEZIER_KNOTS.);
#2618 = CARTESIAN_POINT('',(83.,78.5));
#2619 = CARTESIAN_POINT('',(83.,85.5));
#2620 = ( GEOMETRIC_REPRESENTATION_CONTEXT(2) 
PARAMETRIC_REPRESENTATION_CONTEXT() REPRESENTATION_CONTEXT('2D SPACE',''
  ) );
#2621 = PCURVE('',#2622,#2627);
#2622 = PLANE('',#2623);
#2623 = AXIS2_PLACEMENT_3D('',#2624,#2625,#2626);
#2624 = CARTESIAN_POINT('',(8.,28.5,-1.));
#2625 = DIRECTION('',(1.,0.,0.));
#2626 = DIRECTION('',(0.,0.,1.));
#2627 = DEFINITIONAL_REPRESENTATION('',(#2628),#2631);
#2628 = B_SPLINE_CURVE_WITH_KNOTS('',1,(#2629,#2630),.UNSPECIFIED.,.F.,
  .F.,(2,2),(40.75,47.75),.PIECEWISE_BEZIER_KNOTS.);
#2629 = CARTESIAN_POINT('',(4.,-3.));
#2630 = CARTESIAN_POINT('',(4.,-10.));
#2631 = ( GEOMETRIC_REPRESENTATION_CONTEXT(2) 
PARAMETRIC_REPRESENTATION_CONTEXT() REPRESENTATION_CONTEXT('2D SPACE',''
  ) );
#2632 = ORIENTED_EDGE('',*,*,#2633,.F.);
#2633 = EDGE_CURVE('',#2634,#2608,#2636,.T.);
#2634 = VERTEX_POINT('',#2635);
#2635 = CARTESIAN_POINT('',(11.,41.5,3.));
#2636 = SURFACE_CURVE('',#2637,(#2642,#2649),.PCURVE_S1.);
#2637 = CIRCLE('',#2638,3.);
#2638 = AXIS2_PLACEMENT_3D('',#2639,#2640,#2641);
#2639 = CARTESIAN_POINT('',(11.,38.5,3.));
#2640 = DIRECTION('',(0.,0.,1.));
#2641 = DIRECTION('',(-1.,-0.,0.));
#2642 = PCURVE('',#44,#2643);
#2643 = DEFINITIONAL_REPRESENTATION('',(#2644),#2648);
#2644 = CIRCLE('',#2645,3.);
#2645 = AXIS2_PLACEMENT_2D('',#2646,#2647);
#2646 = CARTESIAN_POINT('',(86.,85.5));
#2647 = DIRECTION('',(-1.,0.));
#2648 = ( GEOMETRIC_REPRESENTATION_CONTEXT(2) 
PARAMETRIC_REPRESENTATION_CONTEXT() REPRESENTATION_CONTEXT('2D SPACE',''
  ) );
#2649 = PCURVE('',#2650,#2655);
#2650 = CYLINDRICAL_SURFACE('',#2651,3.);
#2651 = AXIS2_PLACEMENT_3D('',#2652,#2653,#2654);
#2652 = CARTESIAN_POINT('',(11.,38.5,-1.));
#2653 = DIRECTION('',(0.,0.,1.));
#2654 = DIRECTION('',(-1.,-0.,0.));
#2655 = DEFINITIONAL_REPRESENTATION('',(#2656),#2660);
#2656 = LINE('',#2657,#2658);
#2657 = CARTESIAN_POINT('',(-6.28318530718,4.));
#2658 = VECTOR('',#2659,1.);
#2659 = DIRECTION('',(1.,-0.));
#2660 = ( GEOMETRIC_REPRESENTATION_CONTEXT(2) 
PARAMETRIC_REPRESENTATION_CONTEXT() REPRESENTATION_CONTEXT('2D SPACE',''
  ) );
#2661 = ORIENTED_EDGE('',*,*,#2662,.F.);
#2662 = EDGE_CURVE('',#2663,#2634,#2665,.T.);
#2663 = VERTEX_POINT('',#2664);
#2664 = CARTESIAN_POINT('',(33.,41.5,3.));
#2665 = SURFACE_CURVE('',#2666,(#2670,#2676),.PCURVE_S1.);
#2666 = LINE('',#2667,#2668);
#2667 = CARTESIAN_POINT('',(-33.5,41.5,3.));
#2668 = VECTOR('',#2669,1.);
#2669 = DIRECTION('',(-1.,0.,0.));
#2670 = PCURVE('',#44,#2671);
#2671 = DEFINITIONAL_REPRESENTATION('',(#2672),#2675);
#2672 = B_SPLINE_CURVE_WITH_KNOTS('',1,(#2673,#2674),.UNSPECIFIED.,.F.,
  .F.,(2,2),(-66.5,-44.5),.PIECEWISE_BEZIER_KNOTS.);
#2673 = CARTESIAN_POINT('',(108.,88.5));
#2674 = CARTESIAN_POINT('',(86.,88.5));
#2675 = ( GEOMETRIC_REPRESENTATION_CONTEXT(2) 
PARAMETRIC_REPRESENTATION_CONTEXT() REPRESENTATION_CONTEXT('2D SPACE',''
  ) );
#2676 = PCURVE('',#2677,#2682);
#2677 = PLANE('',#2678);
#2678 = AXIS2_PLACEMENT_3D('',#2679,#2680,#2681);
#2679 = CARTESIAN_POINT('',(8.,41.5,-1.));
#2680 = DIRECTION('',(0.,1.,0.));
#2681 = DIRECTION('',(0.,0.,1.));
#2682 = DEFINITIONAL_REPRESENTATION('',(#2683),#2686);
#2683 = B_SPLINE_CURVE_WITH_KNOTS('',1,(#2684,#2685),.UNSPECIFIED.,.F.,
  .F.,(2,2),(-66.5,-44.5),.PIECEWISE_BEZIER_KNOTS.);
#2684 = CARTESIAN_POINT('',(4.,25.));
#2685 = CARTESIAN_POINT('',(4.,3.));
#2686 = ( GEOMETRIC_REPRESENTATION_CONTEXT(2) 
PARAMETRIC_REPRESENTATION_CONTEXT() REPRESENTATION_CONTEXT('2D SPACE',''
  ) );
#2687 = ORIENTED_EDGE('',*,*,#2688,.F.);
#2688 = EDGE_CURVE('',#2689,#2663,#2691,.T.);
#2689 = VERTEX_POINT('',#2690);
#2690 = CARTESIAN_POINT('',(36.,38.5,3.));
#2691 = SURFACE_CURVE('',#2692,(#2697,#2704),.PCURVE_S1.);
#2692 = CIRCLE('',#2693,3.);
#2693 = AXIS2_PLACEMENT_3D('',#2694,#2695,#2696);
#2694 = CARTESIAN_POINT('',(33.,38.5,3.));
#2695 = DIRECTION('',(0.,0.,1.));
#2696 = DIRECTION('',(1.,0.,-0.));
#2697 = PCURVE('',#44,#2698);
#2698 = DEFINITIONAL_REPRESENTATION('',(#2699),#2703);
#2699 = CIRCLE('',#2700,3.);
#2700 = AXIS2_PLACEMENT_2D('',#2701,#2702);
#2701 = CARTESIAN_POINT('',(108.,85.5));
#2702 = DIRECTION('',(1.,0.));
#2703 = ( GEOMETRIC_REPRESENTATION_CONTEXT(2) 
PARAMETRIC_REPRESENTATION_CONTEXT() REPRESENTATION_CONTEXT('2D SPACE',''
  ) );
#2704 = PCURVE('',#2705,#2710);
#2705 = CYLINDRICAL_SURFACE('',#2706,3.);
#2706 = AXIS2_PLACEMENT_3D('',#2707,#2708,#2709);
#2707 = CARTESIAN_POINT('',(33.,38.5,-1.));
#2708 = DIRECTION('',(0.,0.,1.));
#2709 = DIRECTION('',(1.,0.,-0.));
#2710 = DEFINITIONAL_REPRESENTATION('',(#2711),#2715);
#2711 = LINE('',#2712,#2713);
#2712 = CARTESIAN_POINT('',(0.,4.));
#2713 = VECTOR('',#2714,1.);
#2714 = DIRECTION('',(1.,0.));
#2715 = ( GEOMETRIC_REPRESENTATION_CONTEXT(2) 
PARAMETRIC_REPRESENTATION_CONTEXT() REPRESENTATION_CONTEXT('2D SPACE',''
  ) );
#2716 = ORIENTED_EDGE('',*,*,#2717,.F.);
#2717 = EDGE_CURVE('',#2718,#2689,#2720,.T.);
#2718 = VERTEX_POINT('',#2719);
#2719 = CARTESIAN_POINT('',(36.,31.5,3.));
#2720 = SURFACE_CURVE('',#2721,(#2725,#2731),.PCURVE_S1.);
#2721 = LINE('',#2722,#2723);
#2722 = CARTESIAN_POINT('',(36.,-9.25,3.));
#2723 = VECTOR('',#2724,1.);
#2724 = DIRECTION('',(0.,1.,0.));
#2725 = PCURVE('',#44,#2726);
#2726 = DEFINITIONAL_REPRESENTATION('',(#2727),#2730);
#2727 = B_SPLINE_CURVE_WITH_KNOTS('',1,(#2728,#2729),.UNSPECIFIED.,.F.,
  .F.,(2,2),(40.75,47.75),.PIECEWISE_BEZIER_KNOTS.);
#2728 = CARTESIAN_POINT('',(111.,78.5));
#2729 = CARTESIAN_POINT('',(111.,85.5));
#2730 = ( GEOMETRIC_REPRESENTATION_CONTEXT(2) 
PARAMETRIC_REPRESENTATION_CONTEXT() REPRESENTATION_CONTEXT('2D SPACE',''
  ) );
#2731 = PCURVE('',#2732,#2737);
#2732 = PLANE('',#2733);
#2733 = AXIS2_PLACEMENT_3D('',#2734,#2735,#2736);
#2734 = CARTESIAN_POINT('',(36.,28.5,-1.));
#2735 = DIRECTION('',(1.,0.,0.));
#2736 = DIRECTION('',(0.,0.,1.));
#2737 = DEFINITIONAL_REPRESENTATION('',(#2738),#2741);
#2738 = B_SPLINE_CURVE_WITH_KNOTS('',1,(#2739,#2740),.UNSPECIFIED.,.F.,
  .F.,(2,2),(40.75,47.75),.PIECEWISE_BEZIER_KNOTS.);
#2739 = CARTESIAN_POINT('',(4.,-3.));
#2740 = CARTESIAN_POINT('',(4.,-10.));
#2741 = ( GEOMETRIC_REPRESENTATION_CONTEXT(2) 
PARAMETRIC_REPRESENTATION_CONTEXT() REPRESENTATION_CONTEXT('2D SPACE',''
  ) );
#2742 = ORIENTED_EDGE('',*,*,#2743,.F.);
#2743 = EDGE_CURVE('',#2744,#2718,#2746,.T.);
#2744 = VERTEX_POINT('',#2745);
#2745 = CARTESIAN_POINT('',(33.,28.5,3.));
#2746 = SURFACE_CURVE('',#2747,(#2752,#2759),.PCURVE_S1.);
#2747 = CIRCLE('',#2748,3.);
#2748 = AXIS2_PLACEMENT_3D('',#2749,#2750,#2751);
#2749 = CARTESIAN_POINT('',(33.,31.5,3.));
#2750 = DIRECTION('',(0.,0.,1.));
#2751 = DIRECTION('',(1.,0.,-0.));
#2752 = PCURVE('',#44,#2753);
#2753 = DEFINITIONAL_REPRESENTATION('',(#2754),#2758);
#2754 = CIRCLE('',#2755,3.);
#2755 = AXIS2_PLACEMENT_2D('',#2756,#2757);
#2756 = CARTESIAN_POINT('',(108.,78.5));
#2757 = DIRECTION('',(1.,0.));
#2758 = ( GEOMETRIC_REPRESENTATION_CONTEXT(2) 
PARAMETRIC_REPRESENTATION_CONTEXT() REPRESENTATION_CONTEXT('2D SPACE',''
  ) );
#2759 = PCURVE('',#2760,#2765);
#2760 = CYLINDRICAL_SURFACE('',#2761,3.);
#2761 = AXIS2_PLACEMENT_3D('',#2762,#2763,#2764);
#2762 = CARTESIAN_POINT('',(33.,31.5,-1.));
#2763 = DIRECTION('',(0.,0.,1.));
#2764 = DIRECTION('',(1.,0.,-0.));
#2765 = DEFINITIONAL_REPRESENTATION('',(#2766),#2770);
#2766 = LINE('',#2767,#2768);
#2767 = CARTESIAN_POINT('',(-6.28318530718,4.));
#2768 = VECTOR('',#2769,1.);
#2769 = DIRECTION('',(1.,-0.));
#2770 = ( GEOMETRIC_REPRESENTATION_CONTEXT(2) 
PARAMETRIC_REPRESENTATION_CONTEXT() REPRESENTATION_CONTEXT('2D SPACE',''
  ) );
#2771 = ORIENTED_EDGE('',*,*,#2772,.T.);
#2772 = EDGE_CURVE('',#2744,#2579,#2773,.T.);
#2773 = SURFACE_CURVE('',#2774,(#2778,#2784),.PCURVE_S1.);
#2774 = LINE('',#2775,#2776);
#2775 = CARTESIAN_POINT('',(-33.5,28.5,3.));
#2776 = VECTOR('',#2777,1.);
#2777 = DIRECTION('',(-1.,0.,0.));
#2778 = PCURVE('',#44,#2779);
#2779 = DEFINITIONAL_REPRESENTATION('',(#2780),#2783);
#2780 = B_SPLINE_CURVE_WITH_KNOTS('',1,(#2781,#2782),.UNSPECIFIED.,.F.,
  .F.,(2,2),(-66.5,-44.5),.PIECEWISE_BEZIER_KNOTS.);
#2781 = CARTESIAN_POINT('',(108.,75.5));
#2782 = CARTESIAN_POINT('',(86.,75.5));
#2783 = ( GEOMETRIC_REPRESENTATION_CONTEXT(2) 
PARAMETRIC_REPRESENTATION_CONTEXT() REPRESENTATION_CONTEXT('2D SPACE',''
  ) );
#2784 = PCURVE('',#2785,#2790);
#2785 = PLANE('',#2786);
#2786 = AXIS2_PLACEMENT_3D('',#2787,#2788,#2789);
#2787 = CARTESIAN_POINT('',(8.,28.5,-1.));
#2788 = DIRECTION('',(0.,1.,0.));
#2789 = DIRECTION('',(0.,0.,1.));
#2790 = DEFINITIONAL_REPRESENTATION('',(#2791),#2794);
#2791 = B_SPLINE_CURVE_WITH_KNOTS('',1,(#2792,#2793),.UNSPECIFIED.,.F.,
  .F.,(2,2),(-66.5,-44.5),.PIECEWISE_BEZIER_KNOTS.);
#2792 = CARTESIAN_POINT('',(4.,25.));
#2793 = CARTESIAN_POINT('',(4.,3.));
#2794 = ( GEOMETRIC_REPRESENTATION_CONTEXT(2) 
PARAMETRIC_REPRESENTATION_CONTEXT() REPRESENTATION_CONTEXT('2D SPACE',''
  ) );
#2795 = FACE_BOUND('',#2796,.T.);
#2796 = EDGE_LOOP('',(#2797,#2828,#2854,#2883,#2909,#2937,#2965,#2993,
    #3021,#3050,#3076,#3105));
#2797 = ORIENTED_EDGE('',*,*,#2798,.F.);
#2798 = EDGE_CURVE('',#2799,#2801,#2803,.T.);
#2799 = VERTEX_POINT('',#2800);
#2800 = CARTESIAN_POINT('',(47.5,19.,3.));
#2801 = VERTEX_POINT('',#2802);
#2802 = CARTESIAN_POINT('',(50.5,16.,3.));
#2803 = SURFACE_CURVE('',#2804,(#2809,#2816),.PCURVE_S1.);
#2804 = CIRCLE('',#2805,3.);
#2805 = AXIS2_PLACEMENT_3D('',#2806,#2807,#2808);
#2806 = CARTESIAN_POINT('',(50.5,19.,3.));
#2807 = DIRECTION('',(0.,0.,1.));
#2808 = DIRECTION('',(-1.,-0.,0.));
#2809 = PCURVE('',#44,#2810);
#2810 = DEFINITIONAL_REPRESENTATION('',(#2811),#2815);
#2811 = CIRCLE('',#2812,3.);
#2812 = AXIS2_PLACEMENT_2D('',#2813,#2814);
#2813 = CARTESIAN_POINT('',(125.5,66.));
#2814 = DIRECTION('',(-1.,0.));
#2815 = ( GEOMETRIC_REPRESENTATION_CONTEXT(2) 
PARAMETRIC_REPRESENTATION_CONTEXT() REPRESENTATION_CONTEXT('2D SPACE',''
  ) );
#2816 = PCURVE('',#2817,#2822);
#2817 = CYLINDRICAL_SURFACE('',#2818,3.);
#2818 = AXIS2_PLACEMENT_3D('',#2819,#2820,#2821);
#2819 = CARTESIAN_POINT('',(50.5,19.,-1.));
#2820 = DIRECTION('',(0.,0.,1.));
#2821 = DIRECTION('',(-1.,-0.,0.));
#2822 = DEFINITIONAL_REPRESENTATION('',(#2823),#2827);
#2823 = LINE('',#2824,#2825);
#2824 = CARTESIAN_POINT('',(0.,4.));
#2825 = VECTOR('',#2826,1.);
#2826 = DIRECTION('',(1.,0.));
#2827 = ( GEOMETRIC_REPRESENTATION_CONTEXT(2) 
PARAMETRIC_REPRESENTATION_CONTEXT() REPRESENTATION_CONTEXT('2D SPACE',''
  ) );
#2828 = ORIENTED_EDGE('',*,*,#2829,.T.);
#2829 = EDGE_CURVE('',#2799,#2830,#2832,.T.);
#2830 = VERTEX_POINT('',#2831);
#2831 = CARTESIAN_POINT('',(47.5,29.,3.));
#2832 = SURFACE_CURVE('',#2833,(#2837,#2843),.PCURVE_S1.);
#2833 = LINE('',#2834,#2835);
#2834 = CARTESIAN_POINT('',(47.5,-15.5,3.));
#2835 = VECTOR('',#2836,1.);
#2836 = DIRECTION('',(0.,1.,0.));
#2837 = PCURVE('',#44,#2838);
#2838 = DEFINITIONAL_REPRESENTATION('',(#2839),#2842);
#2839 = B_SPLINE_CURVE_WITH_KNOTS('',1,(#2840,#2841),.UNSPECIFIED.,.F.,
  .F.,(2,2),(34.5,44.5),.PIECEWISE_BEZIER_KNOTS.);
#2840 = CARTESIAN_POINT('',(122.5,66.));
#2841 = CARTESIAN_POINT('',(122.5,76.));
#2842 = ( GEOMETRIC_REPRESENTATION_CONTEXT(2) 
PARAMETRIC_REPRESENTATION_CONTEXT() REPRESENTATION_CONTEXT('2D SPACE',''
  ) );
#2843 = PCURVE('',#2844,#2849);
#2844 = PLANE('',#2845);
#2845 = AXIS2_PLACEMENT_3D('',#2846,#2847,#2848);
#2846 = CARTESIAN_POINT('',(47.5,16.,-1.));
#2847 = DIRECTION('',(1.,0.,0.));
#2848 = DIRECTION('',(0.,0.,1.));
#2849 = DEFINITIONAL_REPRESENTATION('',(#2850),#2853);
#2850 = B_SPLINE_CURVE_WITH_KNOTS('',1,(#2851,#2852),.UNSPECIFIED.,.F.,
  .F.,(2,2),(34.5,44.5),.PIECEWISE_BEZIER_KNOTS.);
#2851 = CARTESIAN_POINT('',(4.,-3.));
#2852 = CARTESIAN_POINT('',(4.,-13.));
#2853 = ( GEOMETRIC_REPRESENTATION_CONTEXT(2) 
PARAMETRIC_REPRESENTATION_CONTEXT() REPRESENTATION_CONTEXT('2D SPACE',''
  ) );
#2854 = ORIENTED_EDGE('',*,*,#2855,.F.);
#2855 = EDGE_CURVE('',#2856,#2830,#2858,.T.);
#2856 = VERTEX_POINT('',#2857);
#2857 = CARTESIAN_POINT('',(50.5,32.,3.));
#2858 = SURFACE_CURVE('',#2859,(#2864,#2871),.PCURVE_S1.);
#2859 = CIRCLE('',#2860,3.);
#2860 = AXIS2_PLACEMENT_3D('',#2861,#2862,#2863);
#2861 = CARTESIAN_POINT('',(50.5,29.,3.));
#2862 = DIRECTION('',(0.,0.,1.));
#2863 = DIRECTION('',(-1.,-0.,0.));
#2864 = PCURVE('',#44,#2865);
#2865 = DEFINITIONAL_REPRESENTATION('',(#2866),#2870);
#2866 = CIRCLE('',#2867,3.);
#2867 = AXIS2_PLACEMENT_2D('',#2868,#2869);
#2868 = CARTESIAN_POINT('',(125.5,76.));
#2869 = DIRECTION('',(-1.,0.));
#2870 = ( GEOMETRIC_REPRESENTATION_CONTEXT(2) 
PARAMETRIC_REPRESENTATION_CONTEXT() REPRESENTATION_CONTEXT('2D SPACE',''
  ) );
#2871 = PCURVE('',#2872,#2877);
#2872 = CYLINDRICAL_SURFACE('',#2873,3.);
#2873 = AXIS2_PLACEMENT_3D('',#2874,#2875,#2876);
#2874 = CARTESIAN_POINT('',(50.5,29.,-1.));
#2875 = DIRECTION('',(0.,0.,1.));
#2876 = DIRECTION('',(-1.,-0.,0.));
#2877 = DEFINITIONAL_REPRESENTATION('',(#2878),#2882);
#2878 = LINE('',#2879,#2880);
#2879 = CARTESIAN_POINT('',(-6.28318530718,4.));
#2880 = VECTOR('',#2881,1.);
#2881 = DIRECTION('',(1.,-0.));
#2882 = ( GEOMETRIC_REPRESENTATION_CONTEXT(2) 
PARAMETRIC_REPRESENTATION_CONTEXT() REPRESENTATION_CONTEXT('2D SPACE',''
  ) );
#2883 = ORIENTED_EDGE('',*,*,#2884,.F.);
#2884 = EDGE_CURVE('',#2885,#2856,#2887,.T.);
#2885 = VERTEX_POINT('',#2886);
#2886 = CARTESIAN_POINT('',(63.5,32.,3.));
#2887 = SURFACE_CURVE('',#2888,(#2892,#2898),.PCURVE_S1.);
#2888 = LINE('',#2889,#2890);
#2889 = CARTESIAN_POINT('',(-13.75,32.,3.));
#2890 = VECTOR('',#2891,1.);
#2891 = DIRECTION('',(-1.,0.,0.));
#2892 = PCURVE('',#44,#2893);
#2893 = DEFINITIONAL_REPRESENTATION('',(#2894),#2897);
#2894 = B_SPLINE_CURVE_WITH_KNOTS('',1,(#2895,#2896),.UNSPECIFIED.,.F.,
  .F.,(2,2),(-77.25,-64.25),.PIECEWISE_BEZIER_KNOTS.);
#2895 = CARTESIAN_POINT('',(138.5,79.));
#2896 = CARTESIAN_POINT('',(125.5,79.));
#2897 = ( GEOMETRIC_REPRESENTATION_CONTEXT(2) 
PARAMETRIC_REPRESENTATION_CONTEXT() REPRESENTATION_CONTEXT('2D SPACE',''
  ) );
#2898 = PCURVE('',#2899,#2904);
#2899 = PLANE('',#2900);
#2900 = AXIS2_PLACEMENT_3D('',#2901,#2902,#2903);
#2901 = CARTESIAN_POINT('',(47.5,32.,-1.));
#2902 = DIRECTION('',(0.,1.,0.));
#2903 = DIRECTION('',(0.,0.,1.));
#2904 = DEFINITIONAL_REPRESENTATION('',(#2905),#2908);
#2905 = B_SPLINE_CURVE_WITH_KNOTS('',1,(#2906,#2907),.UNSPECIFIED.,.F.,
  .F.,(2,2),(-77.25,-64.25),.PIECEWISE_BEZIER_KNOTS.);
#2906 = CARTESIAN_POINT('',(4.,16.));
#2907 = CARTESIAN_POINT('',(4.,3.));
#2908 = ( GEOMETRIC_REPRESENTATION_CONTEXT(2) 
PARAMETRIC_REPRESENTATION_CONTEXT() REPRESENTATION_CONTEXT('2D SPACE',''
  ) );
#2909 = ORIENTED_EDGE('',*,*,#2910,.T.);
#2910 = EDGE_CURVE('',#2885,#2911,#2913,.T.);
#2911 = VERTEX_POINT('',#2912);
#2912 = CARTESIAN_POINT('',(63.5,38.5,3.));
#2913 = SURFACE_CURVE('',#2914,(#2918,#2925),.PCURVE_S1.);
#2914 = LINE('',#2915,#2916);
#2915 = CARTESIAN_POINT('',(63.5,29.5,3.));
#2916 = VECTOR('',#2917,1.);
#2917 = DIRECTION('',(0.,1.,0.));
#2918 = PCURVE('',#44,#2919);
#2919 = DEFINITIONAL_REPRESENTATION('',(#2920),#2924);
#2920 = LINE('',#2921,#2922);
#2921 = CARTESIAN_POINT('',(138.5,76.5));
#2922 = VECTOR('',#2923,1.);
#2923 = DIRECTION('',(0.,1.));
#2924 = ( GEOMETRIC_REPRESENTATION_CONTEXT(2) 
PARAMETRIC_REPRESENTATION_CONTEXT() REPRESENTATION_CONTEXT('2D SPACE',''
  ) );
#2925 = PCURVE('',#2926,#2931);
#2926 = PLANE('',#2927);
#2927 = AXIS2_PLACEMENT_3D('',#2928,#2929,#2930);
#2928 = CARTESIAN_POINT('',(63.5,29.5,3.));
#2929 = DIRECTION('',(1.,0.,0.));
#2930 = DIRECTION('',(0.,0.,1.));
#2931 = DEFINITIONAL_REPRESENTATION('',(#2932),#2936);
#2932 = LINE('',#2933,#2934);
#2933 = CARTESIAN_POINT('',(0.,0.));
#2934 = VECTOR('',#2935,1.);
#2935 = DIRECTION('',(0.,-1.));
#2936 = ( GEOMETRIC_REPRESENTATION_CONTEXT(2) 
PARAMETRIC_REPRESENTATION_CONTEXT() REPRESENTATION_CONTEXT('2D SPACE',''
  ) );
#2937 = ORIENTED_EDGE('',*,*,#2938,.T.);
#2938 = EDGE_CURVE('',#2911,#2939,#2941,.T.);
#2939 = VERTEX_POINT('',#2940);
#2940 = CARTESIAN_POINT('',(72.5,38.5,3.));
#2941 = SURFACE_CURVE('',#2942,(#2946,#2953),.PCURVE_S1.);
#2942 = LINE('',#2943,#2944);
#2943 = CARTESIAN_POINT('',(63.5,38.5,3.));
#2944 = VECTOR('',#2945,1.);
#2945 = DIRECTION('',(1.,0.,0.));
#2946 = PCURVE('',#44,#2947);
#2947 = DEFINITIONAL_REPRESENTATION('',(#2948),#2952);
#2948 = LINE('',#2949,#2950);
#2949 = CARTESIAN_POINT('',(138.5,85.5));
#2950 = VECTOR('',#2951,1.);
#2951 = DIRECTION('',(1.,0.));
#2952 = ( GEOMETRIC_REPRESENTATION_CONTEXT(2) 
PARAMETRIC_REPRESENTATION_CONTEXT() REPRESENTATION_CONTEXT('2D SPACE',''
  ) );
#2953 = PCURVE('',#2954,#2959);
#2954 = PLANE('',#2955);
#2955 = AXIS2_PLACEMENT_3D('',#2956,#2957,#2958);
#2956 = CARTESIAN_POINT('',(63.5,38.5,3.));
#2957 = DIRECTION('',(0.,1.,0.));
#2958 = DIRECTION('',(0.,0.,1.));
#2959 = DEFINITIONAL_REPRESENTATION('',(#2960),#2964);
#2960 = LINE('',#2961,#2962);
#2961 = CARTESIAN_POINT('',(0.,0.));
#2962 = VECTOR('',#2963,1.);
#2963 = DIRECTION('',(0.,1.));
#2964 = ( GEOMETRIC_REPRESENTATION_CONTEXT(2) 
PARAMETRIC_REPRESENTATION_CONTEXT() REPRESENTATION_CONTEXT('2D SPACE',''
  ) );
#2965 = ORIENTED_EDGE('',*,*,#2966,.F.);
#2966 = EDGE_CURVE('',#2967,#2939,#2969,.T.);
#2967 = VERTEX_POINT('',#2968);
#2968 = CARTESIAN_POINT('',(72.5,29.5,3.));
#2969 = SURFACE_CURVE('',#2970,(#2974,#2981),.PCURVE_S1.);
#2970 = LINE('',#2971,#2972);
#2971 = CARTESIAN_POINT('',(72.5,29.5,3.));
#2972 = VECTOR('',#2973,1.);
#2973 = DIRECTION('',(0.,1.,0.));
#2974 = PCURVE('',#44,#2975);
#2975 = DEFINITIONAL_REPRESENTATION('',(#2976),#2980);
#2976 = LINE('',#2977,#2978);
#2977 = CARTESIAN_POINT('',(147.5,76.5));
#2978 = VECTOR('',#2979,1.);
#2979 = DIRECTION('',(0.,1.));
#2980 = ( GEOMETRIC_REPRESENTATION_CONTEXT(2) 
PARAMETRIC_REPRESENTATION_CONTEXT() REPRESENTATION_CONTEXT('2D SPACE',''
  ) );
#2981 = PCURVE('',#2982,#2987);
#2982 = PLANE('',#2983);
#2983 = AXIS2_PLACEMENT_3D('',#2984,#2985,#2986);
#2984 = CARTESIAN_POINT('',(72.5,29.5,3.));
#2985 = DIRECTION('',(1.,0.,0.));
#2986 = DIRECTION('',(0.,0.,1.));
#2987 = DEFINITIONAL_REPRESENTATION('',(#2988),#2992);
#2988 = LINE('',#2989,#2990);
#2989 = CARTESIAN_POINT('',(0.,0.));
#2990 = VECTOR('',#2991,1.);
#2991 = DIRECTION('',(0.,-1.));
#2992 = ( GEOMETRIC_REPRESENTATION_CONTEXT(2) 
PARAMETRIC_REPRESENTATION_CONTEXT() REPRESENTATION_CONTEXT('2D SPACE',''
  ) );
#2993 = ORIENTED_EDGE('',*,*,#2994,.F.);
#2994 = EDGE_CURVE('',#2995,#2967,#2997,.T.);
#2995 = VERTEX_POINT('',#2996);
#2996 = CARTESIAN_POINT('',(66.45803989155,29.5,3.));
#2997 = SURFACE_CURVE('',#2998,(#3002,#3009),.PCURVE_S1.);
#2998 = LINE('',#2999,#3000);
#2999 = CARTESIAN_POINT('',(63.5,29.5,3.));
#3000 = VECTOR('',#3001,1.);
#3001 = DIRECTION('',(1.,0.,0.));
#3002 = PCURVE('',#44,#3003);
#3003 = DEFINITIONAL_REPRESENTATION('',(#3004),#3008);
#3004 = LINE('',#3005,#3006);
#3005 = CARTESIAN_POINT('',(138.5,76.5));
#3006 = VECTOR('',#3007,1.);
#3007 = DIRECTION('',(1.,0.));
#3008 = ( GEOMETRIC_REPRESENTATION_CONTEXT(2) 
PARAMETRIC_REPRESENTATION_CONTEXT() REPRESENTATION_CONTEXT('2D SPACE',''
  ) );
#3009 = PCURVE('',#3010,#3015);
#3010 = PLANE('',#3011);
#3011 = AXIS2_PLACEMENT_3D('',#3012,#3013,#3014);
#3012 = CARTESIAN_POINT('',(63.5,29.5,3.));
#3013 = DIRECTION('',(0.,1.,0.));
#3014 = DIRECTION('',(0.,0.,1.));
#3015 = DEFINITIONAL_REPRESENTATION('',(#3016),#3020);
#3016 = LINE('',#3017,#3018);
#3017 = CARTESIAN_POINT('',(0.,0.));
#3018 = VECTOR('',#3019,1.);
#3019 = DIRECTION('',(0.,1.));
#3020 = ( GEOMETRIC_REPRESENTATION_CONTEXT(2) 
PARAMETRIC_REPRESENTATION_CONTEXT() REPRESENTATION_CONTEXT('2D SPACE',''
  ) );
#3021 = ORIENTED_EDGE('',*,*,#3022,.F.);
#3022 = EDGE_CURVE('',#3023,#2995,#3025,.T.);
#3023 = VERTEX_POINT('',#3024);
#3024 = CARTESIAN_POINT('',(66.5,29.,3.));
#3025 = SURFACE_CURVE('',#3026,(#3031,#3038),.PCURVE_S1.);
#3026 = CIRCLE('',#3027,3.);
#3027 = AXIS2_PLACEMENT_3D('',#3028,#3029,#3030);
#3028 = CARTESIAN_POINT('',(63.5,29.,3.));
#3029 = DIRECTION('',(0.,0.,1.));
#3030 = DIRECTION('',(1.,0.,-0.));
#3031 = PCURVE('',#44,#3032);
#3032 = DEFINITIONAL_REPRESENTATION('',(#3033),#3037);
#3033 = CIRCLE('',#3034,3.);
#3034 = AXIS2_PLACEMENT_2D('',#3035,#3036);
#3035 = CARTESIAN_POINT('',(138.5,76.));
#3036 = DIRECTION('',(1.,0.));
#3037 = ( GEOMETRIC_REPRESENTATION_CONTEXT(2) 
PARAMETRIC_REPRESENTATION_CONTEXT() REPRESENTATION_CONTEXT('2D SPACE',''
  ) );
#3038 = PCURVE('',#3039,#3044);
#3039 = CYLINDRICAL_SURFACE('',#3040,3.);
#3040 = AXIS2_PLACEMENT_3D('',#3041,#3042,#3043);
#3041 = CARTESIAN_POINT('',(63.5,29.,-1.));
#3042 = DIRECTION('',(0.,0.,1.));
#3043 = DIRECTION('',(1.,0.,-0.));
#3044 = DEFINITIONAL_REPRESENTATION('',(#3045),#3049);
#3045 = LINE('',#3046,#3047);
#3046 = CARTESIAN_POINT('',(0.,4.));
#3047 = VECTOR('',#3048,1.);
#3048 = DIRECTION('',(1.,0.));
#3049 = ( GEOMETRIC_REPRESENTATION_CONTEXT(2) 
PARAMETRIC_REPRESENTATION_CONTEXT() REPRESENTATION_CONTEXT('2D SPACE',''
  ) );
#3050 = ORIENTED_EDGE('',*,*,#3051,.F.);
#3051 = EDGE_CURVE('',#3052,#3023,#3054,.T.);
#3052 = VERTEX_POINT('',#3053);
#3053 = CARTESIAN_POINT('',(66.5,19.,3.));
#3054 = SURFACE_CURVE('',#3055,(#3059,#3065),.PCURVE_S1.);
#3055 = LINE('',#3056,#3057);
#3056 = CARTESIAN_POINT('',(66.5,-15.5,3.));
#3057 = VECTOR('',#3058,1.);
#3058 = DIRECTION('',(0.,1.,0.));
#3059 = PCURVE('',#44,#3060);
#3060 = DEFINITIONAL_REPRESENTATION('',(#3061),#3064);
#3061 = B_SPLINE_CURVE_WITH_KNOTS('',1,(#3062,#3063),.UNSPECIFIED.,.F.,
  .F.,(2,2),(34.5,44.5),.PIECEWISE_BEZIER_KNOTS.);
#3062 = CARTESIAN_POINT('',(141.5,66.));
#3063 = CARTESIAN_POINT('',(141.5,76.));
#3064 = ( GEOMETRIC_REPRESENTATION_CONTEXT(2) 
PARAMETRIC_REPRESENTATION_CONTEXT() REPRESENTATION_CONTEXT('2D SPACE',''
  ) );
#3065 = PCURVE('',#3066,#3071);
#3066 = PLANE('',#3067);
#3067 = AXIS2_PLACEMENT_3D('',#3068,#3069,#3070);
#3068 = CARTESIAN_POINT('',(66.5,16.,-1.));
#3069 = DIRECTION('',(1.,0.,0.));
#3070 = DIRECTION('',(0.,0.,1.));
#3071 = DEFINITIONAL_REPRESENTATION('',(#3072),#3075);
#3072 = B_SPLINE_CURVE_WITH_KNOTS('',1,(#3073,#3074),.UNSPECIFIED.,.F.,
  .F.,(2,2),(34.5,44.5),.PIECEWISE_BEZIER_KNOTS.);
#3073 = CARTESIAN_POINT('',(4.,-3.));
#3074 = CARTESIAN_POINT('',(4.,-13.));
#3075 = ( GEOMETRIC_REPRESENTATION_CONTEXT(2) 
PARAMETRIC_REPRESENTATION_CONTEXT() REPRESENTATION_CONTEXT('2D SPACE',''
  ) );
#3076 = ORIENTED_EDGE('',*,*,#3077,.F.);
#3077 = EDGE_CURVE('',#3078,#3052,#3080,.T.);
#3078 = VERTEX_POINT('',#3079);
#3079 = CARTESIAN_POINT('',(63.5,16.,3.));
#3080 = SURFACE_CURVE('',#3081,(#3086,#3093),.PCURVE_S1.);
#3081 = CIRCLE('',#3082,3.);
#3082 = AXIS2_PLACEMENT_3D('',#3083,#3084,#3085);
#3083 = CARTESIAN_POINT('',(63.5,19.,3.));
#3084 = DIRECTION('',(0.,0.,1.));
#3085 = DIRECTION('',(1.,0.,-0.));
#3086 = PCURVE('',#44,#3087);
#3087 = DEFINITIONAL_REPRESENTATION('',(#3088),#3092);
#3088 = CIRCLE('',#3089,3.);
#3089 = AXIS2_PLACEMENT_2D('',#3090,#3091);
#3090 = CARTESIAN_POINT('',(138.5,66.));
#3091 = DIRECTION('',(1.,0.));
#3092 = ( GEOMETRIC_REPRESENTATION_CONTEXT(2) 
PARAMETRIC_REPRESENTATION_CONTEXT() REPRESENTATION_CONTEXT('2D SPACE',''
  ) );
#3093 = PCURVE('',#3094,#3099);
#3094 = CYLINDRICAL_SURFACE('',#3095,3.);
#3095 = AXIS2_PLACEMENT_3D('',#3096,#3097,#3098);
#3096 = CARTESIAN_POINT('',(63.5,19.,-1.));
#3097 = DIRECTION('',(0.,0.,1.));
#3098 = DIRECTION('',(1.,0.,-0.));
#3099 = DEFINITIONAL_REPRESENTATION('',(#3100),#3104);
#3100 = LINE('',#3101,#3102);
#3101 = CARTESIAN_POINT('',(-6.28318530718,4.));
#3102 = VECTOR('',#3103,1.);
#3103 = DIRECTION('',(1.,-0.));
#3104 = ( GEOMETRIC_REPRESENTATION_CONTEXT(2) 
PARAMETRIC_REPRESENTATION_CONTEXT() REPRESENTATION_CONTEXT('2D SPACE',''
  ) );
#3105 = ORIENTED_EDGE('',*,*,#3106,.T.);
#3106 = EDGE_CURVE('',#3078,#2801,#3107,.T.);
#3107 = SURFACE_CURVE('',#3108,(#3112,#3118),.PCURVE_S1.);
#3108 = LINE('',#3109,#3110);
#3109 = CARTESIAN_POINT('',(-13.75,16.,3.));
#3110 = VECTOR('',#3111,1.);
#3111 = DIRECTION('',(-1.,0.,0.));
#3112 = PCURVE('',#44,#3113);
#3113 = DEFINITIONAL_REPRESENTATION('',(#3114),#3117);
#3114 = B_SPLINE_CURVE_WITH_KNOTS('',1,(#3115,#3116),.UNSPECIFIED.,.F.,
  .F.,(2,2),(-77.25,-64.25),.PIECEWISE_BEZIER_KNOTS.);
#3115 = CARTESIAN_POINT('',(138.5,63.));
#3116 = CARTESIAN_POINT('',(125.5,63.));
#3117 = ( GEOMETRIC_REPRESENTATION_CONTEXT(2) 
PARAMETRIC_REPRESENTATION_CONTEXT() REPRESENTATION_CONTEXT('2D SPACE',''
  ) );
#3118 = PCURVE('',#3119,#3124);
#3119 = PLANE('',#3120);
#3120 = AXIS2_PLACEMENT_3D('',#3121,#3122,#3123);
#3121 = CARTESIAN_POINT('',(47.5,16.,-1.));
#3122 = DIRECTION('',(0.,1.,0.));
#3123 = DIRECTION('',(0.,0.,1.));
#3124 = DEFINITIONAL_REPRESENTATION('',(#3125),#3128);
#3125 = B_SPLINE_CURVE_WITH_KNOTS('',1,(#3126,#3127),.UNSPECIFIED.,.F.,
  .F.,(2,2),(-77.25,-64.25),.PIECEWISE_BEZIER_KNOTS.);
#3126 = CARTESIAN_POINT('',(4.,16.));
#3127 = CARTESIAN_POINT('',(4.,3.));
#3128 = ( GEOMETRIC_REPRESENTATION_CONTEXT(2) 
PARAMETRIC_REPRESENTATION_CONTEXT() REPRESENTATION_CONTEXT('2D SPACE',''
  ) );
#3129 = ADVANCED_FACE('',(#3130),#72,.T.);
#3130 = FACE_BOUND('',#3131,.T.);
#3131 = EDGE_LOOP('',(#3132,#3156,#3184,#3211,#3212));
#3132 = ORIENTED_EDGE('',*,*,#3133,.T.);
#3133 = EDGE_CURVE('',#57,#3134,#3136,.T.);
#3134 = VERTEX_POINT('',#3135);
#3135 = CARTESIAN_POINT('',(-70.,-47.,0.));
#3136 = SURFACE_CURVE('',#3137,(#3142,#3149),.PCURVE_S1.);
#3137 = CIRCLE('',#3138,5.);
#3138 = AXIS2_PLACEMENT_3D('',#3139,#3140,#3141);
#3139 = CARTESIAN_POINT('',(-70.,-42.,0.));
#3140 = DIRECTION('',(0.,0.,1.));
#3141 = DIRECTION('',(0.,-1.,0.));
#3142 = PCURVE('',#72,#3143);
#3143 = DEFINITIONAL_REPRESENTATION('',(#3144),#3148);
#3144 = LINE('',#3145,#3146);
#3145 = CARTESIAN_POINT('',(-4.712388980385,0.));
#3146 = VECTOR('',#3147,1.);
#3147 = DIRECTION('',(1.,0.));
#3148 = ( GEOMETRIC_REPRESENTATION_CONTEXT(2) 
PARAMETRIC_REPRESENTATION_CONTEXT() REPRESENTATION_CONTEXT('2D SPACE',''
  ) );
#3149 = PCURVE('',#100,#3150);
#3150 = DEFINITIONAL_REPRESENTATION('',(#3151),#3155);
#3151 = CIRCLE('',#3152,5.);
#3152 = AXIS2_PLACEMENT_2D('',#3153,#3154);
#3153 = CARTESIAN_POINT('',(5.,5.));
#3154 = DIRECTION('',(0.,-1.));
#3155 = ( GEOMETRIC_REPRESENTATION_CONTEXT(2) 
PARAMETRIC_REPRESENTATION_CONTEXT() REPRESENTATION_CONTEXT('2D SPACE',''
  ) );
#3156 = ORIENTED_EDGE('',*,*,#3157,.T.);
#3157 = EDGE_CURVE('',#3134,#3158,#3160,.T.);
#3158 = VERTEX_POINT('',#3159);
#3159 = CARTESIAN_POINT('',(-70.,-47.,3.));
#3160 = SURFACE_CURVE('',#3161,(#3165,#3172),.PCURVE_S1.);
#3161 = LINE('',#3162,#3163);
#3162 = CARTESIAN_POINT('',(-70.,-47.,0.));
#3163 = VECTOR('',#3164,1.);
#3164 = DIRECTION('',(0.,0.,1.));
#3165 = PCURVE('',#72,#3166);
#3166 = DEFINITIONAL_REPRESENTATION('',(#3167),#3171);
#3167 = LINE('',#3168,#3169);
#3168 = CARTESIAN_POINT('',(1.570796326795,0.));
#3169 = VECTOR('',#3170,1.);
#3170 = DIRECTION('',(0.,1.));
#3171 = ( GEOMETRIC_REPRESENTATION_CONTEXT(2) 
PARAMETRIC_REPRESENTATION_CONTEXT() REPRESENTATION_CONTEXT('2D SPACE',''
  ) );
#3172 = PCURVE('',#3173,#3178);
#3173 = PLANE('',#3174);
#3174 = AXIS2_PLACEMENT_3D('',#3175,#3176,#3177);
#3175 = CARTESIAN_POINT('',(-75.,-47.,0.));
#3176 = DIRECTION('',(0.,1.,0.));
#3177 = DIRECTION('',(0.,0.,1.));
#3178 = DEFINITIONAL_REPRESENTATION('',(#3179),#3183);
#3179 = LINE('',#3180,#3181);
#3180 = CARTESIAN_POINT('',(0.,5.));
#3181 = VECTOR('',#3182,1.);
#3182 = DIRECTION('',(1.,0.));
#3183 = ( GEOMETRIC_REPRESENTATION_CONTEXT(2) 
PARAMETRIC_REPRESENTATION_CONTEXT() REPRESENTATION_CONTEXT('2D SPACE',''
  ) );
#3184 = ORIENTED_EDGE('',*,*,#3185,.F.);
#3185 = EDGE_CURVE('',#143,#3158,#3186,.T.);
#3186 = SURFACE_CURVE('',#3187,(#3192,#3199),.PCURVE_S1.);
#3187 = CIRCLE('',#3188,5.);
#3188 = AXIS2_PLACEMENT_3D('',#3189,#3190,#3191);
#3189 = CARTESIAN_POINT('',(-70.,-42.,3.));
#3190 = DIRECTION('',(0.,0.,1.));
#3191 = DIRECTION('',(0.,-1.,0.));
#3192 = PCURVE('',#72,#3193);
#3193 = DEFINITIONAL_REPRESENTATION('',(#3194),#3198);
#3194 = LINE('',#3195,#3196);
#3195 = CARTESIAN_POINT('',(-4.712388980385,3.));
#3196 = VECTOR('',#3197,1.);
#3197 = DIRECTION('',(1.,0.));
#3198 = ( GEOMETRIC_REPRESENTATION_CONTEXT(2) 
PARAMETRIC_REPRESENTATION_CONTEXT() REPRESENTATION_CONTEXT('2D SPACE',''
  ) );
#3199 = PCURVE('',#3200,#3205);
#3200 = PLANE('',#3201);
#3201 = AXIS2_PLACEMENT_3D('',#3202,#3203,#3204);
#3202 = CARTESIAN_POINT('',(-75.,-47.,3.));
#3203 = DIRECTION('',(0.,0.,1.));
#3204 = DIRECTION('',(1.,0.,0.));
#3205 = DEFINITIONAL_REPRESENTATION('',(#3206),#3210);
#3206 = CIRCLE('',#3207,5.);
#3207 = AXIS2_PLACEMENT_2D('',#3208,#3209);
#3208 = CARTESIAN_POINT('',(5.,5.));
#3209 = DIRECTION('',(0.,-1.));
#3210 = ( GEOMETRIC_REPRESENTATION_CONTEXT(2) 
PARAMETRIC_REPRESENTATION_CONTEXT() REPRESENTATION_CONTEXT('2D SPACE',''
  ) );
#3211 = ORIENTED_EDGE('',*,*,#142,.F.);
#3212 = ORIENTED_EDGE('',*,*,#56,.F.);
#3213 = ADVANCED_FACE('',(#3214),#126,.T.);
#3214 = FACE_BOUND('',#3215,.F.);
#3215 = EDGE_LOOP('',(#3216,#3244,#3272,#3303,#3304));
#3216 = ORIENTED_EDGE('',*,*,#3217,.T.);
#3217 = EDGE_CURVE('',#85,#3218,#3220,.T.);
#3218 = VERTEX_POINT('',#3219);
#3219 = CARTESIAN_POINT('',(-70.,47.,0.));
#3220 = SURFACE_CURVE('',#3221,(#3226,#3233),.PCURVE_S1.);
#3221 = CIRCLE('',#3222,5.);
#3222 = AXIS2_PLACEMENT_3D('',#3223,#3224,#3225);
#3223 = CARTESIAN_POINT('',(-70.,42.,0.));
#3224 = DIRECTION('',(-0.,-0.,-1.));
#3225 = DIRECTION('',(0.,-1.,0.));
#3226 = PCURVE('',#126,#3227);
#3227 = DEFINITIONAL_REPRESENTATION('',(#3228),#3232);
#3228 = LINE('',#3229,#3230);
#3229 = CARTESIAN_POINT('',(1.570796326795,-0.));
#3230 = VECTOR('',#3231,1.);
#3231 = DIRECTION('',(-1.,0.));
#3232 = ( GEOMETRIC_REPRESENTATION_CONTEXT(2) 
PARAMETRIC_REPRESENTATION_CONTEXT() REPRESENTATION_CONTEXT('2D SPACE',''
  ) );
#3233 = PCURVE('',#100,#3234);
#3234 = DEFINITIONAL_REPRESENTATION('',(#3235),#3243);
#3235 = ( BOUNDED_CURVE() B_SPLINE_CURVE(2,(#3236,#3237,#3238,#3239,
#3240,#3241,#3242),.UNSPECIFIED.,.T.,.F.) B_SPLINE_CURVE_WITH_KNOTS((1,2
    ,2,2,2,1),(-2.094395102393,0.,2.094395102393,4.188790204786,
6.28318530718,8.377580409573),.UNSPECIFIED.) CURVE() 
GEOMETRIC_REPRESENTATION_ITEM() RATIONAL_B_SPLINE_CURVE((1.,0.5,1.,0.5,
1.,0.5,1.)) REPRESENTATION_ITEM('') );
#3236 = CARTESIAN_POINT('',(5.,84.));
#3237 = CARTESIAN_POINT('',(-3.660254037844,84.));
#3238 = CARTESIAN_POINT('',(0.669872981078,91.5));
#3239 = CARTESIAN_POINT('',(5.,99.));
#3240 = CARTESIAN_POINT('',(9.330127018922,91.5));
#3241 = CARTESIAN_POINT('',(13.660254037844,84.));
#3242 = CARTESIAN_POINT('',(5.,84.));
#3243 = ( GEOMETRIC_REPRESENTATION_CONTEXT(2) 
PARAMETRIC_REPRESENTATION_CONTEXT() REPRESENTATION_CONTEXT('2D SPACE',''
  ) );
#3244 = ORIENTED_EDGE('',*,*,#3245,.T.);
#3245 = EDGE_CURVE('',#3218,#3246,#3248,.T.);
#3246 = VERTEX_POINT('',#3247);
#3247 = CARTESIAN_POINT('',(-70.,47.,3.));
#3248 = SURFACE_CURVE('',#3249,(#3253,#3260),.PCURVE_S1.);
#3249 = LINE('',#3250,#3251);
#3250 = CARTESIAN_POINT('',(-70.,47.,0.));
#3251 = VECTOR('',#3252,1.);
#3252 = DIRECTION('',(0.,0.,1.));
#3253 = PCURVE('',#126,#3254);
#3254 = DEFINITIONAL_REPRESENTATION('',(#3255),#3259);
#3255 = LINE('',#3256,#3257);
#3256 = CARTESIAN_POINT('',(-1.570796326795,0.));
#3257 = VECTOR('',#3258,1.);
#3258 = DIRECTION('',(-0.,1.));
#3259 = ( GEOMETRIC_REPRESENTATION_CONTEXT(2) 
PARAMETRIC_REPRESENTATION_CONTEXT() REPRESENTATION_CONTEXT('2D SPACE',''
  ) );
#3260 = PCURVE('',#3261,#3266);
#3261 = PLANE('',#3262);
#3262 = AXIS2_PLACEMENT_3D('',#3263,#3264,#3265);
#3263 = CARTESIAN_POINT('',(-75.,47.,0.));
#3264 = DIRECTION('',(0.,1.,0.));
#3265 = DIRECTION('',(0.,0.,1.));
#3266 = DEFINITIONAL_REPRESENTATION('',(#3267),#3271);
#3267 = LINE('',#3268,#3269);
#3268 = CARTESIAN_POINT('',(0.,5.));
#3269 = VECTOR('',#3270,1.);
#3270 = DIRECTION('',(1.,0.));
#3271 = ( GEOMETRIC_REPRESENTATION_CONTEXT(2) 
PARAMETRIC_REPRESENTATION_CONTEXT() REPRESENTATION_CONTEXT('2D SPACE',''
  ) );
#3272 = ORIENTED_EDGE('',*,*,#3273,.F.);
#3273 = EDGE_CURVE('',#285,#3246,#3274,.T.);
#3274 = SURFACE_CURVE('',#3275,(#3280,#3287),.PCURVE_S1.);
#3275 = CIRCLE('',#3276,5.);
#3276 = AXIS2_PLACEMENT_3D('',#3277,#3278,#3279);
#3277 = CARTESIAN_POINT('',(-70.,42.,3.));
#3278 = DIRECTION('',(-0.,-0.,-1.));
#3279 = DIRECTION('',(0.,-1.,0.));
#3280 = PCURVE('',#126,#3281);
#3281 = DEFINITIONAL_REPRESENTATION('',(#3282),#3286);
#3282 = LINE('',#3283,#3284);
#3283 = CARTESIAN_POINT('',(1.570796326795,3.));
#3284 = VECTOR('',#3285,1.);
#3285 = DIRECTION('',(-1.,0.));
#3286 = ( GEOMETRIC_REPRESENTATION_CONTEXT(2) 
PARAMETRIC_REPRESENTATION_CONTEXT() REPRESENTATION_CONTEXT('2D SPACE',''
  ) );
#3287 = PCURVE('',#3288,#3293);
#3288 = PLANE('',#3289);
#3289 = AXIS2_PLACEMENT_3D('',#3290,#3291,#3292);
#3290 = CARTESIAN_POINT('',(-75.,44.,3.));
#3291 = DIRECTION('',(0.,0.,1.));
#3292 = DIRECTION('',(1.,0.,0.));
#3293 = DEFINITIONAL_REPRESENTATION('',(#3294),#3302);
#3294 = ( BOUNDED_CURVE() B_SPLINE_CURVE(2,(#3295,#3296,#3297,#3298,
#3299,#3300,#3301),.UNSPECIFIED.,.T.,.F.) B_SPLINE_CURVE_WITH_KNOTS((1,2
    ,2,2,2,1),(-2.094395102393,0.,2.094395102393,4.188790204786,
6.28318530718,8.377580409573),.UNSPECIFIED.) CURVE() 
GEOMETRIC_REPRESENTATION_ITEM() RATIONAL_B_SPLINE_CURVE((1.,0.5,1.,0.5,
1.,0.5,1.)) REPRESENTATION_ITEM('') );
#3295 = CARTESIAN_POINT('',(5.,-7.));
#3296 = CARTESIAN_POINT('',(-3.660254037844,-7.));
#3297 = CARTESIAN_POINT('',(0.669872981078,0.5));
#3298 = CARTESIAN_POINT('',(5.,8.));
#3299 = CARTESIAN_POINT('',(9.330127018922,0.5));
#3300 = CARTESIAN_POINT('',(13.660254037844,-7.));
#3301 = CARTESIAN_POINT('',(5.,-7.));
#3302 = ( GEOMETRIC_REPRESENTATION_CONTEXT(2) 
PARAMETRIC_REPRESENTATION_CONTEXT() REPRESENTATION_CONTEXT('2D SPACE',''
  ) );
#3303 = ORIENTED_EDGE('',*,*,#312,.F.);
#3304 = ORIENTED_EDGE('',*,*,#112,.F.);
#3305 = ADVANCED_FACE('',(#3306,#3430,#3612,#3794,#3820,#4002,#4184,
    #4210,#4392,#4418,#4600,#4782,#4964,#4990,#5172),#100,.F.);
#3306 = FACE_BOUND('',#3307,.F.);
#3307 = EDGE_LOOP('',(#3308,#3309,#3310,#3333,#3361,#3384,#3408,#3429));
#3308 = ORIENTED_EDGE('',*,*,#84,.F.);
#3309 = ORIENTED_EDGE('',*,*,#3133,.T.);
#3310 = ORIENTED_EDGE('',*,*,#3311,.T.);
#3311 = EDGE_CURVE('',#3134,#3312,#3314,.T.);
#3312 = VERTEX_POINT('',#3313);
#3313 = CARTESIAN_POINT('',(70.,-47.,0.));
#3314 = SURFACE_CURVE('',#3315,(#3319,#3326),.PCURVE_S1.);
#3315 = LINE('',#3316,#3317);
#3316 = CARTESIAN_POINT('',(-75.,-47.,0.));
#3317 = VECTOR('',#3318,1.);
#3318 = DIRECTION('',(1.,0.,0.));
#3319 = PCURVE('',#100,#3320);
#3320 = DEFINITIONAL_REPRESENTATION('',(#3321),#3325);
#3321 = LINE('',#3322,#3323);
#3322 = CARTESIAN_POINT('',(0.,0.));
#3323 = VECTOR('',#3324,1.);
#3324 = DIRECTION('',(1.,0.));
#3325 = ( GEOMETRIC_REPRESENTATION_CONTEXT(2) 
PARAMETRIC_REPRESENTATION_CONTEXT() REPRESENTATION_CONTEXT('2D SPACE',''
  ) );
#3326 = PCURVE('',#3173,#3327);
#3327 = DEFINITIONAL_REPRESENTATION('',(#3328),#3332);
#3328 = LINE('',#3329,#3330);
#3329 = CARTESIAN_POINT('',(0.,0.));
#3330 = VECTOR('',#3331,1.);
#3331 = DIRECTION('',(0.,1.));
#3332 = ( GEOMETRIC_REPRESENTATION_CONTEXT(2) 
PARAMETRIC_REPRESENTATION_CONTEXT() REPRESENTATION_CONTEXT('2D SPACE',''
  ) );
#3333 = ORIENTED_EDGE('',*,*,#3334,.F.);
#3334 = EDGE_CURVE('',#3335,#3312,#3337,.T.);
#3335 = VERTEX_POINT('',#3336);
#3336 = CARTESIAN_POINT('',(75.,-42.,0.));
#3337 = SURFACE_CURVE('',#3338,(#3343,#3354),.PCURVE_S1.);
#3338 = CIRCLE('',#3339,5.);
#3339 = AXIS2_PLACEMENT_3D('',#3340,#3341,#3342);
#3340 = CARTESIAN_POINT('',(70.,-42.,0.));
#3341 = DIRECTION('',(-0.,-0.,-1.));
#3342 = DIRECTION('',(0.,-1.,0.));
#3343 = PCURVE('',#100,#3344);
#3344 = DEFINITIONAL_REPRESENTATION('',(#3345),#3353);
#3345 = ( BOUNDED_CURVE() B_SPLINE_CURVE(2,(#3346,#3347,#3348,#3349,
#3350,#3351,#3352),.UNSPECIFIED.,.T.,.F.) B_SPLINE_CURVE_WITH_KNOTS((1,2
    ,2,2,2,1),(-2.094395102393,0.,2.094395102393,4.188790204786,
6.28318530718,8.377580409573),.UNSPECIFIED.) CURVE() 
GEOMETRIC_REPRESENTATION_ITEM() RATIONAL_B_SPLINE_CURVE((1.,0.5,1.,0.5,
1.,0.5,1.)) REPRESENTATION_ITEM('') );
#3346 = CARTESIAN_POINT('',(145.,0.));
#3347 = CARTESIAN_POINT('',(136.33974596215,0.));
#3348 = CARTESIAN_POINT('',(140.66987298107,7.5));
#3349 = CARTESIAN_POINT('',(145.,15.));
#3350 = CARTESIAN_POINT('',(149.33012701892,7.5));
#3351 = CARTESIAN_POINT('',(153.66025403784,7.993605777301E-15));
#3352 = CARTESIAN_POINT('',(145.,0.));
#3353 = ( GEOMETRIC_REPRESENTATION_CONTEXT(2) 
PARAMETRIC_REPRESENTATION_CONTEXT() REPRESENTATION_CONTEXT('2D SPACE',''
  ) );
#3354 = PCURVE('',#215,#3355);
#3355 = DEFINITIONAL_REPRESENTATION('',(#3356),#3360);
#3356 = LINE('',#3357,#3358);
#3357 = CARTESIAN_POINT('',(4.712388980385,-0.));
#3358 = VECTOR('',#3359,1.);
#3359 = DIRECTION('',(-1.,0.));
#3360 = ( GEOMETRIC_REPRESENTATION_CONTEXT(2) 
PARAMETRIC_REPRESENTATION_CONTEXT() REPRESENTATION_CONTEXT('2D SPACE',''
  ) );
#3361 = ORIENTED_EDGE('',*,*,#3362,.T.);
#3362 = EDGE_CURVE('',#3335,#3363,#3365,.T.);
#3363 = VERTEX_POINT('',#3364);
#3364 = CARTESIAN_POINT('',(75.,42.,0.));
#3365 = SURFACE_CURVE('',#3366,(#3370,#3377),.PCURVE_S1.);
#3366 = LINE('',#3367,#3368);
#3367 = CARTESIAN_POINT('',(75.,-47.,0.));
#3368 = VECTOR('',#3369,1.);
#3369 = DIRECTION('',(0.,1.,0.));
#3370 = PCURVE('',#100,#3371);
#3371 = DEFINITIONAL_REPRESENTATION('',(#3372),#3376);
#3372 = LINE('',#3373,#3374);
#3373 = CARTESIAN_POINT('',(150.,0.));
#3374 = VECTOR('',#3375,1.);
#3375 = DIRECTION('',(0.,1.));
#3376 = ( GEOMETRIC_REPRESENTATION_CONTEXT(2) 
PARAMETRIC_REPRESENTATION_CONTEXT() REPRESENTATION_CONTEXT('2D SPACE',''
  ) );
#3377 = PCURVE('',#243,#3378);
#3378 = DEFINITIONAL_REPRESENTATION('',(#3379),#3383);
#3379 = LINE('',#3380,#3381);
#3380 = CARTESIAN_POINT('',(0.,0.));
#3381 = VECTOR('',#3382,1.);
#3382 = DIRECTION('',(0.,-1.));
#3383 = ( GEOMETRIC_REPRESENTATION_CONTEXT(2) 
PARAMETRIC_REPRESENTATION_CONTEXT() REPRESENTATION_CONTEXT('2D SPACE',''
  ) );
#3384 = ORIENTED_EDGE('',*,*,#3385,.T.);
#3385 = EDGE_CURVE('',#3363,#3386,#3388,.T.);
#3386 = VERTEX_POINT('',#3387);
#3387 = CARTESIAN_POINT('',(70.,47.,0.));
#3388 = SURFACE_CURVE('',#3389,(#3394,#3401),.PCURVE_S1.);
#3389 = CIRCLE('',#3390,5.);
#3390 = AXIS2_PLACEMENT_3D('',#3391,#3392,#3393);
#3391 = CARTESIAN_POINT('',(70.,42.,0.));
#3392 = DIRECTION('',(0.,0.,1.));
#3393 = DIRECTION('',(0.,-1.,0.));
#3394 = PCURVE('',#100,#3395);
#3395 = DEFINITIONAL_REPRESENTATION('',(#3396),#3400);
#3396 = CIRCLE('',#3397,5.);
#3397 = AXIS2_PLACEMENT_2D('',#3398,#3399);
#3398 = CARTESIAN_POINT('',(145.,89.));
#3399 = DIRECTION('',(0.,-1.));
#3400 = ( GEOMETRIC_REPRESENTATION_CONTEXT(2) 
PARAMETRIC_REPRESENTATION_CONTEXT() REPRESENTATION_CONTEXT('2D SPACE',''
  ) );
#3401 = PCURVE('',#272,#3402);
#3402 = DEFINITIONAL_REPRESENTATION('',(#3403),#3407);
#3403 = LINE('',#3404,#3405);
#3404 = CARTESIAN_POINT('',(-1.570796326795,0.));
#3405 = VECTOR('',#3406,1.);
#3406 = DIRECTION('',(1.,0.));
#3407 = ( GEOMETRIC_REPRESENTATION_CONTEXT(2) 
PARAMETRIC_REPRESENTATION_CONTEXT() REPRESENTATION_CONTEXT('2D SPACE',''
  ) );
#3408 = ORIENTED_EDGE('',*,*,#3409,.F.);
#3409 = EDGE_CURVE('',#3218,#3386,#3410,.T.);
#3410 = SURFACE_CURVE('',#3411,(#3415,#3422),.PCURVE_S1.);
#3411 = LINE('',#3412,#3413);
#3412 = CARTESIAN_POINT('',(-75.,47.,0.));
#3413 = VECTOR('',#3414,1.);
#3414 = DIRECTION('',(1.,0.,0.));
#3415 = PCURVE('',#100,#3416);
#3416 = DEFINITIONAL_REPRESENTATION('',(#3417),#3421);
#3417 = LINE('',#3418,#3419);
#3418 = CARTESIAN_POINT('',(0.,94.));
#3419 = VECTOR('',#3420,1.);
#3420 = DIRECTION('',(1.,0.));
#3421 = ( GEOMETRIC_REPRESENTATION_CONTEXT(2) 
PARAMETRIC_REPRESENTATION_CONTEXT() REPRESENTATION_CONTEXT('2D SPACE',''
  ) );
#3422 = PCURVE('',#3261,#3423);
#3423 = DEFINITIONAL_REPRESENTATION('',(#3424),#3428);
#3424 = LINE('',#3425,#3426);
#3425 = CARTESIAN_POINT('',(0.,0.));
#3426 = VECTOR('',#3427,1.);
#3427 = DIRECTION('',(0.,1.));
#3428 = ( GEOMETRIC_REPRESENTATION_CONTEXT(2) 
PARAMETRIC_REPRESENTATION_CONTEXT() REPRESENTATION_CONTEXT('2D SPACE',''
  ) );
#3429 = ORIENTED_EDGE('',*,*,#3217,.F.);
#3430 = FACE_BOUND('',#3431,.F.);
#3431 = EDGE_LOOP('',(#3432,#3458,#3479,#3503,#3524,#3548,#3569,#3593));
#3432 = ORIENTED_EDGE('',*,*,#3433,.F.);
#3433 = EDGE_CURVE('',#3434,#3436,#3438,.T.);
#3434 = VERTEX_POINT('',#3435);
#3435 = CARTESIAN_POINT('',(-66.5,-29.,0.));
#3436 = VERTEX_POINT('',#3437);
#3437 = CARTESIAN_POINT('',(-63.5,-32.,0.));
#3438 = SURFACE_CURVE('',#3439,(#3444,#3451),.PCURVE_S1.);
#3439 = CIRCLE('',#3440,3.);
#3440 = AXIS2_PLACEMENT_3D('',#3441,#3442,#3443);
#3441 = CARTESIAN_POINT('',(-63.5,-29.,0.));
#3442 = DIRECTION('',(0.,0.,1.));
#3443 = DIRECTION('',(-1.,-0.,0.));
#3444 = PCURVE('',#100,#3445);
#3445 = DEFINITIONAL_REPRESENTATION('',(#3446),#3450);
#3446 = CIRCLE('',#3447,3.);
#3447 = AXIS2_PLACEMENT_2D('',#3448,#3449);
#3448 = CARTESIAN_POINT('',(11.5,18.));
#3449 = DIRECTION('',(-1.,0.));
#3450 = ( GEOMETRIC_REPRESENTATION_CONTEXT(2) 
PARAMETRIC_REPRESENTATION_CONTEXT() REPRESENTATION_CONTEXT('2D SPACE',''
  ) );
#3451 = PCURVE('',#359,#3452);
#3452 = DEFINITIONAL_REPRESENTATION('',(#3453),#3457);
#3453 = LINE('',#3454,#3455);
#3454 = CARTESIAN_POINT('',(0.,1.));
#3455 = VECTOR('',#3456,1.);
#3456 = DIRECTION('',(1.,0.));
#3457 = ( GEOMETRIC_REPRESENTATION_CONTEXT(2) 
PARAMETRIC_REPRESENTATION_CONTEXT() REPRESENTATION_CONTEXT('2D SPACE',''
  ) );
#3458 = ORIENTED_EDGE('',*,*,#3459,.T.);
#3459 = EDGE_CURVE('',#3434,#3460,#3462,.T.);
#3460 = VERTEX_POINT('',#3461);
#3461 = CARTESIAN_POINT('',(-66.5,-19.,0.));
#3462 = SURFACE_CURVE('',#3463,(#3467,#3473),.PCURVE_S1.);
#3463 = LINE('',#3464,#3465);
#3464 = CARTESIAN_POINT('',(-66.5,-39.5,0.));
#3465 = VECTOR('',#3466,1.);
#3466 = DIRECTION('',(0.,1.,0.));
#3467 = PCURVE('',#100,#3468);
#3468 = DEFINITIONAL_REPRESENTATION('',(#3469),#3472);
#3469 = B_SPLINE_CURVE_WITH_KNOTS('',1,(#3470,#3471),.UNSPECIFIED.,.F.,
  .F.,(2,2),(10.5,20.5),.PIECEWISE_BEZIER_KNOTS.);
#3470 = CARTESIAN_POINT('',(8.5,18.));
#3471 = CARTESIAN_POINT('',(8.5,28.));
#3472 = ( GEOMETRIC_REPRESENTATION_CONTEXT(2) 
PARAMETRIC_REPRESENTATION_CONTEXT() REPRESENTATION_CONTEXT('2D SPACE',''
  ) );
#3473 = PCURVE('',#386,#3474);
#3474 = DEFINITIONAL_REPRESENTATION('',(#3475),#3478);
#3475 = B_SPLINE_CURVE_WITH_KNOTS('',1,(#3476,#3477),.UNSPECIFIED.,.F.,
  .F.,(2,2),(10.5,20.5),.PIECEWISE_BEZIER_KNOTS.);
#3476 = CARTESIAN_POINT('',(1.,-3.));
#3477 = CARTESIAN_POINT('',(1.,-13.));
#3478 = ( GEOMETRIC_REPRESENTATION_CONTEXT(2) 
PARAMETRIC_REPRESENTATION_CONTEXT() REPRESENTATION_CONTEXT('2D SPACE',''
  ) );
#3479 = ORIENTED_EDGE('',*,*,#3480,.F.);
#3480 = EDGE_CURVE('',#3481,#3460,#3483,.T.);
#3481 = VERTEX_POINT('',#3482);
#3482 = CARTESIAN_POINT('',(-63.5,-16.,0.));
#3483 = SURFACE_CURVE('',#3484,(#3489,#3496),.PCURVE_S1.);
#3484 = CIRCLE('',#3485,3.);
#3485 = AXIS2_PLACEMENT_3D('',#3486,#3487,#3488);
#3486 = CARTESIAN_POINT('',(-63.5,-19.,0.));
#3487 = DIRECTION('',(0.,0.,1.));
#3488 = DIRECTION('',(-1.,-0.,0.));
#3489 = PCURVE('',#100,#3490);
#3490 = DEFINITIONAL_REPRESENTATION('',(#3491),#3495);
#3491 = CIRCLE('',#3492,3.);
#3492 = AXIS2_PLACEMENT_2D('',#3493,#3494);
#3493 = CARTESIAN_POINT('',(11.5,28.));
#3494 = DIRECTION('',(-1.,0.));
#3495 = ( GEOMETRIC_REPRESENTATION_CONTEXT(2) 
PARAMETRIC_REPRESENTATION_CONTEXT() REPRESENTATION_CONTEXT('2D SPACE',''
  ) );
#3496 = PCURVE('',#414,#3497);
#3497 = DEFINITIONAL_REPRESENTATION('',(#3498),#3502);
#3498 = LINE('',#3499,#3500);
#3499 = CARTESIAN_POINT('',(-6.28318530718,1.));
#3500 = VECTOR('',#3501,1.);
#3501 = DIRECTION('',(1.,-0.));
#3502 = ( GEOMETRIC_REPRESENTATION_CONTEXT(2) 
PARAMETRIC_REPRESENTATION_CONTEXT() REPRESENTATION_CONTEXT('2D SPACE',''
  ) );
#3503 = ORIENTED_EDGE('',*,*,#3504,.F.);
#3504 = EDGE_CURVE('',#3505,#3481,#3507,.T.);
#3505 = VERTEX_POINT('',#3506);
#3506 = CARTESIAN_POINT('',(-50.5,-16.,0.));
#3507 = SURFACE_CURVE('',#3508,(#3512,#3518),.PCURVE_S1.);
#3508 = LINE('',#3509,#3510);
#3509 = CARTESIAN_POINT('',(-70.75,-16.,0.));
#3510 = VECTOR('',#3511,1.);
#3511 = DIRECTION('',(-1.,0.,0.));
#3512 = PCURVE('',#100,#3513);
#3513 = DEFINITIONAL_REPRESENTATION('',(#3514),#3517);
#3514 = B_SPLINE_CURVE_WITH_KNOTS('',1,(#3515,#3516),.UNSPECIFIED.,.F.,
  .F.,(2,2),(-20.25,-7.25),.PIECEWISE_BEZIER_KNOTS.);
#3515 = CARTESIAN_POINT('',(24.5,31.));
#3516 = CARTESIAN_POINT('',(11.5,31.));
#3517 = ( GEOMETRIC_REPRESENTATION_CONTEXT(2) 
PARAMETRIC_REPRESENTATION_CONTEXT() REPRESENTATION_CONTEXT('2D SPACE',''
  ) );
#3518 = PCURVE('',#441,#3519);
#3519 = DEFINITIONAL_REPRESENTATION('',(#3520),#3523);
#3520 = B_SPLINE_CURVE_WITH_KNOTS('',1,(#3521,#3522),.UNSPECIFIED.,.F.,
  .F.,(2,2),(-20.25,-7.25),.PIECEWISE_BEZIER_KNOTS.);
#3521 = CARTESIAN_POINT('',(1.,16.));
#3522 = CARTESIAN_POINT('',(1.,3.));
#3523 = ( GEOMETRIC_REPRESENTATION_CONTEXT(2) 
PARAMETRIC_REPRESENTATION_CONTEXT() REPRESENTATION_CONTEXT('2D SPACE',''
  ) );
#3524 = ORIENTED_EDGE('',*,*,#3525,.F.);
#3525 = EDGE_CURVE('',#3526,#3505,#3528,.T.);
#3526 = VERTEX_POINT('',#3527);
#3527 = CARTESIAN_POINT('',(-47.5,-19.,0.));
#3528 = SURFACE_CURVE('',#3529,(#3534,#3541),.PCURVE_S1.);
#3529 = CIRCLE('',#3530,3.);
#3530 = AXIS2_PLACEMENT_3D('',#3531,#3532,#3533);
#3531 = CARTESIAN_POINT('',(-50.5,-19.,0.));
#3532 = DIRECTION('',(0.,0.,1.));
#3533 = DIRECTION('',(1.,0.,-0.));
#3534 = PCURVE('',#100,#3535);
#3535 = DEFINITIONAL_REPRESENTATION('',(#3536),#3540);
#3536 = CIRCLE('',#3537,3.);
#3537 = AXIS2_PLACEMENT_2D('',#3538,#3539);
#3538 = CARTESIAN_POINT('',(24.5,28.));
#3539 = DIRECTION('',(1.,0.));
#3540 = ( GEOMETRIC_REPRESENTATION_CONTEXT(2) 
PARAMETRIC_REPRESENTATION_CONTEXT() REPRESENTATION_CONTEXT('2D SPACE',''
  ) );
#3541 = PCURVE('',#469,#3542);
#3542 = DEFINITIONAL_REPRESENTATION('',(#3543),#3547);
#3543 = LINE('',#3544,#3545);
#3544 = CARTESIAN_POINT('',(0.,1.));
#3545 = VECTOR('',#3546,1.);
#3546 = DIRECTION('',(1.,0.));
#3547 = ( GEOMETRIC_REPRESENTATION_CONTEXT(2) 
PARAMETRIC_REPRESENTATION_CONTEXT() REPRESENTATION_CONTEXT('2D SPACE',''
  ) );
#3548 = ORIENTED_EDGE('',*,*,#3549,.F.);
#3549 = EDGE_CURVE('',#3550,#3526,#3552,.T.);
#3550 = VERTEX_POINT('',#3551);
#3551 = CARTESIAN_POINT('',(-47.5,-29.,0.));
#3552 = SURFACE_CURVE('',#3553,(#3557,#3563),.PCURVE_S1.);
#3553 = LINE('',#3554,#3555);
#3554 = CARTESIAN_POINT('',(-47.5,-39.5,0.));
#3555 = VECTOR('',#3556,1.);
#3556 = DIRECTION('',(0.,1.,0.));
#3557 = PCURVE('',#100,#3558);
#3558 = DEFINITIONAL_REPRESENTATION('',(#3559),#3562);
#3559 = B_SPLINE_CURVE_WITH_KNOTS('',1,(#3560,#3561),.UNSPECIFIED.,.F.,
  .F.,(2,2),(10.5,20.5),.PIECEWISE_BEZIER_KNOTS.);
#3560 = CARTESIAN_POINT('',(27.5,18.));
#3561 = CARTESIAN_POINT('',(27.5,28.));
#3562 = ( GEOMETRIC_REPRESENTATION_CONTEXT(2) 
PARAMETRIC_REPRESENTATION_CONTEXT() REPRESENTATION_CONTEXT('2D SPACE',''
  ) );
#3563 = PCURVE('',#496,#3564);
#3564 = DEFINITIONAL_REPRESENTATION('',(#3565),#3568);
#3565 = B_SPLINE_CURVE_WITH_KNOTS('',1,(#3566,#3567),.UNSPECIFIED.,.F.,
  .F.,(2,2),(10.5,20.5),.PIECEWISE_BEZIER_KNOTS.);
#3566 = CARTESIAN_POINT('',(1.,-3.));
#3567 = CARTESIAN_POINT('',(1.,-13.));
#3568 = ( GEOMETRIC_REPRESENTATION_CONTEXT(2) 
PARAMETRIC_REPRESENTATION_CONTEXT() REPRESENTATION_CONTEXT('2D SPACE',''
  ) );
#3569 = ORIENTED_EDGE('',*,*,#3570,.F.);
#3570 = EDGE_CURVE('',#3571,#3550,#3573,.T.);
#3571 = VERTEX_POINT('',#3572);
#3572 = CARTESIAN_POINT('',(-50.5,-32.,0.));
#3573 = SURFACE_CURVE('',#3574,(#3579,#3586),.PCURVE_S1.);
#3574 = CIRCLE('',#3575,3.);
#3575 = AXIS2_PLACEMENT_3D('',#3576,#3577,#3578);
#3576 = CARTESIAN_POINT('',(-50.5,-29.,0.));
#3577 = DIRECTION('',(0.,0.,1.));
#3578 = DIRECTION('',(1.,0.,-0.));
#3579 = PCURVE('',#100,#3580);
#3580 = DEFINITIONAL_REPRESENTATION('',(#3581),#3585);
#3581 = CIRCLE('',#3582,3.);
#3582 = AXIS2_PLACEMENT_2D('',#3583,#3584);
#3583 = CARTESIAN_POINT('',(24.5,18.));
#3584 = DIRECTION('',(1.,0.));
#3585 = ( GEOMETRIC_REPRESENTATION_CONTEXT(2) 
PARAMETRIC_REPRESENTATION_CONTEXT() REPRESENTATION_CONTEXT('2D SPACE',''
  ) );
#3586 = PCURVE('',#524,#3587);
#3587 = DEFINITIONAL_REPRESENTATION('',(#3588),#3592);
#3588 = LINE('',#3589,#3590);
#3589 = CARTESIAN_POINT('',(-6.28318530718,1.));
#3590 = VECTOR('',#3591,1.);
#3591 = DIRECTION('',(1.,-0.));
#3592 = ( GEOMETRIC_REPRESENTATION_CONTEXT(2) 
PARAMETRIC_REPRESENTATION_CONTEXT() REPRESENTATION_CONTEXT('2D SPACE',''
  ) );
#3593 = ORIENTED_EDGE('',*,*,#3594,.T.);
#3594 = EDGE_CURVE('',#3571,#3436,#3595,.T.);
#3595 = SURFACE_CURVE('',#3596,(#3600,#3606),.PCURVE_S1.);
#3596 = LINE('',#3597,#3598);
#3597 = CARTESIAN_POINT('',(-70.75,-32.,0.));
#3598 = VECTOR('',#3599,1.);
#3599 = DIRECTION('',(-1.,0.,0.));
#3600 = PCURVE('',#100,#3601);
#3601 = DEFINITIONAL_REPRESENTATION('',(#3602),#3605);
#3602 = B_SPLINE_CURVE_WITH_KNOTS('',1,(#3603,#3604),.UNSPECIFIED.,.F.,
  .F.,(2,2),(-20.25,-7.25),.PIECEWISE_BEZIER_KNOTS.);
#3603 = CARTESIAN_POINT('',(24.5,15.));
#3604 = CARTESIAN_POINT('',(11.5,15.));
#3605 = ( GEOMETRIC_REPRESENTATION_CONTEXT(2) 
PARAMETRIC_REPRESENTATION_CONTEXT() REPRESENTATION_CONTEXT('2D SPACE',''
  ) );
#3606 = PCURVE('',#551,#3607);
#3607 = DEFINITIONAL_REPRESENTATION('',(#3608),#3611);
#3608 = B_SPLINE_CURVE_WITH_KNOTS('',1,(#3609,#3610),.UNSPECIFIED.,.F.,
  .F.,(2,2),(-20.25,-7.25),.PIECEWISE_BEZIER_KNOTS.);
#3609 = CARTESIAN_POINT('',(1.,16.));
#3610 = CARTESIAN_POINT('',(1.,3.));
#3611 = ( GEOMETRIC_REPRESENTATION_CONTEXT(2) 
PARAMETRIC_REPRESENTATION_CONTEXT() REPRESENTATION_CONTEXT('2D SPACE',''
  ) );
#3612 = FACE_BOUND('',#3613,.F.);
#3613 = EDGE_LOOP('',(#3614,#3640,#3661,#3685,#3706,#3730,#3751,#3775));
#3614 = ORIENTED_EDGE('',*,*,#3615,.F.);
#3615 = EDGE_CURVE('',#3616,#3618,#3620,.T.);
#3616 = VERTEX_POINT('',#3617);
#3617 = CARTESIAN_POINT('',(-36.,-38.5,0.));
#3618 = VERTEX_POINT('',#3619);
#3619 = CARTESIAN_POINT('',(-33.,-41.5,0.));
#3620 = SURFACE_CURVE('',#3621,(#3626,#3633),.PCURVE_S1.);
#3621 = CIRCLE('',#3622,3.);
#3622 = AXIS2_PLACEMENT_3D('',#3623,#3624,#3625);
#3623 = CARTESIAN_POINT('',(-33.,-38.5,0.));
#3624 = DIRECTION('',(0.,0.,1.));
#3625 = DIRECTION('',(-1.,-0.,0.));
#3626 = PCURVE('',#100,#3627);
#3627 = DEFINITIONAL_REPRESENTATION('',(#3628),#3632);
#3628 = CIRCLE('',#3629,3.);
#3629 = AXIS2_PLACEMENT_2D('',#3630,#3631);
#3630 = CARTESIAN_POINT('',(42.,8.5));
#3631 = DIRECTION('',(-1.,0.));
#3632 = ( GEOMETRIC_REPRESENTATION_CONTEXT(2) 
PARAMETRIC_REPRESENTATION_CONTEXT() REPRESENTATION_CONTEXT('2D SPACE',''
  ) );
#3633 = PCURVE('',#693,#3634);
#3634 = DEFINITIONAL_REPRESENTATION('',(#3635),#3639);
#3635 = LINE('',#3636,#3637);
#3636 = CARTESIAN_POINT('',(0.,1.));
#3637 = VECTOR('',#3638,1.);
#3638 = DIRECTION('',(1.,0.));
#3639 = ( GEOMETRIC_REPRESENTATION_CONTEXT(2) 
PARAMETRIC_REPRESENTATION_CONTEXT() REPRESENTATION_CONTEXT('2D SPACE',''
  ) );
#3640 = ORIENTED_EDGE('',*,*,#3641,.T.);
#3641 = EDGE_CURVE('',#3616,#3642,#3644,.T.);
#3642 = VERTEX_POINT('',#3643);
#3643 = CARTESIAN_POINT('',(-36.,-31.5,0.));
#3644 = SURFACE_CURVE('',#3645,(#3649,#3655),.PCURVE_S1.);
#3645 = LINE('',#3646,#3647);
#3646 = CARTESIAN_POINT('',(-36.,-44.25,0.));
#3647 = VECTOR('',#3648,1.);
#3648 = DIRECTION('',(0.,1.,0.));
#3649 = PCURVE('',#100,#3650);
#3650 = DEFINITIONAL_REPRESENTATION('',(#3651),#3654);
#3651 = B_SPLINE_CURVE_WITH_KNOTS('',1,(#3652,#3653),.UNSPECIFIED.,.F.,
  .F.,(2,2),(5.75,12.75),.PIECEWISE_BEZIER_KNOTS.);
#3652 = CARTESIAN_POINT('',(39.,8.5));
#3653 = CARTESIAN_POINT('',(39.,15.5));
#3654 = ( GEOMETRIC_REPRESENTATION_CONTEXT(2) 
PARAMETRIC_REPRESENTATION_CONTEXT() REPRESENTATION_CONTEXT('2D SPACE',''
  ) );
#3655 = PCURVE('',#720,#3656);
#3656 = DEFINITIONAL_REPRESENTATION('',(#3657),#3660);
#3657 = B_SPLINE_CURVE_WITH_KNOTS('',1,(#3658,#3659),.UNSPECIFIED.,.F.,
  .F.,(2,2),(5.75,12.75),.PIECEWISE_BEZIER_KNOTS.);
#3658 = CARTESIAN_POINT('',(1.,-3.));
#3659 = CARTESIAN_POINT('',(1.,-10.));
#3660 = ( GEOMETRIC_REPRESENTATION_CONTEXT(2) 
PARAMETRIC_REPRESENTATION_CONTEXT() REPRESENTATION_CONTEXT('2D SPACE',''
  ) );
#3661 = ORIENTED_EDGE('',*,*,#3662,.F.);
#3662 = EDGE_CURVE('',#3663,#3642,#3665,.T.);
#3663 = VERTEX_POINT('',#3664);
#3664 = CARTESIAN_POINT('',(-33.,-28.5,0.));
#3665 = SURFACE_CURVE('',#3666,(#3671,#3678),.PCURVE_S1.);
#3666 = CIRCLE('',#3667,3.);
#3667 = AXIS2_PLACEMENT_3D('',#3668,#3669,#3670);
#3668 = CARTESIAN_POINT('',(-33.,-31.5,0.));
#3669 = DIRECTION('',(0.,0.,1.));
#3670 = DIRECTION('',(-1.,-0.,0.));
#3671 = PCURVE('',#100,#3672);
#3672 = DEFINITIONAL_REPRESENTATION('',(#3673),#3677);
#3673 = CIRCLE('',#3674,3.);
#3674 = AXIS2_PLACEMENT_2D('',#3675,#3676);
#3675 = CARTESIAN_POINT('',(42.,15.5));
#3676 = DIRECTION('',(-1.,0.));
#3677 = ( GEOMETRIC_REPRESENTATION_CONTEXT(2) 
PARAMETRIC_REPRESENTATION_CONTEXT() REPRESENTATION_CONTEXT('2D SPACE',''
  ) );
#3678 = PCURVE('',#748,#3679);
#3679 = DEFINITIONAL_REPRESENTATION('',(#3680),#3684);
#3680 = LINE('',#3681,#3682);
#3681 = CARTESIAN_POINT('',(-6.28318530718,1.));
#3682 = VECTOR('',#3683,1.);
#3683 = DIRECTION('',(1.,-0.));
#3684 = ( GEOMETRIC_REPRESENTATION_CONTEXT(2) 
PARAMETRIC_REPRESENTATION_CONTEXT() REPRESENTATION_CONTEXT('2D SPACE',''
  ) );
#3685 = ORIENTED_EDGE('',*,*,#3686,.F.);
#3686 = EDGE_CURVE('',#3687,#3663,#3689,.T.);
#3687 = VERTEX_POINT('',#3688);
#3688 = CARTESIAN_POINT('',(-11.,-28.5,0.));
#3689 = SURFACE_CURVE('',#3690,(#3694,#3700),.PCURVE_S1.);
#3690 = LINE('',#3691,#3692);
#3691 = CARTESIAN_POINT('',(-55.5,-28.5,0.));
#3692 = VECTOR('',#3693,1.);
#3693 = DIRECTION('',(-1.,0.,0.));
#3694 = PCURVE('',#100,#3695);
#3695 = DEFINITIONAL_REPRESENTATION('',(#3696),#3699);
#3696 = B_SPLINE_CURVE_WITH_KNOTS('',1,(#3697,#3698),.UNSPECIFIED.,.F.,
  .F.,(2,2),(-44.5,-22.5),.PIECEWISE_BEZIER_KNOTS.);
#3697 = CARTESIAN_POINT('',(64.,18.5));
#3698 = CARTESIAN_POINT('',(42.,18.5));
#3699 = ( GEOMETRIC_REPRESENTATION_CONTEXT(2) 
PARAMETRIC_REPRESENTATION_CONTEXT() REPRESENTATION_CONTEXT('2D SPACE',''
  ) );
#3700 = PCURVE('',#775,#3701);
#3701 = DEFINITIONAL_REPRESENTATION('',(#3702),#3705);
#3702 = B_SPLINE_CURVE_WITH_KNOTS('',1,(#3703,#3704),.UNSPECIFIED.,.F.,
  .F.,(2,2),(-44.5,-22.5),.PIECEWISE_BEZIER_KNOTS.);
#3703 = CARTESIAN_POINT('',(1.,25.));
#3704 = CARTESIAN_POINT('',(1.,3.));
#3705 = ( GEOMETRIC_REPRESENTATION_CONTEXT(2) 
PARAMETRIC_REPRESENTATION_CONTEXT() REPRESENTATION_CONTEXT('2D SPACE',''
  ) );
#3706 = ORIENTED_EDGE('',*,*,#3707,.F.);
#3707 = EDGE_CURVE('',#3708,#3687,#3710,.T.);
#3708 = VERTEX_POINT('',#3709);
#3709 = CARTESIAN_POINT('',(-8.,-31.5,0.));
#3710 = SURFACE_CURVE('',#3711,(#3716,#3723),.PCURVE_S1.);
#3711 = CIRCLE('',#3712,3.);
#3712 = AXIS2_PLACEMENT_3D('',#3713,#3714,#3715);
#3713 = CARTESIAN_POINT('',(-11.,-31.5,0.));
#3714 = DIRECTION('',(0.,0.,1.));
#3715 = DIRECTION('',(1.,0.,-0.));
#3716 = PCURVE('',#100,#3717);
#3717 = DEFINITIONAL_REPRESENTATION('',(#3718),#3722);
#3718 = CIRCLE('',#3719,3.);
#3719 = AXIS2_PLACEMENT_2D('',#3720,#3721);
#3720 = CARTESIAN_POINT('',(64.,15.5));
#3721 = DIRECTION('',(1.,0.));
#3722 = ( GEOMETRIC_REPRESENTATION_CONTEXT(2) 
PARAMETRIC_REPRESENTATION_CONTEXT() REPRESENTATION_CONTEXT('2D SPACE',''
  ) );
#3723 = PCURVE('',#803,#3724);
#3724 = DEFINITIONAL_REPRESENTATION('',(#3725),#3729);
#3725 = LINE('',#3726,#3727);
#3726 = CARTESIAN_POINT('',(0.,1.));
#3727 = VECTOR('',#3728,1.);
#3728 = DIRECTION('',(1.,0.));
#3729 = ( GEOMETRIC_REPRESENTATION_CONTEXT(2) 
PARAMETRIC_REPRESENTATION_CONTEXT() REPRESENTATION_CONTEXT('2D SPACE',''
  ) );
#3730 = ORIENTED_EDGE('',*,*,#3731,.F.);
#3731 = EDGE_CURVE('',#3732,#3708,#3734,.T.);
#3732 = VERTEX_POINT('',#3733);
#3733 = CARTESIAN_POINT('',(-8.,-38.5,0.));
#3734 = SURFACE_CURVE('',#3735,(#3739,#3745),.PCURVE_S1.);
#3735 = LINE('',#3736,#3737);
#3736 = CARTESIAN_POINT('',(-8.,-44.25,0.));
#3737 = VECTOR('',#3738,1.);
#3738 = DIRECTION('',(0.,1.,0.));
#3739 = PCURVE('',#100,#3740);
#3740 = DEFINITIONAL_REPRESENTATION('',(#3741),#3744);
#3741 = B_SPLINE_CURVE_WITH_KNOTS('',1,(#3742,#3743),.UNSPECIFIED.,.F.,
  .F.,(2,2),(5.75,12.75),.PIECEWISE_BEZIER_KNOTS.);
#3742 = CARTESIAN_POINT('',(67.,8.5));
#3743 = CARTESIAN_POINT('',(67.,15.5));
#3744 = ( GEOMETRIC_REPRESENTATION_CONTEXT(2) 
PARAMETRIC_REPRESENTATION_CONTEXT() REPRESENTATION_CONTEXT('2D SPACE',''
  ) );
#3745 = PCURVE('',#830,#3746);
#3746 = DEFINITIONAL_REPRESENTATION('',(#3747),#3750);
#3747 = B_SPLINE_CURVE_WITH_KNOTS('',1,(#3748,#3749),.UNSPECIFIED.,.F.,
  .F.,(2,2),(5.75,12.75),.PIECEWISE_BEZIER_KNOTS.);
#3748 = CARTESIAN_POINT('',(1.,-3.));
#3749 = CARTESIAN_POINT('',(1.,-10.));
#3750 = ( GEOMETRIC_REPRESENTATION_CONTEXT(2) 
PARAMETRIC_REPRESENTATION_CONTEXT() REPRESENTATION_CONTEXT('2D SPACE',''
  ) );
#3751 = ORIENTED_EDGE('',*,*,#3752,.F.);
#3752 = EDGE_CURVE('',#3753,#3732,#3755,.T.);
#3753 = VERTEX_POINT('',#3754);
#3754 = CARTESIAN_POINT('',(-11.,-41.5,0.));
#3755 = SURFACE_CURVE('',#3756,(#3761,#3768),.PCURVE_S1.);
#3756 = CIRCLE('',#3757,3.);
#3757 = AXIS2_PLACEMENT_3D('',#3758,#3759,#3760);
#3758 = CARTESIAN_POINT('',(-11.,-38.5,0.));
#3759 = DIRECTION('',(0.,0.,1.));
#3760 = DIRECTION('',(1.,0.,-0.));
#3761 = PCURVE('',#100,#3762);
#3762 = DEFINITIONAL_REPRESENTATION('',(#3763),#3767);
#3763 = CIRCLE('',#3764,3.);
#3764 = AXIS2_PLACEMENT_2D('',#3765,#3766);
#3765 = CARTESIAN_POINT('',(64.,8.5));
#3766 = DIRECTION('',(1.,0.));
#3767 = ( GEOMETRIC_REPRESENTATION_CONTEXT(2) 
PARAMETRIC_REPRESENTATION_CONTEXT() REPRESENTATION_CONTEXT('2D SPACE',''
  ) );
#3768 = PCURVE('',#858,#3769);
#3769 = DEFINITIONAL_REPRESENTATION('',(#3770),#3774);
#3770 = LINE('',#3771,#3772);
#3771 = CARTESIAN_POINT('',(-6.28318530718,1.));
#3772 = VECTOR('',#3773,1.);
#3773 = DIRECTION('',(1.,-0.));
#3774 = ( GEOMETRIC_REPRESENTATION_CONTEXT(2) 
PARAMETRIC_REPRESENTATION_CONTEXT() REPRESENTATION_CONTEXT('2D SPACE',''
  ) );
#3775 = ORIENTED_EDGE('',*,*,#3776,.T.);
#3776 = EDGE_CURVE('',#3753,#3618,#3777,.T.);
#3777 = SURFACE_CURVE('',#3778,(#3782,#3788),.PCURVE_S1.);
#3778 = LINE('',#3779,#3780);
#3779 = CARTESIAN_POINT('',(-55.5,-41.5,0.));
#3780 = VECTOR('',#3781,1.);
#3781 = DIRECTION('',(-1.,0.,0.));
#3782 = PCURVE('',#100,#3783);
#3783 = DEFINITIONAL_REPRESENTATION('',(#3784),#3787);
#3784 = B_SPLINE_CURVE_WITH_KNOTS('',1,(#3785,#3786),.UNSPECIFIED.,.F.,
  .F.,(2,2),(-44.5,-22.5),.PIECEWISE_BEZIER_KNOTS.);
#3785 = CARTESIAN_POINT('',(64.,5.5));
#3786 = CARTESIAN_POINT('',(42.,5.5));
#3787 = ( GEOMETRIC_REPRESENTATION_CONTEXT(2) 
PARAMETRIC_REPRESENTATION_CONTEXT() REPRESENTATION_CONTEXT('2D SPACE',''
  ) );
#3788 = PCURVE('',#883,#3789);
#3789 = DEFINITIONAL_REPRESENTATION('',(#3790),#3793);
#3790 = B_SPLINE_CURVE_WITH_KNOTS('',1,(#3791,#3792),.UNSPECIFIED.,.F.,
  .F.,(2,2),(-44.5,-22.5),.PIECEWISE_BEZIER_KNOTS.);
#3791 = CARTESIAN_POINT('',(1.,25.));
#3792 = CARTESIAN_POINT('',(1.,3.));
#3793 = ( GEOMETRIC_REPRESENTATION_CONTEXT(2) 
PARAMETRIC_REPRESENTATION_CONTEXT() REPRESENTATION_CONTEXT('2D SPACE',''
  ) );
#3794 = FACE_BOUND('',#3795,.F.);
#3795 = EDGE_LOOP('',(#3796));
#3796 = ORIENTED_EDGE('',*,*,#3797,.F.);
#3797 = EDGE_CURVE('',#3798,#3798,#3800,.T.);
#3798 = VERTEX_POINT('',#3799);
#3799 = CARTESIAN_POINT('',(-40.35,-18.,0.));
#3800 = SURFACE_CURVE('',#3801,(#3806,#3813),.PCURVE_S1.);
#3801 = CIRCLE('',#3802,1.65);
#3802 = AXIS2_PLACEMENT_3D('',#3803,#3804,#3805);
#3803 = CARTESIAN_POINT('',(-42.,-18.,0.));
#3804 = DIRECTION('',(0.,0.,1.));
#3805 = DIRECTION('',(1.,0.,-0.));
#3806 = PCURVE('',#100,#3807);
#3807 = DEFINITIONAL_REPRESENTATION('',(#3808),#3812);
#3808 = CIRCLE('',#3809,1.65);
#3809 = AXIS2_PLACEMENT_2D('',#3810,#3811);
#3810 = CARTESIAN_POINT('',(33.,29.));
#3811 = DIRECTION('',(1.,0.));
#3812 = ( GEOMETRIC_REPRESENTATION_CONTEXT(2) 
PARAMETRIC_REPRESENTATION_CONTEXT() REPRESENTATION_CONTEXT('2D SPACE',''
  ) );
#3813 = PCURVE('',#913,#3814);
#3814 = DEFINITIONAL_REPRESENTATION('',(#3815),#3819);
#3815 = LINE('',#3816,#3817);
#3816 = CARTESIAN_POINT('',(0.,1.));
#3817 = VECTOR('',#3818,1.);
#3818 = DIRECTION('',(1.,0.));
#3819 = ( GEOMETRIC_REPRESENTATION_CONTEXT(2) 
PARAMETRIC_REPRESENTATION_CONTEXT() REPRESENTATION_CONTEXT('2D SPACE',''
  ) );
#3820 = FACE_BOUND('',#3821,.F.);
#3821 = EDGE_LOOP('',(#3822,#3848,#3869,#3893,#3914,#3938,#3959,#3983));
#3822 = ORIENTED_EDGE('',*,*,#3823,.F.);
#3823 = EDGE_CURVE('',#3824,#3826,#3828,.T.);
#3824 = VERTEX_POINT('',#3825);
#3825 = CARTESIAN_POINT('',(8.,-38.5,0.));
#3826 = VERTEX_POINT('',#3827);
#3827 = CARTESIAN_POINT('',(11.,-41.5,0.));
#3828 = SURFACE_CURVE('',#3829,(#3834,#3841),.PCURVE_S1.);
#3829 = CIRCLE('',#3830,3.);
#3830 = AXIS2_PLACEMENT_3D('',#3831,#3832,#3833);
#3831 = CARTESIAN_POINT('',(11.,-38.5,0.));
#3832 = DIRECTION('',(0.,0.,1.));
#3833 = DIRECTION('',(-1.,-0.,0.));
#3834 = PCURVE('',#100,#3835);
#3835 = DEFINITIONAL_REPRESENTATION('',(#3836),#3840);
#3836 = CIRCLE('',#3837,3.);
#3837 = AXIS2_PLACEMENT_2D('',#3838,#3839);
#3838 = CARTESIAN_POINT('',(86.,8.5));
#3839 = DIRECTION('',(-1.,0.));
#3840 = ( GEOMETRIC_REPRESENTATION_CONTEXT(2) 
PARAMETRIC_REPRESENTATION_CONTEXT() REPRESENTATION_CONTEXT('2D SPACE',''
  ) );
#3841 = PCURVE('',#946,#3842);
#3842 = DEFINITIONAL_REPRESENTATION('',(#3843),#3847);
#3843 = LINE('',#3844,#3845);
#3844 = CARTESIAN_POINT('',(0.,1.));
#3845 = VECTOR('',#3846,1.);
#3846 = DIRECTION('',(1.,0.));
#3847 = ( GEOMETRIC_REPRESENTATION_CONTEXT(2) 
PARAMETRIC_REPRESENTATION_CONTEXT() REPRESENTATION_CONTEXT('2D SPACE',''
  ) );
#3848 = ORIENTED_EDGE('',*,*,#3849,.T.);
#3849 = EDGE_CURVE('',#3824,#3850,#3852,.T.);
#3850 = VERTEX_POINT('',#3851);
#3851 = CARTESIAN_POINT('',(8.,-31.5,0.));
#3852 = SURFACE_CURVE('',#3853,(#3857,#3863),.PCURVE_S1.);
#3853 = LINE('',#3854,#3855);
#3854 = CARTESIAN_POINT('',(8.,-44.25,0.));
#3855 = VECTOR('',#3856,1.);
#3856 = DIRECTION('',(0.,1.,0.));
#3857 = PCURVE('',#100,#3858);
#3858 = DEFINITIONAL_REPRESENTATION('',(#3859),#3862);
#3859 = B_SPLINE_CURVE_WITH_KNOTS('',1,(#3860,#3861),.UNSPECIFIED.,.F.,
  .F.,(2,2),(5.75,12.75),.PIECEWISE_BEZIER_KNOTS.);
#3860 = CARTESIAN_POINT('',(83.,8.5));
#3861 = CARTESIAN_POINT('',(83.,15.5));
#3862 = ( GEOMETRIC_REPRESENTATION_CONTEXT(2) 
PARAMETRIC_REPRESENTATION_CONTEXT() REPRESENTATION_CONTEXT('2D SPACE',''
  ) );
#3863 = PCURVE('',#973,#3864);
#3864 = DEFINITIONAL_REPRESENTATION('',(#3865),#3868);
#3865 = B_SPLINE_CURVE_WITH_KNOTS('',1,(#3866,#3867),.UNSPECIFIED.,.F.,
  .F.,(2,2),(5.75,12.75),.PIECEWISE_BEZIER_KNOTS.);
#3866 = CARTESIAN_POINT('',(1.,-3.));
#3867 = CARTESIAN_POINT('',(1.,-10.));
#3868 = ( GEOMETRIC_REPRESENTATION_CONTEXT(2) 
PARAMETRIC_REPRESENTATION_CONTEXT() REPRESENTATION_CONTEXT('2D SPACE',''
  ) );
#3869 = ORIENTED_EDGE('',*,*,#3870,.F.);
#3870 = EDGE_CURVE('',#3871,#3850,#3873,.T.);
#3871 = VERTEX_POINT('',#3872);
#3872 = CARTESIAN_POINT('',(11.,-28.5,0.));
#3873 = SURFACE_CURVE('',#3874,(#3879,#3886),.PCURVE_S1.);
#3874 = CIRCLE('',#3875,3.);
#3875 = AXIS2_PLACEMENT_3D('',#3876,#3877,#3878);
#3876 = CARTESIAN_POINT('',(11.,-31.5,0.));
#3877 = DIRECTION('',(0.,0.,1.));
#3878 = DIRECTION('',(-1.,-0.,0.));
#3879 = PCURVE('',#100,#3880);
#3880 = DEFINITIONAL_REPRESENTATION('',(#3881),#3885);
#3881 = CIRCLE('',#3882,3.);
#3882 = AXIS2_PLACEMENT_2D('',#3883,#3884);
#3883 = CARTESIAN_POINT('',(86.,15.5));
#3884 = DIRECTION('',(-1.,0.));
#3885 = ( GEOMETRIC_REPRESENTATION_CONTEXT(2) 
PARAMETRIC_REPRESENTATION_CONTEXT() REPRESENTATION_CONTEXT('2D SPACE',''
  ) );
#3886 = PCURVE('',#1001,#3887);
#3887 = DEFINITIONAL_REPRESENTATION('',(#3888),#3892);
#3888 = LINE('',#3889,#3890);
#3889 = CARTESIAN_POINT('',(-6.28318530718,1.));
#3890 = VECTOR('',#3891,1.);
#3891 = DIRECTION('',(1.,-0.));
#3892 = ( GEOMETRIC_REPRESENTATION_CONTEXT(2) 
PARAMETRIC_REPRESENTATION_CONTEXT() REPRESENTATION_CONTEXT('2D SPACE',''
  ) );
#3893 = ORIENTED_EDGE('',*,*,#3894,.F.);
#3894 = EDGE_CURVE('',#3895,#3871,#3897,.T.);
#3895 = VERTEX_POINT('',#3896);
#3896 = CARTESIAN_POINT('',(33.,-28.5,0.));
#3897 = SURFACE_CURVE('',#3898,(#3902,#3908),.PCURVE_S1.);
#3898 = LINE('',#3899,#3900);
#3899 = CARTESIAN_POINT('',(-33.5,-28.5,0.));
#3900 = VECTOR('',#3901,1.);
#3901 = DIRECTION('',(-1.,0.,0.));
#3902 = PCURVE('',#100,#3903);
#3903 = DEFINITIONAL_REPRESENTATION('',(#3904),#3907);
#3904 = B_SPLINE_CURVE_WITH_KNOTS('',1,(#3905,#3906),.UNSPECIFIED.,.F.,
  .F.,(2,2),(-66.5,-44.5),.PIECEWISE_BEZIER_KNOTS.);
#3905 = CARTESIAN_POINT('',(108.,18.5));
#3906 = CARTESIAN_POINT('',(86.,18.5));
#3907 = ( GEOMETRIC_REPRESENTATION_CONTEXT(2) 
PARAMETRIC_REPRESENTATION_CONTEXT() REPRESENTATION_CONTEXT('2D SPACE',''
  ) );
#3908 = PCURVE('',#1028,#3909);
#3909 = DEFINITIONAL_REPRESENTATION('',(#3910),#3913);
#3910 = B_SPLINE_CURVE_WITH_KNOTS('',1,(#3911,#3912),.UNSPECIFIED.,.F.,
  .F.,(2,2),(-66.5,-44.5),.PIECEWISE_BEZIER_KNOTS.);
#3911 = CARTESIAN_POINT('',(1.,25.));
#3912 = CARTESIAN_POINT('',(1.,3.));
#3913 = ( GEOMETRIC_REPRESENTATION_CONTEXT(2) 
PARAMETRIC_REPRESENTATION_CONTEXT() REPRESENTATION_CONTEXT('2D SPACE',''
  ) );
#3914 = ORIENTED_EDGE('',*,*,#3915,.F.);
#3915 = EDGE_CURVE('',#3916,#3895,#3918,.T.);
#3916 = VERTEX_POINT('',#3917);
#3917 = CARTESIAN_POINT('',(36.,-31.5,0.));
#3918 = SURFACE_CURVE('',#3919,(#3924,#3931),.PCURVE_S1.);
#3919 = CIRCLE('',#3920,3.);
#3920 = AXIS2_PLACEMENT_3D('',#3921,#3922,#3923);
#3921 = CARTESIAN_POINT('',(33.,-31.5,0.));
#3922 = DIRECTION('',(0.,0.,1.));
#3923 = DIRECTION('',(1.,0.,-0.));
#3924 = PCURVE('',#100,#3925);
#3925 = DEFINITIONAL_REPRESENTATION('',(#3926),#3930);
#3926 = CIRCLE('',#3927,3.);
#3927 = AXIS2_PLACEMENT_2D('',#3928,#3929);
#3928 = CARTESIAN_POINT('',(108.,15.5));
#3929 = DIRECTION('',(1.,0.));
#3930 = ( GEOMETRIC_REPRESENTATION_CONTEXT(2) 
PARAMETRIC_REPRESENTATION_CONTEXT() REPRESENTATION_CONTEXT('2D SPACE',''
  ) );
#3931 = PCURVE('',#1056,#3932);
#3932 = DEFINITIONAL_REPRESENTATION('',(#3933),#3937);
#3933 = LINE('',#3934,#3935);
#3934 = CARTESIAN_POINT('',(0.,1.));
#3935 = VECTOR('',#3936,1.);
#3936 = DIRECTION('',(1.,0.));
#3937 = ( GEOMETRIC_REPRESENTATION_CONTEXT(2) 
PARAMETRIC_REPRESENTATION_CONTEXT() REPRESENTATION_CONTEXT('2D SPACE',''
  ) );
#3938 = ORIENTED_EDGE('',*,*,#3939,.F.);
#3939 = EDGE_CURVE('',#3940,#3916,#3942,.T.);
#3940 = VERTEX_POINT('',#3941);
#3941 = CARTESIAN_POINT('',(36.,-38.5,0.));
#3942 = SURFACE_CURVE('',#3943,(#3947,#3953),.PCURVE_S1.);
#3943 = LINE('',#3944,#3945);
#3944 = CARTESIAN_POINT('',(36.,-44.25,0.));
#3945 = VECTOR('',#3946,1.);
#3946 = DIRECTION('',(0.,1.,0.));
#3947 = PCURVE('',#100,#3948);
#3948 = DEFINITIONAL_REPRESENTATION('',(#3949),#3952);
#3949 = B_SPLINE_CURVE_WITH_KNOTS('',1,(#3950,#3951),.UNSPECIFIED.,.F.,
  .F.,(2,2),(5.75,12.75),.PIECEWISE_BEZIER_KNOTS.);
#3950 = CARTESIAN_POINT('',(111.,8.5));
#3951 = CARTESIAN_POINT('',(111.,15.5));
#3952 = ( GEOMETRIC_REPRESENTATION_CONTEXT(2) 
PARAMETRIC_REPRESENTATION_CONTEXT() REPRESENTATION_CONTEXT('2D SPACE',''
  ) );
#3953 = PCURVE('',#1083,#3954);
#3954 = DEFINITIONAL_REPRESENTATION('',(#3955),#3958);
#3955 = B_SPLINE_CURVE_WITH_KNOTS('',1,(#3956,#3957),.UNSPECIFIED.,.F.,
  .F.,(2,2),(5.75,12.75),.PIECEWISE_BEZIER_KNOTS.);
#3956 = CARTESIAN_POINT('',(1.,-3.));
#3957 = CARTESIAN_POINT('',(1.,-10.));
#3958 = ( GEOMETRIC_REPRESENTATION_CONTEXT(2) 
PARAMETRIC_REPRESENTATION_CONTEXT() REPRESENTATION_CONTEXT('2D SPACE',''
  ) );
#3959 = ORIENTED_EDGE('',*,*,#3960,.F.);
#3960 = EDGE_CURVE('',#3961,#3940,#3963,.T.);
#3961 = VERTEX_POINT('',#3962);
#3962 = CARTESIAN_POINT('',(33.,-41.5,0.));
#3963 = SURFACE_CURVE('',#3964,(#3969,#3976),.PCURVE_S1.);
#3964 = CIRCLE('',#3965,3.);
#3965 = AXIS2_PLACEMENT_3D('',#3966,#3967,#3968);
#3966 = CARTESIAN_POINT('',(33.,-38.5,0.));
#3967 = DIRECTION('',(0.,0.,1.));
#3968 = DIRECTION('',(1.,0.,-0.));
#3969 = PCURVE('',#100,#3970);
#3970 = DEFINITIONAL_REPRESENTATION('',(#3971),#3975);
#3971 = CIRCLE('',#3972,3.);
#3972 = AXIS2_PLACEMENT_2D('',#3973,#3974);
#3973 = CARTESIAN_POINT('',(108.,8.5));
#3974 = DIRECTION('',(1.,0.));
#3975 = ( GEOMETRIC_REPRESENTATION_CONTEXT(2) 
PARAMETRIC_REPRESENTATION_CONTEXT() REPRESENTATION_CONTEXT('2D SPACE',''
  ) );
#3976 = PCURVE('',#1111,#3977);
#3977 = DEFINITIONAL_REPRESENTATION('',(#3978),#3982);
#3978 = LINE('',#3979,#3980);
#3979 = CARTESIAN_POINT('',(-6.28318530718,1.));
#3980 = VECTOR('',#3981,1.);
#3981 = DIRECTION('',(1.,-0.));
#3982 = ( GEOMETRIC_REPRESENTATION_CONTEXT(2) 
PARAMETRIC_REPRESENTATION_CONTEXT() REPRESENTATION_CONTEXT('2D SPACE',''
  ) );
#3983 = ORIENTED_EDGE('',*,*,#3984,.T.);
#3984 = EDGE_CURVE('',#3961,#3826,#3985,.T.);
#3985 = SURFACE_CURVE('',#3986,(#3990,#3996),.PCURVE_S1.);
#3986 = LINE('',#3987,#3988);
#3987 = CARTESIAN_POINT('',(-33.5,-41.5,0.));
#3988 = VECTOR('',#3989,1.);
#3989 = DIRECTION('',(-1.,0.,0.));
#3990 = PCURVE('',#100,#3991);
#3991 = DEFINITIONAL_REPRESENTATION('',(#3992),#3995);
#3992 = B_SPLINE_CURVE_WITH_KNOTS('',1,(#3993,#3994),.UNSPECIFIED.,.F.,
  .F.,(2,2),(-66.5,-44.5),.PIECEWISE_BEZIER_KNOTS.);
#3993 = CARTESIAN_POINT('',(108.,5.5));
#3994 = CARTESIAN_POINT('',(86.,5.5));
#3995 = ( GEOMETRIC_REPRESENTATION_CONTEXT(2) 
PARAMETRIC_REPRESENTATION_CONTEXT() REPRESENTATION_CONTEXT('2D SPACE',''
  ) );
#3996 = PCURVE('',#1136,#3997);
#3997 = DEFINITIONAL_REPRESENTATION('',(#3998),#4001);
#3998 = B_SPLINE_CURVE_WITH_KNOTS('',1,(#3999,#4000),.UNSPECIFIED.,.F.,
  .F.,(2,2),(-66.5,-44.5),.PIECEWISE_BEZIER_KNOTS.);
#3999 = CARTESIAN_POINT('',(1.,25.));
#4000 = CARTESIAN_POINT('',(1.,3.));
#4001 = ( GEOMETRIC_REPRESENTATION_CONTEXT(2) 
PARAMETRIC_REPRESENTATION_CONTEXT() REPRESENTATION_CONTEXT('2D SPACE',''
  ) );
#4002 = FACE_BOUND('',#4003,.F.);
#4003 = EDGE_LOOP('',(#4004,#4030,#4051,#4075,#4096,#4120,#4141,#4165));
#4004 = ORIENTED_EDGE('',*,*,#4005,.F.);
#4005 = EDGE_CURVE('',#4006,#4008,#4010,.T.);
#4006 = VERTEX_POINT('',#4007);
#4007 = CARTESIAN_POINT('',(47.5,-29.,0.));
#4008 = VERTEX_POINT('',#4009);
#4009 = CARTESIAN_POINT('',(50.5,-32.,0.));
#4010 = SURFACE_CURVE('',#4011,(#4016,#4023),.PCURVE_S1.);
#4011 = CIRCLE('',#4012,3.);
#4012 = AXIS2_PLACEMENT_3D('',#4013,#4014,#4015);
#4013 = CARTESIAN_POINT('',(50.5,-29.,0.));
#4014 = DIRECTION('',(0.,0.,1.));
#4015 = DIRECTION('',(-1.,-0.,0.));
#4016 = PCURVE('',#100,#4017);
#4017 = DEFINITIONAL_REPRESENTATION('',(#4018),#4022);
#4018 = CIRCLE('',#4019,3.);
#4019 = AXIS2_PLACEMENT_2D('',#4020,#4021);
#4020 = CARTESIAN_POINT('',(125.5,18.));
#4021 = DIRECTION('',(-1.,0.));
#4022 = ( GEOMETRIC_REPRESENTATION_CONTEXT(2) 
PARAMETRIC_REPRESENTATION_CONTEXT() REPRESENTATION_CONTEXT('2D SPACE',''
  ) );
#4023 = PCURVE('',#1168,#4024);
#4024 = DEFINITIONAL_REPRESENTATION('',(#4025),#4029);
#4025 = LINE('',#4026,#4027);
#4026 = CARTESIAN_POINT('',(0.,1.));
#4027 = VECTOR('',#4028,1.);
#4028 = DIRECTION('',(1.,0.));
#4029 = ( GEOMETRIC_REPRESENTATION_CONTEXT(2) 
PARAMETRIC_REPRESENTATION_CONTEXT() REPRESENTATION_CONTEXT('2D SPACE',''
  ) );
#4030 = ORIENTED_EDGE('',*,*,#4031,.T.);
#4031 = EDGE_CURVE('',#4006,#4032,#4034,.T.);
#4032 = VERTEX_POINT('',#4033);
#4033 = CARTESIAN_POINT('',(47.5,-19.,0.));
#4034 = SURFACE_CURVE('',#4035,(#4039,#4045),.PCURVE_S1.);
#4035 = LINE('',#4036,#4037);
#4036 = CARTESIAN_POINT('',(47.5,-39.5,0.));
#4037 = VECTOR('',#4038,1.);
#4038 = DIRECTION('',(0.,1.,0.));
#4039 = PCURVE('',#100,#4040);
#4040 = DEFINITIONAL_REPRESENTATION('',(#4041),#4044);
#4041 = B_SPLINE_CURVE_WITH_KNOTS('',1,(#4042,#4043),.UNSPECIFIED.,.F.,
  .F.,(2,2),(10.5,20.5),.PIECEWISE_BEZIER_KNOTS.);
#4042 = CARTESIAN_POINT('',(122.5,18.));
#4043 = CARTESIAN_POINT('',(122.5,28.));
#4044 = ( GEOMETRIC_REPRESENTATION_CONTEXT(2) 
PARAMETRIC_REPRESENTATION_CONTEXT() REPRESENTATION_CONTEXT('2D SPACE',''
  ) );
#4045 = PCURVE('',#1195,#4046);
#4046 = DEFINITIONAL_REPRESENTATION('',(#4047),#4050);
#4047 = B_SPLINE_CURVE_WITH_KNOTS('',1,(#4048,#4049),.UNSPECIFIED.,.F.,
  .F.,(2,2),(10.5,20.5),.PIECEWISE_BEZIER_KNOTS.);
#4048 = CARTESIAN_POINT('',(1.,-3.));
#4049 = CARTESIAN_POINT('',(1.,-13.));
#4050 = ( GEOMETRIC_REPRESENTATION_CONTEXT(2) 
PARAMETRIC_REPRESENTATION_CONTEXT() REPRESENTATION_CONTEXT('2D SPACE',''
  ) );
#4051 = ORIENTED_EDGE('',*,*,#4052,.F.);
#4052 = EDGE_CURVE('',#4053,#4032,#4055,.T.);
#4053 = VERTEX_POINT('',#4054);
#4054 = CARTESIAN_POINT('',(50.5,-16.,0.));
#4055 = SURFACE_CURVE('',#4056,(#4061,#4068),.PCURVE_S1.);
#4056 = CIRCLE('',#4057,3.);
#4057 = AXIS2_PLACEMENT_3D('',#4058,#4059,#4060);
#4058 = CARTESIAN_POINT('',(50.5,-19.,0.));
#4059 = DIRECTION('',(0.,0.,1.));
#4060 = DIRECTION('',(-1.,-0.,0.));
#4061 = PCURVE('',#100,#4062);
#4062 = DEFINITIONAL_REPRESENTATION('',(#4063),#4067);
#4063 = CIRCLE('',#4064,3.);
#4064 = AXIS2_PLACEMENT_2D('',#4065,#4066);
#4065 = CARTESIAN_POINT('',(125.5,28.));
#4066 = DIRECTION('',(-1.,0.));
#4067 = ( GEOMETRIC_REPRESENTATION_CONTEXT(2) 
PARAMETRIC_REPRESENTATION_CONTEXT() REPRESENTATION_CONTEXT('2D SPACE',''
  ) );
#4068 = PCURVE('',#1223,#4069);
#4069 = DEFINITIONAL_REPRESENTATION('',(#4070),#4074);
#4070 = LINE('',#4071,#4072);
#4071 = CARTESIAN_POINT('',(-6.28318530718,1.));
#4072 = VECTOR('',#4073,1.);
#4073 = DIRECTION('',(1.,-0.));
#4074 = ( GEOMETRIC_REPRESENTATION_CONTEXT(2) 
PARAMETRIC_REPRESENTATION_CONTEXT() REPRESENTATION_CONTEXT('2D SPACE',''
  ) );
#4075 = ORIENTED_EDGE('',*,*,#4076,.F.);
#4076 = EDGE_CURVE('',#4077,#4053,#4079,.T.);
#4077 = VERTEX_POINT('',#4078);
#4078 = CARTESIAN_POINT('',(63.5,-16.,0.));
#4079 = SURFACE_CURVE('',#4080,(#4084,#4090),.PCURVE_S1.);
#4080 = LINE('',#4081,#4082);
#4081 = CARTESIAN_POINT('',(-13.75,-16.,0.));
#4082 = VECTOR('',#4083,1.);
#4083 = DIRECTION('',(-1.,0.,0.));
#4084 = PCURVE('',#100,#4085);
#4085 = DEFINITIONAL_REPRESENTATION('',(#4086),#4089);
#4086 = B_SPLINE_CURVE_WITH_KNOTS('',1,(#4087,#4088),.UNSPECIFIED.,.F.,
  .F.,(2,2),(-77.25,-64.25),.PIECEWISE_BEZIER_KNOTS.);
#4087 = CARTESIAN_POINT('',(138.5,31.));
#4088 = CARTESIAN_POINT('',(125.5,31.));
#4089 = ( GEOMETRIC_REPRESENTATION_CONTEXT(2) 
PARAMETRIC_REPRESENTATION_CONTEXT() REPRESENTATION_CONTEXT('2D SPACE',''
  ) );
#4090 = PCURVE('',#1250,#4091);
#4091 = DEFINITIONAL_REPRESENTATION('',(#4092),#4095);
#4092 = B_SPLINE_CURVE_WITH_KNOTS('',1,(#4093,#4094),.UNSPECIFIED.,.F.,
  .F.,(2,2),(-77.25,-64.25),.PIECEWISE_BEZIER_KNOTS.);
#4093 = CARTESIAN_POINT('',(1.,16.));
#4094 = CARTESIAN_POINT('',(1.,3.));
#4095 = ( GEOMETRIC_REPRESENTATION_CONTEXT(2) 
PARAMETRIC_REPRESENTATION_CONTEXT() REPRESENTATION_CONTEXT('2D SPACE',''
  ) );
#4096 = ORIENTED_EDGE('',*,*,#4097,.F.);
#4097 = EDGE_CURVE('',#4098,#4077,#4100,.T.);
#4098 = VERTEX_POINT('',#4099);
#4099 = CARTESIAN_POINT('',(66.5,-19.,0.));
#4100 = SURFACE_CURVE('',#4101,(#4106,#4113),.PCURVE_S1.);
#4101 = CIRCLE('',#4102,3.);
#4102 = AXIS2_PLACEMENT_3D('',#4103,#4104,#4105);
#4103 = CARTESIAN_POINT('',(63.5,-19.,0.));
#4104 = DIRECTION('',(0.,0.,1.));
#4105 = DIRECTION('',(1.,0.,-0.));
#4106 = PCURVE('',#100,#4107);
#4107 = DEFINITIONAL_REPRESENTATION('',(#4108),#4112);
#4108 = CIRCLE('',#4109,3.);
#4109 = AXIS2_PLACEMENT_2D('',#4110,#4111);
#4110 = CARTESIAN_POINT('',(138.5,28.));
#4111 = DIRECTION('',(1.,0.));
#4112 = ( GEOMETRIC_REPRESENTATION_CONTEXT(2) 
PARAMETRIC_REPRESENTATION_CONTEXT() REPRESENTATION_CONTEXT('2D SPACE',''
  ) );
#4113 = PCURVE('',#1278,#4114);
#4114 = DEFINITIONAL_REPRESENTATION('',(#4115),#4119);
#4115 = LINE('',#4116,#4117);
#4116 = CARTESIAN_POINT('',(0.,1.));
#4117 = VECTOR('',#4118,1.);
#4118 = DIRECTION('',(1.,0.));
#4119 = ( GEOMETRIC_REPRESENTATION_CONTEXT(2) 
PARAMETRIC_REPRESENTATION_CONTEXT() REPRESENTATION_CONTEXT('2D SPACE',''
  ) );
#4120 = ORIENTED_EDGE('',*,*,#4121,.F.);
#4121 = EDGE_CURVE('',#4122,#4098,#4124,.T.);
#4122 = VERTEX_POINT('',#4123);
#4123 = CARTESIAN_POINT('',(66.5,-29.,0.));
#4124 = SURFACE_CURVE('',#4125,(#4129,#4135),.PCURVE_S1.);
#4125 = LINE('',#4126,#4127);
#4126 = CARTESIAN_POINT('',(66.5,-39.5,0.));
#4127 = VECTOR('',#4128,1.);
#4128 = DIRECTION('',(0.,1.,0.));
#4129 = PCURVE('',#100,#4130);
#4130 = DEFINITIONAL_REPRESENTATION('',(#4131),#4134);
#4131 = B_SPLINE_CURVE_WITH_KNOTS('',1,(#4132,#4133),.UNSPECIFIED.,.F.,
  .F.,(2,2),(10.5,20.5),.PIECEWISE_BEZIER_KNOTS.);
#4132 = CARTESIAN_POINT('',(141.5,18.));
#4133 = CARTESIAN_POINT('',(141.5,28.));
#4134 = ( GEOMETRIC_REPRESENTATION_CONTEXT(2) 
PARAMETRIC_REPRESENTATION_CONTEXT() REPRESENTATION_CONTEXT('2D SPACE',''
  ) );
#4135 = PCURVE('',#1305,#4136);
#4136 = DEFINITIONAL_REPRESENTATION('',(#4137),#4140);
#4137 = B_SPLINE_CURVE_WITH_KNOTS('',1,(#4138,#4139),.UNSPECIFIED.,.F.,
  .F.,(2,2),(10.5,20.5),.PIECEWISE_BEZIER_KNOTS.);
#4138 = CARTESIAN_POINT('',(1.,-3.));
#4139 = CARTESIAN_POINT('',(1.,-13.));
#4140 = ( GEOMETRIC_REPRESENTATION_CONTEXT(2) 
PARAMETRIC_REPRESENTATION_CONTEXT() REPRESENTATION_CONTEXT('2D SPACE',''
  ) );
#4141 = ORIENTED_EDGE('',*,*,#4142,.F.);
#4142 = EDGE_CURVE('',#4143,#4122,#4145,.T.);
#4143 = VERTEX_POINT('',#4144);
#4144 = CARTESIAN_POINT('',(63.5,-32.,0.));
#4145 = SURFACE_CURVE('',#4146,(#4151,#4158),.PCURVE_S1.);
#4146 = CIRCLE('',#4147,3.);
#4147 = AXIS2_PLACEMENT_3D('',#4148,#4149,#4150);
#4148 = CARTESIAN_POINT('',(63.5,-29.,0.));
#4149 = DIRECTION('',(0.,0.,1.));
#4150 = DIRECTION('',(1.,0.,-0.));
#4151 = PCURVE('',#100,#4152);
#4152 = DEFINITIONAL_REPRESENTATION('',(#4153),#4157);
#4153 = CIRCLE('',#4154,3.);
#4154 = AXIS2_PLACEMENT_2D('',#4155,#4156);
#4155 = CARTESIAN_POINT('',(138.5,18.));
#4156 = DIRECTION('',(1.,0.));
#4157 = ( GEOMETRIC_REPRESENTATION_CONTEXT(2) 
PARAMETRIC_REPRESENTATION_CONTEXT() REPRESENTATION_CONTEXT('2D SPACE',''
  ) );
#4158 = PCURVE('',#1333,#4159);
#4159 = DEFINITIONAL_REPRESENTATION('',(#4160),#4164);
#4160 = LINE('',#4161,#4162);
#4161 = CARTESIAN_POINT('',(-6.28318530718,1.));
#4162 = VECTOR('',#4163,1.);
#4163 = DIRECTION('',(1.,-0.));
#4164 = ( GEOMETRIC_REPRESENTATION_CONTEXT(2) 
PARAMETRIC_REPRESENTATION_CONTEXT() REPRESENTATION_CONTEXT('2D SPACE',''
  ) );
#4165 = ORIENTED_EDGE('',*,*,#4166,.T.);
#4166 = EDGE_CURVE('',#4143,#4008,#4167,.T.);
#4167 = SURFACE_CURVE('',#4168,(#4172,#4178),.PCURVE_S1.);
#4168 = LINE('',#4169,#4170);
#4169 = CARTESIAN_POINT('',(-13.75,-32.,0.));
#4170 = VECTOR('',#4171,1.);
#4171 = DIRECTION('',(-1.,0.,0.));
#4172 = PCURVE('',#100,#4173);
#4173 = DEFINITIONAL_REPRESENTATION('',(#4174),#4177);
#4174 = B_SPLINE_CURVE_WITH_KNOTS('',1,(#4175,#4176),.UNSPECIFIED.,.F.,
  .F.,(2,2),(-77.25,-64.25),.PIECEWISE_BEZIER_KNOTS.);
#4175 = CARTESIAN_POINT('',(138.5,15.));
#4176 = CARTESIAN_POINT('',(125.5,15.));
#4177 = ( GEOMETRIC_REPRESENTATION_CONTEXT(2) 
PARAMETRIC_REPRESENTATION_CONTEXT() REPRESENTATION_CONTEXT('2D SPACE',''
  ) );
#4178 = PCURVE('',#1470,#4179);
#4179 = DEFINITIONAL_REPRESENTATION('',(#4180),#4183);
#4180 = B_SPLINE_CURVE_WITH_KNOTS('',1,(#4181,#4182),.UNSPECIFIED.,.F.,
  .F.,(2,2),(-77.25,-64.25),.PIECEWISE_BEZIER_KNOTS.);
#4181 = CARTESIAN_POINT('',(1.,16.));
#4182 = CARTESIAN_POINT('',(1.,3.));
#4183 = ( GEOMETRIC_REPRESENTATION_CONTEXT(2) 
PARAMETRIC_REPRESENTATION_CONTEXT() REPRESENTATION_CONTEXT('2D SPACE',''
  ) );
#4184 = FACE_BOUND('',#4185,.F.);
#4185 = EDGE_LOOP('',(#4186));
#4186 = ORIENTED_EDGE('',*,*,#4187,.F.);
#4187 = EDGE_CURVE('',#4188,#4188,#4190,.T.);
#4188 = VERTEX_POINT('',#4189);
#4189 = CARTESIAN_POINT('',(43.65,-18.,0.));
#4190 = SURFACE_CURVE('',#4191,(#4196,#4203),.PCURVE_S1.);
#4191 = CIRCLE('',#4192,1.65);
#4192 = AXIS2_PLACEMENT_3D('',#4193,#4194,#4195);
#4193 = CARTESIAN_POINT('',(42.,-18.,0.));
#4194 = DIRECTION('',(0.,0.,1.));
#4195 = DIRECTION('',(1.,0.,-0.));
#4196 = PCURVE('',#100,#4197);
#4197 = DEFINITIONAL_REPRESENTATION('',(#4198),#4202);
#4198 = CIRCLE('',#4199,1.65);
#4199 = AXIS2_PLACEMENT_2D('',#4200,#4201);
#4200 = CARTESIAN_POINT('',(117.,29.));
#4201 = DIRECTION('',(1.,0.));
#4202 = ( GEOMETRIC_REPRESENTATION_CONTEXT(2) 
PARAMETRIC_REPRESENTATION_CONTEXT() REPRESENTATION_CONTEXT('2D SPACE',''
  ) );
#4203 = PCURVE('',#1500,#4204);
#4204 = DEFINITIONAL_REPRESENTATION('',(#4205),#4209);
#4205 = LINE('',#4206,#4207);
#4206 = CARTESIAN_POINT('',(0.,1.));
#4207 = VECTOR('',#4208,1.);
#4208 = DIRECTION('',(1.,0.));
#4209 = ( GEOMETRIC_REPRESENTATION_CONTEXT(2) 
PARAMETRIC_REPRESENTATION_CONTEXT() REPRESENTATION_CONTEXT('2D SPACE',''
  ) );
#4210 = FACE_BOUND('',#4211,.F.);
#4211 = EDGE_LOOP('',(#4212,#4238,#4259,#4283,#4304,#4328,#4349,#4373));
#4212 = ORIENTED_EDGE('',*,*,#4213,.F.);
#4213 = EDGE_CURVE('',#4214,#4216,#4218,.T.);
#4214 = VERTEX_POINT('',#4215);
#4215 = CARTESIAN_POINT('',(-66.5,-5.,0.));
#4216 = VERTEX_POINT('',#4217);
#4217 = CARTESIAN_POINT('',(-63.5,-8.,0.));
#4218 = SURFACE_CURVE('',#4219,(#4224,#4231),.PCURVE_S1.);
#4219 = CIRCLE('',#4220,3.);
#4220 = AXIS2_PLACEMENT_3D('',#4221,#4222,#4223);
#4221 = CARTESIAN_POINT('',(-63.5,-5.,0.));
#4222 = DIRECTION('',(0.,0.,1.));
#4223 = DIRECTION('',(-1.,-0.,0.));
#4224 = PCURVE('',#100,#4225);
#4225 = DEFINITIONAL_REPRESENTATION('',(#4226),#4230);
#4226 = CIRCLE('',#4227,3.);
#4227 = AXIS2_PLACEMENT_2D('',#4228,#4229);
#4228 = CARTESIAN_POINT('',(11.5,42.));
#4229 = DIRECTION('',(-1.,0.));
#4230 = ( GEOMETRIC_REPRESENTATION_CONTEXT(2) 
PARAMETRIC_REPRESENTATION_CONTEXT() REPRESENTATION_CONTEXT('2D SPACE',''
  ) );
#4231 = PCURVE('',#1533,#4232);
#4232 = DEFINITIONAL_REPRESENTATION('',(#4233),#4237);
#4233 = LINE('',#4234,#4235);
#4234 = CARTESIAN_POINT('',(0.,1.));
#4235 = VECTOR('',#4236,1.);
#4236 = DIRECTION('',(1.,0.));
#4237 = ( GEOMETRIC_REPRESENTATION_CONTEXT(2) 
PARAMETRIC_REPRESENTATION_CONTEXT() REPRESENTATION_CONTEXT('2D SPACE',''
  ) );
#4238 = ORIENTED_EDGE('',*,*,#4239,.T.);
#4239 = EDGE_CURVE('',#4214,#4240,#4242,.T.);
#4240 = VERTEX_POINT('',#4241);
#4241 = CARTESIAN_POINT('',(-66.5,5.,0.));
#4242 = SURFACE_CURVE('',#4243,(#4247,#4253),.PCURVE_S1.);
#4243 = LINE('',#4244,#4245);
#4244 = CARTESIAN_POINT('',(-66.5,-27.5,0.));
#4245 = VECTOR('',#4246,1.);
#4246 = DIRECTION('',(0.,1.,0.));
#4247 = PCURVE('',#100,#4248);
#4248 = DEFINITIONAL_REPRESENTATION('',(#4249),#4252);
#4249 = B_SPLINE_CURVE_WITH_KNOTS('',1,(#4250,#4251),.UNSPECIFIED.,.F.,
  .F.,(2,2),(22.5,32.5),.PIECEWISE_BEZIER_KNOTS.);
#4250 = CARTESIAN_POINT('',(8.5,42.));
#4251 = CARTESIAN_POINT('',(8.5,52.));
#4252 = ( GEOMETRIC_REPRESENTATION_CONTEXT(2) 
PARAMETRIC_REPRESENTATION_CONTEXT() REPRESENTATION_CONTEXT('2D SPACE',''
  ) );
#4253 = PCURVE('',#1560,#4254);
#4254 = DEFINITIONAL_REPRESENTATION('',(#4255),#4258);
#4255 = B_SPLINE_CURVE_WITH_KNOTS('',1,(#4256,#4257),.UNSPECIFIED.,.F.,
  .F.,(2,2),(22.5,32.5),.PIECEWISE_BEZIER_KNOTS.);
#4256 = CARTESIAN_POINT('',(1.,-3.));
#4257 = CARTESIAN_POINT('',(1.,-13.));
#4258 = ( GEOMETRIC_REPRESENTATION_CONTEXT(2) 
PARAMETRIC_REPRESENTATION_CONTEXT() REPRESENTATION_CONTEXT('2D SPACE',''
  ) );
#4259 = ORIENTED_EDGE('',*,*,#4260,.F.);
#4260 = EDGE_CURVE('',#4261,#4240,#4263,.T.);
#4261 = VERTEX_POINT('',#4262);
#4262 = CARTESIAN_POINT('',(-63.5,8.,0.));
#4263 = SURFACE_CURVE('',#4264,(#4269,#4276),.PCURVE_S1.);
#4264 = CIRCLE('',#4265,3.);
#4265 = AXIS2_PLACEMENT_3D('',#4266,#4267,#4268);
#4266 = CARTESIAN_POINT('',(-63.5,5.,0.));
#4267 = DIRECTION('',(0.,0.,1.));
#4268 = DIRECTION('',(-1.,-0.,0.));
#4269 = PCURVE('',#100,#4270);
#4270 = DEFINITIONAL_REPRESENTATION('',(#4271),#4275);
#4271 = CIRCLE('',#4272,3.);
#4272 = AXIS2_PLACEMENT_2D('',#4273,#4274);
#4273 = CARTESIAN_POINT('',(11.5,52.));
#4274 = DIRECTION('',(-1.,0.));
#4275 = ( GEOMETRIC_REPRESENTATION_CONTEXT(2) 
PARAMETRIC_REPRESENTATION_CONTEXT() REPRESENTATION_CONTEXT('2D SPACE',''
  ) );
#4276 = PCURVE('',#1588,#4277);
#4277 = DEFINITIONAL_REPRESENTATION('',(#4278),#4282);
#4278 = LINE('',#4279,#4280);
#4279 = CARTESIAN_POINT('',(-6.28318530718,1.));
#4280 = VECTOR('',#4281,1.);
#4281 = DIRECTION('',(1.,-0.));
#4282 = ( GEOMETRIC_REPRESENTATION_CONTEXT(2) 
PARAMETRIC_REPRESENTATION_CONTEXT() REPRESENTATION_CONTEXT('2D SPACE',''
  ) );
#4283 = ORIENTED_EDGE('',*,*,#4284,.F.);
#4284 = EDGE_CURVE('',#4285,#4261,#4287,.T.);
#4285 = VERTEX_POINT('',#4286);
#4286 = CARTESIAN_POINT('',(-50.5,8.,0.));
#4287 = SURFACE_CURVE('',#4288,(#4292,#4298),.PCURVE_S1.);
#4288 = LINE('',#4289,#4290);
#4289 = CARTESIAN_POINT('',(-70.75,8.,0.));
#4290 = VECTOR('',#4291,1.);
#4291 = DIRECTION('',(-1.,0.,0.));
#4292 = PCURVE('',#100,#4293);
#4293 = DEFINITIONAL_REPRESENTATION('',(#4294),#4297);
#4294 = B_SPLINE_CURVE_WITH_KNOTS('',1,(#4295,#4296),.UNSPECIFIED.,.F.,
  .F.,(2,2),(-20.25,-7.25),.PIECEWISE_BEZIER_KNOTS.);
#4295 = CARTESIAN_POINT('',(24.5,55.));
#4296 = CARTESIAN_POINT('',(11.5,55.));
#4297 = ( GEOMETRIC_REPRESENTATION_CONTEXT(2) 
PARAMETRIC_REPRESENTATION_CONTEXT() REPRESENTATION_CONTEXT('2D SPACE',''
  ) );
#4298 = PCURVE('',#1615,#4299);
#4299 = DEFINITIONAL_REPRESENTATION('',(#4300),#4303);
#4300 = B_SPLINE_CURVE_WITH_KNOTS('',1,(#4301,#4302),.UNSPECIFIED.,.F.,
  .F.,(2,2),(-20.25,-7.25),.PIECEWISE_BEZIER_KNOTS.);
#4301 = CARTESIAN_POINT('',(1.,16.));
#4302 = CARTESIAN_POINT('',(1.,3.));
#4303 = ( GEOMETRIC_REPRESENTATION_CONTEXT(2) 
PARAMETRIC_REPRESENTATION_CONTEXT() REPRESENTATION_CONTEXT('2D SPACE',''
  ) );
#4304 = ORIENTED_EDGE('',*,*,#4305,.F.);
#4305 = EDGE_CURVE('',#4306,#4285,#4308,.T.);
#4306 = VERTEX_POINT('',#4307);
#4307 = CARTESIAN_POINT('',(-47.5,5.,0.));
#4308 = SURFACE_CURVE('',#4309,(#4314,#4321),.PCURVE_S1.);
#4309 = CIRCLE('',#4310,3.);
#4310 = AXIS2_PLACEMENT_3D('',#4311,#4312,#4313);
#4311 = CARTESIAN_POINT('',(-50.5,5.,0.));
#4312 = DIRECTION('',(0.,0.,1.));
#4313 = DIRECTION('',(1.,0.,-0.));
#4314 = PCURVE('',#100,#4315);
#4315 = DEFINITIONAL_REPRESENTATION('',(#4316),#4320);
#4316 = CIRCLE('',#4317,3.);
#4317 = AXIS2_PLACEMENT_2D('',#4318,#4319);
#4318 = CARTESIAN_POINT('',(24.5,52.));
#4319 = DIRECTION('',(1.,0.));
#4320 = ( GEOMETRIC_REPRESENTATION_CONTEXT(2) 
PARAMETRIC_REPRESENTATION_CONTEXT() REPRESENTATION_CONTEXT('2D SPACE',''
  ) );
#4321 = PCURVE('',#1643,#4322);
#4322 = DEFINITIONAL_REPRESENTATION('',(#4323),#4327);
#4323 = LINE('',#4324,#4325);
#4324 = CARTESIAN_POINT('',(0.,1.));
#4325 = VECTOR('',#4326,1.);
#4326 = DIRECTION('',(1.,0.));
#4327 = ( GEOMETRIC_REPRESENTATION_CONTEXT(2) 
PARAMETRIC_REPRESENTATION_CONTEXT() REPRESENTATION_CONTEXT('2D SPACE',''
  ) );
#4328 = ORIENTED_EDGE('',*,*,#4329,.F.);
#4329 = EDGE_CURVE('',#4330,#4306,#4332,.T.);
#4330 = VERTEX_POINT('',#4331);
#4331 = CARTESIAN_POINT('',(-47.5,-5.,0.));
#4332 = SURFACE_CURVE('',#4333,(#4337,#4343),.PCURVE_S1.);
#4333 = LINE('',#4334,#4335);
#4334 = CARTESIAN_POINT('',(-47.5,-27.5,0.));
#4335 = VECTOR('',#4336,1.);
#4336 = DIRECTION('',(0.,1.,0.));
#4337 = PCURVE('',#100,#4338);
#4338 = DEFINITIONAL_REPRESENTATION('',(#4339),#4342);
#4339 = B_SPLINE_CURVE_WITH_KNOTS('',1,(#4340,#4341),.UNSPECIFIED.,.F.,
  .F.,(2,2),(22.5,32.5),.PIECEWISE_BEZIER_KNOTS.);
#4340 = CARTESIAN_POINT('',(27.5,42.));
#4341 = CARTESIAN_POINT('',(27.5,52.));
#4342 = ( GEOMETRIC_REPRESENTATION_CONTEXT(2) 
PARAMETRIC_REPRESENTATION_CONTEXT() REPRESENTATION_CONTEXT('2D SPACE',''
  ) );
#4343 = PCURVE('',#1670,#4344);
#4344 = DEFINITIONAL_REPRESENTATION('',(#4345),#4348);
#4345 = B_SPLINE_CURVE_WITH_KNOTS('',1,(#4346,#4347),.UNSPECIFIED.,.F.,
  .F.,(2,2),(22.5,32.5),.PIECEWISE_BEZIER_KNOTS.);
#4346 = CARTESIAN_POINT('',(1.,-3.));
#4347 = CARTESIAN_POINT('',(1.,-13.));
#4348 = ( GEOMETRIC_REPRESENTATION_CONTEXT(2) 
PARAMETRIC_REPRESENTATION_CONTEXT() REPRESENTATION_CONTEXT('2D SPACE',''
  ) );
#4349 = ORIENTED_EDGE('',*,*,#4350,.F.);
#4350 = EDGE_CURVE('',#4351,#4330,#4353,.T.);
#4351 = VERTEX_POINT('',#4352);
#4352 = CARTESIAN_POINT('',(-50.5,-8.,0.));
#4353 = SURFACE_CURVE('',#4354,(#4359,#4366),.PCURVE_S1.);
#4354 = CIRCLE('',#4355,3.);
#4355 = AXIS2_PLACEMENT_3D('',#4356,#4357,#4358);
#4356 = CARTESIAN_POINT('',(-50.5,-5.,0.));
#4357 = DIRECTION('',(0.,0.,1.));
#4358 = DIRECTION('',(1.,0.,-0.));
#4359 = PCURVE('',#100,#4360);
#4360 = DEFINITIONAL_REPRESENTATION('',(#4361),#4365);
#4361 = CIRCLE('',#4362,3.);
#4362 = AXIS2_PLACEMENT_2D('',#4363,#4364);
#4363 = CARTESIAN_POINT('',(24.5,42.));
#4364 = DIRECTION('',(1.,0.));
#4365 = ( GEOMETRIC_REPRESENTATION_CONTEXT(2) 
PARAMETRIC_REPRESENTATION_CONTEXT() REPRESENTATION_CONTEXT('2D SPACE',''
  ) );
#4366 = PCURVE('',#1698,#4367);
#4367 = DEFINITIONAL_REPRESENTATION('',(#4368),#4372);
#4368 = LINE('',#4369,#4370);
#4369 = CARTESIAN_POINT('',(-6.28318530718,1.));
#4370 = VECTOR('',#4371,1.);
#4371 = DIRECTION('',(1.,-0.));
#4372 = ( GEOMETRIC_REPRESENTATION_CONTEXT(2) 
PARAMETRIC_REPRESENTATION_CONTEXT() REPRESENTATION_CONTEXT('2D SPACE',''
  ) );
#4373 = ORIENTED_EDGE('',*,*,#4374,.T.);
#4374 = EDGE_CURVE('',#4351,#4216,#4375,.T.);
#4375 = SURFACE_CURVE('',#4376,(#4380,#4386),.PCURVE_S1.);
#4376 = LINE('',#4377,#4378);
#4377 = CARTESIAN_POINT('',(-70.75,-8.,0.));
#4378 = VECTOR('',#4379,1.);
#4379 = DIRECTION('',(-1.,0.,0.));
#4380 = PCURVE('',#100,#4381);
#4381 = DEFINITIONAL_REPRESENTATION('',(#4382),#4385);
#4382 = B_SPLINE_CURVE_WITH_KNOTS('',1,(#4383,#4384),.UNSPECIFIED.,.F.,
  .F.,(2,2),(-20.25,-7.25),.PIECEWISE_BEZIER_KNOTS.);
#4383 = CARTESIAN_POINT('',(24.5,39.));
#4384 = CARTESIAN_POINT('',(11.5,39.));
#4385 = ( GEOMETRIC_REPRESENTATION_CONTEXT(2) 
PARAMETRIC_REPRESENTATION_CONTEXT() REPRESENTATION_CONTEXT('2D SPACE',''
  ) );
#4386 = PCURVE('',#1723,#4387);
#4387 = DEFINITIONAL_REPRESENTATION('',(#4388),#4391);
#4388 = B_SPLINE_CURVE_WITH_KNOTS('',1,(#4389,#4390),.UNSPECIFIED.,.F.,
  .F.,(2,2),(-20.25,-7.25),.PIECEWISE_BEZIER_KNOTS.);
#4389 = CARTESIAN_POINT('',(1.,16.));
#4390 = CARTESIAN_POINT('',(1.,3.));
#4391 = ( GEOMETRIC_REPRESENTATION_CONTEXT(2) 
PARAMETRIC_REPRESENTATION_CONTEXT() REPRESENTATION_CONTEXT('2D SPACE',''
  ) );
#4392 = FACE_BOUND('',#4393,.F.);
#4393 = EDGE_LOOP('',(#4394));
#4394 = ORIENTED_EDGE('',*,*,#4395,.F.);
#4395 = EDGE_CURVE('',#4396,#4396,#4398,.T.);
#4396 = VERTEX_POINT('',#4397);
#4397 = CARTESIAN_POINT('',(-40.35,18.,0.));
#4398 = SURFACE_CURVE('',#4399,(#4404,#4411),.PCURVE_S1.);
#4399 = CIRCLE('',#4400,1.65);
#4400 = AXIS2_PLACEMENT_3D('',#4401,#4402,#4403);
#4401 = CARTESIAN_POINT('',(-42.,18.,0.));
#4402 = DIRECTION('',(0.,0.,1.));
#4403 = DIRECTION('',(1.,0.,-0.));
#4404 = PCURVE('',#100,#4405);
#4405 = DEFINITIONAL_REPRESENTATION('',(#4406),#4410);
#4406 = CIRCLE('',#4407,1.65);
#4407 = AXIS2_PLACEMENT_2D('',#4408,#4409);
#4408 = CARTESIAN_POINT('',(33.,65.));
#4409 = DIRECTION('',(1.,0.));
#4410 = ( GEOMETRIC_REPRESENTATION_CONTEXT(2) 
PARAMETRIC_REPRESENTATION_CONTEXT() REPRESENTATION_CONTEXT('2D SPACE',''
  ) );
#4411 = PCURVE('',#1753,#4412);
#4412 = DEFINITIONAL_REPRESENTATION('',(#4413),#4417);
#4413 = LINE('',#4414,#4415);
#4414 = CARTESIAN_POINT('',(0.,1.));
#4415 = VECTOR('',#4416,1.);
#4416 = DIRECTION('',(1.,0.));
#4417 = ( GEOMETRIC_REPRESENTATION_CONTEXT(2) 
PARAMETRIC_REPRESENTATION_CONTEXT() REPRESENTATION_CONTEXT('2D SPACE',''
  ) );
#4418 = FACE_BOUND('',#4419,.F.);
#4419 = EDGE_LOOP('',(#4420,#4446,#4467,#4491,#4512,#4536,#4557,#4581));
#4420 = ORIENTED_EDGE('',*,*,#4421,.F.);
#4421 = EDGE_CURVE('',#4422,#4424,#4426,.T.);
#4422 = VERTEX_POINT('',#4423);
#4423 = CARTESIAN_POINT('',(-66.5,19.,0.));
#4424 = VERTEX_POINT('',#4425);
#4425 = CARTESIAN_POINT('',(-63.5,16.,0.));
#4426 = SURFACE_CURVE('',#4427,(#4432,#4439),.PCURVE_S1.);
#4427 = CIRCLE('',#4428,3.);
#4428 = AXIS2_PLACEMENT_3D('',#4429,#4430,#4431);
#4429 = CARTESIAN_POINT('',(-63.5,19.,0.));
#4430 = DIRECTION('',(0.,0.,1.));
#4431 = DIRECTION('',(-1.,-0.,0.));
#4432 = PCURVE('',#100,#4433);
#4433 = DEFINITIONAL_REPRESENTATION('',(#4434),#4438);
#4434 = CIRCLE('',#4435,3.);
#4435 = AXIS2_PLACEMENT_2D('',#4436,#4437);
#4436 = CARTESIAN_POINT('',(11.5,66.));
#4437 = DIRECTION('',(-1.,0.));
#4438 = ( GEOMETRIC_REPRESENTATION_CONTEXT(2) 
PARAMETRIC_REPRESENTATION_CONTEXT() REPRESENTATION_CONTEXT('2D SPACE',''
  ) );
#4439 = PCURVE('',#1786,#4440);
#4440 = DEFINITIONAL_REPRESENTATION('',(#4441),#4445);
#4441 = LINE('',#4442,#4443);
#4442 = CARTESIAN_POINT('',(0.,1.));
#4443 = VECTOR('',#4444,1.);
#4444 = DIRECTION('',(1.,0.));
#4445 = ( GEOMETRIC_REPRESENTATION_CONTEXT(2) 
PARAMETRIC_REPRESENTATION_CONTEXT() REPRESENTATION_CONTEXT('2D SPACE',''
  ) );
#4446 = ORIENTED_EDGE('',*,*,#4447,.T.);
#4447 = EDGE_CURVE('',#4422,#4448,#4450,.T.);
#4448 = VERTEX_POINT('',#4449);
#4449 = CARTESIAN_POINT('',(-66.5,29.,0.));
#4450 = SURFACE_CURVE('',#4451,(#4455,#4461),.PCURVE_S1.);
#4451 = LINE('',#4452,#4453);
#4452 = CARTESIAN_POINT('',(-66.5,-15.5,0.));
#4453 = VECTOR('',#4454,1.);
#4454 = DIRECTION('',(0.,1.,0.));
#4455 = PCURVE('',#100,#4456);
#4456 = DEFINITIONAL_REPRESENTATION('',(#4457),#4460);
#4457 = B_SPLINE_CURVE_WITH_KNOTS('',1,(#4458,#4459),.UNSPECIFIED.,.F.,
  .F.,(2,2),(34.5,44.5),.PIECEWISE_BEZIER_KNOTS.);
#4458 = CARTESIAN_POINT('',(8.5,66.));
#4459 = CARTESIAN_POINT('',(8.5,76.));
#4460 = ( GEOMETRIC_REPRESENTATION_CONTEXT(2) 
PARAMETRIC_REPRESENTATION_CONTEXT() REPRESENTATION_CONTEXT('2D SPACE',''
  ) );
#4461 = PCURVE('',#1813,#4462);
#4462 = DEFINITIONAL_REPRESENTATION('',(#4463),#4466);
#4463 = B_SPLINE_CURVE_WITH_KNOTS('',1,(#4464,#4465),.UNSPECIFIED.,.F.,
  .F.,(2,2),(34.5,44.5),.PIECEWISE_BEZIER_KNOTS.);
#4464 = CARTESIAN_POINT('',(1.,-3.));
#4465 = CARTESIAN_POINT('',(1.,-13.));
#4466 = ( GEOMETRIC_REPRESENTATION_CONTEXT(2) 
PARAMETRIC_REPRESENTATION_CONTEXT() REPRESENTATION_CONTEXT('2D SPACE',''
  ) );
#4467 = ORIENTED_EDGE('',*,*,#4468,.F.);
#4468 = EDGE_CURVE('',#4469,#4448,#4471,.T.);
#4469 = VERTEX_POINT('',#4470);
#4470 = CARTESIAN_POINT('',(-63.5,32.,0.));
#4471 = SURFACE_CURVE('',#4472,(#4477,#4484),.PCURVE_S1.);
#4472 = CIRCLE('',#4473,3.);
#4473 = AXIS2_PLACEMENT_3D('',#4474,#4475,#4476);
#4474 = CARTESIAN_POINT('',(-63.5,29.,0.));
#4475 = DIRECTION('',(0.,0.,1.));
#4476 = DIRECTION('',(-1.,-0.,0.));
#4477 = PCURVE('',#100,#4478);
#4478 = DEFINITIONAL_REPRESENTATION('',(#4479),#4483);
#4479 = CIRCLE('',#4480,3.);
#4480 = AXIS2_PLACEMENT_2D('',#4481,#4482);
#4481 = CARTESIAN_POINT('',(11.5,76.));
#4482 = DIRECTION('',(-1.,0.));
#4483 = ( GEOMETRIC_REPRESENTATION_CONTEXT(2) 
PARAMETRIC_REPRESENTATION_CONTEXT() REPRESENTATION_CONTEXT('2D SPACE',''
  ) );
#4484 = PCURVE('',#1841,#4485);
#4485 = DEFINITIONAL_REPRESENTATION('',(#4486),#4490);
#4486 = LINE('',#4487,#4488);
#4487 = CARTESIAN_POINT('',(-6.28318530718,1.));
#4488 = VECTOR('',#4489,1.);
#4489 = DIRECTION('',(1.,-0.));
#4490 = ( GEOMETRIC_REPRESENTATION_CONTEXT(2) 
PARAMETRIC_REPRESENTATION_CONTEXT() REPRESENTATION_CONTEXT('2D SPACE',''
  ) );
#4491 = ORIENTED_EDGE('',*,*,#4492,.F.);
#4492 = EDGE_CURVE('',#4493,#4469,#4495,.T.);
#4493 = VERTEX_POINT('',#4494);
#4494 = CARTESIAN_POINT('',(-50.5,32.,0.));
#4495 = SURFACE_CURVE('',#4496,(#4500,#4506),.PCURVE_S1.);
#4496 = LINE('',#4497,#4498);
#4497 = CARTESIAN_POINT('',(-70.75,32.,0.));
#4498 = VECTOR('',#4499,1.);
#4499 = DIRECTION('',(-1.,0.,0.));
#4500 = PCURVE('',#100,#4501);
#4501 = DEFINITIONAL_REPRESENTATION('',(#4502),#4505);
#4502 = B_SPLINE_CURVE_WITH_KNOTS('',1,(#4503,#4504),.UNSPECIFIED.,.F.,
  .F.,(2,2),(-20.25,-7.25),.PIECEWISE_BEZIER_KNOTS.);
#4503 = CARTESIAN_POINT('',(24.5,79.));
#4504 = CARTESIAN_POINT('',(11.5,79.));
#4505 = ( GEOMETRIC_REPRESENTATION_CONTEXT(2) 
PARAMETRIC_REPRESENTATION_CONTEXT() REPRESENTATION_CONTEXT('2D SPACE',''
  ) );
#4506 = PCURVE('',#1980,#4507);
#4507 = DEFINITIONAL_REPRESENTATION('',(#4508),#4511);
#4508 = B_SPLINE_CURVE_WITH_KNOTS('',1,(#4509,#4510),.UNSPECIFIED.,.F.,
  .F.,(2,2),(-20.25,-7.25),.PIECEWISE_BEZIER_KNOTS.);
#4509 = CARTESIAN_POINT('',(1.,16.));
#4510 = CARTESIAN_POINT('',(1.,3.));
#4511 = ( GEOMETRIC_REPRESENTATION_CONTEXT(2) 
PARAMETRIC_REPRESENTATION_CONTEXT() REPRESENTATION_CONTEXT('2D SPACE',''
  ) );
#4512 = ORIENTED_EDGE('',*,*,#4513,.F.);
#4513 = EDGE_CURVE('',#4514,#4493,#4516,.T.);
#4514 = VERTEX_POINT('',#4515);
#4515 = CARTESIAN_POINT('',(-47.5,29.,0.));
#4516 = SURFACE_CURVE('',#4517,(#4522,#4529),.PCURVE_S1.);
#4517 = CIRCLE('',#4518,3.);
#4518 = AXIS2_PLACEMENT_3D('',#4519,#4520,#4521);
#4519 = CARTESIAN_POINT('',(-50.5,29.,0.));
#4520 = DIRECTION('',(0.,0.,1.));
#4521 = DIRECTION('',(1.,0.,-0.));
#4522 = PCURVE('',#100,#4523);
#4523 = DEFINITIONAL_REPRESENTATION('',(#4524),#4528);
#4524 = CIRCLE('',#4525,3.);
#4525 = AXIS2_PLACEMENT_2D('',#4526,#4527);
#4526 = CARTESIAN_POINT('',(24.5,76.));
#4527 = DIRECTION('',(1.,0.));
#4528 = ( GEOMETRIC_REPRESENTATION_CONTEXT(2) 
PARAMETRIC_REPRESENTATION_CONTEXT() REPRESENTATION_CONTEXT('2D SPACE',''
  ) );
#4529 = PCURVE('',#2008,#4530);
#4530 = DEFINITIONAL_REPRESENTATION('',(#4531),#4535);
#4531 = LINE('',#4532,#4533);
#4532 = CARTESIAN_POINT('',(0.,1.));
#4533 = VECTOR('',#4534,1.);
#4534 = DIRECTION('',(1.,0.));
#4535 = ( GEOMETRIC_REPRESENTATION_CONTEXT(2) 
PARAMETRIC_REPRESENTATION_CONTEXT() REPRESENTATION_CONTEXT('2D SPACE',''
  ) );
#4536 = ORIENTED_EDGE('',*,*,#4537,.F.);
#4537 = EDGE_CURVE('',#4538,#4514,#4540,.T.);
#4538 = VERTEX_POINT('',#4539);
#4539 = CARTESIAN_POINT('',(-47.5,19.,0.));
#4540 = SURFACE_CURVE('',#4541,(#4545,#4551),.PCURVE_S1.);
#4541 = LINE('',#4542,#4543);
#4542 = CARTESIAN_POINT('',(-47.5,-15.5,0.));
#4543 = VECTOR('',#4544,1.);
#4544 = DIRECTION('',(0.,1.,0.));
#4545 = PCURVE('',#100,#4546);
#4546 = DEFINITIONAL_REPRESENTATION('',(#4547),#4550);
#4547 = B_SPLINE_CURVE_WITH_KNOTS('',1,(#4548,#4549),.UNSPECIFIED.,.F.,
  .F.,(2,2),(34.5,44.5),.PIECEWISE_BEZIER_KNOTS.);
#4548 = CARTESIAN_POINT('',(27.5,66.));
#4549 = CARTESIAN_POINT('',(27.5,76.));
#4550 = ( GEOMETRIC_REPRESENTATION_CONTEXT(2) 
PARAMETRIC_REPRESENTATION_CONTEXT() REPRESENTATION_CONTEXT('2D SPACE',''
  ) );
#4551 = PCURVE('',#2035,#4552);
#4552 = DEFINITIONAL_REPRESENTATION('',(#4553),#4556);
#4553 = B_SPLINE_CURVE_WITH_KNOTS('',1,(#4554,#4555),.UNSPECIFIED.,.F.,
  .F.,(2,2),(34.5,44.5),.PIECEWISE_BEZIER_KNOTS.);
#4554 = CARTESIAN_POINT('',(1.,-3.));
#4555 = CARTESIAN_POINT('',(1.,-13.));
#4556 = ( GEOMETRIC_REPRESENTATION_CONTEXT(2) 
PARAMETRIC_REPRESENTATION_CONTEXT() REPRESENTATION_CONTEXT('2D SPACE',''
  ) );
#4557 = ORIENTED_EDGE('',*,*,#4558,.F.);
#4558 = EDGE_CURVE('',#4559,#4538,#4561,.T.);
#4559 = VERTEX_POINT('',#4560);
#4560 = CARTESIAN_POINT('',(-50.5,16.,0.));
#4561 = SURFACE_CURVE('',#4562,(#4567,#4574),.PCURVE_S1.);
#4562 = CIRCLE('',#4563,3.);
#4563 = AXIS2_PLACEMENT_3D('',#4564,#4565,#4566);
#4564 = CARTESIAN_POINT('',(-50.5,19.,0.));
#4565 = DIRECTION('',(0.,0.,1.));
#4566 = DIRECTION('',(1.,0.,-0.));
#4567 = PCURVE('',#100,#4568);
#4568 = DEFINITIONAL_REPRESENTATION('',(#4569),#4573);
#4569 = CIRCLE('',#4570,3.);
#4570 = AXIS2_PLACEMENT_2D('',#4571,#4572);
#4571 = CARTESIAN_POINT('',(24.5,66.));
#4572 = DIRECTION('',(1.,0.));
#4573 = ( GEOMETRIC_REPRESENTATION_CONTEXT(2) 
PARAMETRIC_REPRESENTATION_CONTEXT() REPRESENTATION_CONTEXT('2D SPACE',''
  ) );
#4574 = PCURVE('',#2063,#4575);
#4575 = DEFINITIONAL_REPRESENTATION('',(#4576),#4580);
#4576 = LINE('',#4577,#4578);
#4577 = CARTESIAN_POINT('',(-6.28318530718,1.));
#4578 = VECTOR('',#4579,1.);
#4579 = DIRECTION('',(1.,-0.));
#4580 = ( GEOMETRIC_REPRESENTATION_CONTEXT(2) 
PARAMETRIC_REPRESENTATION_CONTEXT() REPRESENTATION_CONTEXT('2D SPACE',''
  ) );
#4581 = ORIENTED_EDGE('',*,*,#4582,.T.);
#4582 = EDGE_CURVE('',#4559,#4424,#4583,.T.);
#4583 = SURFACE_CURVE('',#4584,(#4588,#4594),.PCURVE_S1.);
#4584 = LINE('',#4585,#4586);
#4585 = CARTESIAN_POINT('',(-70.75,16.,0.));
#4586 = VECTOR('',#4587,1.);
#4587 = DIRECTION('',(-1.,0.,0.));
#4588 = PCURVE('',#100,#4589);
#4589 = DEFINITIONAL_REPRESENTATION('',(#4590),#4593);
#4590 = B_SPLINE_CURVE_WITH_KNOTS('',1,(#4591,#4592),.UNSPECIFIED.,.F.,
  .F.,(2,2),(-20.25,-7.25),.PIECEWISE_BEZIER_KNOTS.);
#4591 = CARTESIAN_POINT('',(24.5,63.));
#4592 = CARTESIAN_POINT('',(11.5,63.));
#4593 = ( GEOMETRIC_REPRESENTATION_CONTEXT(2) 
PARAMETRIC_REPRESENTATION_CONTEXT() REPRESENTATION_CONTEXT('2D SPACE',''
  ) );
#4594 = PCURVE('',#2088,#4595);
#4595 = DEFINITIONAL_REPRESENTATION('',(#4596),#4599);
#4596 = B_SPLINE_CURVE_WITH_KNOTS('',1,(#4597,#4598),.UNSPECIFIED.,.F.,
  .F.,(2,2),(-20.25,-7.25),.PIECEWISE_BEZIER_KNOTS.);
#4597 = CARTESIAN_POINT('',(1.,16.));
#4598 = CARTESIAN_POINT('',(1.,3.));
#4599 = ( GEOMETRIC_REPRESENTATION_CONTEXT(2) 
PARAMETRIC_REPRESENTATION_CONTEXT() REPRESENTATION_CONTEXT('2D SPACE',''
  ) );
#4600 = FACE_BOUND('',#4601,.F.);
#4601 = EDGE_LOOP('',(#4602,#4628,#4649,#4673,#4694,#4718,#4739,#4763));
#4602 = ORIENTED_EDGE('',*,*,#4603,.F.);
#4603 = EDGE_CURVE('',#4604,#4606,#4608,.T.);
#4604 = VERTEX_POINT('',#4605);
#4605 = CARTESIAN_POINT('',(-36.,31.5,0.));
#4606 = VERTEX_POINT('',#4607);
#4607 = CARTESIAN_POINT('',(-33.,28.5,0.));
#4608 = SURFACE_CURVE('',#4609,(#4614,#4621),.PCURVE_S1.);
#4609 = CIRCLE('',#4610,3.);
#4610 = AXIS2_PLACEMENT_3D('',#4611,#4612,#4613);
#4611 = CARTESIAN_POINT('',(-33.,31.5,0.));
#4612 = DIRECTION('',(0.,0.,1.));
#4613 = DIRECTION('',(-1.,-0.,0.));
#4614 = PCURVE('',#100,#4615);
#4615 = DEFINITIONAL_REPRESENTATION('',(#4616),#4620);
#4616 = CIRCLE('',#4617,3.);
#4617 = AXIS2_PLACEMENT_2D('',#4618,#4619);
#4618 = CARTESIAN_POINT('',(42.,78.5));
#4619 = DIRECTION('',(-1.,0.));
#4620 = ( GEOMETRIC_REPRESENTATION_CONTEXT(2) 
PARAMETRIC_REPRESENTATION_CONTEXT() REPRESENTATION_CONTEXT('2D SPACE',''
  ) );
#4621 = PCURVE('',#2120,#4622);
#4622 = DEFINITIONAL_REPRESENTATION('',(#4623),#4627);
#4623 = LINE('',#4624,#4625);
#4624 = CARTESIAN_POINT('',(0.,1.));
#4625 = VECTOR('',#4626,1.);
#4626 = DIRECTION('',(1.,0.));
#4627 = ( GEOMETRIC_REPRESENTATION_CONTEXT(2) 
PARAMETRIC_REPRESENTATION_CONTEXT() REPRESENTATION_CONTEXT('2D SPACE',''
  ) );
#4628 = ORIENTED_EDGE('',*,*,#4629,.T.);
#4629 = EDGE_CURVE('',#4604,#4630,#4632,.T.);
#4630 = VERTEX_POINT('',#4631);
#4631 = CARTESIAN_POINT('',(-36.,38.5,0.));
#4632 = SURFACE_CURVE('',#4633,(#4637,#4643),.PCURVE_S1.);
#4633 = LINE('',#4634,#4635);
#4634 = CARTESIAN_POINT('',(-36.,-9.25,0.));
#4635 = VECTOR('',#4636,1.);
#4636 = DIRECTION('',(0.,1.,0.));
#4637 = PCURVE('',#100,#4638);
#4638 = DEFINITIONAL_REPRESENTATION('',(#4639),#4642);
#4639 = B_SPLINE_CURVE_WITH_KNOTS('',1,(#4640,#4641),.UNSPECIFIED.,.F.,
  .F.,(2,2),(40.75,47.75),.PIECEWISE_BEZIER_KNOTS.);
#4640 = CARTESIAN_POINT('',(39.,78.5));
#4641 = CARTESIAN_POINT('',(39.,85.5));
#4642 = ( GEOMETRIC_REPRESENTATION_CONTEXT(2) 
PARAMETRIC_REPRESENTATION_CONTEXT() REPRESENTATION_CONTEXT('2D SPACE',''
  ) );
#4643 = PCURVE('',#2147,#4644);
#4644 = DEFINITIONAL_REPRESENTATION('',(#4645),#4648);
#4645 = B_SPLINE_CURVE_WITH_KNOTS('',1,(#4646,#4647),.UNSPECIFIED.,.F.,
  .F.,(2,2),(40.75,47.75),.PIECEWISE_BEZIER_KNOTS.);
#4646 = CARTESIAN_POINT('',(1.,-3.));
#4647 = CARTESIAN_POINT('',(1.,-10.));
#4648 = ( GEOMETRIC_REPRESENTATION_CONTEXT(2) 
PARAMETRIC_REPRESENTATION_CONTEXT() REPRESENTATION_CONTEXT('2D SPACE',''
  ) );
#4649 = ORIENTED_EDGE('',*,*,#4650,.F.);
#4650 = EDGE_CURVE('',#4651,#4630,#4653,.T.);
#4651 = VERTEX_POINT('',#4652);
#4652 = CARTESIAN_POINT('',(-33.,41.5,0.));
#4653 = SURFACE_CURVE('',#4654,(#4659,#4666),.PCURVE_S1.);
#4654 = CIRCLE('',#4655,3.);
#4655 = AXIS2_PLACEMENT_3D('',#4656,#4657,#4658);
#4656 = CARTESIAN_POINT('',(-33.,38.5,0.));
#4657 = DIRECTION('',(0.,0.,1.));
#4658 = DIRECTION('',(-1.,-0.,0.));
#4659 = PCURVE('',#100,#4660);
#4660 = DEFINITIONAL_REPRESENTATION('',(#4661),#4665);
#4661 = CIRCLE('',#4662,3.);
#4662 = AXIS2_PLACEMENT_2D('',#4663,#4664);
#4663 = CARTESIAN_POINT('',(42.,85.5));
#4664 = DIRECTION('',(-1.,0.));
#4665 = ( GEOMETRIC_REPRESENTATION_CONTEXT(2) 
PARAMETRIC_REPRESENTATION_CONTEXT() REPRESENTATION_CONTEXT('2D SPACE',''
  ) );
#4666 = PCURVE('',#2175,#4667);
#4667 = DEFINITIONAL_REPRESENTATION('',(#4668),#4672);
#4668 = LINE('',#4669,#4670);
#4669 = CARTESIAN_POINT('',(-6.28318530718,1.));
#4670 = VECTOR('',#4671,1.);
#4671 = DIRECTION('',(1.,-0.));
#4672 = ( GEOMETRIC_REPRESENTATION_CONTEXT(2) 
PARAMETRIC_REPRESENTATION_CONTEXT() REPRESENTATION_CONTEXT('2D SPACE',''
  ) );
#4673 = ORIENTED_EDGE('',*,*,#4674,.F.);
#4674 = EDGE_CURVE('',#4675,#4651,#4677,.T.);
#4675 = VERTEX_POINT('',#4676);
#4676 = CARTESIAN_POINT('',(-11.,41.5,0.));
#4677 = SURFACE_CURVE('',#4678,(#4682,#4688),.PCURVE_S1.);
#4678 = LINE('',#4679,#4680);
#4679 = CARTESIAN_POINT('',(-55.5,41.5,0.));
#4680 = VECTOR('',#4681,1.);
#4681 = DIRECTION('',(-1.,0.,0.));
#4682 = PCURVE('',#100,#4683);
#4683 = DEFINITIONAL_REPRESENTATION('',(#4684),#4687);
#4684 = B_SPLINE_CURVE_WITH_KNOTS('',1,(#4685,#4686),.UNSPECIFIED.,.F.,
  .F.,(2,2),(-44.5,-22.5),.PIECEWISE_BEZIER_KNOTS.);
#4685 = CARTESIAN_POINT('',(64.,88.5));
#4686 = CARTESIAN_POINT('',(42.,88.5));
#4687 = ( GEOMETRIC_REPRESENTATION_CONTEXT(2) 
PARAMETRIC_REPRESENTATION_CONTEXT() REPRESENTATION_CONTEXT('2D SPACE',''
  ) );
#4688 = PCURVE('',#2202,#4689);
#4689 = DEFINITIONAL_REPRESENTATION('',(#4690),#4693);
#4690 = B_SPLINE_CURVE_WITH_KNOTS('',1,(#4691,#4692),.UNSPECIFIED.,.F.,
  .F.,(2,2),(-44.5,-22.5),.PIECEWISE_BEZIER_KNOTS.);
#4691 = CARTESIAN_POINT('',(1.,25.));
#4692 = CARTESIAN_POINT('',(1.,3.));
#4693 = ( GEOMETRIC_REPRESENTATION_CONTEXT(2) 
PARAMETRIC_REPRESENTATION_CONTEXT() REPRESENTATION_CONTEXT('2D SPACE',''
  ) );
#4694 = ORIENTED_EDGE('',*,*,#4695,.F.);
#4695 = EDGE_CURVE('',#4696,#4675,#4698,.T.);
#4696 = VERTEX_POINT('',#4697);
#4697 = CARTESIAN_POINT('',(-8.,38.5,0.));
#4698 = SURFACE_CURVE('',#4699,(#4704,#4711),.PCURVE_S1.);
#4699 = CIRCLE('',#4700,3.);
#4700 = AXIS2_PLACEMENT_3D('',#4701,#4702,#4703);
#4701 = CARTESIAN_POINT('',(-11.,38.5,0.));
#4702 = DIRECTION('',(0.,0.,1.));
#4703 = DIRECTION('',(1.,0.,-0.));
#4704 = PCURVE('',#100,#4705);
#4705 = DEFINITIONAL_REPRESENTATION('',(#4706),#4710);
#4706 = CIRCLE('',#4707,3.);
#4707 = AXIS2_PLACEMENT_2D('',#4708,#4709);
#4708 = CARTESIAN_POINT('',(64.,85.5));
#4709 = DIRECTION('',(1.,0.));
#4710 = ( GEOMETRIC_REPRESENTATION_CONTEXT(2) 
PARAMETRIC_REPRESENTATION_CONTEXT() REPRESENTATION_CONTEXT('2D SPACE',''
  ) );
#4711 = PCURVE('',#2230,#4712);
#4712 = DEFINITIONAL_REPRESENTATION('',(#4713),#4717);
#4713 = LINE('',#4714,#4715);
#4714 = CARTESIAN_POINT('',(0.,1.));
#4715 = VECTOR('',#4716,1.);
#4716 = DIRECTION('',(1.,0.));
#4717 = ( GEOMETRIC_REPRESENTATION_CONTEXT(2) 
PARAMETRIC_REPRESENTATION_CONTEXT() REPRESENTATION_CONTEXT('2D SPACE',''
  ) );
#4718 = ORIENTED_EDGE('',*,*,#4719,.F.);
#4719 = EDGE_CURVE('',#4720,#4696,#4722,.T.);
#4720 = VERTEX_POINT('',#4721);
#4721 = CARTESIAN_POINT('',(-8.,31.5,0.));
#4722 = SURFACE_CURVE('',#4723,(#4727,#4733),.PCURVE_S1.);
#4723 = LINE('',#4724,#4725);
#4724 = CARTESIAN_POINT('',(-8.,-9.25,0.));
#4725 = VECTOR('',#4726,1.);
#4726 = DIRECTION('',(0.,1.,0.));
#4727 = PCURVE('',#100,#4728);
#4728 = DEFINITIONAL_REPRESENTATION('',(#4729),#4732);
#4729 = B_SPLINE_CURVE_WITH_KNOTS('',1,(#4730,#4731),.UNSPECIFIED.,.F.,
  .F.,(2,2),(40.75,47.75),.PIECEWISE_BEZIER_KNOTS.);
#4730 = CARTESIAN_POINT('',(67.,78.5));
#4731 = CARTESIAN_POINT('',(67.,85.5));
#4732 = ( GEOMETRIC_REPRESENTATION_CONTEXT(2) 
PARAMETRIC_REPRESENTATION_CONTEXT() REPRESENTATION_CONTEXT('2D SPACE',''
  ) );
#4733 = PCURVE('',#2257,#4734);
#4734 = DEFINITIONAL_REPRESENTATION('',(#4735),#4738);
#4735 = B_SPLINE_CURVE_WITH_KNOTS('',1,(#4736,#4737),.UNSPECIFIED.,.F.,
  .F.,(2,2),(40.75,47.75),.PIECEWISE_BEZIER_KNOTS.);
#4736 = CARTESIAN_POINT('',(1.,-3.));
#4737 = CARTESIAN_POINT('',(1.,-10.));
#4738 = ( GEOMETRIC_REPRESENTATION_CONTEXT(2) 
PARAMETRIC_REPRESENTATION_CONTEXT() REPRESENTATION_CONTEXT('2D SPACE',''
  ) );
#4739 = ORIENTED_EDGE('',*,*,#4740,.F.);
#4740 = EDGE_CURVE('',#4741,#4720,#4743,.T.);
#4741 = VERTEX_POINT('',#4742);
#4742 = CARTESIAN_POINT('',(-11.,28.5,0.));
#4743 = SURFACE_CURVE('',#4744,(#4749,#4756),.PCURVE_S1.);
#4744 = CIRCLE('',#4745,3.);
#4745 = AXIS2_PLACEMENT_3D('',#4746,#4747,#4748);
#4746 = CARTESIAN_POINT('',(-11.,31.5,0.));
#4747 = DIRECTION('',(0.,0.,1.));
#4748 = DIRECTION('',(1.,0.,-0.));
#4749 = PCURVE('',#100,#4750);
#4750 = DEFINITIONAL_REPRESENTATION('',(#4751),#4755);
#4751 = CIRCLE('',#4752,3.);
#4752 = AXIS2_PLACEMENT_2D('',#4753,#4754);
#4753 = CARTESIAN_POINT('',(64.,78.5));
#4754 = DIRECTION('',(1.,0.));
#4755 = ( GEOMETRIC_REPRESENTATION_CONTEXT(2) 
PARAMETRIC_REPRESENTATION_CONTEXT() REPRESENTATION_CONTEXT('2D SPACE',''
  ) );
#4756 = PCURVE('',#2285,#4757);
#4757 = DEFINITIONAL_REPRESENTATION('',(#4758),#4762);
#4758 = LINE('',#4759,#4760);
#4759 = CARTESIAN_POINT('',(-6.28318530718,1.));
#4760 = VECTOR('',#4761,1.);
#4761 = DIRECTION('',(1.,-0.));
#4762 = ( GEOMETRIC_REPRESENTATION_CONTEXT(2) 
PARAMETRIC_REPRESENTATION_CONTEXT() REPRESENTATION_CONTEXT('2D SPACE',''
  ) );
#4763 = ORIENTED_EDGE('',*,*,#4764,.T.);
#4764 = EDGE_CURVE('',#4741,#4606,#4765,.T.);
#4765 = SURFACE_CURVE('',#4766,(#4770,#4776),.PCURVE_S1.);
#4766 = LINE('',#4767,#4768);
#4767 = CARTESIAN_POINT('',(-55.5,28.5,0.));
#4768 = VECTOR('',#4769,1.);
#4769 = DIRECTION('',(-1.,0.,0.));
#4770 = PCURVE('',#100,#4771);
#4771 = DEFINITIONAL_REPRESENTATION('',(#4772),#4775);
#4772 = B_SPLINE_CURVE_WITH_KNOTS('',1,(#4773,#4774),.UNSPECIFIED.,.F.,
  .F.,(2,2),(-44.5,-22.5),.PIECEWISE_BEZIER_KNOTS.);
#4773 = CARTESIAN_POINT('',(64.,75.5));
#4774 = CARTESIAN_POINT('',(42.,75.5));
#4775 = ( GEOMETRIC_REPRESENTATION_CONTEXT(2) 
PARAMETRIC_REPRESENTATION_CONTEXT() REPRESENTATION_CONTEXT('2D SPACE',''
  ) );
#4776 = PCURVE('',#2310,#4777);
#4777 = DEFINITIONAL_REPRESENTATION('',(#4778),#4781);
#4778 = B_SPLINE_CURVE_WITH_KNOTS('',1,(#4779,#4780),.UNSPECIFIED.,.F.,
  .F.,(2,2),(-44.5,-22.5),.PIECEWISE_BEZIER_KNOTS.);
#4779 = CARTESIAN_POINT('',(1.,25.));
#4780 = CARTESIAN_POINT('',(1.,3.));
#4781 = ( GEOMETRIC_REPRESENTATION_CONTEXT(2) 
PARAMETRIC_REPRESENTATION_CONTEXT() REPRESENTATION_CONTEXT('2D SPACE',''
  ) );
#4782 = FACE_BOUND('',#4783,.F.);
#4783 = EDGE_LOOP('',(#4784,#4810,#4831,#4855,#4876,#4900,#4921,#4945));
#4784 = ORIENTED_EDGE('',*,*,#4785,.F.);
#4785 = EDGE_CURVE('',#4786,#4788,#4790,.T.);
#4786 = VERTEX_POINT('',#4787);
#4787 = CARTESIAN_POINT('',(47.5,-5.,0.));
#4788 = VERTEX_POINT('',#4789);
#4789 = CARTESIAN_POINT('',(50.5,-8.,0.));
#4790 = SURFACE_CURVE('',#4791,(#4796,#4803),.PCURVE_S1.);
#4791 = CIRCLE('',#4792,3.);
#4792 = AXIS2_PLACEMENT_3D('',#4793,#4794,#4795);
#4793 = CARTESIAN_POINT('',(50.5,-5.,0.));
#4794 = DIRECTION('',(0.,0.,1.));
#4795 = DIRECTION('',(-1.,-0.,0.));
#4796 = PCURVE('',#100,#4797);
#4797 = DEFINITIONAL_REPRESENTATION('',(#4798),#4802);
#4798 = CIRCLE('',#4799,3.);
#4799 = AXIS2_PLACEMENT_2D('',#4800,#4801);
#4800 = CARTESIAN_POINT('',(125.5,42.));
#4801 = DIRECTION('',(-1.,0.));
#4802 = ( GEOMETRIC_REPRESENTATION_CONTEXT(2) 
PARAMETRIC_REPRESENTATION_CONTEXT() REPRESENTATION_CONTEXT('2D SPACE',''
  ) );
#4803 = PCURVE('',#2342,#4804);
#4804 = DEFINITIONAL_REPRESENTATION('',(#4805),#4809);
#4805 = LINE('',#4806,#4807);
#4806 = CARTESIAN_POINT('',(0.,1.));
#4807 = VECTOR('',#4808,1.);
#4808 = DIRECTION('',(1.,0.));
#4809 = ( GEOMETRIC_REPRESENTATION_CONTEXT(2) 
PARAMETRIC_REPRESENTATION_CONTEXT() REPRESENTATION_CONTEXT('2D SPACE',''
  ) );
#4810 = ORIENTED_EDGE('',*,*,#4811,.T.);
#4811 = EDGE_CURVE('',#4786,#4812,#4814,.T.);
#4812 = VERTEX_POINT('',#4813);
#4813 = CARTESIAN_POINT('',(47.5,5.,0.));
#4814 = SURFACE_CURVE('',#4815,(#4819,#4825),.PCURVE_S1.);
#4815 = LINE('',#4816,#4817);
#4816 = CARTESIAN_POINT('',(47.5,-27.5,0.));
#4817 = VECTOR('',#4818,1.);
#4818 = DIRECTION('',(0.,1.,0.));
#4819 = PCURVE('',#100,#4820);
#4820 = DEFINITIONAL_REPRESENTATION('',(#4821),#4824);
#4821 = B_SPLINE_CURVE_WITH_KNOTS('',1,(#4822,#4823),.UNSPECIFIED.,.F.,
  .F.,(2,2),(22.5,32.5),.PIECEWISE_BEZIER_KNOTS.);
#4822 = CARTESIAN_POINT('',(122.5,42.));
#4823 = CARTESIAN_POINT('',(122.5,52.));
#4824 = ( GEOMETRIC_REPRESENTATION_CONTEXT(2) 
PARAMETRIC_REPRESENTATION_CONTEXT() REPRESENTATION_CONTEXT('2D SPACE',''
  ) );
#4825 = PCURVE('',#2369,#4826);
#4826 = DEFINITIONAL_REPRESENTATION('',(#4827),#4830);
#4827 = B_SPLINE_CURVE_WITH_KNOTS('',1,(#4828,#4829),.UNSPECIFIED.,.F.,
  .F.,(2,2),(22.5,32.5),.PIECEWISE_BEZIER_KNOTS.);
#4828 = CARTESIAN_POINT('',(1.,-3.));
#4829 = CARTESIAN_POINT('',(1.,-13.));
#4830 = ( GEOMETRIC_REPRESENTATION_CONTEXT(2) 
PARAMETRIC_REPRESENTATION_CONTEXT() REPRESENTATION_CONTEXT('2D SPACE',''
  ) );
#4831 = ORIENTED_EDGE('',*,*,#4832,.F.);
#4832 = EDGE_CURVE('',#4833,#4812,#4835,.T.);
#4833 = VERTEX_POINT('',#4834);
#4834 = CARTESIAN_POINT('',(50.5,8.,0.));
#4835 = SURFACE_CURVE('',#4836,(#4841,#4848),.PCURVE_S1.);
#4836 = CIRCLE('',#4837,3.);
#4837 = AXIS2_PLACEMENT_3D('',#4838,#4839,#4840);
#4838 = CARTESIAN_POINT('',(50.5,5.,0.));
#4839 = DIRECTION('',(0.,0.,1.));
#4840 = DIRECTION('',(-1.,-0.,0.));
#4841 = PCURVE('',#100,#4842);
#4842 = DEFINITIONAL_REPRESENTATION('',(#4843),#4847);
#4843 = CIRCLE('',#4844,3.);
#4844 = AXIS2_PLACEMENT_2D('',#4845,#4846);
#4845 = CARTESIAN_POINT('',(125.5,52.));
#4846 = DIRECTION('',(-1.,0.));
#4847 = ( GEOMETRIC_REPRESENTATION_CONTEXT(2) 
PARAMETRIC_REPRESENTATION_CONTEXT() REPRESENTATION_CONTEXT('2D SPACE',''
  ) );
#4848 = PCURVE('',#2397,#4849);
#4849 = DEFINITIONAL_REPRESENTATION('',(#4850),#4854);
#4850 = LINE('',#4851,#4852);
#4851 = CARTESIAN_POINT('',(-6.28318530718,1.));
#4852 = VECTOR('',#4853,1.);
#4853 = DIRECTION('',(1.,-0.));
#4854 = ( GEOMETRIC_REPRESENTATION_CONTEXT(2) 
PARAMETRIC_REPRESENTATION_CONTEXT() REPRESENTATION_CONTEXT('2D SPACE',''
  ) );
#4855 = ORIENTED_EDGE('',*,*,#4856,.F.);
#4856 = EDGE_CURVE('',#4857,#4833,#4859,.T.);
#4857 = VERTEX_POINT('',#4858);
#4858 = CARTESIAN_POINT('',(63.5,8.,0.));
#4859 = SURFACE_CURVE('',#4860,(#4864,#4870),.PCURVE_S1.);
#4860 = LINE('',#4861,#4862);
#4861 = CARTESIAN_POINT('',(-13.75,8.,0.));
#4862 = VECTOR('',#4863,1.);
#4863 = DIRECTION('',(-1.,0.,0.));
#4864 = PCURVE('',#100,#4865);
#4865 = DEFINITIONAL_REPRESENTATION('',(#4866),#4869);
#4866 = B_SPLINE_CURVE_WITH_KNOTS('',1,(#4867,#4868),.UNSPECIFIED.,.F.,
  .F.,(2,2),(-77.25,-64.25),.PIECEWISE_BEZIER_KNOTS.);
#4867 = CARTESIAN_POINT('',(138.5,55.));
#4868 = CARTESIAN_POINT('',(125.5,55.));
#4869 = ( GEOMETRIC_REPRESENTATION_CONTEXT(2) 
PARAMETRIC_REPRESENTATION_CONTEXT() REPRESENTATION_CONTEXT('2D SPACE',''
  ) );
#4870 = PCURVE('',#2424,#4871);
#4871 = DEFINITIONAL_REPRESENTATION('',(#4872),#4875);
#4872 = B_SPLINE_CURVE_WITH_KNOTS('',1,(#4873,#4874),.UNSPECIFIED.,.F.,
  .F.,(2,2),(-77.25,-64.25),.PIECEWISE_BEZIER_KNOTS.);
#4873 = CARTESIAN_POINT('',(1.,16.));
#4874 = CARTESIAN_POINT('',(1.,3.));
#4875 = ( GEOMETRIC_REPRESENTATION_CONTEXT(2) 
PARAMETRIC_REPRESENTATION_CONTEXT() REPRESENTATION_CONTEXT('2D SPACE',''
  ) );
#4876 = ORIENTED_EDGE('',*,*,#4877,.F.);
#4877 = EDGE_CURVE('',#4878,#4857,#4880,.T.);
#4878 = VERTEX_POINT('',#4879);
#4879 = CARTESIAN_POINT('',(66.5,5.,0.));
#4880 = SURFACE_CURVE('',#4881,(#4886,#4893),.PCURVE_S1.);
#4881 = CIRCLE('',#4882,3.);
#4882 = AXIS2_PLACEMENT_3D('',#4883,#4884,#4885);
#4883 = CARTESIAN_POINT('',(63.5,5.,0.));
#4884 = DIRECTION('',(0.,0.,1.));
#4885 = DIRECTION('',(1.,0.,-0.));
#4886 = PCURVE('',#100,#4887);
#4887 = DEFINITIONAL_REPRESENTATION('',(#4888),#4892);
#4888 = CIRCLE('',#4889,3.);
#4889 = AXIS2_PLACEMENT_2D('',#4890,#4891);
#4890 = CARTESIAN_POINT('',(138.5,52.));
#4891 = DIRECTION('',(1.,0.));
#4892 = ( GEOMETRIC_REPRESENTATION_CONTEXT(2) 
PARAMETRIC_REPRESENTATION_CONTEXT() REPRESENTATION_CONTEXT('2D SPACE',''
  ) );
#4893 = PCURVE('',#2452,#4894);
#4894 = DEFINITIONAL_REPRESENTATION('',(#4895),#4899);
#4895 = LINE('',#4896,#4897);
#4896 = CARTESIAN_POINT('',(0.,1.));
#4897 = VECTOR('',#4898,1.);
#4898 = DIRECTION('',(1.,0.));
#4899 = ( GEOMETRIC_REPRESENTATION_CONTEXT(2) 
PARAMETRIC_REPRESENTATION_CONTEXT() REPRESENTATION_CONTEXT('2D SPACE',''
  ) );
#4900 = ORIENTED_EDGE('',*,*,#4901,.F.);
#4901 = EDGE_CURVE('',#4902,#4878,#4904,.T.);
#4902 = VERTEX_POINT('',#4903);
#4903 = CARTESIAN_POINT('',(66.5,-5.,0.));
#4904 = SURFACE_CURVE('',#4905,(#4909,#4915),.PCURVE_S1.);
#4905 = LINE('',#4906,#4907);
#4906 = CARTESIAN_POINT('',(66.5,-27.5,0.));
#4907 = VECTOR('',#4908,1.);
#4908 = DIRECTION('',(0.,1.,0.));
#4909 = PCURVE('',#100,#4910);
#4910 = DEFINITIONAL_REPRESENTATION('',(#4911),#4914);
#4911 = B_SPLINE_CURVE_WITH_KNOTS('',1,(#4912,#4913),.UNSPECIFIED.,.F.,
  .F.,(2,2),(22.5,32.5),.PIECEWISE_BEZIER_KNOTS.);
#4912 = CARTESIAN_POINT('',(141.5,42.));
#4913 = CARTESIAN_POINT('',(141.5,52.));
#4914 = ( GEOMETRIC_REPRESENTATION_CONTEXT(2) 
PARAMETRIC_REPRESENTATION_CONTEXT() REPRESENTATION_CONTEXT('2D SPACE',''
  ) );
#4915 = PCURVE('',#2479,#4916);
#4916 = DEFINITIONAL_REPRESENTATION('',(#4917),#4920);
#4917 = B_SPLINE_CURVE_WITH_KNOTS('',1,(#4918,#4919),.UNSPECIFIED.,.F.,
  .F.,(2,2),(22.5,32.5),.PIECEWISE_BEZIER_KNOTS.);
#4918 = CARTESIAN_POINT('',(1.,-3.));
#4919 = CARTESIAN_POINT('',(1.,-13.));
#4920 = ( GEOMETRIC_REPRESENTATION_CONTEXT(2) 
PARAMETRIC_REPRESENTATION_CONTEXT() REPRESENTATION_CONTEXT('2D SPACE',''
  ) );
#4921 = ORIENTED_EDGE('',*,*,#4922,.F.);
#4922 = EDGE_CURVE('',#4923,#4902,#4925,.T.);
#4923 = VERTEX_POINT('',#4924);
#4924 = CARTESIAN_POINT('',(63.5,-8.,0.));
#4925 = SURFACE_CURVE('',#4926,(#4931,#4938),.PCURVE_S1.);
#4926 = CIRCLE('',#4927,3.);
#4927 = AXIS2_PLACEMENT_3D('',#4928,#4929,#4930);
#4928 = CARTESIAN_POINT('',(63.5,-5.,0.));
#4929 = DIRECTION('',(0.,0.,1.));
#4930 = DIRECTION('',(1.,0.,-0.));
#4931 = PCURVE('',#100,#4932);
#4932 = DEFINITIONAL_REPRESENTATION('',(#4933),#4937);
#4933 = CIRCLE('',#4934,3.);
#4934 = AXIS2_PLACEMENT_2D('',#4935,#4936);
#4935 = CARTESIAN_POINT('',(138.5,42.));
#4936 = DIRECTION('',(1.,0.));
#4937 = ( GEOMETRIC_REPRESENTATION_CONTEXT(2) 
PARAMETRIC_REPRESENTATION_CONTEXT() REPRESENTATION_CONTEXT('2D SPACE',''
  ) );
#4938 = PCURVE('',#2507,#4939);
#4939 = DEFINITIONAL_REPRESENTATION('',(#4940),#4944);
#4940 = LINE('',#4941,#4942);
#4941 = CARTESIAN_POINT('',(-6.28318530718,1.));
#4942 = VECTOR('',#4943,1.);
#4943 = DIRECTION('',(1.,-0.));
#4944 = ( GEOMETRIC_REPRESENTATION_CONTEXT(2) 
PARAMETRIC_REPRESENTATION_CONTEXT() REPRESENTATION_CONTEXT('2D SPACE',''
  ) );
#4945 = ORIENTED_EDGE('',*,*,#4946,.T.);
#4946 = EDGE_CURVE('',#4923,#4788,#4947,.T.);
#4947 = SURFACE_CURVE('',#4948,(#4952,#4958),.PCURVE_S1.);
#4948 = LINE('',#4949,#4950);
#4949 = CARTESIAN_POINT('',(-13.75,-8.,0.));
#4950 = VECTOR('',#4951,1.);
#4951 = DIRECTION('',(-1.,0.,0.));
#4952 = PCURVE('',#100,#4953);
#4953 = DEFINITIONAL_REPRESENTATION('',(#4954),#4957);
#4954 = B_SPLINE_CURVE_WITH_KNOTS('',1,(#4955,#4956),.UNSPECIFIED.,.F.,
  .F.,(2,2),(-77.25,-64.25),.PIECEWISE_BEZIER_KNOTS.);
#4955 = CARTESIAN_POINT('',(138.5,39.));
#4956 = CARTESIAN_POINT('',(125.5,39.));
#4957 = ( GEOMETRIC_REPRESENTATION_CONTEXT(2) 
PARAMETRIC_REPRESENTATION_CONTEXT() REPRESENTATION_CONTEXT('2D SPACE',''
  ) );
#4958 = PCURVE('',#2532,#4959);
#4959 = DEFINITIONAL_REPRESENTATION('',(#4960),#4963);
#4960 = B_SPLINE_CURVE_WITH_KNOTS('',1,(#4961,#4962),.UNSPECIFIED.,.F.,
  .F.,(2,2),(-77.25,-64.25),.PIECEWISE_BEZIER_KNOTS.);
#4961 = CARTESIAN_POINT('',(1.,16.));
#4962 = CARTESIAN_POINT('',(1.,3.));
#4963 = ( GEOMETRIC_REPRESENTATION_CONTEXT(2) 
PARAMETRIC_REPRESENTATION_CONTEXT() REPRESENTATION_CONTEXT('2D SPACE',''
  ) );
#4964 = FACE_BOUND('',#4965,.F.);
#4965 = EDGE_LOOP('',(#4966));
#4966 = ORIENTED_EDGE('',*,*,#4967,.F.);
#4967 = EDGE_CURVE('',#4968,#4968,#4970,.T.);
#4968 = VERTEX_POINT('',#4969);
#4969 = CARTESIAN_POINT('',(43.65,18.,0.));
#4970 = SURFACE_CURVE('',#4971,(#4976,#4983),.PCURVE_S1.);
#4971 = CIRCLE('',#4972,1.65);
#4972 = AXIS2_PLACEMENT_3D('',#4973,#4974,#4975);
#4973 = CARTESIAN_POINT('',(42.,18.,0.));
#4974 = DIRECTION('',(0.,0.,1.));
#4975 = DIRECTION('',(1.,0.,-0.));
#4976 = PCURVE('',#100,#4977);
#4977 = DEFINITIONAL_REPRESENTATION('',(#4978),#4982);
#4978 = CIRCLE('',#4979,1.65);
#4979 = AXIS2_PLACEMENT_2D('',#4980,#4981);
#4980 = CARTESIAN_POINT('',(117.,65.));
#4981 = DIRECTION('',(1.,0.));
#4982 = ( GEOMETRIC_REPRESENTATION_CONTEXT(2) 
PARAMETRIC_REPRESENTATION_CONTEXT() REPRESENTATION_CONTEXT('2D SPACE',''
  ) );
#4983 = PCURVE('',#2562,#4984);
#4984 = DEFINITIONAL_REPRESENTATION('',(#4985),#4989);
#4985 = LINE('',#4986,#4987);
#4986 = CARTESIAN_POINT('',(0.,1.));
#4987 = VECTOR('',#4988,1.);
#4988 = DIRECTION('',(1.,0.));
#4989 = ( GEOMETRIC_REPRESENTATION_CONTEXT(2) 
PARAMETRIC_REPRESENTATION_CONTEXT() REPRESENTATION_CONTEXT('2D SPACE',''
  ) );
#4990 = FACE_BOUND('',#4991,.F.);
#4991 = EDGE_LOOP('',(#4992,#5018,#5039,#5063,#5084,#5108,#5129,#5153));
#4992 = ORIENTED_EDGE('',*,*,#4993,.F.);
#4993 = EDGE_CURVE('',#4994,#4996,#4998,.T.);
#4994 = VERTEX_POINT('',#4995);
#4995 = CARTESIAN_POINT('',(8.,31.5,0.));
#4996 = VERTEX_POINT('',#4997);
#4997 = CARTESIAN_POINT('',(11.,28.5,0.));
#4998 = SURFACE_CURVE('',#4999,(#5004,#5011),.PCURVE_S1.);
#4999 = CIRCLE('',#5000,3.);
#5000 = AXIS2_PLACEMENT_3D('',#5001,#5002,#5003);
#5001 = CARTESIAN_POINT('',(11.,31.5,0.));
#5002 = DIRECTION('',(0.,0.,1.));
#5003 = DIRECTION('',(-1.,-0.,0.));
#5004 = PCURVE('',#100,#5005);
#5005 = DEFINITIONAL_REPRESENTATION('',(#5006),#5010);
#5006 = CIRCLE('',#5007,3.);
#5007 = AXIS2_PLACEMENT_2D('',#5008,#5009);
#5008 = CARTESIAN_POINT('',(86.,78.5));
#5009 = DIRECTION('',(-1.,0.));
#5010 = ( GEOMETRIC_REPRESENTATION_CONTEXT(2) 
PARAMETRIC_REPRESENTATION_CONTEXT() REPRESENTATION_CONTEXT('2D SPACE',''
  ) );
#5011 = PCURVE('',#2595,#5012);
#5012 = DEFINITIONAL_REPRESENTATION('',(#5013),#5017);
#5013 = LINE('',#5014,#5015);
#5014 = CARTESIAN_POINT('',(0.,1.));
#5015 = VECTOR('',#5016,1.);
#5016 = DIRECTION('',(1.,0.));
#5017 = ( GEOMETRIC_REPRESENTATION_CONTEXT(2) 
PARAMETRIC_REPRESENTATION_CONTEXT() REPRESENTATION_CONTEXT('2D SPACE',''
  ) );
#5018 = ORIENTED_EDGE('',*,*,#5019,.T.);
#5019 = EDGE_CURVE('',#4994,#5020,#5022,.T.);
#5020 = VERTEX_POINT('',#5021);
#5021 = CARTESIAN_POINT('',(8.,38.5,0.));
#5022 = SURFACE_CURVE('',#5023,(#5027,#5033),.PCURVE_S1.);
#5023 = LINE('',#5024,#5025);
#5024 = CARTESIAN_POINT('',(8.,-9.25,0.));
#5025 = VECTOR('',#5026,1.);
#5026 = DIRECTION('',(0.,1.,0.));
#5027 = PCURVE('',#100,#5028);
#5028 = DEFINITIONAL_REPRESENTATION('',(#5029),#5032);
#5029 = B_SPLINE_CURVE_WITH_KNOTS('',1,(#5030,#5031),.UNSPECIFIED.,.F.,
  .F.,(2,2),(40.75,47.75),.PIECEWISE_BEZIER_KNOTS.);
#5030 = CARTESIAN_POINT('',(83.,78.5));
#5031 = CARTESIAN_POINT('',(83.,85.5));
#5032 = ( GEOMETRIC_REPRESENTATION_CONTEXT(2) 
PARAMETRIC_REPRESENTATION_CONTEXT() REPRESENTATION_CONTEXT('2D SPACE',''
  ) );
#5033 = PCURVE('',#2622,#5034);
#5034 = DEFINITIONAL_REPRESENTATION('',(#5035),#5038);
#5035 = B_SPLINE_CURVE_WITH_KNOTS('',1,(#5036,#5037),.UNSPECIFIED.,.F.,
  .F.,(2,2),(40.75,47.75),.PIECEWISE_BEZIER_KNOTS.);
#5036 = CARTESIAN_POINT('',(1.,-3.));
#5037 = CARTESIAN_POINT('',(1.,-10.));
#5038 = ( GEOMETRIC_REPRESENTATION_CONTEXT(2) 
PARAMETRIC_REPRESENTATION_CONTEXT() REPRESENTATION_CONTEXT('2D SPACE',''
  ) );
#5039 = ORIENTED_EDGE('',*,*,#5040,.F.);
#5040 = EDGE_CURVE('',#5041,#5020,#5043,.T.);
#5041 = VERTEX_POINT('',#5042);
#5042 = CARTESIAN_POINT('',(11.,41.5,0.));
#5043 = SURFACE_CURVE('',#5044,(#5049,#5056),.PCURVE_S1.);
#5044 = CIRCLE('',#5045,3.);
#5045 = AXIS2_PLACEMENT_3D('',#5046,#5047,#5048);
#5046 = CARTESIAN_POINT('',(11.,38.5,0.));
#5047 = DIRECTION('',(0.,0.,1.));
#5048 = DIRECTION('',(-1.,-0.,0.));
#5049 = PCURVE('',#100,#5050);
#5050 = DEFINITIONAL_REPRESENTATION('',(#5051),#5055);
#5051 = CIRCLE('',#5052,3.);
#5052 = AXIS2_PLACEMENT_2D('',#5053,#5054);
#5053 = CARTESIAN_POINT('',(86.,85.5));
#5054 = DIRECTION('',(-1.,0.));
#5055 = ( GEOMETRIC_REPRESENTATION_CONTEXT(2) 
PARAMETRIC_REPRESENTATION_CONTEXT() REPRESENTATION_CONTEXT('2D SPACE',''
  ) );
#5056 = PCURVE('',#2650,#5057);
#5057 = DEFINITIONAL_REPRESENTATION('',(#5058),#5062);
#5058 = LINE('',#5059,#5060);
#5059 = CARTESIAN_POINT('',(-6.28318530718,1.));
#5060 = VECTOR('',#5061,1.);
#5061 = DIRECTION('',(1.,-0.));
#5062 = ( GEOMETRIC_REPRESENTATION_CONTEXT(2) 
PARAMETRIC_REPRESENTATION_CONTEXT() REPRESENTATION_CONTEXT('2D SPACE',''
  ) );
#5063 = ORIENTED_EDGE('',*,*,#5064,.F.);
#5064 = EDGE_CURVE('',#5065,#5041,#5067,.T.);
#5065 = VERTEX_POINT('',#5066);
#5066 = CARTESIAN_POINT('',(33.,41.5,0.));
#5067 = SURFACE_CURVE('',#5068,(#5072,#5078),.PCURVE_S1.);
#5068 = LINE('',#5069,#5070);
#5069 = CARTESIAN_POINT('',(-33.5,41.5,0.));
#5070 = VECTOR('',#5071,1.);
#5071 = DIRECTION('',(-1.,0.,0.));
#5072 = PCURVE('',#100,#5073);
#5073 = DEFINITIONAL_REPRESENTATION('',(#5074),#5077);
#5074 = B_SPLINE_CURVE_WITH_KNOTS('',1,(#5075,#5076),.UNSPECIFIED.,.F.,
  .F.,(2,2),(-66.5,-44.5),.PIECEWISE_BEZIER_KNOTS.);
#5075 = CARTESIAN_POINT('',(108.,88.5));
#5076 = CARTESIAN_POINT('',(86.,88.5));
#5077 = ( GEOMETRIC_REPRESENTATION_CONTEXT(2) 
PARAMETRIC_REPRESENTATION_CONTEXT() REPRESENTATION_CONTEXT('2D SPACE',''
  ) );
#5078 = PCURVE('',#2677,#5079);
#5079 = DEFINITIONAL_REPRESENTATION('',(#5080),#5083);
#5080 = B_SPLINE_CURVE_WITH_KNOTS('',1,(#5081,#5082),.UNSPECIFIED.,.F.,
  .F.,(2,2),(-66.5,-44.5),.PIECEWISE_BEZIER_KNOTS.);
#5081 = CARTESIAN_POINT('',(1.,25.));
#5082 = CARTESIAN_POINT('',(1.,3.));
#5083 = ( GEOMETRIC_REPRESENTATION_CONTEXT(2) 
PARAMETRIC_REPRESENTATION_CONTEXT() REPRESENTATION_CONTEXT('2D SPACE',''
  ) );
#5084 = ORIENTED_EDGE('',*,*,#5085,.F.);
#5085 = EDGE_CURVE('',#5086,#5065,#5088,.T.);
#5086 = VERTEX_POINT('',#5087);
#5087 = CARTESIAN_POINT('',(36.,38.5,0.));
#5088 = SURFACE_CURVE('',#5089,(#5094,#5101),.PCURVE_S1.);
#5089 = CIRCLE('',#5090,3.);
#5090 = AXIS2_PLACEMENT_3D('',#5091,#5092,#5093);
#5091 = CARTESIAN_POINT('',(33.,38.5,0.));
#5092 = DIRECTION('',(0.,0.,1.));
#5093 = DIRECTION('',(1.,0.,-0.));
#5094 = PCURVE('',#100,#5095);
#5095 = DEFINITIONAL_REPRESENTATION('',(#5096),#5100);
#5096 = CIRCLE('',#5097,3.);
#5097 = AXIS2_PLACEMENT_2D('',#5098,#5099);
#5098 = CARTESIAN_POINT('',(108.,85.5));
#5099 = DIRECTION('',(1.,0.));
#5100 = ( GEOMETRIC_REPRESENTATION_CONTEXT(2) 
PARAMETRIC_REPRESENTATION_CONTEXT() REPRESENTATION_CONTEXT('2D SPACE',''
  ) );
#5101 = PCURVE('',#2705,#5102);
#5102 = DEFINITIONAL_REPRESENTATION('',(#5103),#5107);
#5103 = LINE('',#5104,#5105);
#5104 = CARTESIAN_POINT('',(0.,1.));
#5105 = VECTOR('',#5106,1.);
#5106 = DIRECTION('',(1.,0.));
#5107 = ( GEOMETRIC_REPRESENTATION_CONTEXT(2) 
PARAMETRIC_REPRESENTATION_CONTEXT() REPRESENTATION_CONTEXT('2D SPACE',''
  ) );
#5108 = ORIENTED_EDGE('',*,*,#5109,.F.);
#5109 = EDGE_CURVE('',#5110,#5086,#5112,.T.);
#5110 = VERTEX_POINT('',#5111);
#5111 = CARTESIAN_POINT('',(36.,31.5,0.));
#5112 = SURFACE_CURVE('',#5113,(#5117,#5123),.PCURVE_S1.);
#5113 = LINE('',#5114,#5115);
#5114 = CARTESIAN_POINT('',(36.,-9.25,0.));
#5115 = VECTOR('',#5116,1.);
#5116 = DIRECTION('',(0.,1.,0.));
#5117 = PCURVE('',#100,#5118);
#5118 = DEFINITIONAL_REPRESENTATION('',(#5119),#5122);
#5119 = B_SPLINE_CURVE_WITH_KNOTS('',1,(#5120,#5121),.UNSPECIFIED.,.F.,
  .F.,(2,2),(40.75,47.75),.PIECEWISE_BEZIER_KNOTS.);
#5120 = CARTESIAN_POINT('',(111.,78.5));
#5121 = CARTESIAN_POINT('',(111.,85.5));
#5122 = ( GEOMETRIC_REPRESENTATION_CONTEXT(2) 
PARAMETRIC_REPRESENTATION_CONTEXT() REPRESENTATION_CONTEXT('2D SPACE',''
  ) );
#5123 = PCURVE('',#2732,#5124);
#5124 = DEFINITIONAL_REPRESENTATION('',(#5125),#5128);
#5125 = B_SPLINE_CURVE_WITH_KNOTS('',1,(#5126,#5127),.UNSPECIFIED.,.F.,
  .F.,(2,2),(40.75,47.75),.PIECEWISE_BEZIER_KNOTS.);
#5126 = CARTESIAN_POINT('',(1.,-3.));
#5127 = CARTESIAN_POINT('',(1.,-10.));
#5128 = ( GEOMETRIC_REPRESENTATION_CONTEXT(2) 
PARAMETRIC_REPRESENTATION_CONTEXT() REPRESENTATION_CONTEXT('2D SPACE',''
  ) );
#5129 = ORIENTED_EDGE('',*,*,#5130,.F.);
#5130 = EDGE_CURVE('',#5131,#5110,#5133,.T.);
#5131 = VERTEX_POINT('',#5132);
#5132 = CARTESIAN_POINT('',(33.,28.5,0.));
#5133 = SURFACE_CURVE('',#5134,(#5139,#5146),.PCURVE_S1.);
#5134 = CIRCLE('',#5135,3.);
#5135 = AXIS2_PLACEMENT_3D('',#5136,#5137,#5138);
#5136 = CARTESIAN_POINT('',(33.,31.5,0.));
#5137 = DIRECTION('',(0.,0.,1.));
#5138 = DIRECTION('',(1.,0.,-0.));
#5139 = PCURVE('',#100,#5140);
#5140 = DEFINITIONAL_REPRESENTATION('',(#5141),#5145);
#5141 = CIRCLE('',#5142,3.);
#5142 = AXIS2_PLACEMENT_2D('',#5143,#5144);
#5143 = CARTESIAN_POINT('',(108.,78.5));
#5144 = DIRECTION('',(1.,0.));
#5145 = ( GEOMETRIC_REPRESENTATION_CONTEXT(2) 
PARAMETRIC_REPRESENTATION_CONTEXT() REPRESENTATION_CONTEXT('2D SPACE',''
  ) );
#5146 = PCURVE('',#2760,#5147);
#5147 = DEFINITIONAL_REPRESENTATION('',(#5148),#5152);
#5148 = LINE('',#5149,#5150);
#5149 = CARTESIAN_POINT('',(-6.28318530718,1.));
#5150 = VECTOR('',#5151,1.);
#5151 = DIRECTION('',(1.,-0.));
#5152 = ( GEOMETRIC_REPRESENTATION_CONTEXT(2) 
PARAMETRIC_REPRESENTATION_CONTEXT() REPRESENTATION_CONTEXT('2D SPACE',''
  ) );
#5153 = ORIENTED_EDGE('',*,*,#5154,.T.);
#5154 = EDGE_CURVE('',#5131,#4996,#5155,.T.);
#5155 = SURFACE_CURVE('',#5156,(#5160,#5166),.PCURVE_S1.);
#5156 = LINE('',#5157,#5158);
#5157 = CARTESIAN_POINT('',(-33.5,28.5,0.));
#5158 = VECTOR('',#5159,1.);
#5159 = DIRECTION('',(-1.,0.,0.));
#5160 = PCURVE('',#100,#5161);
#5161 = DEFINITIONAL_REPRESENTATION('',(#5162),#5165);
#5162 = B_SPLINE_CURVE_WITH_KNOTS('',1,(#5163,#5164),.UNSPECIFIED.,.F.,
  .F.,(2,2),(-66.5,-44.5),.PIECEWISE_BEZIER_KNOTS.);
#5163 = CARTESIAN_POINT('',(108.,75.5));
#5164 = CARTESIAN_POINT('',(86.,75.5));
#5165 = ( GEOMETRIC_REPRESENTATION_CONTEXT(2) 
PARAMETRIC_REPRESENTATION_CONTEXT() REPRESENTATION_CONTEXT('2D SPACE',''
  ) );
#5166 = PCURVE('',#2785,#5167);
#5167 = DEFINITIONAL_REPRESENTATION('',(#5168),#5171);
#5168 = B_SPLINE_CURVE_WITH_KNOTS('',1,(#5169,#5170),.UNSPECIFIED.,.F.,
  .F.,(2,2),(-66.5,-44.5),.PIECEWISE_BEZIER_KNOTS.);
#5169 = CARTESIAN_POINT('',(1.,25.));
#5170 = CARTESIAN_POINT('',(1.,3.));
#5171 = ( GEOMETRIC_REPRESENTATION_CONTEXT(2) 
PARAMETRIC_REPRESENTATION_CONTEXT() REPRESENTATION_CONTEXT('2D SPACE',''
  ) );
#5172 = FACE_BOUND('',#5173,.F.);
#5173 = EDGE_LOOP('',(#5174,#5200,#5221,#5245,#5266,#5290,#5311,#5335));
#5174 = ORIENTED_EDGE('',*,*,#5175,.F.);
#5175 = EDGE_CURVE('',#5176,#5178,#5180,.T.);
#5176 = VERTEX_POINT('',#5177);
#5177 = CARTESIAN_POINT('',(47.5,19.,0.));
#5178 = VERTEX_POINT('',#5179);
#5179 = CARTESIAN_POINT('',(50.5,16.,0.));
#5180 = SURFACE_CURVE('',#5181,(#5186,#5193),.PCURVE_S1.);
#5181 = CIRCLE('',#5182,3.);
#5182 = AXIS2_PLACEMENT_3D('',#5183,#5184,#5185);
#5183 = CARTESIAN_POINT('',(50.5,19.,0.));
#5184 = DIRECTION('',(0.,0.,1.));
#5185 = DIRECTION('',(-1.,-0.,0.));
#5186 = PCURVE('',#100,#5187);
#5187 = DEFINITIONAL_REPRESENTATION('',(#5188),#5192);
#5188 = CIRCLE('',#5189,3.);
#5189 = AXIS2_PLACEMENT_2D('',#5190,#5191);
#5190 = CARTESIAN_POINT('',(125.5,66.));
#5191 = DIRECTION('',(-1.,0.));
#5192 = ( GEOMETRIC_REPRESENTATION_CONTEXT(2) 
PARAMETRIC_REPRESENTATION_CONTEXT() REPRESENTATION_CONTEXT('2D SPACE',''
  ) );
#5193 = PCURVE('',#2817,#5194);
#5194 = DEFINITIONAL_REPRESENTATION('',(#5195),#5199);
#5195 = LINE('',#5196,#5197);
#5196 = CARTESIAN_POINT('',(0.,1.));
#5197 = VECTOR('',#5198,1.);
#5198 = DIRECTION('',(1.,0.));
#5199 = ( GEOMETRIC_REPRESENTATION_CONTEXT(2) 
PARAMETRIC_REPRESENTATION_CONTEXT() REPRESENTATION_CONTEXT('2D SPACE',''
  ) );
#5200 = ORIENTED_EDGE('',*,*,#5201,.T.);
#5201 = EDGE_CURVE('',#5176,#5202,#5204,.T.);
#5202 = VERTEX_POINT('',#5203);
#5203 = CARTESIAN_POINT('',(47.5,29.,0.));
#5204 = SURFACE_CURVE('',#5205,(#5209,#5215),.PCURVE_S1.);
#5205 = LINE('',#5206,#5207);
#5206 = CARTESIAN_POINT('',(47.5,-15.5,0.));
#5207 = VECTOR('',#5208,1.);
#5208 = DIRECTION('',(0.,1.,0.));
#5209 = PCURVE('',#100,#5210);
#5210 = DEFINITIONAL_REPRESENTATION('',(#5211),#5214);
#5211 = B_SPLINE_CURVE_WITH_KNOTS('',1,(#5212,#5213),.UNSPECIFIED.,.F.,
  .F.,(2,2),(34.5,44.5),.PIECEWISE_BEZIER_KNOTS.);
#5212 = CARTESIAN_POINT('',(122.5,66.));
#5213 = CARTESIAN_POINT('',(122.5,76.));
#5214 = ( GEOMETRIC_REPRESENTATION_CONTEXT(2) 
PARAMETRIC_REPRESENTATION_CONTEXT() REPRESENTATION_CONTEXT('2D SPACE',''
  ) );
#5215 = PCURVE('',#2844,#5216);
#5216 = DEFINITIONAL_REPRESENTATION('',(#5217),#5220);
#5217 = B_SPLINE_CURVE_WITH_KNOTS('',1,(#5218,#5219),.UNSPECIFIED.,.F.,
  .F.,(2,2),(34.5,44.5),.PIECEWISE_BEZIER_KNOTS.);
#5218 = CARTESIAN_POINT('',(1.,-3.));
#5219 = CARTESIAN_POINT('',(1.,-13.));
#5220 = ( GEOMETRIC_REPRESENTATION_CONTEXT(2) 
PARAMETRIC_REPRESENTATION_CONTEXT() REPRESENTATION_CONTEXT('2D SPACE',''
  ) );
#5221 = ORIENTED_EDGE('',*,*,#5222,.F.);
#5222 = EDGE_CURVE('',#5223,#5202,#5225,.T.);
#5223 = VERTEX_POINT('',#5224);
#5224 = CARTESIAN_POINT('',(50.5,32.,0.));
#5225 = SURFACE_CURVE('',#5226,(#5231,#5238),.PCURVE_S1.);
#5226 = CIRCLE('',#5227,3.);
#5227 = AXIS2_PLACEMENT_3D('',#5228,#5229,#5230);
#5228 = CARTESIAN_POINT('',(50.5,29.,0.));
#5229 = DIRECTION('',(0.,0.,1.));
#5230 = DIRECTION('',(-1.,-0.,0.));
#5231 = PCURVE('',#100,#5232);
#5232 = DEFINITIONAL_REPRESENTATION('',(#5233),#5237);
#5233 = CIRCLE('',#5234,3.);
#5234 = AXIS2_PLACEMENT_2D('',#5235,#5236);
#5235 = CARTESIAN_POINT('',(125.5,76.));
#5236 = DIRECTION('',(-1.,0.));
#5237 = ( GEOMETRIC_REPRESENTATION_CONTEXT(2) 
PARAMETRIC_REPRESENTATION_CONTEXT() REPRESENTATION_CONTEXT('2D SPACE',''
  ) );
#5238 = PCURVE('',#2872,#5239);
#5239 = DEFINITIONAL_REPRESENTATION('',(#5240),#5244);
#5240 = LINE('',#5241,#5242);
#5241 = CARTESIAN_POINT('',(-6.28318530718,1.));
#5242 = VECTOR('',#5243,1.);
#5243 = DIRECTION('',(1.,-0.));
#5244 = ( GEOMETRIC_REPRESENTATION_CONTEXT(2) 
PARAMETRIC_REPRESENTATION_CONTEXT() REPRESENTATION_CONTEXT('2D SPACE',''
  ) );
#5245 = ORIENTED_EDGE('',*,*,#5246,.F.);
#5246 = EDGE_CURVE('',#5247,#5223,#5249,.T.);
#5247 = VERTEX_POINT('',#5248);
#5248 = CARTESIAN_POINT('',(63.5,32.,0.));
#5249 = SURFACE_CURVE('',#5250,(#5254,#5260),.PCURVE_S1.);
#5250 = LINE('',#5251,#5252);
#5251 = CARTESIAN_POINT('',(-13.75,32.,0.));
#5252 = VECTOR('',#5253,1.);
#5253 = DIRECTION('',(-1.,0.,0.));
#5254 = PCURVE('',#100,#5255);
#5255 = DEFINITIONAL_REPRESENTATION('',(#5256),#5259);
#5256 = B_SPLINE_CURVE_WITH_KNOTS('',1,(#5257,#5258),.UNSPECIFIED.,.F.,
  .F.,(2,2),(-77.25,-64.25),.PIECEWISE_BEZIER_KNOTS.);
#5257 = CARTESIAN_POINT('',(138.5,79.));
#5258 = CARTESIAN_POINT('',(125.5,79.));
#5259 = ( GEOMETRIC_REPRESENTATION_CONTEXT(2) 
PARAMETRIC_REPRESENTATION_CONTEXT() REPRESENTATION_CONTEXT('2D SPACE',''
  ) );
#5260 = PCURVE('',#2899,#5261);
#5261 = DEFINITIONAL_REPRESENTATION('',(#5262),#5265);
#5262 = B_SPLINE_CURVE_WITH_KNOTS('',1,(#5263,#5264),.UNSPECIFIED.,.F.,
  .F.,(2,2),(-77.25,-64.25),.PIECEWISE_BEZIER_KNOTS.);
#5263 = CARTESIAN_POINT('',(1.,16.));
#5264 = CARTESIAN_POINT('',(1.,3.));
#5265 = ( GEOMETRIC_REPRESENTATION_CONTEXT(2) 
PARAMETRIC_REPRESENTATION_CONTEXT() REPRESENTATION_CONTEXT('2D SPACE',''
  ) );
#5266 = ORIENTED_EDGE('',*,*,#5267,.F.);
#5267 = EDGE_CURVE('',#5268,#5247,#5270,.T.);
#5268 = VERTEX_POINT('',#5269);
#5269 = CARTESIAN_POINT('',(66.5,29.,0.));
#5270 = SURFACE_CURVE('',#5271,(#5276,#5283),.PCURVE_S1.);
#5271 = CIRCLE('',#5272,3.);
#5272 = AXIS2_PLACEMENT_3D('',#5273,#5274,#5275);
#5273 = CARTESIAN_POINT('',(63.5,29.,0.));
#5274 = DIRECTION('',(0.,0.,1.));
#5275 = DIRECTION('',(1.,0.,-0.));
#5276 = PCURVE('',#100,#5277);
#5277 = DEFINITIONAL_REPRESENTATION('',(#5278),#5282);
#5278 = CIRCLE('',#5279,3.);
#5279 = AXIS2_PLACEMENT_2D('',#5280,#5281);
#5280 = CARTESIAN_POINT('',(138.5,76.));
#5281 = DIRECTION('',(1.,0.));
#5282 = ( GEOMETRIC_REPRESENTATION_CONTEXT(2) 
PARAMETRIC_REPRESENTATION_CONTEXT() REPRESENTATION_CONTEXT('2D SPACE',''
  ) );
#5283 = PCURVE('',#3039,#5284);
#5284 = DEFINITIONAL_REPRESENTATION('',(#5285),#5289);
#5285 = LINE('',#5286,#5287);
#5286 = CARTESIAN_POINT('',(0.,1.));
#5287 = VECTOR('',#5288,1.);
#5288 = DIRECTION('',(1.,0.));
#5289 = ( GEOMETRIC_REPRESENTATION_CONTEXT(2) 
PARAMETRIC_REPRESENTATION_CONTEXT() REPRESENTATION_CONTEXT('2D SPACE',''
  ) );
#5290 = ORIENTED_EDGE('',*,*,#5291,.F.);
#5291 = EDGE_CURVE('',#5292,#5268,#5294,.T.);
#5292 = VERTEX_POINT('',#5293);
#5293 = CARTESIAN_POINT('',(66.5,19.,0.));
#5294 = SURFACE_CURVE('',#5295,(#5299,#5305),.PCURVE_S1.);
#5295 = LINE('',#5296,#5297);
#5296 = CARTESIAN_POINT('',(66.5,-15.5,0.));
#5297 = VECTOR('',#5298,1.);
#5298 = DIRECTION('',(0.,1.,0.));
#5299 = PCURVE('',#100,#5300);
#5300 = DEFINITIONAL_REPRESENTATION('',(#5301),#5304);
#5301 = B_SPLINE_CURVE_WITH_KNOTS('',1,(#5302,#5303),.UNSPECIFIED.,.F.,
  .F.,(2,2),(34.5,44.5),.PIECEWISE_BEZIER_KNOTS.);
#5302 = CARTESIAN_POINT('',(141.5,66.));
#5303 = CARTESIAN_POINT('',(141.5,76.));
#5304 = ( GEOMETRIC_REPRESENTATION_CONTEXT(2) 
PARAMETRIC_REPRESENTATION_CONTEXT() REPRESENTATION_CONTEXT('2D SPACE',''
  ) );
#5305 = PCURVE('',#3066,#5306);
#5306 = DEFINITIONAL_REPRESENTATION('',(#5307),#5310);
#5307 = B_SPLINE_CURVE_WITH_KNOTS('',1,(#5308,#5309),.UNSPECIFIED.,.F.,
  .F.,(2,2),(34.5,44.5),.PIECEWISE_BEZIER_KNOTS.);
#5308 = CARTESIAN_POINT('',(1.,-3.));
#5309 = CARTESIAN_POINT('',(1.,-13.));
#5310 = ( GEOMETRIC_REPRESENTATION_CONTEXT(2) 
PARAMETRIC_REPRESENTATION_CONTEXT() REPRESENTATION_CONTEXT('2D SPACE',''
  ) );
#5311 = ORIENTED_EDGE('',*,*,#5312,.F.);
#5312 = EDGE_CURVE('',#5313,#5292,#5315,.T.);
#5313 = VERTEX_POINT('',#5314);
#5314 = CARTESIAN_POINT('',(63.5,16.,0.));
#5315 = SURFACE_CURVE('',#5316,(#5321,#5328),.PCURVE_S1.);
#5316 = CIRCLE('',#5317,3.);
#5317 = AXIS2_PLACEMENT_3D('',#5318,#5319,#5320);
#5318 = CARTESIAN_POINT('',(63.5,19.,0.));
#5319 = DIRECTION('',(0.,0.,1.));
#5320 = DIRECTION('',(1.,0.,-0.));
#5321 = PCURVE('',#100,#5322);
#5322 = DEFINITIONAL_REPRESENTATION('',(#5323),#5327);
#5323 = CIRCLE('',#5324,3.);
#5324 = AXIS2_PLACEMENT_2D('',#5325,#5326);
#5325 = CARTESIAN_POINT('',(138.5,66.));
#5326 = DIRECTION('',(1.,0.));
#5327 = ( GEOMETRIC_REPRESENTATION_CONTEXT(2) 
PARAMETRIC_REPRESENTATION_CONTEXT() REPRESENTATION_CONTEXT('2D SPACE',''
  ) );
#5328 = PCURVE('',#3094,#5329);
#5329 = DEFINITIONAL_REPRESENTATION('',(#5330),#5334);
#5330 = LINE('',#5331,#5332);
#5331 = CARTESIAN_POINT('',(-6.28318530718,1.));
#5332 = VECTOR('',#5333,1.);
#5333 = DIRECTION('',(1.,-0.));
#5334 = ( GEOMETRIC_REPRESENTATION_CONTEXT(2) 
PARAMETRIC_REPRESENTATION_CONTEXT() REPRESENTATION_CONTEXT('2D SPACE',''
  ) );
#5335 = ORIENTED_EDGE('',*,*,#5336,.T.);
#5336 = EDGE_CURVE('',#5313,#5178,#5337,.T.);
#5337 = SURFACE_CURVE('',#5338,(#5342,#5348),.PCURVE_S1.);
#5338 = LINE('',#5339,#5340);
#5339 = CARTESIAN_POINT('',(-13.75,16.,0.));
#5340 = VECTOR('',#5341,1.);
#5341 = DIRECTION('',(-1.,0.,0.));
#5342 = PCURVE('',#100,#5343);
#5343 = DEFINITIONAL_REPRESENTATION('',(#5344),#5347);
#5344 = B_SPLINE_CURVE_WITH_KNOTS('',1,(#5345,#5346),.UNSPECIFIED.,.F.,
  .F.,(2,2),(-77.25,-64.25),.PIECEWISE_BEZIER_KNOTS.);
#5345 = CARTESIAN_POINT('',(138.5,63.));
#5346 = CARTESIAN_POINT('',(125.5,63.));
#5347 = ( GEOMETRIC_REPRESENTATION_CONTEXT(2) 
PARAMETRIC_REPRESENTATION_CONTEXT() REPRESENTATION_CONTEXT('2D SPACE',''
  ) );
#5348 = PCURVE('',#3119,#5349);
#5349 = DEFINITIONAL_REPRESENTATION('',(#5350),#5353);
#5350 = B_SPLINE_CURVE_WITH_KNOTS('',1,(#5351,#5352),.UNSPECIFIED.,.F.,
  .F.,(2,2),(-77.25,-64.25),.PIECEWISE_BEZIER_KNOTS.);
#5351 = CARTESIAN_POINT('',(1.,16.));
#5352 = CARTESIAN_POINT('',(1.,3.));
#5353 = ( GEOMETRIC_REPRESENTATION_CONTEXT(2) 
PARAMETRIC_REPRESENTATION_CONTEXT() REPRESENTATION_CONTEXT('2D SPACE',''
  ) );
#5354 = ADVANCED_FACE('',(#5355,#5705,#5736,#5767,#5873,#5904,#5935,
    #5966,#6072,#6103,#6209,#6315,#6346,#6377,#6483,#6514,#6620,#6651,
    #6682),#182,.T.);
#5355 = FACE_BOUND('',#5356,.T.);
#5356 = EDGE_LOOP('',(#5357,#5380,#5408,#5436,#5464,#5492,#5515,#5543,
    #5571,#5599,#5627,#5655,#5678,#5704));
#5357 = ORIENTED_EDGE('',*,*,#5358,.F.);
#5358 = EDGE_CURVE('',#5359,#143,#5361,.T.);
#5359 = VERTEX_POINT('',#5360);
#5360 = CARTESIAN_POINT('',(-75.,-44.,3.));
#5361 = SURFACE_CURVE('',#5362,(#5366,#5373),.PCURVE_S1.);
#5362 = LINE('',#5363,#5364);
#5363 = CARTESIAN_POINT('',(-75.,-44.,3.));
#5364 = VECTOR('',#5365,1.);
#5365 = DIRECTION('',(1.,0.,0.));
#5366 = PCURVE('',#182,#5367);
#5367 = DEFINITIONAL_REPRESENTATION('',(#5368),#5372);
#5368 = LINE('',#5369,#5370);
#5369 = CARTESIAN_POINT('',(0.,0.));
#5370 = VECTOR('',#5371,1.);
#5371 = DIRECTION('',(0.,1.));
#5372 = ( GEOMETRIC_REPRESENTATION_CONTEXT(2) 
PARAMETRIC_REPRESENTATION_CONTEXT() REPRESENTATION_CONTEXT('2D SPACE',''
  ) );
#5373 = PCURVE('',#3200,#5374);
#5374 = DEFINITIONAL_REPRESENTATION('',(#5375),#5379);
#5375 = LINE('',#5376,#5377);
#5376 = CARTESIAN_POINT('',(0.,3.));
#5377 = VECTOR('',#5378,1.);
#5378 = DIRECTION('',(1.,0.));
#5379 = ( GEOMETRIC_REPRESENTATION_CONTEXT(2) 
PARAMETRIC_REPRESENTATION_CONTEXT() REPRESENTATION_CONTEXT('2D SPACE',''
  ) );
#5380 = ORIENTED_EDGE('',*,*,#5381,.T.);
#5381 = EDGE_CURVE('',#5359,#5382,#5384,.T.);
#5382 = VERTEX_POINT('',#5383);
#5383 = CARTESIAN_POINT('',(-75.,-44.,56.));
#5384 = SURFACE_CURVE('',#5385,(#5389,#5396),.PCURVE_S1.);
#5385 = LINE('',#5386,#5387);
#5386 = CARTESIAN_POINT('',(-75.,-44.,3.));
#5387 = VECTOR('',#5388,1.);
#5388 = DIRECTION('',(0.,0.,1.));
#5389 = PCURVE('',#182,#5390);
#5390 = DEFINITIONAL_REPRESENTATION('',(#5391),#5395);
#5391 = LINE('',#5392,#5393);
#5392 = CARTESIAN_POINT('',(0.,0.));
#5393 = VECTOR('',#5394,1.);
#5394 = DIRECTION('',(1.,0.));
#5395 = ( GEOMETRIC_REPRESENTATION_CONTEXT(2) 
PARAMETRIC_REPRESENTATION_CONTEXT() REPRESENTATION_CONTEXT('2D SPACE',''
  ) );
#5396 = PCURVE('',#5397,#5402);
#5397 = PLANE('',#5398);
#5398 = AXIS2_PLACEMENT_3D('',#5399,#5400,#5401);
#5399 = CARTESIAN_POINT('',(-75.,44.,3.));
#5400 = DIRECTION('',(1.,0.,0.));
#5401 = DIRECTION('',(0.,0.,1.));
#5402 = DEFINITIONAL_REPRESENTATION('',(#5403),#5407);
#5403 = LINE('',#5404,#5405);
#5404 = CARTESIAN_POINT('',(0.,88.));
#5405 = VECTOR('',#5406,1.);
#5406 = DIRECTION('',(1.,0.));
#5407 = ( GEOMETRIC_REPRESENTATION_CONTEXT(2) 
PARAMETRIC_REPRESENTATION_CONTEXT() REPRESENTATION_CONTEXT('2D SPACE',''
  ) );
#5408 = ORIENTED_EDGE('',*,*,#5409,.T.);
#5409 = EDGE_CURVE('',#5382,#5410,#5412,.T.);
#5410 = VERTEX_POINT('',#5411);
#5411 = CARTESIAN_POINT('',(-72.,-44.,56.));
#5412 = SURFACE_CURVE('',#5413,(#5417,#5424),.PCURVE_S1.);
#5413 = LINE('',#5414,#5415);
#5414 = CARTESIAN_POINT('',(-75.,-44.,56.));
#5415 = VECTOR('',#5416,1.);
#5416 = DIRECTION('',(1.,0.,0.));
#5417 = PCURVE('',#182,#5418);
#5418 = DEFINITIONAL_REPRESENTATION('',(#5419),#5423);
#5419 = LINE('',#5420,#5421);
#5420 = CARTESIAN_POINT('',(53.,0.));
#5421 = VECTOR('',#5422,1.);
#5422 = DIRECTION('',(0.,1.));
#5423 = ( GEOMETRIC_REPRESENTATION_CONTEXT(2) 
PARAMETRIC_REPRESENTATION_CONTEXT() REPRESENTATION_CONTEXT('2D SPACE',''
  ) );
#5424 = PCURVE('',#5425,#5430);
#5425 = PLANE('',#5426);
#5426 = AXIS2_PLACEMENT_3D('',#5427,#5428,#5429);
#5427 = CARTESIAN_POINT('',(-75.,-44.,56.));
#5428 = DIRECTION('',(0.,0.,1.));
#5429 = DIRECTION('',(1.,0.,0.));
#5430 = DEFINITIONAL_REPRESENTATION('',(#5431),#5435);
#5431 = LINE('',#5432,#5433);
#5432 = CARTESIAN_POINT('',(0.,0.));
#5433 = VECTOR('',#5434,1.);
#5434 = DIRECTION('',(1.,0.));
#5435 = ( GEOMETRIC_REPRESENTATION_CONTEXT(2) 
PARAMETRIC_REPRESENTATION_CONTEXT() REPRESENTATION_CONTEXT('2D SPACE',''
  ) );
#5436 = ORIENTED_EDGE('',*,*,#5437,.T.);
#5437 = EDGE_CURVE('',#5410,#5438,#5440,.T.);
#5438 = VERTEX_POINT('',#5439);
#5439 = CARTESIAN_POINT('',(-72.,-44.,64.));
#5440 = SURFACE_CURVE('',#5441,(#5445,#5452),.PCURVE_S1.);
#5441 = LINE('',#5442,#5443);
#5442 = CARTESIAN_POINT('',(-72.,-44.,56.));
#5443 = VECTOR('',#5444,1.);
#5444 = DIRECTION('',(0.,0.,1.));
#5445 = PCURVE('',#182,#5446);
#5446 = DEFINITIONAL_REPRESENTATION('',(#5447),#5451);
#5447 = LINE('',#5448,#5449);
#5448 = CARTESIAN_POINT('',(53.,3.));
#5449 = VECTOR('',#5450,1.);
#5450 = DIRECTION('',(1.,0.));
#5451 = ( GEOMETRIC_REPRESENTATION_CONTEXT(2) 
PARAMETRIC_REPRESENTATION_CONTEXT() REPRESENTATION_CONTEXT('2D SPACE',''
  ) );
#5452 = PCURVE('',#5453,#5458);
#5453 = PLANE('',#5454);
#5454 = AXIS2_PLACEMENT_3D('',#5455,#5456,#5457);
#5455 = CARTESIAN_POINT('',(-72.,-44.,56.));
#5456 = DIRECTION('',(1.,0.,0.));
#5457 = DIRECTION('',(0.,0.,1.));
#5458 = DEFINITIONAL_REPRESENTATION('',(#5459),#5463);
#5459 = LINE('',#5460,#5461);
#5460 = CARTESIAN_POINT('',(0.,0.));
#5461 = VECTOR('',#5462,1.);
#5462 = DIRECTION('',(1.,0.));
#5463 = ( GEOMETRIC_REPRESENTATION_CONTEXT(2) 
PARAMETRIC_REPRESENTATION_CONTEXT() REPRESENTATION_CONTEXT('2D SPACE',''
  ) );
#5464 = ORIENTED_EDGE('',*,*,#5465,.F.);
#5465 = EDGE_CURVE('',#5466,#5438,#5468,.T.);
#5466 = VERTEX_POINT('',#5467);
#5467 = CARTESIAN_POINT('',(-75.,-44.,64.));
#5468 = SURFACE_CURVE('',#5469,(#5473,#5480),.PCURVE_S1.);
#5469 = LINE('',#5470,#5471);
#5470 = CARTESIAN_POINT('',(-75.,-44.,64.));
#5471 = VECTOR('',#5472,1.);
#5472 = DIRECTION('',(1.,0.,0.));
#5473 = PCURVE('',#182,#5474);
#5474 = DEFINITIONAL_REPRESENTATION('',(#5475),#5479);
#5475 = LINE('',#5476,#5477);
#5476 = CARTESIAN_POINT('',(61.,0.));
#5477 = VECTOR('',#5478,1.);
#5478 = DIRECTION('',(0.,1.));
#5479 = ( GEOMETRIC_REPRESENTATION_CONTEXT(2) 
PARAMETRIC_REPRESENTATION_CONTEXT() REPRESENTATION_CONTEXT('2D SPACE',''
  ) );
#5480 = PCURVE('',#5481,#5486);
#5481 = PLANE('',#5482);
#5482 = AXIS2_PLACEMENT_3D('',#5483,#5484,#5485);
#5483 = CARTESIAN_POINT('',(-75.,-44.,64.));
#5484 = DIRECTION('',(0.,0.,1.));
#5485 = DIRECTION('',(1.,0.,0.));
#5486 = DEFINITIONAL_REPRESENTATION('',(#5487),#5491);
#5487 = LINE('',#5488,#5489);
#5488 = CARTESIAN_POINT('',(0.,0.));
#5489 = VECTOR('',#5490,1.);
#5490 = DIRECTION('',(1.,0.));
#5491 = ( GEOMETRIC_REPRESENTATION_CONTEXT(2) 
PARAMETRIC_REPRESENTATION_CONTEXT() REPRESENTATION_CONTEXT('2D SPACE',''
  ) );
#5492 = ORIENTED_EDGE('',*,*,#5493,.T.);
#5493 = EDGE_CURVE('',#5466,#5494,#5496,.T.);
#5494 = VERTEX_POINT('',#5495);
#5495 = CARTESIAN_POINT('',(-75.,-44.,65.));
#5496 = SURFACE_CURVE('',#5497,(#5501,#5508),.PCURVE_S1.);
#5497 = LINE('',#5498,#5499);
#5498 = CARTESIAN_POINT('',(-75.,-44.,3.));
#5499 = VECTOR('',#5500,1.);
#5500 = DIRECTION('',(0.,0.,1.));
#5501 = PCURVE('',#182,#5502);
#5502 = DEFINITIONAL_REPRESENTATION('',(#5503),#5507);
#5503 = LINE('',#5504,#5505);
#5504 = CARTESIAN_POINT('',(0.,0.));
#5505 = VECTOR('',#5506,1.);
#5506 = DIRECTION('',(1.,0.));
#5507 = ( GEOMETRIC_REPRESENTATION_CONTEXT(2) 
PARAMETRIC_REPRESENTATION_CONTEXT() REPRESENTATION_CONTEXT('2D SPACE',''
  ) );
#5508 = PCURVE('',#5397,#5509);
#5509 = DEFINITIONAL_REPRESENTATION('',(#5510),#5514);
#5510 = LINE('',#5511,#5512);
#5511 = CARTESIAN_POINT('',(0.,88.));
#5512 = VECTOR('',#5513,1.);
#5513 = DIRECTION('',(1.,0.));
#5514 = ( GEOMETRIC_REPRESENTATION_CONTEXT(2) 
PARAMETRIC_REPRESENTATION_CONTEXT() REPRESENTATION_CONTEXT('2D SPACE',''
  ) );
#5515 = ORIENTED_EDGE('',*,*,#5516,.T.);
#5516 = EDGE_CURVE('',#5494,#5517,#5519,.T.);
#5517 = VERTEX_POINT('',#5518);
#5518 = CARTESIAN_POINT('',(75.,-44.,65.));
#5519 = SURFACE_CURVE('',#5520,(#5524,#5531),.PCURVE_S1.);
#5520 = LINE('',#5521,#5522);
#5521 = CARTESIAN_POINT('',(-75.,-44.,65.));
#5522 = VECTOR('',#5523,1.);
#5523 = DIRECTION('',(1.,0.,0.));
#5524 = PCURVE('',#182,#5525);
#5525 = DEFINITIONAL_REPRESENTATION('',(#5526),#5530);
#5526 = LINE('',#5527,#5528);
#5527 = CARTESIAN_POINT('',(62.,0.));
#5528 = VECTOR('',#5529,1.);
#5529 = DIRECTION('',(0.,1.));
#5530 = ( GEOMETRIC_REPRESENTATION_CONTEXT(2) 
PARAMETRIC_REPRESENTATION_CONTEXT() REPRESENTATION_CONTEXT('2D SPACE',''
  ) );
#5531 = PCURVE('',#5532,#5537);
#5532 = PLANE('',#5533);
#5533 = AXIS2_PLACEMENT_3D('',#5534,#5535,#5536);
#5534 = CARTESIAN_POINT('',(-75.,-47.,65.));
#5535 = DIRECTION('',(0.,0.,1.));
#5536 = DIRECTION('',(1.,0.,0.));
#5537 = DEFINITIONAL_REPRESENTATION('',(#5538),#5542);
#5538 = LINE('',#5539,#5540);
#5539 = CARTESIAN_POINT('',(0.,3.));
#5540 = VECTOR('',#5541,1.);
#5541 = DIRECTION('',(1.,0.));
#5542 = ( GEOMETRIC_REPRESENTATION_CONTEXT(2) 
PARAMETRIC_REPRESENTATION_CONTEXT() REPRESENTATION_CONTEXT('2D SPACE',''
  ) );
#5543 = ORIENTED_EDGE('',*,*,#5544,.F.);
#5544 = EDGE_CURVE('',#5545,#5517,#5547,.T.);
#5545 = VERTEX_POINT('',#5546);
#5546 = CARTESIAN_POINT('',(75.,-44.,64.));
#5547 = SURFACE_CURVE('',#5548,(#5552,#5559),.PCURVE_S1.);
#5548 = LINE('',#5549,#5550);
#5549 = CARTESIAN_POINT('',(75.,-44.,3.));
#5550 = VECTOR('',#5551,1.);
#5551 = DIRECTION('',(0.,0.,1.));
#5552 = PCURVE('',#182,#5553);
#5553 = DEFINITIONAL_REPRESENTATION('',(#5554),#5558);
#5554 = LINE('',#5555,#5556);
#5555 = CARTESIAN_POINT('',(0.,150.));
#5556 = VECTOR('',#5557,1.);
#5557 = DIRECTION('',(1.,0.));
#5558 = ( GEOMETRIC_REPRESENTATION_CONTEXT(2) 
PARAMETRIC_REPRESENTATION_CONTEXT() REPRESENTATION_CONTEXT('2D SPACE',''
  ) );
#5559 = PCURVE('',#5560,#5565);
#5560 = PLANE('',#5561);
#5561 = AXIS2_PLACEMENT_3D('',#5562,#5563,#5564);
#5562 = CARTESIAN_POINT('',(75.,44.,3.));
#5563 = DIRECTION('',(1.,0.,0.));
#5564 = DIRECTION('',(0.,0.,1.));
#5565 = DEFINITIONAL_REPRESENTATION('',(#5566),#5570);
#5566 = LINE('',#5567,#5568);
#5567 = CARTESIAN_POINT('',(0.,88.));
#5568 = VECTOR('',#5569,1.);
#5569 = DIRECTION('',(1.,0.));
#5570 = ( GEOMETRIC_REPRESENTATION_CONTEXT(2) 
PARAMETRIC_REPRESENTATION_CONTEXT() REPRESENTATION_CONTEXT('2D SPACE',''
  ) );
#5571 = ORIENTED_EDGE('',*,*,#5572,.F.);
#5572 = EDGE_CURVE('',#5573,#5545,#5575,.T.);
#5573 = VERTEX_POINT('',#5574);
#5574 = CARTESIAN_POINT('',(72.,-44.,64.));
#5575 = SURFACE_CURVE('',#5576,(#5580,#5587),.PCURVE_S1.);
#5576 = LINE('',#5577,#5578);
#5577 = CARTESIAN_POINT('',(72.,-44.,64.));
#5578 = VECTOR('',#5579,1.);
#5579 = DIRECTION('',(1.,0.,0.));
#5580 = PCURVE('',#182,#5581);
#5581 = DEFINITIONAL_REPRESENTATION('',(#5582),#5586);
#5582 = LINE('',#5583,#5584);
#5583 = CARTESIAN_POINT('',(61.,147.));
#5584 = VECTOR('',#5585,1.);
#5585 = DIRECTION('',(0.,1.));
#5586 = ( GEOMETRIC_REPRESENTATION_CONTEXT(2) 
PARAMETRIC_REPRESENTATION_CONTEXT() REPRESENTATION_CONTEXT('2D SPACE',''
  ) );
#5587 = PCURVE('',#5588,#5593);
#5588 = PLANE('',#5589);
#5589 = AXIS2_PLACEMENT_3D('',#5590,#5591,#5592);
#5590 = CARTESIAN_POINT('',(72.,-44.,64.));
#5591 = DIRECTION('',(0.,0.,1.));
#5592 = DIRECTION('',(1.,0.,0.));
#5593 = DEFINITIONAL_REPRESENTATION('',(#5594),#5598);
#5594 = LINE('',#5595,#5596);
#5595 = CARTESIAN_POINT('',(0.,0.));
#5596 = VECTOR('',#5597,1.);
#5597 = DIRECTION('',(1.,0.));
#5598 = ( GEOMETRIC_REPRESENTATION_CONTEXT(2) 
PARAMETRIC_REPRESENTATION_CONTEXT() REPRESENTATION_CONTEXT('2D SPACE',''
  ) );
#5599 = ORIENTED_EDGE('',*,*,#5600,.F.);
#5600 = EDGE_CURVE('',#5601,#5573,#5603,.T.);
#5601 = VERTEX_POINT('',#5602);
#5602 = CARTESIAN_POINT('',(72.,-44.,56.));
#5603 = SURFACE_CURVE('',#5604,(#5608,#5615),.PCURVE_S1.);
#5604 = LINE('',#5605,#5606);
#5605 = CARTESIAN_POINT('',(72.,-44.,56.));
#5606 = VECTOR('',#5607,1.);
#5607 = DIRECTION('',(0.,0.,1.));
#5608 = PCURVE('',#182,#5609);
#5609 = DEFINITIONAL_REPRESENTATION('',(#5610),#5614);
#5610 = LINE('',#5611,#5612);
#5611 = CARTESIAN_POINT('',(53.,147.));
#5612 = VECTOR('',#5613,1.);
#5613 = DIRECTION('',(1.,0.));
#5614 = ( GEOMETRIC_REPRESENTATION_CONTEXT(2) 
PARAMETRIC_REPRESENTATION_CONTEXT() REPRESENTATION_CONTEXT('2D SPACE',''
  ) );
#5615 = PCURVE('',#5616,#5621);
#5616 = PLANE('',#5617);
#5617 = AXIS2_PLACEMENT_3D('',#5618,#5619,#5620);
#5618 = CARTESIAN_POINT('',(72.,-44.,56.));
#5619 = DIRECTION('',(1.,0.,0.));
#5620 = DIRECTION('',(0.,0.,1.));
#5621 = DEFINITIONAL_REPRESENTATION('',(#5622),#5626);
#5622 = LINE('',#5623,#5624);
#5623 = CARTESIAN_POINT('',(0.,0.));
#5624 = VECTOR('',#5625,1.);
#5625 = DIRECTION('',(1.,0.));
#5626 = ( GEOMETRIC_REPRESENTATION_CONTEXT(2) 
PARAMETRIC_REPRESENTATION_CONTEXT() REPRESENTATION_CONTEXT('2D SPACE',''
  ) );
#5627 = ORIENTED_EDGE('',*,*,#5628,.T.);
#5628 = EDGE_CURVE('',#5601,#5629,#5631,.T.);
#5629 = VERTEX_POINT('',#5630);
#5630 = CARTESIAN_POINT('',(75.,-44.,56.));
#5631 = SURFACE_CURVE('',#5632,(#5636,#5643),.PCURVE_S1.);
#5632 = LINE('',#5633,#5634);
#5633 = CARTESIAN_POINT('',(72.,-44.,56.));
#5634 = VECTOR('',#5635,1.);
#5635 = DIRECTION('',(1.,0.,0.));
#5636 = PCURVE('',#182,#5637);
#5637 = DEFINITIONAL_REPRESENTATION('',(#5638),#5642);
#5638 = LINE('',#5639,#5640);
#5639 = CARTESIAN_POINT('',(53.,147.));
#5640 = VECTOR('',#5641,1.);
#5641 = DIRECTION('',(0.,1.));
#5642 = ( GEOMETRIC_REPRESENTATION_CONTEXT(2) 
PARAMETRIC_REPRESENTATION_CONTEXT() REPRESENTATION_CONTEXT('2D SPACE',''
  ) );
#5643 = PCURVE('',#5644,#5649);
#5644 = PLANE('',#5645);
#5645 = AXIS2_PLACEMENT_3D('',#5646,#5647,#5648);
#5646 = CARTESIAN_POINT('',(72.,-44.,56.));
#5647 = DIRECTION('',(0.,0.,1.));
#5648 = DIRECTION('',(1.,0.,0.));
#5649 = DEFINITIONAL_REPRESENTATION('',(#5650),#5654);
#5650 = LINE('',#5651,#5652);
#5651 = CARTESIAN_POINT('',(0.,0.));
#5652 = VECTOR('',#5653,1.);
#5653 = DIRECTION('',(1.,0.));
#5654 = ( GEOMETRIC_REPRESENTATION_CONTEXT(2) 
PARAMETRIC_REPRESENTATION_CONTEXT() REPRESENTATION_CONTEXT('2D SPACE',''
  ) );
#5655 = ORIENTED_EDGE('',*,*,#5656,.F.);
#5656 = EDGE_CURVE('',#5657,#5629,#5659,.T.);
#5657 = VERTEX_POINT('',#5658);
#5658 = CARTESIAN_POINT('',(75.,-44.,3.));
#5659 = SURFACE_CURVE('',#5660,(#5664,#5671),.PCURVE_S1.);
#5660 = LINE('',#5661,#5662);
#5661 = CARTESIAN_POINT('',(75.,-44.,3.));
#5662 = VECTOR('',#5663,1.);
#5663 = DIRECTION('',(0.,0.,1.));
#5664 = PCURVE('',#182,#5665);
#5665 = DEFINITIONAL_REPRESENTATION('',(#5666),#5670);
#5666 = LINE('',#5667,#5668);
#5667 = CARTESIAN_POINT('',(0.,150.));
#5668 = VECTOR('',#5669,1.);
#5669 = DIRECTION('',(1.,0.));
#5670 = ( GEOMETRIC_REPRESENTATION_CONTEXT(2) 
PARAMETRIC_REPRESENTATION_CONTEXT() REPRESENTATION_CONTEXT('2D SPACE',''
  ) );
#5671 = PCURVE('',#5560,#5672);
#5672 = DEFINITIONAL_REPRESENTATION('',(#5673),#5677);
#5673 = LINE('',#5674,#5675);
#5674 = CARTESIAN_POINT('',(0.,88.));
#5675 = VECTOR('',#5676,1.);
#5676 = DIRECTION('',(1.,0.));
#5677 = ( GEOMETRIC_REPRESENTATION_CONTEXT(2) 
PARAMETRIC_REPRESENTATION_CONTEXT() REPRESENTATION_CONTEXT('2D SPACE',''
  ) );
#5678 = ORIENTED_EDGE('',*,*,#5679,.F.);
#5679 = EDGE_CURVE('',#167,#5657,#5680,.T.);
#5680 = SURFACE_CURVE('',#5681,(#5685,#5692),.PCURVE_S1.);
#5681 = LINE('',#5682,#5683);
#5682 = CARTESIAN_POINT('',(-75.,-44.,3.));
#5683 = VECTOR('',#5684,1.);
#5684 = DIRECTION('',(1.,0.,0.));
#5685 = PCURVE('',#182,#5686);
#5686 = DEFINITIONAL_REPRESENTATION('',(#5687),#5691);
#5687 = LINE('',#5688,#5689);
#5688 = CARTESIAN_POINT('',(0.,0.));
#5689 = VECTOR('',#5690,1.);
#5690 = DIRECTION('',(0.,1.));
#5691 = ( GEOMETRIC_REPRESENTATION_CONTEXT(2) 
PARAMETRIC_REPRESENTATION_CONTEXT() REPRESENTATION_CONTEXT('2D SPACE',''
  ) );
#5692 = PCURVE('',#5693,#5698);
#5693 = PLANE('',#5694);
#5694 = AXIS2_PLACEMENT_3D('',#5695,#5696,#5697);
#5695 = CARTESIAN_POINT('',(-75.,-47.,3.));
#5696 = DIRECTION('',(0.,0.,1.));
#5697 = DIRECTION('',(1.,0.,0.));
#5698 = DEFINITIONAL_REPRESENTATION('',(#5699),#5703);
#5699 = LINE('',#5700,#5701);
#5700 = CARTESIAN_POINT('',(0.,3.));
#5701 = VECTOR('',#5702,1.);
#5702 = DIRECTION('',(1.,0.));
#5703 = ( GEOMETRIC_REPRESENTATION_CONTEXT(2) 
PARAMETRIC_REPRESENTATION_CONTEXT() REPRESENTATION_CONTEXT('2D SPACE',''
  ) );
#5704 = ORIENTED_EDGE('',*,*,#166,.F.);
#5705 = FACE_BOUND('',#5706,.T.);
#5706 = EDGE_LOOP('',(#5707));
#5707 = ORIENTED_EDGE('',*,*,#5708,.F.);
#5708 = EDGE_CURVE('',#5709,#5709,#5711,.T.);
#5709 = VERTEX_POINT('',#5710);
#5710 = CARTESIAN_POINT('',(-67.,-44.,28.65));
#5711 = SURFACE_CURVE('',#5712,(#5717,#5724),.PCURVE_S1.);
#5712 = CIRCLE('',#5713,1.65);
#5713 = AXIS2_PLACEMENT_3D('',#5714,#5715,#5716);
#5714 = CARTESIAN_POINT('',(-67.,-44.,27.));
#5715 = DIRECTION('',(0.,1.,0.));
#5716 = DIRECTION('',(0.,-0.,1.));
#5717 = PCURVE('',#182,#5718);
#5718 = DEFINITIONAL_REPRESENTATION('',(#5719),#5723);
#5719 = CIRCLE('',#5720,1.65);
#5720 = AXIS2_PLACEMENT_2D('',#5721,#5722);
#5721 = CARTESIAN_POINT('',(24.,8.));
#5722 = DIRECTION('',(1.,0.));
#5723 = ( GEOMETRIC_REPRESENTATION_CONTEXT(2) 
PARAMETRIC_REPRESENTATION_CONTEXT() REPRESENTATION_CONTEXT('2D SPACE',''
  ) );
#5724 = PCURVE('',#5725,#5730);
#5725 = CYLINDRICAL_SURFACE('',#5726,1.65);
#5726 = AXIS2_PLACEMENT_3D('',#5727,#5728,#5729);
#5727 = CARTESIAN_POINT('',(-67.,-51.5,27.));
#5728 = DIRECTION('',(0.,1.,0.));
#5729 = DIRECTION('',(0.,-0.,1.));
#5730 = DEFINITIONAL_REPRESENTATION('',(#5731),#5735);
#5731 = LINE('',#5732,#5733);
#5732 = CARTESIAN_POINT('',(0.,7.5));
#5733 = VECTOR('',#5734,1.);
#5734 = DIRECTION('',(1.,0.));
#5735 = ( GEOMETRIC_REPRESENTATION_CONTEXT(2) 
PARAMETRIC_REPRESENTATION_CONTEXT() REPRESENTATION_CONTEXT('2D SPACE',''
  ) );
#5736 = FACE_BOUND('',#5737,.T.);
#5737 = EDGE_LOOP('',(#5738));
#5738 = ORIENTED_EDGE('',*,*,#5739,.F.);
#5739 = EDGE_CURVE('',#5740,#5740,#5742,.T.);
#5740 = VERTEX_POINT('',#5741);
#5741 = CARTESIAN_POINT('',(-53.,-44.,28.65));
#5742 = SURFACE_CURVE('',#5743,(#5748,#5755),.PCURVE_S1.);
#5743 = CIRCLE('',#5744,1.65);
#5744 = AXIS2_PLACEMENT_3D('',#5745,#5746,#5747);
#5745 = CARTESIAN_POINT('',(-53.,-44.,27.));
#5746 = DIRECTION('',(0.,1.,0.));
#5747 = DIRECTION('',(0.,-0.,1.));
#5748 = PCURVE('',#182,#5749);
#5749 = DEFINITIONAL_REPRESENTATION('',(#5750),#5754);
#5750 = CIRCLE('',#5751,1.65);
#5751 = AXIS2_PLACEMENT_2D('',#5752,#5753);
#5752 = CARTESIAN_POINT('',(24.,22.));
#5753 = DIRECTION('',(1.,0.));
#5754 = ( GEOMETRIC_REPRESENTATION_CONTEXT(2) 
PARAMETRIC_REPRESENTATION_CONTEXT() REPRESENTATION_CONTEXT('2D SPACE',''
  ) );
#5755 = PCURVE('',#5756,#5761);
#5756 = CYLINDRICAL_SURFACE('',#5757,1.65);
#5757 = AXIS2_PLACEMENT_3D('',#5758,#5759,#5760);
#5758 = CARTESIAN_POINT('',(-53.,-51.5,27.));
#5759 = DIRECTION('',(0.,1.,0.));
#5760 = DIRECTION('',(0.,-0.,1.));
#5761 = DEFINITIONAL_REPRESENTATION('',(#5762),#5766);
#5762 = LINE('',#5763,#5764);
#5763 = CARTESIAN_POINT('',(0.,7.5));
#5764 = VECTOR('',#5765,1.);
#5765 = DIRECTION('',(1.,0.));
#5766 = ( GEOMETRIC_REPRESENTATION_CONTEXT(2) 
PARAMETRIC_REPRESENTATION_CONTEXT() REPRESENTATION_CONTEXT('2D SPACE',''
  ) );
#5767 = FACE_BOUND('',#5768,.T.);
#5768 = EDGE_LOOP('',(#5769,#5797,#5823,#5849));
#5769 = ORIENTED_EDGE('',*,*,#5770,.F.);
#5770 = EDGE_CURVE('',#5771,#5773,#5775,.T.);
#5771 = VERTEX_POINT('',#5772);
#5772 = CARTESIAN_POINT('',(-41.5,-44.,23.));
#5773 = VERTEX_POINT('',#5774);
#5774 = CARTESIAN_POINT('',(-22.5,-44.,23.));
#5775 = SURFACE_CURVE('',#5776,(#5780,#5786),.PCURVE_S1.);
#5776 = LINE('',#5777,#5778);
#5777 = CARTESIAN_POINT('',(-58.25,-44.,23.));
#5778 = VECTOR('',#5779,1.);
#5779 = DIRECTION('',(1.,0.,0.));
#5780 = PCURVE('',#182,#5781);
#5781 = DEFINITIONAL_REPRESENTATION('',(#5782),#5785);
#5782 = B_SPLINE_CURVE_WITH_KNOTS('',1,(#5783,#5784),.UNSPECIFIED.,.F.,
  .F.,(2,2),(16.75,35.75),.PIECEWISE_BEZIER_KNOTS.);
#5783 = CARTESIAN_POINT('',(20.,33.5));
#5784 = CARTESIAN_POINT('',(20.,52.5));
#5785 = ( GEOMETRIC_REPRESENTATION_CONTEXT(2) 
PARAMETRIC_REPRESENTATION_CONTEXT() REPRESENTATION_CONTEXT('2D SPACE',''
  ) );
#5786 = PCURVE('',#5787,#5792);
#5787 = PLANE('',#5788);
#5788 = AXIS2_PLACEMENT_3D('',#5789,#5790,#5791);
#5789 = CARTESIAN_POINT('',(-41.5,-49.,23.));
#5790 = DIRECTION('',(0.,0.,1.));
#5791 = DIRECTION('',(1.,0.,0.));
#5792 = DEFINITIONAL_REPRESENTATION('',(#5793),#5796);
#5793 = B_SPLINE_CURVE_WITH_KNOTS('',1,(#5794,#5795),.UNSPECIFIED.,.F.,
  .F.,(2,2),(16.75,35.75),.PIECEWISE_BEZIER_KNOTS.);
#5794 = CARTESIAN_POINT('',(0.,5.));
#5795 = CARTESIAN_POINT('',(19.,5.));
#5796 = ( GEOMETRIC_REPRESENTATION_CONTEXT(2) 
PARAMETRIC_REPRESENTATION_CONTEXT() REPRESENTATION_CONTEXT('2D SPACE',''
  ) );
#5797 = ORIENTED_EDGE('',*,*,#5798,.T.);
#5798 = EDGE_CURVE('',#5771,#5799,#5801,.T.);
#5799 = VERTEX_POINT('',#5800);
#5800 = CARTESIAN_POINT('',(-41.5,-44.,7.));
#5801 = SURFACE_CURVE('',#5802,(#5806,#5812),.PCURVE_S1.);
#5802 = LINE('',#5803,#5804);
#5803 = CARTESIAN_POINT('',(-41.5,-44.,5.));
#5804 = VECTOR('',#5805,1.);
#5805 = DIRECTION('',(0.,0.,-1.));
#5806 = PCURVE('',#182,#5807);
#5807 = DEFINITIONAL_REPRESENTATION('',(#5808),#5811);
#5808 = B_SPLINE_CURVE_WITH_KNOTS('',1,(#5809,#5810),.UNSPECIFIED.,.F.,
  .F.,(2,2),(-18.,-2.),.PIECEWISE_BEZIER_KNOTS.);
#5809 = CARTESIAN_POINT('',(20.,33.5));
#5810 = CARTESIAN_POINT('',(4.,33.5));
#5811 = ( GEOMETRIC_REPRESENTATION_CONTEXT(2) 
PARAMETRIC_REPRESENTATION_CONTEXT() REPRESENTATION_CONTEXT('2D SPACE',''
  ) );
#5812 = PCURVE('',#5813,#5818);
#5813 = PLANE('',#5814);
#5814 = AXIS2_PLACEMENT_3D('',#5815,#5816,#5817);
#5815 = CARTESIAN_POINT('',(-41.5,-49.,7.));
#5816 = DIRECTION('',(1.,0.,0.));
#5817 = DIRECTION('',(0.,0.,1.));
#5818 = DEFINITIONAL_REPRESENTATION('',(#5819),#5822);
#5819 = B_SPLINE_CURVE_WITH_KNOTS('',1,(#5820,#5821),.UNSPECIFIED.,.F.,
  .F.,(2,2),(-18.,-2.),.PIECEWISE_BEZIER_KNOTS.);
#5820 = CARTESIAN_POINT('',(16.,-5.));
#5821 = CARTESIAN_POINT('',(0.,-5.));
#5822 = ( GEOMETRIC_REPRESENTATION_CONTEXT(2) 
PARAMETRIC_REPRESENTATION_CONTEXT() REPRESENTATION_CONTEXT('2D SPACE',''
  ) );
#5823 = ORIENTED_EDGE('',*,*,#5824,.T.);
#5824 = EDGE_CURVE('',#5799,#5825,#5827,.T.);
#5825 = VERTEX_POINT('',#5826);
#5826 = CARTESIAN_POINT('',(-22.5,-44.,7.));
#5827 = SURFACE_CURVE('',#5828,(#5832,#5838),.PCURVE_S1.);
#5828 = LINE('',#5829,#5830);
#5829 = CARTESIAN_POINT('',(-58.25,-44.,7.));
#5830 = VECTOR('',#5831,1.);
#5831 = DIRECTION('',(1.,0.,0.));
#5832 = PCURVE('',#182,#5833);
#5833 = DEFINITIONAL_REPRESENTATION('',(#5834),#5837);
#5834 = B_SPLINE_CURVE_WITH_KNOTS('',1,(#5835,#5836),.UNSPECIFIED.,.F.,
  .F.,(2,2),(16.75,35.75),.PIECEWISE_BEZIER_KNOTS.);
#5835 = CARTESIAN_POINT('',(4.,33.5));
#5836 = CARTESIAN_POINT('',(4.,52.5));
#5837 = ( GEOMETRIC_REPRESENTATION_CONTEXT(2) 
PARAMETRIC_REPRESENTATION_CONTEXT() REPRESENTATION_CONTEXT('2D SPACE',''
  ) );
#5838 = PCURVE('',#5839,#5844);
#5839 = PLANE('',#5840);
#5840 = AXIS2_PLACEMENT_3D('',#5841,#5842,#5843);
#5841 = CARTESIAN_POINT('',(-41.5,-49.,7.));
#5842 = DIRECTION('',(0.,0.,1.));
#5843 = DIRECTION('',(1.,0.,0.));
#5844 = DEFINITIONAL_REPRESENTATION('',(#5845),#5848);
#5845 = B_SPLINE_CURVE_WITH_KNOTS('',1,(#5846,#5847),.UNSPECIFIED.,.F.,
  .F.,(2,2),(16.75,35.75),.PIECEWISE_BEZIER_KNOTS.);
#5846 = CARTESIAN_POINT('',(0.,5.));
#5847 = CARTESIAN_POINT('',(19.,5.));
#5848 = ( GEOMETRIC_REPRESENTATION_CONTEXT(2) 
PARAMETRIC_REPRESENTATION_CONTEXT() REPRESENTATION_CONTEXT('2D SPACE',''
  ) );
#5849 = ORIENTED_EDGE('',*,*,#5850,.F.);
#5850 = EDGE_CURVE('',#5773,#5825,#5851,.T.);
#5851 = SURFACE_CURVE('',#5852,(#5856,#5862),.PCURVE_S1.);
#5852 = LINE('',#5853,#5854);
#5853 = CARTESIAN_POINT('',(-22.5,-44.,5.));
#5854 = VECTOR('',#5855,1.);
#5855 = DIRECTION('',(0.,0.,-1.));
#5856 = PCURVE('',#182,#5857);
#5857 = DEFINITIONAL_REPRESENTATION('',(#5858),#5861);
#5858 = B_SPLINE_CURVE_WITH_KNOTS('',1,(#5859,#5860),.UNSPECIFIED.,.F.,
  .F.,(2,2),(-18.,-2.),.PIECEWISE_BEZIER_KNOTS.);
#5859 = CARTESIAN_POINT('',(20.,52.5));
#5860 = CARTESIAN_POINT('',(4.,52.5));
#5861 = ( GEOMETRIC_REPRESENTATION_CONTEXT(2) 
PARAMETRIC_REPRESENTATION_CONTEXT() REPRESENTATION_CONTEXT('2D SPACE',''
  ) );
#5862 = PCURVE('',#5863,#5868);
#5863 = PLANE('',#5864);
#5864 = AXIS2_PLACEMENT_3D('',#5865,#5866,#5867);
#5865 = CARTESIAN_POINT('',(-22.5,-49.,7.));
#5866 = DIRECTION('',(1.,0.,0.));
#5867 = DIRECTION('',(0.,0.,1.));
#5868 = DEFINITIONAL_REPRESENTATION('',(#5869),#5872);
#5869 = B_SPLINE_CURVE_WITH_KNOTS('',1,(#5870,#5871),.UNSPECIFIED.,.F.,
  .F.,(2,2),(-18.,-2.),.PIECEWISE_BEZIER_KNOTS.);
#5870 = CARTESIAN_POINT('',(16.,-5.));
#5871 = CARTESIAN_POINT('',(0.,-5.));
#5872 = ( GEOMETRIC_REPRESENTATION_CONTEXT(2) 
PARAMETRIC_REPRESENTATION_CONTEXT() REPRESENTATION_CONTEXT('2D SPACE',''
  ) );
#5873 = FACE_BOUND('',#5874,.T.);
#5874 = EDGE_LOOP('',(#5875));
#5875 = ORIENTED_EDGE('',*,*,#5876,.F.);
#5876 = EDGE_CURVE('',#5877,#5877,#5879,.T.);
#5877 = VERTEX_POINT('',#5878);
#5878 = CARTESIAN_POINT('',(-43.2,-44.,43.2));
#5879 = SURFACE_CURVE('',#5880,(#5885,#5892),.PCURVE_S1.);
#5880 = CIRCLE('',#5881,1.2);
#5881 = AXIS2_PLACEMENT_3D('',#5882,#5883,#5884);
#5882 = CARTESIAN_POINT('',(-43.2,-44.,42.));
#5883 = DIRECTION('',(0.,1.,0.));
#5884 = DIRECTION('',(0.,-0.,1.));
#5885 = PCURVE('',#182,#5886);
#5886 = DEFINITIONAL_REPRESENTATION('',(#5887),#5891);
#5887 = CIRCLE('',#5888,1.2);
#5888 = AXIS2_PLACEMENT_2D('',#5889,#5890);
#5889 = CARTESIAN_POINT('',(39.,31.8));
#5890 = DIRECTION('',(1.,0.));
#5891 = ( GEOMETRIC_REPRESENTATION_CONTEXT(2) 
PARAMETRIC_REPRESENTATION_CONTEXT() REPRESENTATION_CONTEXT('2D SPACE',''
  ) );
#5892 = PCURVE('',#5893,#5898);
#5893 = CYLINDRICAL_SURFACE('',#5894,1.2);
#5894 = AXIS2_PLACEMENT_3D('',#5895,#5896,#5897);
#5895 = CARTESIAN_POINT('',(-43.2,-51.5,42.));
#5896 = DIRECTION('',(0.,1.,0.));
#5897 = DIRECTION('',(0.,-0.,1.));
#5898 = DEFINITIONAL_REPRESENTATION('',(#5899),#5903);
#5899 = LINE('',#5900,#5901);
#5900 = CARTESIAN_POINT('',(0.,7.5));
#5901 = VECTOR('',#5902,1.);
#5902 = DIRECTION('',(1.,0.));
#5903 = ( GEOMETRIC_REPRESENTATION_CONTEXT(2) 
PARAMETRIC_REPRESENTATION_CONTEXT() REPRESENTATION_CONTEXT('2D SPACE',''
  ) );
#5904 = FACE_BOUND('',#5905,.T.);
#5905 = EDGE_LOOP('',(#5906));
#5906 = ORIENTED_EDGE('',*,*,#5907,.F.);
#5907 = EDGE_CURVE('',#5908,#5908,#5910,.T.);
#5908 = VERTEX_POINT('',#5909);
#5909 = CARTESIAN_POINT('',(-67.,-44.,59.65));
#5910 = SURFACE_CURVE('',#5911,(#5916,#5923),.PCURVE_S1.);
#5911 = CIRCLE('',#5912,1.65);
#5912 = AXIS2_PLACEMENT_3D('',#5913,#5914,#5915);
#5913 = CARTESIAN_POINT('',(-67.,-44.,58.));
#5914 = DIRECTION('',(0.,1.,0.));
#5915 = DIRECTION('',(0.,-0.,1.));
#5916 = PCURVE('',#182,#5917);
#5917 = DEFINITIONAL_REPRESENTATION('',(#5918),#5922);
#5918 = CIRCLE('',#5919,1.65);
#5919 = AXIS2_PLACEMENT_2D('',#5920,#5921);
#5920 = CARTESIAN_POINT('',(55.,8.));
#5921 = DIRECTION('',(1.,0.));
#5922 = ( GEOMETRIC_REPRESENTATION_CONTEXT(2) 
PARAMETRIC_REPRESENTATION_CONTEXT() REPRESENTATION_CONTEXT('2D SPACE',''
  ) );
#5923 = PCURVE('',#5924,#5929);
#5924 = CYLINDRICAL_SURFACE('',#5925,1.65);
#5925 = AXIS2_PLACEMENT_3D('',#5926,#5927,#5928);
#5926 = CARTESIAN_POINT('',(-67.,-51.5,58.));
#5927 = DIRECTION('',(0.,1.,0.));
#5928 = DIRECTION('',(0.,-0.,1.));
#5929 = DEFINITIONAL_REPRESENTATION('',(#5930),#5934);
#5930 = LINE('',#5931,#5932);
#5931 = CARTESIAN_POINT('',(0.,7.5));
#5932 = VECTOR('',#5933,1.);
#5933 = DIRECTION('',(1.,0.));
#5934 = ( GEOMETRIC_REPRESENTATION_CONTEXT(2) 
PARAMETRIC_REPRESENTATION_CONTEXT() REPRESENTATION_CONTEXT('2D SPACE',''
  ) );
#5935 = FACE_BOUND('',#5936,.T.);
#5936 = EDGE_LOOP('',(#5937));
#5937 = ORIENTED_EDGE('',*,*,#5938,.F.);
#5938 = EDGE_CURVE('',#5939,#5939,#5941,.T.);
#5939 = VERTEX_POINT('',#5940);
#5940 = CARTESIAN_POINT('',(-53.,-44.,59.65));
#5941 = SURFACE_CURVE('',#5942,(#5947,#5954),.PCURVE_S1.);
#5942 = CIRCLE('',#5943,1.65);
#5943 = AXIS2_PLACEMENT_3D('',#5944,#5945,#5946);
#5944 = CARTESIAN_POINT('',(-53.,-44.,58.));
#5945 = DIRECTION('',(0.,1.,0.));
#5946 = DIRECTION('',(0.,-0.,1.));
#5947 = PCURVE('',#182,#5948);
#5948 = DEFINITIONAL_REPRESENTATION('',(#5949),#5953);
#5949 = CIRCLE('',#5950,1.65);
#5950 = AXIS2_PLACEMENT_2D('',#5951,#5952);
#5951 = CARTESIAN_POINT('',(55.,22.));
#5952 = DIRECTION('',(1.,0.));
#5953 = ( GEOMETRIC_REPRESENTATION_CONTEXT(2) 
PARAMETRIC_REPRESENTATION_CONTEXT() REPRESENTATION_CONTEXT('2D SPACE',''
  ) );
#5954 = PCURVE('',#5955,#5960);
#5955 = CYLINDRICAL_SURFACE('',#5956,1.65);
#5956 = AXIS2_PLACEMENT_3D('',#5957,#5958,#5959);
#5957 = CARTESIAN_POINT('',(-53.,-51.5,58.));
#5958 = DIRECTION('',(0.,1.,0.));
#5959 = DIRECTION('',(0.,-0.,1.));
#5960 = DEFINITIONAL_REPRESENTATION('',(#5961),#5965);
#5961 = LINE('',#5962,#5963);
#5962 = CARTESIAN_POINT('',(0.,7.5));
#5963 = VECTOR('',#5964,1.);
#5964 = DIRECTION('',(1.,0.));
#5965 = ( GEOMETRIC_REPRESENTATION_CONTEXT(2) 
PARAMETRIC_REPRESENTATION_CONTEXT() REPRESENTATION_CONTEXT('2D SPACE',''
  ) );
#5966 = FACE_BOUND('',#5967,.T.);
#5967 = EDGE_LOOP('',(#5968,#5996,#6022,#6048));
#5968 = ORIENTED_EDGE('',*,*,#5969,.F.);
#5969 = EDGE_CURVE('',#5970,#5972,#5974,.T.);
#5970 = VERTEX_POINT('',#5971);
#5971 = CARTESIAN_POINT('',(-41.1,-44.,48.3));
#5972 = VERTEX_POINT('',#5973);
#5973 = CARTESIAN_POINT('',(-17.5,-44.,48.3));
#5974 = SURFACE_CURVE('',#5975,(#5979,#5985),.PCURVE_S1.);
#5975 = LINE('',#5976,#5977);
#5976 = CARTESIAN_POINT('',(-58.05,-44.,48.3));
#5977 = VECTOR('',#5978,1.);
#5978 = DIRECTION('',(1.,0.,0.));
#5979 = PCURVE('',#182,#5980);
#5980 = DEFINITIONAL_REPRESENTATION('',(#5981),#5984);
#5981 = B_SPLINE_CURVE_WITH_KNOTS('',1,(#5982,#5983),.UNSPECIFIED.,.F.,
  .F.,(2,2),(16.95,40.55),.PIECEWISE_BEZIER_KNOTS.);
#5982 = CARTESIAN_POINT('',(45.3,33.9));
#5983 = CARTESIAN_POINT('',(45.3,57.5));
#5984 = ( GEOMETRIC_REPRESENTATION_CONTEXT(2) 
PARAMETRIC_REPRESENTATION_CONTEXT() REPRESENTATION_CONTEXT('2D SPACE',''
  ) );
#5985 = PCURVE('',#5986,#5991);
#5986 = PLANE('',#5987);
#5987 = AXIS2_PLACEMENT_3D('',#5988,#5989,#5990);
#5988 = CARTESIAN_POINT('',(-41.1,-50.,48.3));
#5989 = DIRECTION('',(0.,0.,1.));
#5990 = DIRECTION('',(1.,0.,0.));
#5991 = DEFINITIONAL_REPRESENTATION('',(#5992),#5995);
#5992 = B_SPLINE_CURVE_WITH_KNOTS('',1,(#5993,#5994),.UNSPECIFIED.,.F.,
  .F.,(2,2),(16.95,40.55),.PIECEWISE_BEZIER_KNOTS.);
#5993 = CARTESIAN_POINT('',(0.,6.));
#5994 = CARTESIAN_POINT('',(23.6,6.));
#5995 = ( GEOMETRIC_REPRESENTATION_CONTEXT(2) 
PARAMETRIC_REPRESENTATION_CONTEXT() REPRESENTATION_CONTEXT('2D SPACE',''
  ) );
#5996 = ORIENTED_EDGE('',*,*,#5997,.T.);
#5997 = EDGE_CURVE('',#5970,#5998,#6000,.T.);
#5998 = VERTEX_POINT('',#5999);
#5999 = CARTESIAN_POINT('',(-41.1,-44.,35.7));
#6000 = SURFACE_CURVE('',#6001,(#6005,#6011),.PCURVE_S1.);
#6001 = LINE('',#6002,#6003);
#6002 = CARTESIAN_POINT('',(-41.1,-44.,19.35));
#6003 = VECTOR('',#6004,1.);
#6004 = DIRECTION('',(0.,0.,-1.));
#6005 = PCURVE('',#182,#6006);
#6006 = DEFINITIONAL_REPRESENTATION('',(#6007),#6010);
#6007 = B_SPLINE_CURVE_WITH_KNOTS('',1,(#6008,#6009),.UNSPECIFIED.,.F.,
  .F.,(2,2),(-28.95,-16.35),.PIECEWISE_BEZIER_KNOTS.);
#6008 = CARTESIAN_POINT('',(45.3,33.9));
#6009 = CARTESIAN_POINT('',(32.7,33.9));
#6010 = ( GEOMETRIC_REPRESENTATION_CONTEXT(2) 
PARAMETRIC_REPRESENTATION_CONTEXT() REPRESENTATION_CONTEXT('2D SPACE',''
  ) );
#6011 = PCURVE('',#6012,#6017);
#6012 = PLANE('',#6013);
#6013 = AXIS2_PLACEMENT_3D('',#6014,#6015,#6016);
#6014 = CARTESIAN_POINT('',(-41.1,-50.,35.7));
#6015 = DIRECTION('',(1.,0.,0.));
#6016 = DIRECTION('',(0.,0.,1.));
#6017 = DEFINITIONAL_REPRESENTATION('',(#6018),#6021);
#6018 = B_SPLINE_CURVE_WITH_KNOTS('',1,(#6019,#6020),.UNSPECIFIED.,.F.,
  .F.,(2,2),(-28.95,-16.35),.PIECEWISE_BEZIER_KNOTS.);
#6019 = CARTESIAN_POINT('',(12.6,-6.));
#6020 = CARTESIAN_POINT('',(0.,-6.));
#6021 = ( GEOMETRIC_REPRESENTATION_CONTEXT(2) 
PARAMETRIC_REPRESENTATION_CONTEXT() REPRESENTATION_CONTEXT('2D SPACE',''
  ) );
#6022 = ORIENTED_EDGE('',*,*,#6023,.T.);
#6023 = EDGE_CURVE('',#5998,#6024,#6026,.T.);
#6024 = VERTEX_POINT('',#6025);
#6025 = CARTESIAN_POINT('',(-17.5,-44.,35.7));
#6026 = SURFACE_CURVE('',#6027,(#6031,#6037),.PCURVE_S1.);
#6027 = LINE('',#6028,#6029);
#6028 = CARTESIAN_POINT('',(-58.05,-44.,35.7));
#6029 = VECTOR('',#6030,1.);
#6030 = DIRECTION('',(1.,0.,0.));
#6031 = PCURVE('',#182,#6032);
#6032 = DEFINITIONAL_REPRESENTATION('',(#6033),#6036);
#6033 = B_SPLINE_CURVE_WITH_KNOTS('',1,(#6034,#6035),.UNSPECIFIED.,.F.,
  .F.,(2,2),(16.95,40.55),.PIECEWISE_BEZIER_KNOTS.);
#6034 = CARTESIAN_POINT('',(32.7,33.9));
#6035 = CARTESIAN_POINT('',(32.7,57.5));
#6036 = ( GEOMETRIC_REPRESENTATION_CONTEXT(2) 
PARAMETRIC_REPRESENTATION_CONTEXT() REPRESENTATION_CONTEXT('2D SPACE',''
  ) );
#6037 = PCURVE('',#6038,#6043);
#6038 = PLANE('',#6039);
#6039 = AXIS2_PLACEMENT_3D('',#6040,#6041,#6042);
#6040 = CARTESIAN_POINT('',(-41.1,-50.,35.7));
#6041 = DIRECTION('',(0.,0.,1.));
#6042 = DIRECTION('',(1.,0.,0.));
#6043 = DEFINITIONAL_REPRESENTATION('',(#6044),#6047);
#6044 = B_SPLINE_CURVE_WITH_KNOTS('',1,(#6045,#6046),.UNSPECIFIED.,.F.,
  .F.,(2,2),(16.95,40.55),.PIECEWISE_BEZIER_KNOTS.);
#6045 = CARTESIAN_POINT('',(0.,6.));
#6046 = CARTESIAN_POINT('',(23.6,6.));
#6047 = ( GEOMETRIC_REPRESENTATION_CONTEXT(2) 
PARAMETRIC_REPRESENTATION_CONTEXT() REPRESENTATION_CONTEXT('2D SPACE',''
  ) );
#6048 = ORIENTED_EDGE('',*,*,#6049,.F.);
#6049 = EDGE_CURVE('',#5972,#6024,#6050,.T.);
#6050 = SURFACE_CURVE('',#6051,(#6055,#6061),.PCURVE_S1.);
#6051 = LINE('',#6052,#6053);
#6052 = CARTESIAN_POINT('',(-17.5,-44.,19.35));
#6053 = VECTOR('',#6054,1.);
#6054 = DIRECTION('',(0.,0.,-1.));
#6055 = PCURVE('',#182,#6056);
#6056 = DEFINITIONAL_REPRESENTATION('',(#6057),#6060);
#6057 = B_SPLINE_CURVE_WITH_KNOTS('',1,(#6058,#6059),.UNSPECIFIED.,.F.,
  .F.,(2,2),(-28.95,-16.35),.PIECEWISE_BEZIER_KNOTS.);
#6058 = CARTESIAN_POINT('',(45.3,57.5));
#6059 = CARTESIAN_POINT('',(32.7,57.5));
#6060 = ( GEOMETRIC_REPRESENTATION_CONTEXT(2) 
PARAMETRIC_REPRESENTATION_CONTEXT() REPRESENTATION_CONTEXT('2D SPACE',''
  ) );
#6061 = PCURVE('',#6062,#6067);
#6062 = PLANE('',#6063);
#6063 = AXIS2_PLACEMENT_3D('',#6064,#6065,#6066);
#6064 = CARTESIAN_POINT('',(-17.5,-50.,35.7));
#6065 = DIRECTION('',(1.,0.,0.));
#6066 = DIRECTION('',(0.,0.,1.));
#6067 = DEFINITIONAL_REPRESENTATION('',(#6068),#6071);
#6068 = B_SPLINE_CURVE_WITH_KNOTS('',1,(#6069,#6070),.UNSPECIFIED.,.F.,
  .F.,(2,2),(-28.95,-16.35),.PIECEWISE_BEZIER_KNOTS.);
#6069 = CARTESIAN_POINT('',(12.6,-6.));
#6070 = CARTESIAN_POINT('',(0.,-6.));
#6071 = ( GEOMETRIC_REPRESENTATION_CONTEXT(2) 
PARAMETRIC_REPRESENTATION_CONTEXT() REPRESENTATION_CONTEXT('2D SPACE',''
  ) );
#6072 = FACE_BOUND('',#6073,.T.);
#6073 = EDGE_LOOP('',(#6074));
#6074 = ORIENTED_EDGE('',*,*,#6075,.F.);
#6075 = EDGE_CURVE('',#6076,#6076,#6078,.T.);
#6076 = VERTEX_POINT('',#6077);
#6077 = CARTESIAN_POINT('',(-15.4,-44.,43.2));
#6078 = SURFACE_CURVE('',#6079,(#6084,#6091),.PCURVE_S1.);
#6079 = CIRCLE('',#6080,1.2);
#6080 = AXIS2_PLACEMENT_3D('',#6081,#6082,#6083);
#6081 = CARTESIAN_POINT('',(-15.4,-44.,42.));
#6082 = DIRECTION('',(0.,1.,0.));
#6083 = DIRECTION('',(0.,-0.,1.));
#6084 = PCURVE('',#182,#6085);
#6085 = DEFINITIONAL_REPRESENTATION('',(#6086),#6090);
#6086 = CIRCLE('',#6087,1.2);
#6087 = AXIS2_PLACEMENT_2D('',#6088,#6089);
#6088 = CARTESIAN_POINT('',(39.,59.6));
#6089 = DIRECTION('',(1.,0.));
#6090 = ( GEOMETRIC_REPRESENTATION_CONTEXT(2) 
PARAMETRIC_REPRESENTATION_CONTEXT() REPRESENTATION_CONTEXT('2D SPACE',''
  ) );
#6091 = PCURVE('',#6092,#6097);
#6092 = CYLINDRICAL_SURFACE('',#6093,1.2);
#6093 = AXIS2_PLACEMENT_3D('',#6094,#6095,#6096);
#6094 = CARTESIAN_POINT('',(-15.4,-51.5,42.));
#6095 = DIRECTION('',(0.,1.,0.));
#6096 = DIRECTION('',(0.,-0.,1.));
#6097 = DEFINITIONAL_REPRESENTATION('',(#6098),#6102);
#6098 = LINE('',#6099,#6100);
#6099 = CARTESIAN_POINT('',(0.,7.5));
#6100 = VECTOR('',#6101,1.);
#6101 = DIRECTION('',(1.,0.));
#6102 = ( GEOMETRIC_REPRESENTATION_CONTEXT(2) 
PARAMETRIC_REPRESENTATION_CONTEXT() REPRESENTATION_CONTEXT('2D SPACE',''
  ) );
#6103 = FACE_BOUND('',#6104,.T.);
#6104 = EDGE_LOOP('',(#6105,#6133,#6159,#6185));
#6105 = ORIENTED_EDGE('',*,*,#6106,.F.);
#6106 = EDGE_CURVE('',#6107,#6109,#6111,.T.);
#6107 = VERTEX_POINT('',#6108);
#6108 = CARTESIAN_POINT('',(-9.5,-44.,23.));
#6109 = VERTEX_POINT('',#6110);
#6110 = CARTESIAN_POINT('',(9.5,-44.,23.));
#6111 = SURFACE_CURVE('',#6112,(#6116,#6122),.PCURVE_S1.);
#6112 = LINE('',#6113,#6114);
#6113 = CARTESIAN_POINT('',(-42.25,-44.,23.));
#6114 = VECTOR('',#6115,1.);
#6115 = DIRECTION('',(1.,0.,0.));
#6116 = PCURVE('',#182,#6117);
#6117 = DEFINITIONAL_REPRESENTATION('',(#6118),#6121);
#6118 = B_SPLINE_CURVE_WITH_KNOTS('',1,(#6119,#6120),.UNSPECIFIED.,.F.,
  .F.,(2,2),(32.75,51.75),.PIECEWISE_BEZIER_KNOTS.);
#6119 = CARTESIAN_POINT('',(20.,65.5));
#6120 = CARTESIAN_POINT('',(20.,84.5));
#6121 = ( GEOMETRIC_REPRESENTATION_CONTEXT(2) 
PARAMETRIC_REPRESENTATION_CONTEXT() REPRESENTATION_CONTEXT('2D SPACE',''
  ) );
#6122 = PCURVE('',#6123,#6128);
#6123 = PLANE('',#6124);
#6124 = AXIS2_PLACEMENT_3D('',#6125,#6126,#6127);
#6125 = CARTESIAN_POINT('',(-9.5,-49.,23.));
#6126 = DIRECTION('',(0.,0.,1.));
#6127 = DIRECTION('',(1.,0.,0.));
#6128 = DEFINITIONAL_REPRESENTATION('',(#6129),#6132);
#6129 = B_SPLINE_CURVE_WITH_KNOTS('',1,(#6130,#6131),.UNSPECIFIED.,.F.,
  .F.,(2,2),(32.75,51.75),.PIECEWISE_BEZIER_KNOTS.);
#6130 = CARTESIAN_POINT('',(0.,5.));
#6131 = CARTESIAN_POINT('',(19.,5.));
#6132 = ( GEOMETRIC_REPRESENTATION_CONTEXT(2) 
PARAMETRIC_REPRESENTATION_CONTEXT() REPRESENTATION_CONTEXT('2D SPACE',''
  ) );
#6133 = ORIENTED_EDGE('',*,*,#6134,.T.);
#6134 = EDGE_CURVE('',#6107,#6135,#6137,.T.);
#6135 = VERTEX_POINT('',#6136);
#6136 = CARTESIAN_POINT('',(-9.5,-44.,7.));
#6137 = SURFACE_CURVE('',#6138,(#6142,#6148),.PCURVE_S1.);
#6138 = LINE('',#6139,#6140);
#6139 = CARTESIAN_POINT('',(-9.5,-44.,5.));
#6140 = VECTOR('',#6141,1.);
#6141 = DIRECTION('',(0.,0.,-1.));
#6142 = PCURVE('',#182,#6143);
#6143 = DEFINITIONAL_REPRESENTATION('',(#6144),#6147);
#6144 = B_SPLINE_CURVE_WITH_KNOTS('',1,(#6145,#6146),.UNSPECIFIED.,.F.,
  .F.,(2,2),(-18.,-2.),.PIECEWISE_BEZIER_KNOTS.);
#6145 = CARTESIAN_POINT('',(20.,65.5));
#6146 = CARTESIAN_POINT('',(4.,65.5));
#6147 = ( GEOMETRIC_REPRESENTATION_CONTEXT(2) 
PARAMETRIC_REPRESENTATION_CONTEXT() REPRESENTATION_CONTEXT('2D SPACE',''
  ) );
#6148 = PCURVE('',#6149,#6154);
#6149 = PLANE('',#6150);
#6150 = AXIS2_PLACEMENT_3D('',#6151,#6152,#6153);
#6151 = CARTESIAN_POINT('',(-9.5,-49.,7.));
#6152 = DIRECTION('',(1.,0.,0.));
#6153 = DIRECTION('',(0.,0.,1.));
#6154 = DEFINITIONAL_REPRESENTATION('',(#6155),#6158);
#6155 = B_SPLINE_CURVE_WITH_KNOTS('',1,(#6156,#6157),.UNSPECIFIED.,.F.,
  .F.,(2,2),(-18.,-2.),.PIECEWISE_BEZIER_KNOTS.);
#6156 = CARTESIAN_POINT('',(16.,-5.));
#6157 = CARTESIAN_POINT('',(0.,-5.));
#6158 = ( GEOMETRIC_REPRESENTATION_CONTEXT(2) 
PARAMETRIC_REPRESENTATION_CONTEXT() REPRESENTATION_CONTEXT('2D SPACE',''
  ) );
#6159 = ORIENTED_EDGE('',*,*,#6160,.T.);
#6160 = EDGE_CURVE('',#6135,#6161,#6163,.T.);
#6161 = VERTEX_POINT('',#6162);
#6162 = CARTESIAN_POINT('',(9.5,-44.,7.));
#6163 = SURFACE_CURVE('',#6164,(#6168,#6174),.PCURVE_S1.);
#6164 = LINE('',#6165,#6166);
#6165 = CARTESIAN_POINT('',(-42.25,-44.,7.));
#6166 = VECTOR('',#6167,1.);
#6167 = DIRECTION('',(1.,0.,0.));
#6168 = PCURVE('',#182,#6169);
#6169 = DEFINITIONAL_REPRESENTATION('',(#6170),#6173);
#6170 = B_SPLINE_CURVE_WITH_KNOTS('',1,(#6171,#6172),.UNSPECIFIED.,.F.,
  .F.,(2,2),(32.75,51.75),.PIECEWISE_BEZIER_KNOTS.);
#6171 = CARTESIAN_POINT('',(4.,65.5));
#6172 = CARTESIAN_POINT('',(4.,84.5));
#6173 = ( GEOMETRIC_REPRESENTATION_CONTEXT(2) 
PARAMETRIC_REPRESENTATION_CONTEXT() REPRESENTATION_CONTEXT('2D SPACE',''
  ) );
#6174 = PCURVE('',#6175,#6180);
#6175 = PLANE('',#6176);
#6176 = AXIS2_PLACEMENT_3D('',#6177,#6178,#6179);
#6177 = CARTESIAN_POINT('',(-9.5,-49.,7.));
#6178 = DIRECTION('',(0.,0.,1.));
#6179 = DIRECTION('',(1.,0.,0.));
#6180 = DEFINITIONAL_REPRESENTATION('',(#6181),#6184);
#6181 = B_SPLINE_CURVE_WITH_KNOTS('',1,(#6182,#6183),.UNSPECIFIED.,.F.,
  .F.,(2,2),(32.75,51.75),.PIECEWISE_BEZIER_KNOTS.);
#6182 = CARTESIAN_POINT('',(0.,5.));
#6183 = CARTESIAN_POINT('',(19.,5.));
#6184 = ( GEOMETRIC_REPRESENTATION_CONTEXT(2) 
PARAMETRIC_REPRESENTATION_CONTEXT() REPRESENTATION_CONTEXT('2D SPACE',''
  ) );
#6185 = ORIENTED_EDGE('',*,*,#6186,.F.);
#6186 = EDGE_CURVE('',#6109,#6161,#6187,.T.);
#6187 = SURFACE_CURVE('',#6188,(#6192,#6198),.PCURVE_S1.);
#6188 = LINE('',#6189,#6190);
#6189 = CARTESIAN_POINT('',(9.5,-44.,5.));
#6190 = VECTOR('',#6191,1.);
#6191 = DIRECTION('',(0.,0.,-1.));
#6192 = PCURVE('',#182,#6193);
#6193 = DEFINITIONAL_REPRESENTATION('',(#6194),#6197);
#6194 = B_SPLINE_CURVE_WITH_KNOTS('',1,(#6195,#6196),.UNSPECIFIED.,.F.,
  .F.,(2,2),(-18.,-2.),.PIECEWISE_BEZIER_KNOTS.);
#6195 = CARTESIAN_POINT('',(20.,84.5));
#6196 = CARTESIAN_POINT('',(4.,84.5));
#6197 = ( GEOMETRIC_REPRESENTATION_CONTEXT(2) 
PARAMETRIC_REPRESENTATION_CONTEXT() REPRESENTATION_CONTEXT('2D SPACE',''
  ) );
#6198 = PCURVE('',#6199,#6204);
#6199 = PLANE('',#6200);
#6200 = AXIS2_PLACEMENT_3D('',#6201,#6202,#6203);
#6201 = CARTESIAN_POINT('',(9.5,-49.,7.));
#6202 = DIRECTION('',(1.,0.,0.));
#6203 = DIRECTION('',(0.,0.,1.));
#6204 = DEFINITIONAL_REPRESENTATION('',(#6205),#6208);
#6205 = B_SPLINE_CURVE_WITH_KNOTS('',1,(#6206,#6207),.UNSPECIFIED.,.F.,
  .F.,(2,2),(-18.,-2.),.PIECEWISE_BEZIER_KNOTS.);
#6206 = CARTESIAN_POINT('',(16.,-5.));
#6207 = CARTESIAN_POINT('',(0.,-5.));
#6208 = ( GEOMETRIC_REPRESENTATION_CONTEXT(2) 
PARAMETRIC_REPRESENTATION_CONTEXT() REPRESENTATION_CONTEXT('2D SPACE',''
  ) );
#6209 = FACE_BOUND('',#6210,.T.);
#6210 = EDGE_LOOP('',(#6211,#6239,#6265,#6291));
#6211 = ORIENTED_EDGE('',*,*,#6212,.F.);
#6212 = EDGE_CURVE('',#6213,#6215,#6217,.T.);
#6213 = VERTEX_POINT('',#6214);
#6214 = CARTESIAN_POINT('',(22.5,-44.,23.));
#6215 = VERTEX_POINT('',#6216);
#6216 = CARTESIAN_POINT('',(41.5,-44.,23.));
#6217 = SURFACE_CURVE('',#6218,(#6222,#6228),.PCURVE_S1.);
#6218 = LINE('',#6219,#6220);
#6219 = CARTESIAN_POINT('',(-26.25,-44.,23.));
#6220 = VECTOR('',#6221,1.);
#6221 = DIRECTION('',(1.,0.,0.));
#6222 = PCURVE('',#182,#6223);
#6223 = DEFINITIONAL_REPRESENTATION('',(#6224),#6227);
#6224 = B_SPLINE_CURVE_WITH_KNOTS('',1,(#6225,#6226),.UNSPECIFIED.,.F.,
  .F.,(2,2),(48.75,67.75),.PIECEWISE_BEZIER_KNOTS.);
#6225 = CARTESIAN_POINT('',(20.,97.5));
#6226 = CARTESIAN_POINT('',(20.,116.5));
#6227 = ( GEOMETRIC_REPRESENTATION_CONTEXT(2) 
PARAMETRIC_REPRESENTATION_CONTEXT() REPRESENTATION_CONTEXT('2D SPACE',''
  ) );
#6228 = PCURVE('',#6229,#6234);
#6229 = PLANE('',#6230);
#6230 = AXIS2_PLACEMENT_3D('',#6231,#6232,#6233);
#6231 = CARTESIAN_POINT('',(22.5,-49.,23.));
#6232 = DIRECTION('',(0.,0.,1.));
#6233 = DIRECTION('',(1.,0.,0.));
#6234 = DEFINITIONAL_REPRESENTATION('',(#6235),#6238);
#6235 = B_SPLINE_CURVE_WITH_KNOTS('',1,(#6236,#6237),.UNSPECIFIED.,.F.,
  .F.,(2,2),(48.75,67.75),.PIECEWISE_BEZIER_KNOTS.);
#6236 = CARTESIAN_POINT('',(0.,5.));
#6237 = CARTESIAN_POINT('',(19.,5.));
#6238 = ( GEOMETRIC_REPRESENTATION_CONTEXT(2) 
PARAMETRIC_REPRESENTATION_CONTEXT() REPRESENTATION_CONTEXT('2D SPACE',''
  ) );
#6239 = ORIENTED_EDGE('',*,*,#6240,.T.);
#6240 = EDGE_CURVE('',#6213,#6241,#6243,.T.);
#6241 = VERTEX_POINT('',#6242);
#6242 = CARTESIAN_POINT('',(22.5,-44.,7.));
#6243 = SURFACE_CURVE('',#6244,(#6248,#6254),.PCURVE_S1.);
#6244 = LINE('',#6245,#6246);
#6245 = CARTESIAN_POINT('',(22.5,-44.,5.));
#6246 = VECTOR('',#6247,1.);
#6247 = DIRECTION('',(0.,0.,-1.));
#6248 = PCURVE('',#182,#6249);
#6249 = DEFINITIONAL_REPRESENTATION('',(#6250),#6253);
#6250 = B_SPLINE_CURVE_WITH_KNOTS('',1,(#6251,#6252),.UNSPECIFIED.,.F.,
  .F.,(2,2),(-18.,-2.),.PIECEWISE_BEZIER_KNOTS.);
#6251 = CARTESIAN_POINT('',(20.,97.5));
#6252 = CARTESIAN_POINT('',(4.,97.5));
#6253 = ( GEOMETRIC_REPRESENTATION_CONTEXT(2) 
PARAMETRIC_REPRESENTATION_CONTEXT() REPRESENTATION_CONTEXT('2D SPACE',''
  ) );
#6254 = PCURVE('',#6255,#6260);
#6255 = PLANE('',#6256);
#6256 = AXIS2_PLACEMENT_3D('',#6257,#6258,#6259);
#6257 = CARTESIAN_POINT('',(22.5,-49.,7.));
#6258 = DIRECTION('',(1.,0.,0.));
#6259 = DIRECTION('',(0.,0.,1.));
#6260 = DEFINITIONAL_REPRESENTATION('',(#6261),#6264);
#6261 = B_SPLINE_CURVE_WITH_KNOTS('',1,(#6262,#6263),.UNSPECIFIED.,.F.,
  .F.,(2,2),(-18.,-2.),.PIECEWISE_BEZIER_KNOTS.);
#6262 = CARTESIAN_POINT('',(16.,-5.));
#6263 = CARTESIAN_POINT('',(0.,-5.));
#6264 = ( GEOMETRIC_REPRESENTATION_CONTEXT(2) 
PARAMETRIC_REPRESENTATION_CONTEXT() REPRESENTATION_CONTEXT('2D SPACE',''
  ) );
#6265 = ORIENTED_EDGE('',*,*,#6266,.T.);
#6266 = EDGE_CURVE('',#6241,#6267,#6269,.T.);
#6267 = VERTEX_POINT('',#6268);
#6268 = CARTESIAN_POINT('',(41.5,-44.,7.));
#6269 = SURFACE_CURVE('',#6270,(#6274,#6280),.PCURVE_S1.);
#6270 = LINE('',#6271,#6272);
#6271 = CARTESIAN_POINT('',(-26.25,-44.,7.));
#6272 = VECTOR('',#6273,1.);
#6273 = DIRECTION('',(1.,0.,0.));
#6274 = PCURVE('',#182,#6275);
#6275 = DEFINITIONAL_REPRESENTATION('',(#6276),#6279);
#6276 = B_SPLINE_CURVE_WITH_KNOTS('',1,(#6277,#6278),.UNSPECIFIED.,.F.,
  .F.,(2,2),(48.75,67.75),.PIECEWISE_BEZIER_KNOTS.);
#6277 = CARTESIAN_POINT('',(4.,97.5));
#6278 = CARTESIAN_POINT('',(4.,116.5));
#6279 = ( GEOMETRIC_REPRESENTATION_CONTEXT(2) 
PARAMETRIC_REPRESENTATION_CONTEXT() REPRESENTATION_CONTEXT('2D SPACE',''
  ) );
#6280 = PCURVE('',#6281,#6286);
#6281 = PLANE('',#6282);
#6282 = AXIS2_PLACEMENT_3D('',#6283,#6284,#6285);
#6283 = CARTESIAN_POINT('',(22.5,-49.,7.));
#6284 = DIRECTION('',(0.,0.,1.));
#6285 = DIRECTION('',(1.,0.,0.));
#6286 = DEFINITIONAL_REPRESENTATION('',(#6287),#6290);
#6287 = B_SPLINE_CURVE_WITH_KNOTS('',1,(#6288,#6289),.UNSPECIFIED.,.F.,
  .F.,(2,2),(48.75,67.75),.PIECEWISE_BEZIER_KNOTS.);
#6288 = CARTESIAN_POINT('',(0.,5.));
#6289 = CARTESIAN_POINT('',(19.,5.));
#6290 = ( GEOMETRIC_REPRESENTATION_CONTEXT(2) 
PARAMETRIC_REPRESENTATION_CONTEXT() REPRESENTATION_CONTEXT('2D SPACE',''
  ) );
#6291 = ORIENTED_EDGE('',*,*,#6292,.F.);
#6292 = EDGE_CURVE('',#6215,#6267,#6293,.T.);
#6293 = SURFACE_CURVE('',#6294,(#6298,#6304),.PCURVE_S1.);
#6294 = LINE('',#6295,#6296);
#6295 = CARTESIAN_POINT('',(41.5,-44.,5.));
#6296 = VECTOR('',#6297,1.);
#6297 = DIRECTION('',(0.,0.,-1.));
#6298 = PCURVE('',#182,#6299);
#6299 = DEFINITIONAL_REPRESENTATION('',(#6300),#6303);
#6300 = B_SPLINE_CURVE_WITH_KNOTS('',1,(#6301,#6302),.UNSPECIFIED.,.F.,
  .F.,(2,2),(-18.,-2.),.PIECEWISE_BEZIER_KNOTS.);
#6301 = CARTESIAN_POINT('',(20.,116.5));
#6302 = CARTESIAN_POINT('',(4.,116.5));
#6303 = ( GEOMETRIC_REPRESENTATION_CONTEXT(2) 
PARAMETRIC_REPRESENTATION_CONTEXT() REPRESENTATION_CONTEXT('2D SPACE',''
  ) );
#6304 = PCURVE('',#6305,#6310);
#6305 = PLANE('',#6306);
#6306 = AXIS2_PLACEMENT_3D('',#6307,#6308,#6309);
#6307 = CARTESIAN_POINT('',(41.5,-49.,7.));
#6308 = DIRECTION('',(1.,0.,0.));
#6309 = DIRECTION('',(0.,0.,1.));
#6310 = DEFINITIONAL_REPRESENTATION('',(#6311),#6314);
#6311 = B_SPLINE_CURVE_WITH_KNOTS('',1,(#6312,#6313),.UNSPECIFIED.,.F.,
  .F.,(2,2),(-18.,-2.),.PIECEWISE_BEZIER_KNOTS.);
#6312 = CARTESIAN_POINT('',(16.,-5.));
#6313 = CARTESIAN_POINT('',(0.,-5.));
#6314 = ( GEOMETRIC_REPRESENTATION_CONTEXT(2) 
PARAMETRIC_REPRESENTATION_CONTEXT() REPRESENTATION_CONTEXT('2D SPACE',''
  ) );
#6315 = FACE_BOUND('',#6316,.T.);
#6316 = EDGE_LOOP('',(#6317));
#6317 = ORIENTED_EDGE('',*,*,#6318,.F.);
#6318 = EDGE_CURVE('',#6319,#6319,#6321,.T.);
#6319 = VERTEX_POINT('',#6320);
#6320 = CARTESIAN_POINT('',(53.,-44.,28.65));
#6321 = SURFACE_CURVE('',#6322,(#6327,#6334),.PCURVE_S1.);
#6322 = CIRCLE('',#6323,1.65);
#6323 = AXIS2_PLACEMENT_3D('',#6324,#6325,#6326);
#6324 = CARTESIAN_POINT('',(53.,-44.,27.));
#6325 = DIRECTION('',(0.,1.,0.));
#6326 = DIRECTION('',(0.,-0.,1.));
#6327 = PCURVE('',#182,#6328);
#6328 = DEFINITIONAL_REPRESENTATION('',(#6329),#6333);
#6329 = CIRCLE('',#6330,1.65);
#6330 = AXIS2_PLACEMENT_2D('',#6331,#6332);
#6331 = CARTESIAN_POINT('',(24.,128.));
#6332 = DIRECTION('',(1.,0.));
#6333 = ( GEOMETRIC_REPRESENTATION_CONTEXT(2) 
PARAMETRIC_REPRESENTATION_CONTEXT() REPRESENTATION_CONTEXT('2D SPACE',''
  ) );
#6334 = PCURVE('',#6335,#6340);
#6335 = CYLINDRICAL_SURFACE('',#6336,1.65);
#6336 = AXIS2_PLACEMENT_3D('',#6337,#6338,#6339);
#6337 = CARTESIAN_POINT('',(53.,-51.5,27.));
#6338 = DIRECTION('',(0.,1.,0.));
#6339 = DIRECTION('',(0.,-0.,1.));
#6340 = DEFINITIONAL_REPRESENTATION('',(#6341),#6345);
#6341 = LINE('',#6342,#6343);
#6342 = CARTESIAN_POINT('',(0.,7.5));
#6343 = VECTOR('',#6344,1.);
#6344 = DIRECTION('',(1.,0.));
#6345 = ( GEOMETRIC_REPRESENTATION_CONTEXT(2) 
PARAMETRIC_REPRESENTATION_CONTEXT() REPRESENTATION_CONTEXT('2D SPACE',''
  ) );
#6346 = FACE_BOUND('',#6347,.T.);
#6347 = EDGE_LOOP('',(#6348));
#6348 = ORIENTED_EDGE('',*,*,#6349,.F.);
#6349 = EDGE_CURVE('',#6350,#6350,#6352,.T.);
#6350 = VERTEX_POINT('',#6351);
#6351 = CARTESIAN_POINT('',(67.,-44.,28.65));
#6352 = SURFACE_CURVE('',#6353,(#6358,#6365),.PCURVE_S1.);
#6353 = CIRCLE('',#6354,1.65);
#6354 = AXIS2_PLACEMENT_3D('',#6355,#6356,#6357);
#6355 = CARTESIAN_POINT('',(67.,-44.,27.));
#6356 = DIRECTION('',(0.,1.,0.));
#6357 = DIRECTION('',(0.,-0.,1.));
#6358 = PCURVE('',#182,#6359);
#6359 = DEFINITIONAL_REPRESENTATION('',(#6360),#6364);
#6360 = CIRCLE('',#6361,1.65);
#6361 = AXIS2_PLACEMENT_2D('',#6362,#6363);
#6362 = CARTESIAN_POINT('',(24.,142.));
#6363 = DIRECTION('',(1.,0.));
#6364 = ( GEOMETRIC_REPRESENTATION_CONTEXT(2) 
PARAMETRIC_REPRESENTATION_CONTEXT() REPRESENTATION_CONTEXT('2D SPACE',''
  ) );
#6365 = PCURVE('',#6366,#6371);
#6366 = CYLINDRICAL_SURFACE('',#6367,1.65);
#6367 = AXIS2_PLACEMENT_3D('',#6368,#6369,#6370);
#6368 = CARTESIAN_POINT('',(67.,-51.5,27.));
#6369 = DIRECTION('',(0.,1.,0.));
#6370 = DIRECTION('',(0.,-0.,1.));
#6371 = DEFINITIONAL_REPRESENTATION('',(#6372),#6376);
#6372 = LINE('',#6373,#6374);
#6373 = CARTESIAN_POINT('',(0.,7.5));
#6374 = VECTOR('',#6375,1.);
#6375 = DIRECTION('',(1.,0.));
#6376 = ( GEOMETRIC_REPRESENTATION_CONTEXT(2) 
PARAMETRIC_REPRESENTATION_CONTEXT() REPRESENTATION_CONTEXT('2D SPACE',''
  ) );
#6377 = FACE_BOUND('',#6378,.T.);
#6378 = EDGE_LOOP('',(#6379,#6407,#6433,#6459));
#6379 = ORIENTED_EDGE('',*,*,#6380,.F.);
#6380 = EDGE_CURVE('',#6381,#6383,#6385,.T.);
#6381 = VERTEX_POINT('',#6382);
#6382 = CARTESIAN_POINT('',(-13.,-44.,54.));
#6383 = VERTEX_POINT('',#6384);
#6384 = CARTESIAN_POINT('',(13.,-44.,54.));
#6385 = SURFACE_CURVE('',#6386,(#6390,#6396),.PCURVE_S1.);
#6386 = LINE('',#6387,#6388);
#6387 = CARTESIAN_POINT('',(-44.,-44.,54.));
#6388 = VECTOR('',#6389,1.);
#6389 = DIRECTION('',(1.,0.,0.));
#6390 = PCURVE('',#182,#6391);
#6391 = DEFINITIONAL_REPRESENTATION('',(#6392),#6395);
#6392 = B_SPLINE_CURVE_WITH_KNOTS('',1,(#6393,#6394),.UNSPECIFIED.,.F.,
  .F.,(2,2),(31.,57.),.PIECEWISE_BEZIER_KNOTS.);
#6393 = CARTESIAN_POINT('',(51.,62.));
#6394 = CARTESIAN_POINT('',(51.,88.));
#6395 = ( GEOMETRIC_REPRESENTATION_CONTEXT(2) 
PARAMETRIC_REPRESENTATION_CONTEXT() REPRESENTATION_CONTEXT('2D SPACE',''
  ) );
#6396 = PCURVE('',#6397,#6402);
#6397 = PLANE('',#6398);
#6398 = AXIS2_PLACEMENT_3D('',#6399,#6400,#6401);
#6399 = CARTESIAN_POINT('',(-13.,-49.,54.));
#6400 = DIRECTION('',(0.,0.,1.));
#6401 = DIRECTION('',(1.,0.,0.));
#6402 = DEFINITIONAL_REPRESENTATION('',(#6403),#6406);
#6403 = B_SPLINE_CURVE_WITH_KNOTS('',1,(#6404,#6405),.UNSPECIFIED.,.F.,
  .F.,(2,2),(31.,57.),.PIECEWISE_BEZIER_KNOTS.);
#6404 = CARTESIAN_POINT('',(0.,5.));
#6405 = CARTESIAN_POINT('',(26.,5.));
#6406 = ( GEOMETRIC_REPRESENTATION_CONTEXT(2) 
PARAMETRIC_REPRESENTATION_CONTEXT() REPRESENTATION_CONTEXT('2D SPACE',''
  ) );
#6407 = ORIENTED_EDGE('',*,*,#6408,.T.);
#6408 = EDGE_CURVE('',#6381,#6409,#6411,.T.);
#6409 = VERTEX_POINT('',#6410);
#6410 = CARTESIAN_POINT('',(-13.,-44.,32.));
#6411 = SURFACE_CURVE('',#6412,(#6416,#6422),.PCURVE_S1.);
#6412 = LINE('',#6413,#6414);
#6413 = CARTESIAN_POINT('',(-13.,-44.,17.5));
#6414 = VECTOR('',#6415,1.);
#6415 = DIRECTION('',(0.,0.,-1.));
#6416 = PCURVE('',#182,#6417);
#6417 = DEFINITIONAL_REPRESENTATION('',(#6418),#6421);
#6418 = B_SPLINE_CURVE_WITH_KNOTS('',1,(#6419,#6420),.UNSPECIFIED.,.F.,
  .F.,(2,2),(-36.5,-14.5),.PIECEWISE_BEZIER_KNOTS.);
#6419 = CARTESIAN_POINT('',(51.,62.));
#6420 = CARTESIAN_POINT('',(29.,62.));
#6421 = ( GEOMETRIC_REPRESENTATION_CONTEXT(2) 
PARAMETRIC_REPRESENTATION_CONTEXT() REPRESENTATION_CONTEXT('2D SPACE',''
  ) );
#6422 = PCURVE('',#6423,#6428);
#6423 = PLANE('',#6424);
#6424 = AXIS2_PLACEMENT_3D('',#6425,#6426,#6427);
#6425 = CARTESIAN_POINT('',(-13.,-49.,32.));
#6426 = DIRECTION('',(1.,0.,0.));
#6427 = DIRECTION('',(0.,0.,1.));
#6428 = DEFINITIONAL_REPRESENTATION('',(#6429),#6432);
#6429 = B_SPLINE_CURVE_WITH_KNOTS('',1,(#6430,#6431),.UNSPECIFIED.,.F.,
  .F.,(2,2),(-36.5,-14.5),.PIECEWISE_BEZIER_KNOTS.);
#6430 = CARTESIAN_POINT('',(22.,-5.));
#6431 = CARTESIAN_POINT('',(0.,-5.));
#6432 = ( GEOMETRIC_REPRESENTATION_CONTEXT(2) 
PARAMETRIC_REPRESENTATION_CONTEXT() REPRESENTATION_CONTEXT('2D SPACE',''
  ) );
#6433 = ORIENTED_EDGE('',*,*,#6434,.T.);
#6434 = EDGE_CURVE('',#6409,#6435,#6437,.T.);
#6435 = VERTEX_POINT('',#6436);
#6436 = CARTESIAN_POINT('',(13.,-44.,32.));
#6437 = SURFACE_CURVE('',#6438,(#6442,#6448),.PCURVE_S1.);
#6438 = LINE('',#6439,#6440);
#6439 = CARTESIAN_POINT('',(-44.,-44.,32.));
#6440 = VECTOR('',#6441,1.);
#6441 = DIRECTION('',(1.,0.,0.));
#6442 = PCURVE('',#182,#6443);
#6443 = DEFINITIONAL_REPRESENTATION('',(#6444),#6447);
#6444 = B_SPLINE_CURVE_WITH_KNOTS('',1,(#6445,#6446),.UNSPECIFIED.,.F.,
  .F.,(2,2),(31.,57.),.PIECEWISE_BEZIER_KNOTS.);
#6445 = CARTESIAN_POINT('',(29.,62.));
#6446 = CARTESIAN_POINT('',(29.,88.));
#6447 = ( GEOMETRIC_REPRESENTATION_CONTEXT(2) 
PARAMETRIC_REPRESENTATION_CONTEXT() REPRESENTATION_CONTEXT('2D SPACE',''
  ) );
#6448 = PCURVE('',#6449,#6454);
#6449 = PLANE('',#6450);
#6450 = AXIS2_PLACEMENT_3D('',#6451,#6452,#6453);
#6451 = CARTESIAN_POINT('',(-13.,-49.,32.));
#6452 = DIRECTION('',(0.,0.,1.));
#6453 = DIRECTION('',(1.,0.,0.));
#6454 = DEFINITIONAL_REPRESENTATION('',(#6455),#6458);
#6455 = B_SPLINE_CURVE_WITH_KNOTS('',1,(#6456,#6457),.UNSPECIFIED.,.F.,
  .F.,(2,2),(31.,57.),.PIECEWISE_BEZIER_KNOTS.);
#6456 = CARTESIAN_POINT('',(0.,5.));
#6457 = CARTESIAN_POINT('',(26.,5.));
#6458 = ( GEOMETRIC_REPRESENTATION_CONTEXT(2) 
PARAMETRIC_REPRESENTATION_CONTEXT() REPRESENTATION_CONTEXT('2D SPACE',''
  ) );
#6459 = ORIENTED_EDGE('',*,*,#6460,.F.);
#6460 = EDGE_CURVE('',#6383,#6435,#6461,.T.);
#6461 = SURFACE_CURVE('',#6462,(#6466,#6472),.PCURVE_S1.);
#6462 = LINE('',#6463,#6464);
#6463 = CARTESIAN_POINT('',(13.,-44.,17.5));
#6464 = VECTOR('',#6465,1.);
#6465 = DIRECTION('',(0.,0.,-1.));
#6466 = PCURVE('',#182,#6467);
#6467 = DEFINITIONAL_REPRESENTATION('',(#6468),#6471);
#6468 = B_SPLINE_CURVE_WITH_KNOTS('',1,(#6469,#6470),.UNSPECIFIED.,.F.,
  .F.,(2,2),(-36.5,-14.5),.PIECEWISE_BEZIER_KNOTS.);
#6469 = CARTESIAN_POINT('',(51.,88.));
#6470 = CARTESIAN_POINT('',(29.,88.));
#6471 = ( GEOMETRIC_REPRESENTATION_CONTEXT(2) 
PARAMETRIC_REPRESENTATION_CONTEXT() REPRESENTATION_CONTEXT('2D SPACE',''
  ) );
#6472 = PCURVE('',#6473,#6478);
#6473 = PLANE('',#6474);
#6474 = AXIS2_PLACEMENT_3D('',#6475,#6476,#6477);
#6475 = CARTESIAN_POINT('',(13.,-49.,32.));
#6476 = DIRECTION('',(1.,0.,0.));
#6477 = DIRECTION('',(0.,0.,1.));
#6478 = DEFINITIONAL_REPRESENTATION('',(#6479),#6482);
#6479 = B_SPLINE_CURVE_WITH_KNOTS('',1,(#6480,#6481),.UNSPECIFIED.,.F.,
  .F.,(2,2),(-36.5,-14.5),.PIECEWISE_BEZIER_KNOTS.);
#6480 = CARTESIAN_POINT('',(22.,-5.));
#6481 = CARTESIAN_POINT('',(0.,-5.));
#6482 = ( GEOMETRIC_REPRESENTATION_CONTEXT(2) 
PARAMETRIC_REPRESENTATION_CONTEXT() REPRESENTATION_CONTEXT('2D SPACE',''
  ) );
#6483 = FACE_BOUND('',#6484,.T.);
#6484 = EDGE_LOOP('',(#6485));
#6485 = ORIENTED_EDGE('',*,*,#6486,.F.);
#6486 = EDGE_CURVE('',#6487,#6487,#6489,.T.);
#6487 = VERTEX_POINT('',#6488);
#6488 = CARTESIAN_POINT('',(15.4,-44.,43.2));
#6489 = SURFACE_CURVE('',#6490,(#6495,#6502),.PCURVE_S1.);
#6490 = CIRCLE('',#6491,1.2);
#6491 = AXIS2_PLACEMENT_3D('',#6492,#6493,#6494);
#6492 = CARTESIAN_POINT('',(15.4,-44.,42.));
#6493 = DIRECTION('',(0.,1.,0.));
#6494 = DIRECTION('',(0.,-0.,1.));
#6495 = PCURVE('',#182,#6496);
#6496 = DEFINITIONAL_REPRESENTATION('',(#6497),#6501);
#6497 = CIRCLE('',#6498,1.2);
#6498 = AXIS2_PLACEMENT_2D('',#6499,#6500);
#6499 = CARTESIAN_POINT('',(39.,90.4));
#6500 = DIRECTION('',(1.,0.));
#6501 = ( GEOMETRIC_REPRESENTATION_CONTEXT(2) 
PARAMETRIC_REPRESENTATION_CONTEXT() REPRESENTATION_CONTEXT('2D SPACE',''
  ) );
#6502 = PCURVE('',#6503,#6508);
#6503 = CYLINDRICAL_SURFACE('',#6504,1.2);
#6504 = AXIS2_PLACEMENT_3D('',#6505,#6506,#6507);
#6505 = CARTESIAN_POINT('',(15.4,-51.5,42.));
#6506 = DIRECTION('',(0.,1.,0.));
#6507 = DIRECTION('',(0.,-0.,1.));
#6508 = DEFINITIONAL_REPRESENTATION('',(#6509),#6513);
#6509 = LINE('',#6510,#6511);
#6510 = CARTESIAN_POINT('',(0.,7.5));
#6511 = VECTOR('',#6512,1.);
#6512 = DIRECTION('',(1.,0.));
#6513 = ( GEOMETRIC_REPRESENTATION_CONTEXT(2) 
PARAMETRIC_REPRESENTATION_CONTEXT() REPRESENTATION_CONTEXT('2D SPACE',''
  ) );
#6514 = FACE_BOUND('',#6515,.T.);
#6515 = EDGE_LOOP('',(#6516,#6544,#6570,#6596));
#6516 = ORIENTED_EDGE('',*,*,#6517,.F.);
#6517 = EDGE_CURVE('',#6518,#6520,#6522,.T.);
#6518 = VERTEX_POINT('',#6519);
#6519 = CARTESIAN_POINT('',(17.5,-44.,48.3));
#6520 = VERTEX_POINT('',#6521);
#6521 = CARTESIAN_POINT('',(41.1,-44.,48.3));
#6522 = SURFACE_CURVE('',#6523,(#6527,#6533),.PCURVE_S1.);
#6523 = LINE('',#6524,#6525);
#6524 = CARTESIAN_POINT('',(-28.75,-44.,48.3));
#6525 = VECTOR('',#6526,1.);
#6526 = DIRECTION('',(1.,0.,0.));
#6527 = PCURVE('',#182,#6528);
#6528 = DEFINITIONAL_REPRESENTATION('',(#6529),#6532);
#6529 = B_SPLINE_CURVE_WITH_KNOTS('',1,(#6530,#6531),.UNSPECIFIED.,.F.,
  .F.,(2,2),(46.25,69.85),.PIECEWISE_BEZIER_KNOTS.);
#6530 = CARTESIAN_POINT('',(45.3,92.5));
#6531 = CARTESIAN_POINT('',(45.3,116.1));
#6532 = ( GEOMETRIC_REPRESENTATION_CONTEXT(2) 
PARAMETRIC_REPRESENTATION_CONTEXT() REPRESENTATION_CONTEXT('2D SPACE',''
  ) );
#6533 = PCURVE('',#6534,#6539);
#6534 = PLANE('',#6535);
#6535 = AXIS2_PLACEMENT_3D('',#6536,#6537,#6538);
#6536 = CARTESIAN_POINT('',(17.5,-50.,48.3));
#6537 = DIRECTION('',(0.,0.,1.));
#6538 = DIRECTION('',(1.,0.,0.));
#6539 = DEFINITIONAL_REPRESENTATION('',(#6540),#6543);
#6540 = B_SPLINE_CURVE_WITH_KNOTS('',1,(#6541,#6542),.UNSPECIFIED.,.F.,
  .F.,(2,2),(46.25,69.85),.PIECEWISE_BEZIER_KNOTS.);
#6541 = CARTESIAN_POINT('',(0.,6.));
#6542 = CARTESIAN_POINT('',(23.6,6.));
#6543 = ( GEOMETRIC_REPRESENTATION_CONTEXT(2) 
PARAMETRIC_REPRESENTATION_CONTEXT() REPRESENTATION_CONTEXT('2D SPACE',''
  ) );
#6544 = ORIENTED_EDGE('',*,*,#6545,.T.);
#6545 = EDGE_CURVE('',#6518,#6546,#6548,.T.);
#6546 = VERTEX_POINT('',#6547);
#6547 = CARTESIAN_POINT('',(17.5,-44.,35.7));
#6548 = SURFACE_CURVE('',#6549,(#6553,#6559),.PCURVE_S1.);
#6549 = LINE('',#6550,#6551);
#6550 = CARTESIAN_POINT('',(17.5,-44.,19.35));
#6551 = VECTOR('',#6552,1.);
#6552 = DIRECTION('',(0.,0.,-1.));
#6553 = PCURVE('',#182,#6554);
#6554 = DEFINITIONAL_REPRESENTATION('',(#6555),#6558);
#6555 = B_SPLINE_CURVE_WITH_KNOTS('',1,(#6556,#6557),.UNSPECIFIED.,.F.,
  .F.,(2,2),(-28.95,-16.35),.PIECEWISE_BEZIER_KNOTS.);
#6556 = CARTESIAN_POINT('',(45.3,92.5));
#6557 = CARTESIAN_POINT('',(32.7,92.5));
#6558 = ( GEOMETRIC_REPRESENTATION_CONTEXT(2) 
PARAMETRIC_REPRESENTATION_CONTEXT() REPRESENTATION_CONTEXT('2D SPACE',''
  ) );
#6559 = PCURVE('',#6560,#6565);
#6560 = PLANE('',#6561);
#6561 = AXIS2_PLACEMENT_3D('',#6562,#6563,#6564);
#6562 = CARTESIAN_POINT('',(17.5,-50.,35.7));
#6563 = DIRECTION('',(1.,0.,0.));
#6564 = DIRECTION('',(0.,0.,1.));
#6565 = DEFINITIONAL_REPRESENTATION('',(#6566),#6569);
#6566 = B_SPLINE_CURVE_WITH_KNOTS('',1,(#6567,#6568),.UNSPECIFIED.,.F.,
  .F.,(2,2),(-28.95,-16.35),.PIECEWISE_BEZIER_KNOTS.);
#6567 = CARTESIAN_POINT('',(12.6,-6.));
#6568 = CARTESIAN_POINT('',(0.,-6.));
#6569 = ( GEOMETRIC_REPRESENTATION_CONTEXT(2) 
PARAMETRIC_REPRESENTATION_CONTEXT() REPRESENTATION_CONTEXT('2D SPACE',''
  ) );
#6570 = ORIENTED_EDGE('',*,*,#6571,.T.);
#6571 = EDGE_CURVE('',#6546,#6572,#6574,.T.);
#6572 = VERTEX_POINT('',#6573);
#6573 = CARTESIAN_POINT('',(41.1,-44.,35.7));
#6574 = SURFACE_CURVE('',#6575,(#6579,#6585),.PCURVE_S1.);
#6575 = LINE('',#6576,#6577);
#6576 = CARTESIAN_POINT('',(-28.75,-44.,35.7));
#6577 = VECTOR('',#6578,1.);
#6578 = DIRECTION('',(1.,0.,0.));
#6579 = PCURVE('',#182,#6580);
#6580 = DEFINITIONAL_REPRESENTATION('',(#6581),#6584);
#6581 = B_SPLINE_CURVE_WITH_KNOTS('',1,(#6582,#6583),.UNSPECIFIED.,.F.,
  .F.,(2,2),(46.25,69.85),.PIECEWISE_BEZIER_KNOTS.);
#6582 = CARTESIAN_POINT('',(32.7,92.5));
#6583 = CARTESIAN_POINT('',(32.7,116.1));
#6584 = ( GEOMETRIC_REPRESENTATION_CONTEXT(2) 
PARAMETRIC_REPRESENTATION_CONTEXT() REPRESENTATION_CONTEXT('2D SPACE',''
  ) );
#6585 = PCURVE('',#6586,#6591);
#6586 = PLANE('',#6587);
#6587 = AXIS2_PLACEMENT_3D('',#6588,#6589,#6590);
#6588 = CARTESIAN_POINT('',(17.5,-50.,35.7));
#6589 = DIRECTION('',(0.,0.,1.));
#6590 = DIRECTION('',(1.,0.,0.));
#6591 = DEFINITIONAL_REPRESENTATION('',(#6592),#6595);
#6592 = B_SPLINE_CURVE_WITH_KNOTS('',1,(#6593,#6594),.UNSPECIFIED.,.F.,
  .F.,(2,2),(46.25,69.85),.PIECEWISE_BEZIER_KNOTS.);
#6593 = CARTESIAN_POINT('',(0.,6.));
#6594 = CARTESIAN_POINT('',(23.6,6.));
#6595 = ( GEOMETRIC_REPRESENTATION_CONTEXT(2) 
PARAMETRIC_REPRESENTATION_CONTEXT() REPRESENTATION_CONTEXT('2D SPACE',''
  ) );
#6596 = ORIENTED_EDGE('',*,*,#6597,.F.);
#6597 = EDGE_CURVE('',#6520,#6572,#6598,.T.);
#6598 = SURFACE_CURVE('',#6599,(#6603,#6609),.PCURVE_S1.);
#6599 = LINE('',#6600,#6601);
#6600 = CARTESIAN_POINT('',(41.1,-44.,19.35));
#6601 = VECTOR('',#6602,1.);
#6602 = DIRECTION('',(0.,0.,-1.));
#6603 = PCURVE('',#182,#6604);
#6604 = DEFINITIONAL_REPRESENTATION('',(#6605),#6608);
#6605 = B_SPLINE_CURVE_WITH_KNOTS('',1,(#6606,#6607),.UNSPECIFIED.,.F.,
  .F.,(2,2),(-28.95,-16.35),.PIECEWISE_BEZIER_KNOTS.);
#6606 = CARTESIAN_POINT('',(45.3,116.1));
#6607 = CARTESIAN_POINT('',(32.7,116.1));
#6608 = ( GEOMETRIC_REPRESENTATION_CONTEXT(2) 
PARAMETRIC_REPRESENTATION_CONTEXT() REPRESENTATION_CONTEXT('2D SPACE',''
  ) );
#6609 = PCURVE('',#6610,#6615);
#6610 = PLANE('',#6611);
#6611 = AXIS2_PLACEMENT_3D('',#6612,#6613,#6614);
#6612 = CARTESIAN_POINT('',(41.1,-50.,35.7));
#6613 = DIRECTION('',(1.,0.,0.));
#6614 = DIRECTION('',(0.,0.,1.));
#6615 = DEFINITIONAL_REPRESENTATION('',(#6616),#6619);
#6616 = B_SPLINE_CURVE_WITH_KNOTS('',1,(#6617,#6618),.UNSPECIFIED.,.F.,
  .F.,(2,2),(-28.95,-16.35),.PIECEWISE_BEZIER_KNOTS.);
#6617 = CARTESIAN_POINT('',(12.6,-6.));
#6618 = CARTESIAN_POINT('',(0.,-6.));
#6619 = ( GEOMETRIC_REPRESENTATION_CONTEXT(2) 
PARAMETRIC_REPRESENTATION_CONTEXT() REPRESENTATION_CONTEXT('2D SPACE',''
  ) );
#6620 = FACE_BOUND('',#6621,.T.);
#6621 = EDGE_LOOP('',(#6622));
#6622 = ORIENTED_EDGE('',*,*,#6623,.F.);
#6623 = EDGE_CURVE('',#6624,#6624,#6626,.T.);
#6624 = VERTEX_POINT('',#6625);
#6625 = CARTESIAN_POINT('',(43.2,-44.,43.2));
#6626 = SURFACE_CURVE('',#6627,(#6632,#6639),.PCURVE_S1.);
#6627 = CIRCLE('',#6628,1.2);
#6628 = AXIS2_PLACEMENT_3D('',#6629,#6630,#6631);
#6629 = CARTESIAN_POINT('',(43.2,-44.,42.));
#6630 = DIRECTION('',(0.,1.,0.));
#6631 = DIRECTION('',(0.,-0.,1.));
#6632 = PCURVE('',#182,#6633);
#6633 = DEFINITIONAL_REPRESENTATION('',(#6634),#6638);
#6634 = CIRCLE('',#6635,1.2);
#6635 = AXIS2_PLACEMENT_2D('',#6636,#6637);
#6636 = CARTESIAN_POINT('',(39.,118.2));
#6637 = DIRECTION('',(1.,0.));
#6638 = ( GEOMETRIC_REPRESENTATION_CONTEXT(2) 
PARAMETRIC_REPRESENTATION_CONTEXT() REPRESENTATION_CONTEXT('2D SPACE',''
  ) );
#6639 = PCURVE('',#6640,#6645);
#6640 = CYLINDRICAL_SURFACE('',#6641,1.2);
#6641 = AXIS2_PLACEMENT_3D('',#6642,#6643,#6644);
#6642 = CARTESIAN_POINT('',(43.2,-51.5,42.));
#6643 = DIRECTION('',(0.,1.,0.));
#6644 = DIRECTION('',(0.,-0.,1.));
#6645 = DEFINITIONAL_REPRESENTATION('',(#6646),#6650);
#6646 = LINE('',#6647,#6648);
#6647 = CARTESIAN_POINT('',(0.,7.5));
#6648 = VECTOR('',#6649,1.);
#6649 = DIRECTION('',(1.,0.));
#6650 = ( GEOMETRIC_REPRESENTATION_CONTEXT(2) 
PARAMETRIC_REPRESENTATION_CONTEXT() REPRESENTATION_CONTEXT('2D SPACE',''
  ) );
#6651 = FACE_BOUND('',#6652,.T.);
#6652 = EDGE_LOOP('',(#6653));
#6653 = ORIENTED_EDGE('',*,*,#6654,.F.);
#6654 = EDGE_CURVE('',#6655,#6655,#6657,.T.);
#6655 = VERTEX_POINT('',#6656);
#6656 = CARTESIAN_POINT('',(53.,-44.,59.65));
#6657 = SURFACE_CURVE('',#6658,(#6663,#6670),.PCURVE_S1.);
#6658 = CIRCLE('',#6659,1.65);
#6659 = AXIS2_PLACEMENT_3D('',#6660,#6661,#6662);
#6660 = CARTESIAN_POINT('',(53.,-44.,58.));
#6661 = DIRECTION('',(0.,1.,0.));
#6662 = DIRECTION('',(0.,-0.,1.));
#6663 = PCURVE('',#182,#6664);
#6664 = DEFINITIONAL_REPRESENTATION('',(#6665),#6669);
#6665 = CIRCLE('',#6666,1.65);
#6666 = AXIS2_PLACEMENT_2D('',#6667,#6668);
#6667 = CARTESIAN_POINT('',(55.,128.));
#6668 = DIRECTION('',(1.,0.));
#6669 = ( GEOMETRIC_REPRESENTATION_CONTEXT(2) 
PARAMETRIC_REPRESENTATION_CONTEXT() REPRESENTATION_CONTEXT('2D SPACE',''
  ) );
#6670 = PCURVE('',#6671,#6676);
#6671 = CYLINDRICAL_SURFACE('',#6672,1.65);
#6672 = AXIS2_PLACEMENT_3D('',#6673,#6674,#6675);
#6673 = CARTESIAN_POINT('',(53.,-51.5,58.));
#6674 = DIRECTION('',(0.,1.,0.));
#6675 = DIRECTION('',(0.,-0.,1.));
#6676 = DEFINITIONAL_REPRESENTATION('',(#6677),#6681);
#6677 = LINE('',#6678,#6679);
#6678 = CARTESIAN_POINT('',(0.,7.5));
#6679 = VECTOR('',#6680,1.);
#6680 = DIRECTION('',(1.,0.));
#6681 = ( GEOMETRIC_REPRESENTATION_CONTEXT(2) 
PARAMETRIC_REPRESENTATION_CONTEXT() REPRESENTATION_CONTEXT('2D SPACE',''
  ) );
#6682 = FACE_BOUND('',#6683,.T.);
#6683 = EDGE_LOOP('',(#6684));
#6684 = ORIENTED_EDGE('',*,*,#6685,.F.);
#6685 = EDGE_CURVE('',#6686,#6686,#6688,.T.);
#6686 = VERTEX_POINT('',#6687);
#6687 = CARTESIAN_POINT('',(67.,-44.,59.65));
#6688 = SURFACE_CURVE('',#6689,(#6694,#6701),.PCURVE_S1.);
#6689 = CIRCLE('',#6690,1.65);
#6690 = AXIS2_PLACEMENT_3D('',#6691,#6692,#6693);
#6691 = CARTESIAN_POINT('',(67.,-44.,58.));
#6692 = DIRECTION('',(0.,1.,0.));
#6693 = DIRECTION('',(0.,-0.,1.));
#6694 = PCURVE('',#182,#6695);
#6695 = DEFINITIONAL_REPRESENTATION('',(#6696),#6700);
#6696 = CIRCLE('',#6697,1.65);
#6697 = AXIS2_PLACEMENT_2D('',#6698,#6699);
#6698 = CARTESIAN_POINT('',(55.,142.));
#6699 = DIRECTION('',(1.,0.));
#6700 = ( GEOMETRIC_REPRESENTATION_CONTEXT(2) 
PARAMETRIC_REPRESENTATION_CONTEXT() REPRESENTATION_CONTEXT('2D SPACE',''
  ) );
#6701 = PCURVE('',#6702,#6707);
#6702 = CYLINDRICAL_SURFACE('',#6703,1.65);
#6703 = AXIS2_PLACEMENT_3D('',#6704,#6705,#6706);
#6704 = CARTESIAN_POINT('',(67.,-51.5,58.));
#6705 = DIRECTION('',(0.,1.,0.));
#6706 = DIRECTION('',(0.,-0.,1.));
#6707 = DEFINITIONAL_REPRESENTATION('',(#6708),#6712);
#6708 = LINE('',#6709,#6710);
#6709 = CARTESIAN_POINT('',(0.,7.5));
#6710 = VECTOR('',#6711,1.);
#6711 = DIRECTION('',(1.,0.));
#6712 = ( GEOMETRIC_REPRESENTATION_CONTEXT(2) 
PARAMETRIC_REPRESENTATION_CONTEXT() REPRESENTATION_CONTEXT('2D SPACE',''
  ) );
#6713 = ADVANCED_FACE('',(#6714,#7039,#7070,#7101,#7207,#7238,#7269,
    #7300,#7406,#7437,#7543,#7649,#7680,#7711,#7817,#7848,#7954,#7985,
    #8016),#300,.F.);
#6714 = FACE_BOUND('',#6715,.F.);
#6715 = EDGE_LOOP('',(#6716,#6739,#6762,#6785,#6813,#6836,#6859,#6887,
    #6910,#6933,#6961,#6989,#7012,#7038));
#6716 = ORIENTED_EDGE('',*,*,#6717,.F.);
#6717 = EDGE_CURVE('',#6718,#285,#6720,.T.);
#6718 = VERTEX_POINT('',#6719);
#6719 = CARTESIAN_POINT('',(-75.,44.,3.));
#6720 = SURFACE_CURVE('',#6721,(#6725,#6732),.PCURVE_S1.);
#6721 = LINE('',#6722,#6723);
#6722 = CARTESIAN_POINT('',(-75.,44.,3.));
#6723 = VECTOR('',#6724,1.);
#6724 = DIRECTION('',(1.,0.,0.));
#6725 = PCURVE('',#300,#6726);
#6726 = DEFINITIONAL_REPRESENTATION('',(#6727),#6731);
#6727 = LINE('',#6728,#6729);
#6728 = CARTESIAN_POINT('',(0.,0.));
#6729 = VECTOR('',#6730,1.);
#6730 = DIRECTION('',(0.,1.));
#6731 = ( GEOMETRIC_REPRESENTATION_CONTEXT(2) 
PARAMETRIC_REPRESENTATION_CONTEXT() REPRESENTATION_CONTEXT('2D SPACE',''
  ) );
#6732 = PCURVE('',#3288,#6733);
#6733 = DEFINITIONAL_REPRESENTATION('',(#6734),#6738);
#6734 = LINE('',#6735,#6736);
#6735 = CARTESIAN_POINT('',(0.,0.));
#6736 = VECTOR('',#6737,1.);
#6737 = DIRECTION('',(1.,0.));
#6738 = ( GEOMETRIC_REPRESENTATION_CONTEXT(2) 
PARAMETRIC_REPRESENTATION_CONTEXT() REPRESENTATION_CONTEXT('2D SPACE',''
  ) );
#6739 = ORIENTED_EDGE('',*,*,#6740,.T.);
#6740 = EDGE_CURVE('',#6718,#6741,#6743,.T.);
#6741 = VERTEX_POINT('',#6742);
#6742 = CARTESIAN_POINT('',(-75.,44.,56.));
#6743 = SURFACE_CURVE('',#6744,(#6748,#6755),.PCURVE_S1.);
#6744 = LINE('',#6745,#6746);
#6745 = CARTESIAN_POINT('',(-75.,44.,3.));
#6746 = VECTOR('',#6747,1.);
#6747 = DIRECTION('',(0.,0.,1.));
#6748 = PCURVE('',#300,#6749);
#6749 = DEFINITIONAL_REPRESENTATION('',(#6750),#6754);
#6750 = LINE('',#6751,#6752);
#6751 = CARTESIAN_POINT('',(0.,0.));
#6752 = VECTOR('',#6753,1.);
#6753 = DIRECTION('',(1.,0.));
#6754 = ( GEOMETRIC_REPRESENTATION_CONTEXT(2) 
PARAMETRIC_REPRESENTATION_CONTEXT() REPRESENTATION_CONTEXT('2D SPACE',''
  ) );
#6755 = PCURVE('',#5397,#6756);
#6756 = DEFINITIONAL_REPRESENTATION('',(#6757),#6761);
#6757 = LINE('',#6758,#6759);
#6758 = CARTESIAN_POINT('',(0.,0.));
#6759 = VECTOR('',#6760,1.);
#6760 = DIRECTION('',(1.,0.));
#6761 = ( GEOMETRIC_REPRESENTATION_CONTEXT(2) 
PARAMETRIC_REPRESENTATION_CONTEXT() REPRESENTATION_CONTEXT('2D SPACE',''
  ) );
#6762 = ORIENTED_EDGE('',*,*,#6763,.T.);
#6763 = EDGE_CURVE('',#6741,#6764,#6766,.T.);
#6764 = VERTEX_POINT('',#6765);
#6765 = CARTESIAN_POINT('',(-72.,44.,56.));
#6766 = SURFACE_CURVE('',#6767,(#6771,#6778),.PCURVE_S1.);
#6767 = LINE('',#6768,#6769);
#6768 = CARTESIAN_POINT('',(-75.,44.,56.));
#6769 = VECTOR('',#6770,1.);
#6770 = DIRECTION('',(1.,0.,0.));
#6771 = PCURVE('',#300,#6772);
#6772 = DEFINITIONAL_REPRESENTATION('',(#6773),#6777);
#6773 = LINE('',#6774,#6775);
#6774 = CARTESIAN_POINT('',(53.,0.));
#6775 = VECTOR('',#6776,1.);
#6776 = DIRECTION('',(0.,1.));
#6777 = ( GEOMETRIC_REPRESENTATION_CONTEXT(2) 
PARAMETRIC_REPRESENTATION_CONTEXT() REPRESENTATION_CONTEXT('2D SPACE',''
  ) );
#6778 = PCURVE('',#5425,#6779);
#6779 = DEFINITIONAL_REPRESENTATION('',(#6780),#6784);
#6780 = LINE('',#6781,#6782);
#6781 = CARTESIAN_POINT('',(0.,88.));
#6782 = VECTOR('',#6783,1.);
#6783 = DIRECTION('',(1.,0.));
#6784 = ( GEOMETRIC_REPRESENTATION_CONTEXT(2) 
PARAMETRIC_REPRESENTATION_CONTEXT() REPRESENTATION_CONTEXT('2D SPACE',''
  ) );
#6785 = ORIENTED_EDGE('',*,*,#6786,.T.);
#6786 = EDGE_CURVE('',#6764,#6787,#6789,.T.);
#6787 = VERTEX_POINT('',#6788);
#6788 = CARTESIAN_POINT('',(-72.,44.,64.));
#6789 = SURFACE_CURVE('',#6790,(#6794,#6801),.PCURVE_S1.);
#6790 = LINE('',#6791,#6792);
#6791 = CARTESIAN_POINT('',(-72.,44.,56.));
#6792 = VECTOR('',#6793,1.);
#6793 = DIRECTION('',(0.,0.,1.));
#6794 = PCURVE('',#300,#6795);
#6795 = DEFINITIONAL_REPRESENTATION('',(#6796),#6800);
#6796 = LINE('',#6797,#6798);
#6797 = CARTESIAN_POINT('',(53.,3.));
#6798 = VECTOR('',#6799,1.);
#6799 = DIRECTION('',(1.,0.));
#6800 = ( GEOMETRIC_REPRESENTATION_CONTEXT(2) 
PARAMETRIC_REPRESENTATION_CONTEXT() REPRESENTATION_CONTEXT('2D SPACE',''
  ) );
#6801 = PCURVE('',#6802,#6807);
#6802 = PLANE('',#6803);
#6803 = AXIS2_PLACEMENT_3D('',#6804,#6805,#6806);
#6804 = CARTESIAN_POINT('',(-72.,-44.,56.));
#6805 = DIRECTION('',(1.,0.,0.));
#6806 = DIRECTION('',(0.,0.,1.));
#6807 = DEFINITIONAL_REPRESENTATION('',(#6808),#6812);
#6808 = LINE('',#6809,#6810);
#6809 = CARTESIAN_POINT('',(0.,-88.));
#6810 = VECTOR('',#6811,1.);
#6811 = DIRECTION('',(1.,0.));
#6812 = ( GEOMETRIC_REPRESENTATION_CONTEXT(2) 
PARAMETRIC_REPRESENTATION_CONTEXT() REPRESENTATION_CONTEXT('2D SPACE',''
  ) );
#6813 = ORIENTED_EDGE('',*,*,#6814,.F.);
#6814 = EDGE_CURVE('',#6815,#6787,#6817,.T.);
#6815 = VERTEX_POINT('',#6816);
#6816 = CARTESIAN_POINT('',(-75.,44.,64.));
#6817 = SURFACE_CURVE('',#6818,(#6822,#6829),.PCURVE_S1.);
#6818 = LINE('',#6819,#6820);
#6819 = CARTESIAN_POINT('',(-75.,44.,64.));
#6820 = VECTOR('',#6821,1.);
#6821 = DIRECTION('',(1.,0.,0.));
#6822 = PCURVE('',#300,#6823);
#6823 = DEFINITIONAL_REPRESENTATION('',(#6824),#6828);
#6824 = LINE('',#6825,#6826);
#6825 = CARTESIAN_POINT('',(61.,0.));
#6826 = VECTOR('',#6827,1.);
#6827 = DIRECTION('',(0.,1.));
#6828 = ( GEOMETRIC_REPRESENTATION_CONTEXT(2) 
PARAMETRIC_REPRESENTATION_CONTEXT() REPRESENTATION_CONTEXT('2D SPACE',''
  ) );
#6829 = PCURVE('',#5481,#6830);
#6830 = DEFINITIONAL_REPRESENTATION('',(#6831),#6835);
#6831 = LINE('',#6832,#6833);
#6832 = CARTESIAN_POINT('',(0.,88.));
#6833 = VECTOR('',#6834,1.);
#6834 = DIRECTION('',(1.,0.));
#6835 = ( GEOMETRIC_REPRESENTATION_CONTEXT(2) 
PARAMETRIC_REPRESENTATION_CONTEXT() REPRESENTATION_CONTEXT('2D SPACE',''
  ) );
#6836 = ORIENTED_EDGE('',*,*,#6837,.T.);
#6837 = EDGE_CURVE('',#6815,#6838,#6840,.T.);
#6838 = VERTEX_POINT('',#6839);
#6839 = CARTESIAN_POINT('',(-75.,44.,65.));
#6840 = SURFACE_CURVE('',#6841,(#6845,#6852),.PCURVE_S1.);
#6841 = LINE('',#6842,#6843);
#6842 = CARTESIAN_POINT('',(-75.,44.,3.));
#6843 = VECTOR('',#6844,1.);
#6844 = DIRECTION('',(0.,0.,1.));
#6845 = PCURVE('',#300,#6846);
#6846 = DEFINITIONAL_REPRESENTATION('',(#6847),#6851);
#6847 = LINE('',#6848,#6849);
#6848 = CARTESIAN_POINT('',(0.,0.));
#6849 = VECTOR('',#6850,1.);
#6850 = DIRECTION('',(1.,0.));
#6851 = ( GEOMETRIC_REPRESENTATION_CONTEXT(2) 
PARAMETRIC_REPRESENTATION_CONTEXT() REPRESENTATION_CONTEXT('2D SPACE',''
  ) );
#6852 = PCURVE('',#5397,#6853);
#6853 = DEFINITIONAL_REPRESENTATION('',(#6854),#6858);
#6854 = LINE('',#6855,#6856);
#6855 = CARTESIAN_POINT('',(0.,0.));
#6856 = VECTOR('',#6857,1.);
#6857 = DIRECTION('',(1.,0.));
#6858 = ( GEOMETRIC_REPRESENTATION_CONTEXT(2) 
PARAMETRIC_REPRESENTATION_CONTEXT() REPRESENTATION_CONTEXT('2D SPACE',''
  ) );
#6859 = ORIENTED_EDGE('',*,*,#6860,.T.);
#6860 = EDGE_CURVE('',#6838,#6861,#6863,.T.);
#6861 = VERTEX_POINT('',#6862);
#6862 = CARTESIAN_POINT('',(75.,44.,65.));
#6863 = SURFACE_CURVE('',#6864,(#6868,#6875),.PCURVE_S1.);
#6864 = LINE('',#6865,#6866);
#6865 = CARTESIAN_POINT('',(-75.,44.,65.));
#6866 = VECTOR('',#6867,1.);
#6867 = DIRECTION('',(1.,0.,0.));
#6868 = PCURVE('',#300,#6869);
#6869 = DEFINITIONAL_REPRESENTATION('',(#6870),#6874);
#6870 = LINE('',#6871,#6872);
#6871 = CARTESIAN_POINT('',(62.,0.));
#6872 = VECTOR('',#6873,1.);
#6873 = DIRECTION('',(0.,1.));
#6874 = ( GEOMETRIC_REPRESENTATION_CONTEXT(2) 
PARAMETRIC_REPRESENTATION_CONTEXT() REPRESENTATION_CONTEXT('2D SPACE',''
  ) );
#6875 = PCURVE('',#6876,#6881);
#6876 = PLANE('',#6877);
#6877 = AXIS2_PLACEMENT_3D('',#6878,#6879,#6880);
#6878 = CARTESIAN_POINT('',(-75.,44.,65.));
#6879 = DIRECTION('',(0.,0.,1.));
#6880 = DIRECTION('',(1.,0.,0.));
#6881 = DEFINITIONAL_REPRESENTATION('',(#6882),#6886);
#6882 = LINE('',#6883,#6884);
#6883 = CARTESIAN_POINT('',(0.,0.));
#6884 = VECTOR('',#6885,1.);
#6885 = DIRECTION('',(1.,0.));
#6886 = ( GEOMETRIC_REPRESENTATION_CONTEXT(2) 
PARAMETRIC_REPRESENTATION_CONTEXT() REPRESENTATION_CONTEXT('2D SPACE',''
  ) );
#6887 = ORIENTED_EDGE('',*,*,#6888,.F.);
#6888 = EDGE_CURVE('',#6889,#6861,#6891,.T.);
#6889 = VERTEX_POINT('',#6890);
#6890 = CARTESIAN_POINT('',(75.,44.,64.));
#6891 = SURFACE_CURVE('',#6892,(#6896,#6903),.PCURVE_S1.);
#6892 = LINE('',#6893,#6894);
#6893 = CARTESIAN_POINT('',(75.,44.,3.));
#6894 = VECTOR('',#6895,1.);
#6895 = DIRECTION('',(0.,0.,1.));
#6896 = PCURVE('',#300,#6897);
#6897 = DEFINITIONAL_REPRESENTATION('',(#6898),#6902);
#6898 = LINE('',#6899,#6900);
#6899 = CARTESIAN_POINT('',(0.,150.));
#6900 = VECTOR('',#6901,1.);
#6901 = DIRECTION('',(1.,0.));
#6902 = ( GEOMETRIC_REPRESENTATION_CONTEXT(2) 
PARAMETRIC_REPRESENTATION_CONTEXT() REPRESENTATION_CONTEXT('2D SPACE',''
  ) );
#6903 = PCURVE('',#5560,#6904);
#6904 = DEFINITIONAL_REPRESENTATION('',(#6905),#6909);
#6905 = LINE('',#6906,#6907);
#6906 = CARTESIAN_POINT('',(0.,0.));
#6907 = VECTOR('',#6908,1.);
#6908 = DIRECTION('',(1.,0.));
#6909 = ( GEOMETRIC_REPRESENTATION_CONTEXT(2) 
PARAMETRIC_REPRESENTATION_CONTEXT() REPRESENTATION_CONTEXT('2D SPACE',''
  ) );
#6910 = ORIENTED_EDGE('',*,*,#6911,.F.);
#6911 = EDGE_CURVE('',#6912,#6889,#6914,.T.);
#6912 = VERTEX_POINT('',#6913);
#6913 = CARTESIAN_POINT('',(72.,44.,64.));
#6914 = SURFACE_CURVE('',#6915,(#6919,#6926),.PCURVE_S1.);
#6915 = LINE('',#6916,#6917);
#6916 = CARTESIAN_POINT('',(72.,44.,64.));
#6917 = VECTOR('',#6918,1.);
#6918 = DIRECTION('',(1.,0.,0.));
#6919 = PCURVE('',#300,#6920);
#6920 = DEFINITIONAL_REPRESENTATION('',(#6921),#6925);
#6921 = LINE('',#6922,#6923);
#6922 = CARTESIAN_POINT('',(61.,147.));
#6923 = VECTOR('',#6924,1.);
#6924 = DIRECTION('',(0.,1.));
#6925 = ( GEOMETRIC_REPRESENTATION_CONTEXT(2) 
PARAMETRIC_REPRESENTATION_CONTEXT() REPRESENTATION_CONTEXT('2D SPACE',''
  ) );
#6926 = PCURVE('',#5588,#6927);
#6927 = DEFINITIONAL_REPRESENTATION('',(#6928),#6932);
#6928 = LINE('',#6929,#6930);
#6929 = CARTESIAN_POINT('',(0.,88.));
#6930 = VECTOR('',#6931,1.);
#6931 = DIRECTION('',(1.,0.));
#6932 = ( GEOMETRIC_REPRESENTATION_CONTEXT(2) 
PARAMETRIC_REPRESENTATION_CONTEXT() REPRESENTATION_CONTEXT('2D SPACE',''
  ) );
#6933 = ORIENTED_EDGE('',*,*,#6934,.F.);
#6934 = EDGE_CURVE('',#6935,#6912,#6937,.T.);
#6935 = VERTEX_POINT('',#6936);
#6936 = CARTESIAN_POINT('',(72.,44.,56.));
#6937 = SURFACE_CURVE('',#6938,(#6942,#6949),.PCURVE_S1.);
#6938 = LINE('',#6939,#6940);
#6939 = CARTESIAN_POINT('',(72.,44.,56.));
#6940 = VECTOR('',#6941,1.);
#6941 = DIRECTION('',(0.,0.,1.));
#6942 = PCURVE('',#300,#6943);
#6943 = DEFINITIONAL_REPRESENTATION('',(#6944),#6948);
#6944 = LINE('',#6945,#6946);
#6945 = CARTESIAN_POINT('',(53.,147.));
#6946 = VECTOR('',#6947,1.);
#6947 = DIRECTION('',(1.,0.));
#6948 = ( GEOMETRIC_REPRESENTATION_CONTEXT(2) 
PARAMETRIC_REPRESENTATION_CONTEXT() REPRESENTATION_CONTEXT('2D SPACE',''
  ) );
#6949 = PCURVE('',#6950,#6955);
#6950 = PLANE('',#6951);
#6951 = AXIS2_PLACEMENT_3D('',#6952,#6953,#6954);
#6952 = CARTESIAN_POINT('',(72.,-44.,56.));
#6953 = DIRECTION('',(1.,0.,0.));
#6954 = DIRECTION('',(0.,0.,1.));
#6955 = DEFINITIONAL_REPRESENTATION('',(#6956),#6960);
#6956 = LINE('',#6957,#6958);
#6957 = CARTESIAN_POINT('',(0.,-88.));
#6958 = VECTOR('',#6959,1.);
#6959 = DIRECTION('',(1.,0.));
#6960 = ( GEOMETRIC_REPRESENTATION_CONTEXT(2) 
PARAMETRIC_REPRESENTATION_CONTEXT() REPRESENTATION_CONTEXT('2D SPACE',''
  ) );
#6961 = ORIENTED_EDGE('',*,*,#6962,.T.);
#6962 = EDGE_CURVE('',#6935,#6963,#6965,.T.);
#6963 = VERTEX_POINT('',#6964);
#6964 = CARTESIAN_POINT('',(75.,44.,56.));
#6965 = SURFACE_CURVE('',#6966,(#6970,#6977),.PCURVE_S1.);
#6966 = LINE('',#6967,#6968);
#6967 = CARTESIAN_POINT('',(72.,44.,56.));
#6968 = VECTOR('',#6969,1.);
#6969 = DIRECTION('',(1.,0.,0.));
#6970 = PCURVE('',#300,#6971);
#6971 = DEFINITIONAL_REPRESENTATION('',(#6972),#6976);
#6972 = LINE('',#6973,#6974);
#6973 = CARTESIAN_POINT('',(53.,147.));
#6974 = VECTOR('',#6975,1.);
#6975 = DIRECTION('',(0.,1.));
#6976 = ( GEOMETRIC_REPRESENTATION_CONTEXT(2) 
PARAMETRIC_REPRESENTATION_CONTEXT() REPRESENTATION_CONTEXT('2D SPACE',''
  ) );
#6977 = PCURVE('',#6978,#6983);
#6978 = PLANE('',#6979);
#6979 = AXIS2_PLACEMENT_3D('',#6980,#6981,#6982);
#6980 = CARTESIAN_POINT('',(72.,-44.,56.));
#6981 = DIRECTION('',(0.,0.,1.));
#6982 = DIRECTION('',(1.,0.,0.));
#6983 = DEFINITIONAL_REPRESENTATION('',(#6984),#6988);
#6984 = LINE('',#6985,#6986);
#6985 = CARTESIAN_POINT('',(0.,88.));
#6986 = VECTOR('',#6987,1.);
#6987 = DIRECTION('',(1.,0.));
#6988 = ( GEOMETRIC_REPRESENTATION_CONTEXT(2) 
PARAMETRIC_REPRESENTATION_CONTEXT() REPRESENTATION_CONTEXT('2D SPACE',''
  ) );
#6989 = ORIENTED_EDGE('',*,*,#6990,.F.);
#6990 = EDGE_CURVE('',#6991,#6963,#6993,.T.);
#6991 = VERTEX_POINT('',#6992);
#6992 = CARTESIAN_POINT('',(75.,44.,3.));
#6993 = SURFACE_CURVE('',#6994,(#6998,#7005),.PCURVE_S1.);
#6994 = LINE('',#6995,#6996);
#6995 = CARTESIAN_POINT('',(75.,44.,3.));
#6996 = VECTOR('',#6997,1.);
#6997 = DIRECTION('',(0.,0.,1.));
#6998 = PCURVE('',#300,#6999);
#6999 = DEFINITIONAL_REPRESENTATION('',(#7000),#7004);
#7000 = LINE('',#7001,#7002);
#7001 = CARTESIAN_POINT('',(0.,150.));
#7002 = VECTOR('',#7003,1.);
#7003 = DIRECTION('',(1.,0.));
#7004 = ( GEOMETRIC_REPRESENTATION_CONTEXT(2) 
PARAMETRIC_REPRESENTATION_CONTEXT() REPRESENTATION_CONTEXT('2D SPACE',''
  ) );
#7005 = PCURVE('',#5560,#7006);
#7006 = DEFINITIONAL_REPRESENTATION('',(#7007),#7011);
#7007 = LINE('',#7008,#7009);
#7008 = CARTESIAN_POINT('',(0.,0.));
#7009 = VECTOR('',#7010,1.);
#7010 = DIRECTION('',(1.,0.));
#7011 = ( GEOMETRIC_REPRESENTATION_CONTEXT(2) 
PARAMETRIC_REPRESENTATION_CONTEXT() REPRESENTATION_CONTEXT('2D SPACE',''
  ) );
#7012 = ORIENTED_EDGE('',*,*,#7013,.F.);
#7013 = EDGE_CURVE('',#256,#6991,#7014,.T.);
#7014 = SURFACE_CURVE('',#7015,(#7019,#7026),.PCURVE_S1.);
#7015 = LINE('',#7016,#7017);
#7016 = CARTESIAN_POINT('',(-75.,44.,3.));
#7017 = VECTOR('',#7018,1.);
#7018 = DIRECTION('',(1.,0.,0.));
#7019 = PCURVE('',#300,#7020);
#7020 = DEFINITIONAL_REPRESENTATION('',(#7021),#7025);
#7021 = LINE('',#7022,#7023);
#7022 = CARTESIAN_POINT('',(0.,0.));
#7023 = VECTOR('',#7024,1.);
#7024 = DIRECTION('',(0.,1.));
#7025 = ( GEOMETRIC_REPRESENTATION_CONTEXT(2) 
PARAMETRIC_REPRESENTATION_CONTEXT() REPRESENTATION_CONTEXT('2D SPACE',''
  ) );
#7026 = PCURVE('',#7027,#7032);
#7027 = PLANE('',#7028);
#7028 = AXIS2_PLACEMENT_3D('',#7029,#7030,#7031);
#7029 = CARTESIAN_POINT('',(-75.,44.,3.));
#7030 = DIRECTION('',(0.,0.,1.));
#7031 = DIRECTION('',(1.,0.,0.));
#7032 = DEFINITIONAL_REPRESENTATION('',(#7033),#7037);
#7033 = LINE('',#7034,#7035);
#7034 = CARTESIAN_POINT('',(0.,0.));
#7035 = VECTOR('',#7036,1.);
#7036 = DIRECTION('',(1.,0.));
#7037 = ( GEOMETRIC_REPRESENTATION_CONTEXT(2) 
PARAMETRIC_REPRESENTATION_CONTEXT() REPRESENTATION_CONTEXT('2D SPACE',''
  ) );
#7038 = ORIENTED_EDGE('',*,*,#284,.F.);
#7039 = FACE_BOUND('',#7040,.F.);
#7040 = EDGE_LOOP('',(#7041));
#7041 = ORIENTED_EDGE('',*,*,#7042,.F.);
#7042 = EDGE_CURVE('',#7043,#7043,#7045,.T.);
#7043 = VERTEX_POINT('',#7044);
#7044 = CARTESIAN_POINT('',(-67.,44.,28.65));
#7045 = SURFACE_CURVE('',#7046,(#7051,#7058),.PCURVE_S1.);
#7046 = CIRCLE('',#7047,1.65);
#7047 = AXIS2_PLACEMENT_3D('',#7048,#7049,#7050);
#7048 = CARTESIAN_POINT('',(-67.,44.,27.));
#7049 = DIRECTION('',(0.,1.,0.));
#7050 = DIRECTION('',(0.,-0.,1.));
#7051 = PCURVE('',#300,#7052);
#7052 = DEFINITIONAL_REPRESENTATION('',(#7053),#7057);
#7053 = CIRCLE('',#7054,1.65);
#7054 = AXIS2_PLACEMENT_2D('',#7055,#7056);
#7055 = CARTESIAN_POINT('',(24.,8.));
#7056 = DIRECTION('',(1.,0.));
#7057 = ( GEOMETRIC_REPRESENTATION_CONTEXT(2) 
PARAMETRIC_REPRESENTATION_CONTEXT() REPRESENTATION_CONTEXT('2D SPACE',''
  ) );
#7058 = PCURVE('',#7059,#7064);
#7059 = CYLINDRICAL_SURFACE('',#7060,1.65);
#7060 = AXIS2_PLACEMENT_3D('',#7061,#7062,#7063);
#7061 = CARTESIAN_POINT('',(-67.,39.5,27.));
#7062 = DIRECTION('',(0.,1.,0.));
#7063 = DIRECTION('',(0.,-0.,1.));
#7064 = DEFINITIONAL_REPRESENTATION('',(#7065),#7069);
#7065 = LINE('',#7066,#7067);
#7066 = CARTESIAN_POINT('',(0.,4.5));
#7067 = VECTOR('',#7068,1.);
#7068 = DIRECTION('',(1.,0.));
#7069 = ( GEOMETRIC_REPRESENTATION_CONTEXT(2) 
PARAMETRIC_REPRESENTATION_CONTEXT() REPRESENTATION_CONTEXT('2D SPACE',''
  ) );
#7070 = FACE_BOUND('',#7071,.F.);
#7071 = EDGE_LOOP('',(#7072));
#7072 = ORIENTED_EDGE('',*,*,#7073,.F.);
#7073 = EDGE_CURVE('',#7074,#7074,#7076,.T.);
#7074 = VERTEX_POINT('',#7075);
#7075 = CARTESIAN_POINT('',(-53.,44.,28.65));
#7076 = SURFACE_CURVE('',#7077,(#7082,#7089),.PCURVE_S1.);
#7077 = CIRCLE('',#7078,1.65);
#7078 = AXIS2_PLACEMENT_3D('',#7079,#7080,#7081);
#7079 = CARTESIAN_POINT('',(-53.,44.,27.));
#7080 = DIRECTION('',(0.,1.,0.));
#7081 = DIRECTION('',(0.,-0.,1.));
#7082 = PCURVE('',#300,#7083);
#7083 = DEFINITIONAL_REPRESENTATION('',(#7084),#7088);
#7084 = CIRCLE('',#7085,1.65);
#7085 = AXIS2_PLACEMENT_2D('',#7086,#7087);
#7086 = CARTESIAN_POINT('',(24.,22.));
#7087 = DIRECTION('',(1.,0.));
#7088 = ( GEOMETRIC_REPRESENTATION_CONTEXT(2) 
PARAMETRIC_REPRESENTATION_CONTEXT() REPRESENTATION_CONTEXT('2D SPACE',''
  ) );
#7089 = PCURVE('',#7090,#7095);
#7090 = CYLINDRICAL_SURFACE('',#7091,1.65);
#7091 = AXIS2_PLACEMENT_3D('',#7092,#7093,#7094);
#7092 = CARTESIAN_POINT('',(-53.,39.5,27.));
#7093 = DIRECTION('',(0.,1.,0.));
#7094 = DIRECTION('',(0.,-0.,1.));
#7095 = DEFINITIONAL_REPRESENTATION('',(#7096),#7100);
#7096 = LINE('',#7097,#7098);
#7097 = CARTESIAN_POINT('',(0.,4.5));
#7098 = VECTOR('',#7099,1.);
#7099 = DIRECTION('',(1.,0.));
#7100 = ( GEOMETRIC_REPRESENTATION_CONTEXT(2) 
PARAMETRIC_REPRESENTATION_CONTEXT() REPRESENTATION_CONTEXT('2D SPACE',''
  ) );
#7101 = FACE_BOUND('',#7102,.F.);
#7102 = EDGE_LOOP('',(#7103,#7131,#7157,#7183));
#7103 = ORIENTED_EDGE('',*,*,#7104,.F.);
#7104 = EDGE_CURVE('',#7105,#7107,#7109,.T.);
#7105 = VERTEX_POINT('',#7106);
#7106 = CARTESIAN_POINT('',(-41.5,44.,23.));
#7107 = VERTEX_POINT('',#7108);
#7108 = CARTESIAN_POINT('',(-22.5,44.,23.));
#7109 = SURFACE_CURVE('',#7110,(#7114,#7120),.PCURVE_S1.);
#7110 = LINE('',#7111,#7112);
#7111 = CARTESIAN_POINT('',(-58.25,44.,23.));
#7112 = VECTOR('',#7113,1.);
#7113 = DIRECTION('',(1.,0.,0.));
#7114 = PCURVE('',#300,#7115);
#7115 = DEFINITIONAL_REPRESENTATION('',(#7116),#7119);
#7116 = B_SPLINE_CURVE_WITH_KNOTS('',1,(#7117,#7118),.UNSPECIFIED.,.F.,
  .F.,(2,2),(16.75,35.75),.PIECEWISE_BEZIER_KNOTS.);
#7117 = CARTESIAN_POINT('',(20.,33.5));
#7118 = CARTESIAN_POINT('',(20.,52.5));
#7119 = ( GEOMETRIC_REPRESENTATION_CONTEXT(2) 
PARAMETRIC_REPRESENTATION_CONTEXT() REPRESENTATION_CONTEXT('2D SPACE',''
  ) );
#7120 = PCURVE('',#7121,#7126);
#7121 = PLANE('',#7122);
#7122 = AXIS2_PLACEMENT_3D('',#7123,#7124,#7125);
#7123 = CARTESIAN_POINT('',(-41.5,42.,23.));
#7124 = DIRECTION('',(0.,0.,1.));
#7125 = DIRECTION('',(1.,0.,0.));
#7126 = DEFINITIONAL_REPRESENTATION('',(#7127),#7130);
#7127 = B_SPLINE_CURVE_WITH_KNOTS('',1,(#7128,#7129),.UNSPECIFIED.,.F.,
  .F.,(2,2),(16.75,35.75),.PIECEWISE_BEZIER_KNOTS.);
#7128 = CARTESIAN_POINT('',(0.,2.));
#7129 = CARTESIAN_POINT('',(19.,2.));
#7130 = ( GEOMETRIC_REPRESENTATION_CONTEXT(2) 
PARAMETRIC_REPRESENTATION_CONTEXT() REPRESENTATION_CONTEXT('2D SPACE',''
  ) );
#7131 = ORIENTED_EDGE('',*,*,#7132,.T.);
#7132 = EDGE_CURVE('',#7105,#7133,#7135,.T.);
#7133 = VERTEX_POINT('',#7134);
#7134 = CARTESIAN_POINT('',(-41.5,44.,7.));
#7135 = SURFACE_CURVE('',#7136,(#7140,#7146),.PCURVE_S1.);
#7136 = LINE('',#7137,#7138);
#7137 = CARTESIAN_POINT('',(-41.5,44.,5.));
#7138 = VECTOR('',#7139,1.);
#7139 = DIRECTION('',(0.,0.,-1.));
#7140 = PCURVE('',#300,#7141);
#7141 = DEFINITIONAL_REPRESENTATION('',(#7142),#7145);
#7142 = B_SPLINE_CURVE_WITH_KNOTS('',1,(#7143,#7144),.UNSPECIFIED.,.F.,
  .F.,(2,2),(-18.,-2.),.PIECEWISE_BEZIER_KNOTS.);
#7143 = CARTESIAN_POINT('',(20.,33.5));
#7144 = CARTESIAN_POINT('',(4.,33.5));
#7145 = ( GEOMETRIC_REPRESENTATION_CONTEXT(2) 
PARAMETRIC_REPRESENTATION_CONTEXT() REPRESENTATION_CONTEXT('2D SPACE',''
  ) );
#7146 = PCURVE('',#7147,#7152);
#7147 = PLANE('',#7148);
#7148 = AXIS2_PLACEMENT_3D('',#7149,#7150,#7151);
#7149 = CARTESIAN_POINT('',(-41.5,42.,7.));
#7150 = DIRECTION('',(1.,0.,0.));
#7151 = DIRECTION('',(0.,0.,1.));
#7152 = DEFINITIONAL_REPRESENTATION('',(#7153),#7156);
#7153 = B_SPLINE_CURVE_WITH_KNOTS('',1,(#7154,#7155),.UNSPECIFIED.,.F.,
  .F.,(2,2),(-18.,-2.),.PIECEWISE_BEZIER_KNOTS.);
#7154 = CARTESIAN_POINT('',(16.,-2.));
#7155 = CARTESIAN_POINT('',(0.,-2.));
#7156 = ( GEOMETRIC_REPRESENTATION_CONTEXT(2) 
PARAMETRIC_REPRESENTATION_CONTEXT() REPRESENTATION_CONTEXT('2D SPACE',''
  ) );
#7157 = ORIENTED_EDGE('',*,*,#7158,.T.);
#7158 = EDGE_CURVE('',#7133,#7159,#7161,.T.);
#7159 = VERTEX_POINT('',#7160);
#7160 = CARTESIAN_POINT('',(-22.5,44.,7.));
#7161 = SURFACE_CURVE('',#7162,(#7166,#7172),.PCURVE_S1.);
#7162 = LINE('',#7163,#7164);
#7163 = CARTESIAN_POINT('',(-58.25,44.,7.));
#7164 = VECTOR('',#7165,1.);
#7165 = DIRECTION('',(1.,0.,0.));
#7166 = PCURVE('',#300,#7167);
#7167 = DEFINITIONAL_REPRESENTATION('',(#7168),#7171);
#7168 = B_SPLINE_CURVE_WITH_KNOTS('',1,(#7169,#7170),.UNSPECIFIED.,.F.,
  .F.,(2,2),(16.75,35.75),.PIECEWISE_BEZIER_KNOTS.);
#7169 = CARTESIAN_POINT('',(4.,33.5));
#7170 = CARTESIAN_POINT('',(4.,52.5));
#7171 = ( GEOMETRIC_REPRESENTATION_CONTEXT(2) 
PARAMETRIC_REPRESENTATION_CONTEXT() REPRESENTATION_CONTEXT('2D SPACE',''
  ) );
#7172 = PCURVE('',#7173,#7178);
#7173 = PLANE('',#7174);
#7174 = AXIS2_PLACEMENT_3D('',#7175,#7176,#7177);
#7175 = CARTESIAN_POINT('',(-41.5,42.,7.));
#7176 = DIRECTION('',(0.,0.,1.));
#7177 = DIRECTION('',(1.,0.,0.));
#7178 = DEFINITIONAL_REPRESENTATION('',(#7179),#7182);
#7179 = B_SPLINE_CURVE_WITH_KNOTS('',1,(#7180,#7181),.UNSPECIFIED.,.F.,
  .F.,(2,2),(16.75,35.75),.PIECEWISE_BEZIER_KNOTS.);
#7180 = CARTESIAN_POINT('',(0.,2.));
#7181 = CARTESIAN_POINT('',(19.,2.));
#7182 = ( GEOMETRIC_REPRESENTATION_CONTEXT(2) 
PARAMETRIC_REPRESENTATION_CONTEXT() REPRESENTATION_CONTEXT('2D SPACE',''
  ) );
#7183 = ORIENTED_EDGE('',*,*,#7184,.F.);
#7184 = EDGE_CURVE('',#7107,#7159,#7185,.T.);
#7185 = SURFACE_CURVE('',#7186,(#7190,#7196),.PCURVE_S1.);
#7186 = LINE('',#7187,#7188);
#7187 = CARTESIAN_POINT('',(-22.5,44.,5.));
#7188 = VECTOR('',#7189,1.);
#7189 = DIRECTION('',(0.,0.,-1.));
#7190 = PCURVE('',#300,#7191);
#7191 = DEFINITIONAL_REPRESENTATION('',(#7192),#7195);
#7192 = B_SPLINE_CURVE_WITH_KNOTS('',1,(#7193,#7194),.UNSPECIFIED.,.F.,
  .F.,(2,2),(-18.,-2.),.PIECEWISE_BEZIER_KNOTS.);
#7193 = CARTESIAN_POINT('',(20.,52.5));
#7194 = CARTESIAN_POINT('',(4.,52.5));
#7195 = ( GEOMETRIC_REPRESENTATION_CONTEXT(2) 
PARAMETRIC_REPRESENTATION_CONTEXT() REPRESENTATION_CONTEXT('2D SPACE',''
  ) );
#7196 = PCURVE('',#7197,#7202);
#7197 = PLANE('',#7198);
#7198 = AXIS2_PLACEMENT_3D('',#7199,#7200,#7201);
#7199 = CARTESIAN_POINT('',(-22.5,42.,7.));
#7200 = DIRECTION('',(1.,0.,0.));
#7201 = DIRECTION('',(0.,0.,1.));
#7202 = DEFINITIONAL_REPRESENTATION('',(#7203),#7206);
#7203 = B_SPLINE_CURVE_WITH_KNOTS('',1,(#7204,#7205),.UNSPECIFIED.,.F.,
  .F.,(2,2),(-18.,-2.),.PIECEWISE_BEZIER_KNOTS.);
#7204 = CARTESIAN_POINT('',(16.,-2.));
#7205 = CARTESIAN_POINT('',(0.,-2.));
#7206 = ( GEOMETRIC_REPRESENTATION_CONTEXT(2) 
PARAMETRIC_REPRESENTATION_CONTEXT() REPRESENTATION_CONTEXT('2D SPACE',''
  ) );
#7207 = FACE_BOUND('',#7208,.F.);
#7208 = EDGE_LOOP('',(#7209));
#7209 = ORIENTED_EDGE('',*,*,#7210,.F.);
#7210 = EDGE_CURVE('',#7211,#7211,#7213,.T.);
#7211 = VERTEX_POINT('',#7212);
#7212 = CARTESIAN_POINT('',(-43.2,44.,43.2));
#7213 = SURFACE_CURVE('',#7214,(#7219,#7226),.PCURVE_S1.);
#7214 = CIRCLE('',#7215,1.2);
#7215 = AXIS2_PLACEMENT_3D('',#7216,#7217,#7218);
#7216 = CARTESIAN_POINT('',(-43.2,44.,42.));
#7217 = DIRECTION('',(0.,1.,0.));
#7218 = DIRECTION('',(0.,-0.,1.));
#7219 = PCURVE('',#300,#7220);
#7220 = DEFINITIONAL_REPRESENTATION('',(#7221),#7225);
#7221 = CIRCLE('',#7222,1.2);
#7222 = AXIS2_PLACEMENT_2D('',#7223,#7224);
#7223 = CARTESIAN_POINT('',(39.,31.8));
#7224 = DIRECTION('',(1.,0.));
#7225 = ( GEOMETRIC_REPRESENTATION_CONTEXT(2) 
PARAMETRIC_REPRESENTATION_CONTEXT() REPRESENTATION_CONTEXT('2D SPACE',''
  ) );
#7226 = PCURVE('',#7227,#7232);
#7227 = CYLINDRICAL_SURFACE('',#7228,1.2);
#7228 = AXIS2_PLACEMENT_3D('',#7229,#7230,#7231);
#7229 = CARTESIAN_POINT('',(-43.2,39.5,42.));
#7230 = DIRECTION('',(0.,1.,0.));
#7231 = DIRECTION('',(0.,-0.,1.));
#7232 = DEFINITIONAL_REPRESENTATION('',(#7233),#7237);
#7233 = LINE('',#7234,#7235);
#7234 = CARTESIAN_POINT('',(0.,4.5));
#7235 = VECTOR('',#7236,1.);
#7236 = DIRECTION('',(1.,0.));
#7237 = ( GEOMETRIC_REPRESENTATION_CONTEXT(2) 
PARAMETRIC_REPRESENTATION_CONTEXT() REPRESENTATION_CONTEXT('2D SPACE',''
  ) );
#7238 = FACE_BOUND('',#7239,.F.);
#7239 = EDGE_LOOP('',(#7240));
#7240 = ORIENTED_EDGE('',*,*,#7241,.F.);
#7241 = EDGE_CURVE('',#7242,#7242,#7244,.T.);
#7242 = VERTEX_POINT('',#7243);
#7243 = CARTESIAN_POINT('',(-67.,44.,59.65));
#7244 = SURFACE_CURVE('',#7245,(#7250,#7257),.PCURVE_S1.);
#7245 = CIRCLE('',#7246,1.65);
#7246 = AXIS2_PLACEMENT_3D('',#7247,#7248,#7249);
#7247 = CARTESIAN_POINT('',(-67.,44.,58.));
#7248 = DIRECTION('',(0.,1.,0.));
#7249 = DIRECTION('',(0.,-0.,1.));
#7250 = PCURVE('',#300,#7251);
#7251 = DEFINITIONAL_REPRESENTATION('',(#7252),#7256);
#7252 = CIRCLE('',#7253,1.65);
#7253 = AXIS2_PLACEMENT_2D('',#7254,#7255);
#7254 = CARTESIAN_POINT('',(55.,8.));
#7255 = DIRECTION('',(1.,0.));
#7256 = ( GEOMETRIC_REPRESENTATION_CONTEXT(2) 
PARAMETRIC_REPRESENTATION_CONTEXT() REPRESENTATION_CONTEXT('2D SPACE',''
  ) );
#7257 = PCURVE('',#7258,#7263);
#7258 = CYLINDRICAL_SURFACE('',#7259,1.65);
#7259 = AXIS2_PLACEMENT_3D('',#7260,#7261,#7262);
#7260 = CARTESIAN_POINT('',(-67.,39.5,58.));
#7261 = DIRECTION('',(0.,1.,0.));
#7262 = DIRECTION('',(0.,-0.,1.));
#7263 = DEFINITIONAL_REPRESENTATION('',(#7264),#7268);
#7264 = LINE('',#7265,#7266);
#7265 = CARTESIAN_POINT('',(0.,4.5));
#7266 = VECTOR('',#7267,1.);
#7267 = DIRECTION('',(1.,0.));
#7268 = ( GEOMETRIC_REPRESENTATION_CONTEXT(2) 
PARAMETRIC_REPRESENTATION_CONTEXT() REPRESENTATION_CONTEXT('2D SPACE',''
  ) );
#7269 = FACE_BOUND('',#7270,.F.);
#7270 = EDGE_LOOP('',(#7271));
#7271 = ORIENTED_EDGE('',*,*,#7272,.F.);
#7272 = EDGE_CURVE('',#7273,#7273,#7275,.T.);
#7273 = VERTEX_POINT('',#7274);
#7274 = CARTESIAN_POINT('',(-53.,44.,59.65));
#7275 = SURFACE_CURVE('',#7276,(#7281,#7288),.PCURVE_S1.);
#7276 = CIRCLE('',#7277,1.65);
#7277 = AXIS2_PLACEMENT_3D('',#7278,#7279,#7280);
#7278 = CARTESIAN_POINT('',(-53.,44.,58.));
#7279 = DIRECTION('',(0.,1.,0.));
#7280 = DIRECTION('',(0.,-0.,1.));
#7281 = PCURVE('',#300,#7282);
#7282 = DEFINITIONAL_REPRESENTATION('',(#7283),#7287);
#7283 = CIRCLE('',#7284,1.65);
#7284 = AXIS2_PLACEMENT_2D('',#7285,#7286);
#7285 = CARTESIAN_POINT('',(55.,22.));
#7286 = DIRECTION('',(1.,0.));
#7287 = ( GEOMETRIC_REPRESENTATION_CONTEXT(2) 
PARAMETRIC_REPRESENTATION_CONTEXT() REPRESENTATION_CONTEXT('2D SPACE',''
  ) );
#7288 = PCURVE('',#7289,#7294);
#7289 = CYLINDRICAL_SURFACE('',#7290,1.65);
#7290 = AXIS2_PLACEMENT_3D('',#7291,#7292,#7293);
#7291 = CARTESIAN_POINT('',(-53.,39.5,58.));
#7292 = DIRECTION('',(0.,1.,0.));
#7293 = DIRECTION('',(0.,-0.,1.));
#7294 = DEFINITIONAL_REPRESENTATION('',(#7295),#7299);
#7295 = LINE('',#7296,#7297);
#7296 = CARTESIAN_POINT('',(0.,4.5));
#7297 = VECTOR('',#7298,1.);
#7298 = DIRECTION('',(1.,0.));
#7299 = ( GEOMETRIC_REPRESENTATION_CONTEXT(2) 
PARAMETRIC_REPRESENTATION_CONTEXT() REPRESENTATION_CONTEXT('2D SPACE',''
  ) );
#7300 = FACE_BOUND('',#7301,.F.);
#7301 = EDGE_LOOP('',(#7302,#7330,#7356,#7382));
#7302 = ORIENTED_EDGE('',*,*,#7303,.F.);
#7303 = EDGE_CURVE('',#7304,#7306,#7308,.T.);
#7304 = VERTEX_POINT('',#7305);
#7305 = CARTESIAN_POINT('',(-41.1,44.,48.3));
#7306 = VERTEX_POINT('',#7307);
#7307 = CARTESIAN_POINT('',(-17.5,44.,48.3));
#7308 = SURFACE_CURVE('',#7309,(#7313,#7319),.PCURVE_S1.);
#7309 = LINE('',#7310,#7311);
#7310 = CARTESIAN_POINT('',(-58.05,44.,48.3));
#7311 = VECTOR('',#7312,1.);
#7312 = DIRECTION('',(1.,0.,0.));
#7313 = PCURVE('',#300,#7314);
#7314 = DEFINITIONAL_REPRESENTATION('',(#7315),#7318);
#7315 = B_SPLINE_CURVE_WITH_KNOTS('',1,(#7316,#7317),.UNSPECIFIED.,.F.,
  .F.,(2,2),(16.95,40.55),.PIECEWISE_BEZIER_KNOTS.);
#7316 = CARTESIAN_POINT('',(45.3,33.9));
#7317 = CARTESIAN_POINT('',(45.3,57.5));
#7318 = ( GEOMETRIC_REPRESENTATION_CONTEXT(2) 
PARAMETRIC_REPRESENTATION_CONTEXT() REPRESENTATION_CONTEXT('2D SPACE',''
  ) );
#7319 = PCURVE('',#7320,#7325);
#7320 = PLANE('',#7321);
#7321 = AXIS2_PLACEMENT_3D('',#7322,#7323,#7324);
#7322 = CARTESIAN_POINT('',(-41.1,41.,48.3));
#7323 = DIRECTION('',(0.,0.,1.));
#7324 = DIRECTION('',(1.,0.,0.));
#7325 = DEFINITIONAL_REPRESENTATION('',(#7326),#7329);
#7326 = B_SPLINE_CURVE_WITH_KNOTS('',1,(#7327,#7328),.UNSPECIFIED.,.F.,
  .F.,(2,2),(16.95,40.55),.PIECEWISE_BEZIER_KNOTS.);
#7327 = CARTESIAN_POINT('',(0.,3.));
#7328 = CARTESIAN_POINT('',(23.6,3.));
#7329 = ( GEOMETRIC_REPRESENTATION_CONTEXT(2) 
PARAMETRIC_REPRESENTATION_CONTEXT() REPRESENTATION_CONTEXT('2D SPACE',''
  ) );
#7330 = ORIENTED_EDGE('',*,*,#7331,.T.);
#7331 = EDGE_CURVE('',#7304,#7332,#7334,.T.);
#7332 = VERTEX_POINT('',#7333);
#7333 = CARTESIAN_POINT('',(-41.1,44.,35.7));
#7334 = SURFACE_CURVE('',#7335,(#7339,#7345),.PCURVE_S1.);
#7335 = LINE('',#7336,#7337);
#7336 = CARTESIAN_POINT('',(-41.1,44.,19.35));
#7337 = VECTOR('',#7338,1.);
#7338 = DIRECTION('',(0.,0.,-1.));
#7339 = PCURVE('',#300,#7340);
#7340 = DEFINITIONAL_REPRESENTATION('',(#7341),#7344);
#7341 = B_SPLINE_CURVE_WITH_KNOTS('',1,(#7342,#7343),.UNSPECIFIED.,.F.,
  .F.,(2,2),(-28.95,-16.35),.PIECEWISE_BEZIER_KNOTS.);
#7342 = CARTESIAN_POINT('',(45.3,33.9));
#7343 = CARTESIAN_POINT('',(32.7,33.9));
#7344 = ( GEOMETRIC_REPRESENTATION_CONTEXT(2) 
PARAMETRIC_REPRESENTATION_CONTEXT() REPRESENTATION_CONTEXT('2D SPACE',''
  ) );
#7345 = PCURVE('',#7346,#7351);
#7346 = PLANE('',#7347);
#7347 = AXIS2_PLACEMENT_3D('',#7348,#7349,#7350);
#7348 = CARTESIAN_POINT('',(-41.1,41.,35.7));
#7349 = DIRECTION('',(1.,0.,0.));
#7350 = DIRECTION('',(0.,0.,1.));
#7351 = DEFINITIONAL_REPRESENTATION('',(#7352),#7355);
#7352 = B_SPLINE_CURVE_WITH_KNOTS('',1,(#7353,#7354),.UNSPECIFIED.,.F.,
  .F.,(2,2),(-28.95,-16.35),.PIECEWISE_BEZIER_KNOTS.);
#7353 = CARTESIAN_POINT('',(12.6,-3.));
#7354 = CARTESIAN_POINT('',(0.,-3.));
#7355 = ( GEOMETRIC_REPRESENTATION_CONTEXT(2) 
PARAMETRIC_REPRESENTATION_CONTEXT() REPRESENTATION_CONTEXT('2D SPACE',''
  ) );
#7356 = ORIENTED_EDGE('',*,*,#7357,.T.);
#7357 = EDGE_CURVE('',#7332,#7358,#7360,.T.);
#7358 = VERTEX_POINT('',#7359);
#7359 = CARTESIAN_POINT('',(-17.5,44.,35.7));
#7360 = SURFACE_CURVE('',#7361,(#7365,#7371),.PCURVE_S1.);
#7361 = LINE('',#7362,#7363);
#7362 = CARTESIAN_POINT('',(-58.05,44.,35.7));
#7363 = VECTOR('',#7364,1.);
#7364 = DIRECTION('',(1.,0.,0.));
#7365 = PCURVE('',#300,#7366);
#7366 = DEFINITIONAL_REPRESENTATION('',(#7367),#7370);
#7367 = B_SPLINE_CURVE_WITH_KNOTS('',1,(#7368,#7369),.UNSPECIFIED.,.F.,
  .F.,(2,2),(16.95,40.55),.PIECEWISE_BEZIER_KNOTS.);
#7368 = CARTESIAN_POINT('',(32.7,33.9));
#7369 = CARTESIAN_POINT('',(32.7,57.5));
#7370 = ( GEOMETRIC_REPRESENTATION_CONTEXT(2) 
PARAMETRIC_REPRESENTATION_CONTEXT() REPRESENTATION_CONTEXT('2D SPACE',''
  ) );
#7371 = PCURVE('',#7372,#7377);
#7372 = PLANE('',#7373);
#7373 = AXIS2_PLACEMENT_3D('',#7374,#7375,#7376);
#7374 = CARTESIAN_POINT('',(-41.1,41.,35.7));
#7375 = DIRECTION('',(0.,0.,1.));
#7376 = DIRECTION('',(1.,0.,0.));
#7377 = DEFINITIONAL_REPRESENTATION('',(#7378),#7381);
#7378 = B_SPLINE_CURVE_WITH_KNOTS('',1,(#7379,#7380),.UNSPECIFIED.,.F.,
  .F.,(2,2),(16.95,40.55),.PIECEWISE_BEZIER_KNOTS.);
#7379 = CARTESIAN_POINT('',(0.,3.));
#7380 = CARTESIAN_POINT('',(23.6,3.));
#7381 = ( GEOMETRIC_REPRESENTATION_CONTEXT(2) 
PARAMETRIC_REPRESENTATION_CONTEXT() REPRESENTATION_CONTEXT('2D SPACE',''
  ) );
#7382 = ORIENTED_EDGE('',*,*,#7383,.F.);
#7383 = EDGE_CURVE('',#7306,#7358,#7384,.T.);
#7384 = SURFACE_CURVE('',#7385,(#7389,#7395),.PCURVE_S1.);
#7385 = LINE('',#7386,#7387);
#7386 = CARTESIAN_POINT('',(-17.5,44.,19.35));
#7387 = VECTOR('',#7388,1.);
#7388 = DIRECTION('',(0.,0.,-1.));
#7389 = PCURVE('',#300,#7390);
#7390 = DEFINITIONAL_REPRESENTATION('',(#7391),#7394);
#7391 = B_SPLINE_CURVE_WITH_KNOTS('',1,(#7392,#7393),.UNSPECIFIED.,.F.,
  .F.,(2,2),(-28.95,-16.35),.PIECEWISE_BEZIER_KNOTS.);
#7392 = CARTESIAN_POINT('',(45.3,57.5));
#7393 = CARTESIAN_POINT('',(32.7,57.5));
#7394 = ( GEOMETRIC_REPRESENTATION_CONTEXT(2) 
PARAMETRIC_REPRESENTATION_CONTEXT() REPRESENTATION_CONTEXT('2D SPACE',''
  ) );
#7395 = PCURVE('',#7396,#7401);
#7396 = PLANE('',#7397);
#7397 = AXIS2_PLACEMENT_3D('',#7398,#7399,#7400);
#7398 = CARTESIAN_POINT('',(-17.5,41.,35.7));
#7399 = DIRECTION('',(1.,0.,0.));
#7400 = DIRECTION('',(0.,0.,1.));
#7401 = DEFINITIONAL_REPRESENTATION('',(#7402),#7405);
#7402 = B_SPLINE_CURVE_WITH_KNOTS('',1,(#7403,#7404),.UNSPECIFIED.,.F.,
  .F.,(2,2),(-28.95,-16.35),.PIECEWISE_BEZIER_KNOTS.);
#7403 = CARTESIAN_POINT('',(12.6,-3.));
#7404 = CARTESIAN_POINT('',(0.,-3.));
#7405 = ( GEOMETRIC_REPRESENTATION_CONTEXT(2) 
PARAMETRIC_REPRESENTATION_CONTEXT() REPRESENTATION_CONTEXT('2D SPACE',''
  ) );
#7406 = FACE_BOUND('',#7407,.F.);
#7407 = EDGE_LOOP('',(#7408));
#7408 = ORIENTED_EDGE('',*,*,#7409,.F.);
#7409 = EDGE_CURVE('',#7410,#7410,#7412,.T.);
#7410 = VERTEX_POINT('',#7411);
#7411 = CARTESIAN_POINT('',(-15.4,44.,43.2));
#7412 = SURFACE_CURVE('',#7413,(#7418,#7425),.PCURVE_S1.);
#7413 = CIRCLE('',#7414,1.2);
#7414 = AXIS2_PLACEMENT_3D('',#7415,#7416,#7417);
#7415 = CARTESIAN_POINT('',(-15.4,44.,42.));
#7416 = DIRECTION('',(0.,1.,0.));
#7417 = DIRECTION('',(0.,-0.,1.));
#7418 = PCURVE('',#300,#7419);
#7419 = DEFINITIONAL_REPRESENTATION('',(#7420),#7424);
#7420 = CIRCLE('',#7421,1.2);
#7421 = AXIS2_PLACEMENT_2D('',#7422,#7423);
#7422 = CARTESIAN_POINT('',(39.,59.6));
#7423 = DIRECTION('',(1.,0.));
#7424 = ( GEOMETRIC_REPRESENTATION_CONTEXT(2) 
PARAMETRIC_REPRESENTATION_CONTEXT() REPRESENTATION_CONTEXT('2D SPACE',''
  ) );
#7425 = PCURVE('',#7426,#7431);
#7426 = CYLINDRICAL_SURFACE('',#7427,1.2);
#7427 = AXIS2_PLACEMENT_3D('',#7428,#7429,#7430);
#7428 = CARTESIAN_POINT('',(-15.4,39.5,42.));
#7429 = DIRECTION('',(0.,1.,0.));
#7430 = DIRECTION('',(0.,-0.,1.));
#7431 = DEFINITIONAL_REPRESENTATION('',(#7432),#7436);
#7432 = LINE('',#7433,#7434);
#7433 = CARTESIAN_POINT('',(0.,4.5));
#7434 = VECTOR('',#7435,1.);
#7435 = DIRECTION('',(1.,0.));
#7436 = ( GEOMETRIC_REPRESENTATION_CONTEXT(2) 
PARAMETRIC_REPRESENTATION_CONTEXT() REPRESENTATION_CONTEXT('2D SPACE',''
  ) );
#7437 = FACE_BOUND('',#7438,.F.);
#7438 = EDGE_LOOP('',(#7439,#7467,#7493,#7519));
#7439 = ORIENTED_EDGE('',*,*,#7440,.F.);
#7440 = EDGE_CURVE('',#7441,#7443,#7445,.T.);
#7441 = VERTEX_POINT('',#7442);
#7442 = CARTESIAN_POINT('',(-9.5,44.,23.));
#7443 = VERTEX_POINT('',#7444);
#7444 = CARTESIAN_POINT('',(9.5,44.,23.));
#7445 = SURFACE_CURVE('',#7446,(#7450,#7456),.PCURVE_S1.);
#7446 = LINE('',#7447,#7448);
#7447 = CARTESIAN_POINT('',(-42.25,44.,23.));
#7448 = VECTOR('',#7449,1.);
#7449 = DIRECTION('',(1.,0.,0.));
#7450 = PCURVE('',#300,#7451);
#7451 = DEFINITIONAL_REPRESENTATION('',(#7452),#7455);
#7452 = B_SPLINE_CURVE_WITH_KNOTS('',1,(#7453,#7454),.UNSPECIFIED.,.F.,
  .F.,(2,2),(32.75,51.75),.PIECEWISE_BEZIER_KNOTS.);
#7453 = CARTESIAN_POINT('',(20.,65.5));
#7454 = CARTESIAN_POINT('',(20.,84.5));
#7455 = ( GEOMETRIC_REPRESENTATION_CONTEXT(2) 
PARAMETRIC_REPRESENTATION_CONTEXT() REPRESENTATION_CONTEXT('2D SPACE',''
  ) );
#7456 = PCURVE('',#7457,#7462);
#7457 = PLANE('',#7458);
#7458 = AXIS2_PLACEMENT_3D('',#7459,#7460,#7461);
#7459 = CARTESIAN_POINT('',(-9.5,42.,23.));
#7460 = DIRECTION('',(0.,0.,1.));
#7461 = DIRECTION('',(1.,0.,0.));
#7462 = DEFINITIONAL_REPRESENTATION('',(#7463),#7466);
#7463 = B_SPLINE_CURVE_WITH_KNOTS('',1,(#7464,#7465),.UNSPECIFIED.,.F.,
  .F.,(2,2),(32.75,51.75),.PIECEWISE_BEZIER_KNOTS.);
#7464 = CARTESIAN_POINT('',(0.,2.));
#7465 = CARTESIAN_POINT('',(19.,2.));
#7466 = ( GEOMETRIC_REPRESENTATION_CONTEXT(2) 
PARAMETRIC_REPRESENTATION_CONTEXT() REPRESENTATION_CONTEXT('2D SPACE',''
  ) );
#7467 = ORIENTED_EDGE('',*,*,#7468,.T.);
#7468 = EDGE_CURVE('',#7441,#7469,#7471,.T.);
#7469 = VERTEX_POINT('',#7470);
#7470 = CARTESIAN_POINT('',(-9.5,44.,7.));
#7471 = SURFACE_CURVE('',#7472,(#7476,#7482),.PCURVE_S1.);
#7472 = LINE('',#7473,#7474);
#7473 = CARTESIAN_POINT('',(-9.5,44.,5.));
#7474 = VECTOR('',#7475,1.);
#7475 = DIRECTION('',(0.,0.,-1.));
#7476 = PCURVE('',#300,#7477);
#7477 = DEFINITIONAL_REPRESENTATION('',(#7478),#7481);
#7478 = B_SPLINE_CURVE_WITH_KNOTS('',1,(#7479,#7480),.UNSPECIFIED.,.F.,
  .F.,(2,2),(-18.,-2.),.PIECEWISE_BEZIER_KNOTS.);
#7479 = CARTESIAN_POINT('',(20.,65.5));
#7480 = CARTESIAN_POINT('',(4.,65.5));
#7481 = ( GEOMETRIC_REPRESENTATION_CONTEXT(2) 
PARAMETRIC_REPRESENTATION_CONTEXT() REPRESENTATION_CONTEXT('2D SPACE',''
  ) );
#7482 = PCURVE('',#7483,#7488);
#7483 = PLANE('',#7484);
#7484 = AXIS2_PLACEMENT_3D('',#7485,#7486,#7487);
#7485 = CARTESIAN_POINT('',(-9.5,42.,7.));
#7486 = DIRECTION('',(1.,0.,0.));
#7487 = DIRECTION('',(0.,0.,1.));
#7488 = DEFINITIONAL_REPRESENTATION('',(#7489),#7492);
#7489 = B_SPLINE_CURVE_WITH_KNOTS('',1,(#7490,#7491),.UNSPECIFIED.,.F.,
  .F.,(2,2),(-18.,-2.),.PIECEWISE_BEZIER_KNOTS.);
#7490 = CARTESIAN_POINT('',(16.,-2.));
#7491 = CARTESIAN_POINT('',(0.,-2.));
#7492 = ( GEOMETRIC_REPRESENTATION_CONTEXT(2) 
PARAMETRIC_REPRESENTATION_CONTEXT() REPRESENTATION_CONTEXT('2D SPACE',''
  ) );
#7493 = ORIENTED_EDGE('',*,*,#7494,.T.);
#7494 = EDGE_CURVE('',#7469,#7495,#7497,.T.);
#7495 = VERTEX_POINT('',#7496);
#7496 = CARTESIAN_POINT('',(9.5,44.,7.));
#7497 = SURFACE_CURVE('',#7498,(#7502,#7508),.PCURVE_S1.);
#7498 = LINE('',#7499,#7500);
#7499 = CARTESIAN_POINT('',(-42.25,44.,7.));
#7500 = VECTOR('',#7501,1.);
#7501 = DIRECTION('',(1.,0.,0.));
#7502 = PCURVE('',#300,#7503);
#7503 = DEFINITIONAL_REPRESENTATION('',(#7504),#7507);
#7504 = B_SPLINE_CURVE_WITH_KNOTS('',1,(#7505,#7506),.UNSPECIFIED.,.F.,
  .F.,(2,2),(32.75,51.75),.PIECEWISE_BEZIER_KNOTS.);
#7505 = CARTESIAN_POINT('',(4.,65.5));
#7506 = CARTESIAN_POINT('',(4.,84.5));
#7507 = ( GEOMETRIC_REPRESENTATION_CONTEXT(2) 
PARAMETRIC_REPRESENTATION_CONTEXT() REPRESENTATION_CONTEXT('2D SPACE',''
  ) );
#7508 = PCURVE('',#7509,#7514);
#7509 = PLANE('',#7510);
#7510 = AXIS2_PLACEMENT_3D('',#7511,#7512,#7513);
#7511 = CARTESIAN_POINT('',(-9.5,42.,7.));
#7512 = DIRECTION('',(0.,0.,1.));
#7513 = DIRECTION('',(1.,0.,0.));
#7514 = DEFINITIONAL_REPRESENTATION('',(#7515),#7518);
#7515 = B_SPLINE_CURVE_WITH_KNOTS('',1,(#7516,#7517),.UNSPECIFIED.,.F.,
  .F.,(2,2),(32.75,51.75),.PIECEWISE_BEZIER_KNOTS.);
#7516 = CARTESIAN_POINT('',(0.,2.));
#7517 = CARTESIAN_POINT('',(19.,2.));
#7518 = ( GEOMETRIC_REPRESENTATION_CONTEXT(2) 
PARAMETRIC_REPRESENTATION_CONTEXT() REPRESENTATION_CONTEXT('2D SPACE',''
  ) );
#7519 = ORIENTED_EDGE('',*,*,#7520,.F.);
#7520 = EDGE_CURVE('',#7443,#7495,#7521,.T.);
#7521 = SURFACE_CURVE('',#7522,(#7526,#7532),.PCURVE_S1.);
#7522 = LINE('',#7523,#7524);
#7523 = CARTESIAN_POINT('',(9.5,44.,5.));
#7524 = VECTOR('',#7525,1.);
#7525 = DIRECTION('',(0.,0.,-1.));
#7526 = PCURVE('',#300,#7527);
#7527 = DEFINITIONAL_REPRESENTATION('',(#7528),#7531);
#7528 = B_SPLINE_CURVE_WITH_KNOTS('',1,(#7529,#7530),.UNSPECIFIED.,.F.,
  .F.,(2,2),(-18.,-2.),.PIECEWISE_BEZIER_KNOTS.);
#7529 = CARTESIAN_POINT('',(20.,84.5));
#7530 = CARTESIAN_POINT('',(4.,84.5));
#7531 = ( GEOMETRIC_REPRESENTATION_CONTEXT(2) 
PARAMETRIC_REPRESENTATION_CONTEXT() REPRESENTATION_CONTEXT('2D SPACE',''
  ) );
#7532 = PCURVE('',#7533,#7538);
#7533 = PLANE('',#7534);
#7534 = AXIS2_PLACEMENT_3D('',#7535,#7536,#7537);
#7535 = CARTESIAN_POINT('',(9.5,42.,7.));
#7536 = DIRECTION('',(1.,0.,0.));
#7537 = DIRECTION('',(0.,0.,1.));
#7538 = DEFINITIONAL_REPRESENTATION('',(#7539),#7542);
#7539 = B_SPLINE_CURVE_WITH_KNOTS('',1,(#7540,#7541),.UNSPECIFIED.,.F.,
  .F.,(2,2),(-18.,-2.),.PIECEWISE_BEZIER_KNOTS.);
#7540 = CARTESIAN_POINT('',(16.,-2.));
#7541 = CARTESIAN_POINT('',(0.,-2.));
#7542 = ( GEOMETRIC_REPRESENTATION_CONTEXT(2) 
PARAMETRIC_REPRESENTATION_CONTEXT() REPRESENTATION_CONTEXT('2D SPACE',''
  ) );
#7543 = FACE_BOUND('',#7544,.F.);
#7544 = EDGE_LOOP('',(#7545,#7573,#7599,#7625));
#7545 = ORIENTED_EDGE('',*,*,#7546,.F.);
#7546 = EDGE_CURVE('',#7547,#7549,#7551,.T.);
#7547 = VERTEX_POINT('',#7548);
#7548 = CARTESIAN_POINT('',(22.5,44.,23.));
#7549 = VERTEX_POINT('',#7550);
#7550 = CARTESIAN_POINT('',(41.5,44.,23.));
#7551 = SURFACE_CURVE('',#7552,(#7556,#7562),.PCURVE_S1.);
#7552 = LINE('',#7553,#7554);
#7553 = CARTESIAN_POINT('',(-26.25,44.,23.));
#7554 = VECTOR('',#7555,1.);
#7555 = DIRECTION('',(1.,0.,0.));
#7556 = PCURVE('',#300,#7557);
#7557 = DEFINITIONAL_REPRESENTATION('',(#7558),#7561);
#7558 = B_SPLINE_CURVE_WITH_KNOTS('',1,(#7559,#7560),.UNSPECIFIED.,.F.,
  .F.,(2,2),(48.75,67.75),.PIECEWISE_BEZIER_KNOTS.);
#7559 = CARTESIAN_POINT('',(20.,97.5));
#7560 = CARTESIAN_POINT('',(20.,116.5));
#7561 = ( GEOMETRIC_REPRESENTATION_CONTEXT(2) 
PARAMETRIC_REPRESENTATION_CONTEXT() REPRESENTATION_CONTEXT('2D SPACE',''
  ) );
#7562 = PCURVE('',#7563,#7568);
#7563 = PLANE('',#7564);
#7564 = AXIS2_PLACEMENT_3D('',#7565,#7566,#7567);
#7565 = CARTESIAN_POINT('',(22.5,42.,23.));
#7566 = DIRECTION('',(0.,0.,1.));
#7567 = DIRECTION('',(1.,0.,0.));
#7568 = DEFINITIONAL_REPRESENTATION('',(#7569),#7572);
#7569 = B_SPLINE_CURVE_WITH_KNOTS('',1,(#7570,#7571),.UNSPECIFIED.,.F.,
  .F.,(2,2),(48.75,67.75),.PIECEWISE_BEZIER_KNOTS.);
#7570 = CARTESIAN_POINT('',(0.,2.));
#7571 = CARTESIAN_POINT('',(19.,2.));
#7572 = ( GEOMETRIC_REPRESENTATION_CONTEXT(2) 
PARAMETRIC_REPRESENTATION_CONTEXT() REPRESENTATION_CONTEXT('2D SPACE',''
  ) );
#7573 = ORIENTED_EDGE('',*,*,#7574,.T.);
#7574 = EDGE_CURVE('',#7547,#7575,#7577,.T.);
#7575 = VERTEX_POINT('',#7576);
#7576 = CARTESIAN_POINT('',(22.5,44.,7.));
#7577 = SURFACE_CURVE('',#7578,(#7582,#7588),.PCURVE_S1.);
#7578 = LINE('',#7579,#7580);
#7579 = CARTESIAN_POINT('',(22.5,44.,5.));
#7580 = VECTOR('',#7581,1.);
#7581 = DIRECTION('',(0.,0.,-1.));
#7582 = PCURVE('',#300,#7583);
#7583 = DEFINITIONAL_REPRESENTATION('',(#7584),#7587);
#7584 = B_SPLINE_CURVE_WITH_KNOTS('',1,(#7585,#7586),.UNSPECIFIED.,.F.,
  .F.,(2,2),(-18.,-2.),.PIECEWISE_BEZIER_KNOTS.);
#7585 = CARTESIAN_POINT('',(20.,97.5));
#7586 = CARTESIAN_POINT('',(4.,97.5));
#7587 = ( GEOMETRIC_REPRESENTATION_CONTEXT(2) 
PARAMETRIC_REPRESENTATION_CONTEXT() REPRESENTATION_CONTEXT('2D SPACE',''
  ) );
#7588 = PCURVE('',#7589,#7594);
#7589 = PLANE('',#7590);
#7590 = AXIS2_PLACEMENT_3D('',#7591,#7592,#7593);
#7591 = CARTESIAN_POINT('',(22.5,42.,7.));
#7592 = DIRECTION('',(1.,0.,0.));
#7593 = DIRECTION('',(0.,0.,1.));
#7594 = DEFINITIONAL_REPRESENTATION('',(#7595),#7598);
#7595 = B_SPLINE_CURVE_WITH_KNOTS('',1,(#7596,#7597),.UNSPECIFIED.,.F.,
  .F.,(2,2),(-18.,-2.),.PIECEWISE_BEZIER_KNOTS.);
#7596 = CARTESIAN_POINT('',(16.,-2.));
#7597 = CARTESIAN_POINT('',(0.,-2.));
#7598 = ( GEOMETRIC_REPRESENTATION_CONTEXT(2) 
PARAMETRIC_REPRESENTATION_CONTEXT() REPRESENTATION_CONTEXT('2D SPACE',''
  ) );
#7599 = ORIENTED_EDGE('',*,*,#7600,.T.);
#7600 = EDGE_CURVE('',#7575,#7601,#7603,.T.);
#7601 = VERTEX_POINT('',#7602);
#7602 = CARTESIAN_POINT('',(41.5,44.,7.));
#7603 = SURFACE_CURVE('',#7604,(#7608,#7614),.PCURVE_S1.);
#7604 = LINE('',#7605,#7606);
#7605 = CARTESIAN_POINT('',(-26.25,44.,7.));
#7606 = VECTOR('',#7607,1.);
#7607 = DIRECTION('',(1.,0.,0.));
#7608 = PCURVE('',#300,#7609);
#7609 = DEFINITIONAL_REPRESENTATION('',(#7610),#7613);
#7610 = B_SPLINE_CURVE_WITH_KNOTS('',1,(#7611,#7612),.UNSPECIFIED.,.F.,
  .F.,(2,2),(48.75,67.75),.PIECEWISE_BEZIER_KNOTS.);
#7611 = CARTESIAN_POINT('',(4.,97.5));
#7612 = CARTESIAN_POINT('',(4.,116.5));
#7613 = ( GEOMETRIC_REPRESENTATION_CONTEXT(2) 
PARAMETRIC_REPRESENTATION_CONTEXT() REPRESENTATION_CONTEXT('2D SPACE',''
  ) );
#7614 = PCURVE('',#7615,#7620);
#7615 = PLANE('',#7616);
#7616 = AXIS2_PLACEMENT_3D('',#7617,#7618,#7619);
#7617 = CARTESIAN_POINT('',(22.5,42.,7.));
#7618 = DIRECTION('',(0.,0.,1.));
#7619 = DIRECTION('',(1.,0.,0.));
#7620 = DEFINITIONAL_REPRESENTATION('',(#7621),#7624);
#7621 = B_SPLINE_CURVE_WITH_KNOTS('',1,(#7622,#7623),.UNSPECIFIED.,.F.,
  .F.,(2,2),(48.75,67.75),.PIECEWISE_BEZIER_KNOTS.);
#7622 = CARTESIAN_POINT('',(0.,2.));
#7623 = CARTESIAN_POINT('',(19.,2.));
#7624 = ( GEOMETRIC_REPRESENTATION_CONTEXT(2) 
PARAMETRIC_REPRESENTATION_CONTEXT() REPRESENTATION_CONTEXT('2D SPACE',''
  ) );
#7625 = ORIENTED_EDGE('',*,*,#7626,.F.);
#7626 = EDGE_CURVE('',#7549,#7601,#7627,.T.);
#7627 = SURFACE_CURVE('',#7628,(#7632,#7638),.PCURVE_S1.);
#7628 = LINE('',#7629,#7630);
#7629 = CARTESIAN_POINT('',(41.5,44.,5.));
#7630 = VECTOR('',#7631,1.);
#7631 = DIRECTION('',(0.,0.,-1.));
#7632 = PCURVE('',#300,#7633);
#7633 = DEFINITIONAL_REPRESENTATION('',(#7634),#7637);
#7634 = B_SPLINE_CURVE_WITH_KNOTS('',1,(#7635,#7636),.UNSPECIFIED.,.F.,
  .F.,(2,2),(-18.,-2.),.PIECEWISE_BEZIER_KNOTS.);
#7635 = CARTESIAN_POINT('',(20.,116.5));
#7636 = CARTESIAN_POINT('',(4.,116.5));
#7637 = ( GEOMETRIC_REPRESENTATION_CONTEXT(2) 
PARAMETRIC_REPRESENTATION_CONTEXT() REPRESENTATION_CONTEXT('2D SPACE',''
  ) );
#7638 = PCURVE('',#7639,#7644);
#7639 = PLANE('',#7640);
#7640 = AXIS2_PLACEMENT_3D('',#7641,#7642,#7643);
#7641 = CARTESIAN_POINT('',(41.5,42.,7.));
#7642 = DIRECTION('',(1.,0.,0.));
#7643 = DIRECTION('',(0.,0.,1.));
#7644 = DEFINITIONAL_REPRESENTATION('',(#7645),#7648);
#7645 = B_SPLINE_CURVE_WITH_KNOTS('',1,(#7646,#7647),.UNSPECIFIED.,.F.,
  .F.,(2,2),(-18.,-2.),.PIECEWISE_BEZIER_KNOTS.);
#7646 = CARTESIAN_POINT('',(16.,-2.));
#7647 = CARTESIAN_POINT('',(0.,-2.));
#7648 = ( GEOMETRIC_REPRESENTATION_CONTEXT(2) 
PARAMETRIC_REPRESENTATION_CONTEXT() REPRESENTATION_CONTEXT('2D SPACE',''
  ) );
#7649 = FACE_BOUND('',#7650,.F.);
#7650 = EDGE_LOOP('',(#7651));
#7651 = ORIENTED_EDGE('',*,*,#7652,.F.);
#7652 = EDGE_CURVE('',#7653,#7653,#7655,.T.);
#7653 = VERTEX_POINT('',#7654);
#7654 = CARTESIAN_POINT('',(53.,44.,28.65));
#7655 = SURFACE_CURVE('',#7656,(#7661,#7668),.PCURVE_S1.);
#7656 = CIRCLE('',#7657,1.65);
#7657 = AXIS2_PLACEMENT_3D('',#7658,#7659,#7660);
#7658 = CARTESIAN_POINT('',(53.,44.,27.));
#7659 = DIRECTION('',(0.,1.,0.));
#7660 = DIRECTION('',(0.,-0.,1.));
#7661 = PCURVE('',#300,#7662);
#7662 = DEFINITIONAL_REPRESENTATION('',(#7663),#7667);
#7663 = CIRCLE('',#7664,1.65);
#7664 = AXIS2_PLACEMENT_2D('',#7665,#7666);
#7665 = CARTESIAN_POINT('',(24.,128.));
#7666 = DIRECTION('',(1.,0.));
#7667 = ( GEOMETRIC_REPRESENTATION_CONTEXT(2) 
PARAMETRIC_REPRESENTATION_CONTEXT() REPRESENTATION_CONTEXT('2D SPACE',''
  ) );
#7668 = PCURVE('',#7669,#7674);
#7669 = CYLINDRICAL_SURFACE('',#7670,1.65);
#7670 = AXIS2_PLACEMENT_3D('',#7671,#7672,#7673);
#7671 = CARTESIAN_POINT('',(53.,39.5,27.));
#7672 = DIRECTION('',(0.,1.,0.));
#7673 = DIRECTION('',(0.,-0.,1.));
#7674 = DEFINITIONAL_REPRESENTATION('',(#7675),#7679);
#7675 = LINE('',#7676,#7677);
#7676 = CARTESIAN_POINT('',(0.,4.5));
#7677 = VECTOR('',#7678,1.);
#7678 = DIRECTION('',(1.,0.));
#7679 = ( GEOMETRIC_REPRESENTATION_CONTEXT(2) 
PARAMETRIC_REPRESENTATION_CONTEXT() REPRESENTATION_CONTEXT('2D SPACE',''
  ) );
#7680 = FACE_BOUND('',#7681,.F.);
#7681 = EDGE_LOOP('',(#7682));
#7682 = ORIENTED_EDGE('',*,*,#7683,.F.);
#7683 = EDGE_CURVE('',#7684,#7684,#7686,.T.);
#7684 = VERTEX_POINT('',#7685);
#7685 = CARTESIAN_POINT('',(67.,44.,28.65));
#7686 = SURFACE_CURVE('',#7687,(#7692,#7699),.PCURVE_S1.);
#7687 = CIRCLE('',#7688,1.65);
#7688 = AXIS2_PLACEMENT_3D('',#7689,#7690,#7691);
#7689 = CARTESIAN_POINT('',(67.,44.,27.));
#7690 = DIRECTION('',(0.,1.,0.));
#7691 = DIRECTION('',(0.,-0.,1.));
#7692 = PCURVE('',#300,#7693);
#7693 = DEFINITIONAL_REPRESENTATION('',(#7694),#7698);
#7694 = CIRCLE('',#7695,1.65);
#7695 = AXIS2_PLACEMENT_2D('',#7696,#7697);
#7696 = CARTESIAN_POINT('',(24.,142.));
#7697 = DIRECTION('',(1.,0.));
#7698 = ( GEOMETRIC_REPRESENTATION_CONTEXT(2) 
PARAMETRIC_REPRESENTATION_CONTEXT() REPRESENTATION_CONTEXT('2D SPACE',''
  ) );
#7699 = PCURVE('',#7700,#7705);
#7700 = CYLINDRICAL_SURFACE('',#7701,1.65);
#7701 = AXIS2_PLACEMENT_3D('',#7702,#7703,#7704);
#7702 = CARTESIAN_POINT('',(67.,39.5,27.));
#7703 = DIRECTION('',(0.,1.,0.));
#7704 = DIRECTION('',(0.,-0.,1.));
#7705 = DEFINITIONAL_REPRESENTATION('',(#7706),#7710);
#7706 = LINE('',#7707,#7708);
#7707 = CARTESIAN_POINT('',(0.,4.5));
#7708 = VECTOR('',#7709,1.);
#7709 = DIRECTION('',(1.,0.));
#7710 = ( GEOMETRIC_REPRESENTATION_CONTEXT(2) 
PARAMETRIC_REPRESENTATION_CONTEXT() REPRESENTATION_CONTEXT('2D SPACE',''
  ) );
#7711 = FACE_BOUND('',#7712,.F.);
#7712 = EDGE_LOOP('',(#7713,#7741,#7767,#7793));
#7713 = ORIENTED_EDGE('',*,*,#7714,.F.);
#7714 = EDGE_CURVE('',#7715,#7717,#7719,.T.);
#7715 = VERTEX_POINT('',#7716);
#7716 = CARTESIAN_POINT('',(-13.,44.,54.));
#7717 = VERTEX_POINT('',#7718);
#7718 = CARTESIAN_POINT('',(13.,44.,54.));
#7719 = SURFACE_CURVE('',#7720,(#7724,#7730),.PCURVE_S1.);
#7720 = LINE('',#7721,#7722);
#7721 = CARTESIAN_POINT('',(-44.,44.,54.));
#7722 = VECTOR('',#7723,1.);
#7723 = DIRECTION('',(1.,0.,0.));
#7724 = PCURVE('',#300,#7725);
#7725 = DEFINITIONAL_REPRESENTATION('',(#7726),#7729);
#7726 = B_SPLINE_CURVE_WITH_KNOTS('',1,(#7727,#7728),.UNSPECIFIED.,.F.,
  .F.,(2,2),(31.,57.),.PIECEWISE_BEZIER_KNOTS.);
#7727 = CARTESIAN_POINT('',(51.,62.));
#7728 = CARTESIAN_POINT('',(51.,88.));
#7729 = ( GEOMETRIC_REPRESENTATION_CONTEXT(2) 
PARAMETRIC_REPRESENTATION_CONTEXT() REPRESENTATION_CONTEXT('2D SPACE',''
  ) );
#7730 = PCURVE('',#7731,#7736);
#7731 = PLANE('',#7732);
#7732 = AXIS2_PLACEMENT_3D('',#7733,#7734,#7735);
#7733 = CARTESIAN_POINT('',(-13.,42.,54.));
#7734 = DIRECTION('',(0.,0.,1.));
#7735 = DIRECTION('',(1.,0.,0.));
#7736 = DEFINITIONAL_REPRESENTATION('',(#7737),#7740);
#7737 = B_SPLINE_CURVE_WITH_KNOTS('',1,(#7738,#7739),.UNSPECIFIED.,.F.,
  .F.,(2,2),(31.,57.),.PIECEWISE_BEZIER_KNOTS.);
#7738 = CARTESIAN_POINT('',(0.,2.));
#7739 = CARTESIAN_POINT('',(26.,2.));
#7740 = ( GEOMETRIC_REPRESENTATION_CONTEXT(2) 
PARAMETRIC_REPRESENTATION_CONTEXT() REPRESENTATION_CONTEXT('2D SPACE',''
  ) );
#7741 = ORIENTED_EDGE('',*,*,#7742,.T.);
#7742 = EDGE_CURVE('',#7715,#7743,#7745,.T.);
#7743 = VERTEX_POINT('',#7744);
#7744 = CARTESIAN_POINT('',(-13.,44.,32.));
#7745 = SURFACE_CURVE('',#7746,(#7750,#7756),.PCURVE_S1.);
#7746 = LINE('',#7747,#7748);
#7747 = CARTESIAN_POINT('',(-13.,44.,17.5));
#7748 = VECTOR('',#7749,1.);
#7749 = DIRECTION('',(0.,0.,-1.));
#7750 = PCURVE('',#300,#7751);
#7751 = DEFINITIONAL_REPRESENTATION('',(#7752),#7755);
#7752 = B_SPLINE_CURVE_WITH_KNOTS('',1,(#7753,#7754),.UNSPECIFIED.,.F.,
  .F.,(2,2),(-36.5,-14.5),.PIECEWISE_BEZIER_KNOTS.);
#7753 = CARTESIAN_POINT('',(51.,62.));
#7754 = CARTESIAN_POINT('',(29.,62.));
#7755 = ( GEOMETRIC_REPRESENTATION_CONTEXT(2) 
PARAMETRIC_REPRESENTATION_CONTEXT() REPRESENTATION_CONTEXT('2D SPACE',''
  ) );
#7756 = PCURVE('',#7757,#7762);
#7757 = PLANE('',#7758);
#7758 = AXIS2_PLACEMENT_3D('',#7759,#7760,#7761);
#7759 = CARTESIAN_POINT('',(-13.,42.,32.));
#7760 = DIRECTION('',(1.,0.,0.));
#7761 = DIRECTION('',(0.,0.,1.));
#7762 = DEFINITIONAL_REPRESENTATION('',(#7763),#7766);
#7763 = B_SPLINE_CURVE_WITH_KNOTS('',1,(#7764,#7765),.UNSPECIFIED.,.F.,
  .F.,(2,2),(-36.5,-14.5),.PIECEWISE_BEZIER_KNOTS.);
#7764 = CARTESIAN_POINT('',(22.,-2.));
#7765 = CARTESIAN_POINT('',(0.,-2.));
#7766 = ( GEOMETRIC_REPRESENTATION_CONTEXT(2) 
PARAMETRIC_REPRESENTATION_CONTEXT() REPRESENTATION_CONTEXT('2D SPACE',''
  ) );
#7767 = ORIENTED_EDGE('',*,*,#7768,.T.);
#7768 = EDGE_CURVE('',#7743,#7769,#7771,.T.);
#7769 = VERTEX_POINT('',#7770);
#7770 = CARTESIAN_POINT('',(13.,44.,32.));
#7771 = SURFACE_CURVE('',#7772,(#7776,#7782),.PCURVE_S1.);
#7772 = LINE('',#7773,#7774);
#7773 = CARTESIAN_POINT('',(-44.,44.,32.));
#7774 = VECTOR('',#7775,1.);
#7775 = DIRECTION('',(1.,0.,0.));
#7776 = PCURVE('',#300,#7777);
#7777 = DEFINITIONAL_REPRESENTATION('',(#7778),#7781);
#7778 = B_SPLINE_CURVE_WITH_KNOTS('',1,(#7779,#7780),.UNSPECIFIED.,.F.,
  .F.,(2,2),(31.,57.),.PIECEWISE_BEZIER_KNOTS.);
#7779 = CARTESIAN_POINT('',(29.,62.));
#7780 = CARTESIAN_POINT('',(29.,88.));
#7781 = ( GEOMETRIC_REPRESENTATION_CONTEXT(2) 
PARAMETRIC_REPRESENTATION_CONTEXT() REPRESENTATION_CONTEXT('2D SPACE',''
  ) );
#7782 = PCURVE('',#7783,#7788);
#7783 = PLANE('',#7784);
#7784 = AXIS2_PLACEMENT_3D('',#7785,#7786,#7787);
#7785 = CARTESIAN_POINT('',(-13.,42.,32.));
#7786 = DIRECTION('',(0.,0.,1.));
#7787 = DIRECTION('',(1.,0.,0.));
#7788 = DEFINITIONAL_REPRESENTATION('',(#7789),#7792);
#7789 = B_SPLINE_CURVE_WITH_KNOTS('',1,(#7790,#7791),.UNSPECIFIED.,.F.,
  .F.,(2,2),(31.,57.),.PIECEWISE_BEZIER_KNOTS.);
#7790 = CARTESIAN_POINT('',(0.,2.));
#7791 = CARTESIAN_POINT('',(26.,2.));
#7792 = ( GEOMETRIC_REPRESENTATION_CONTEXT(2) 
PARAMETRIC_REPRESENTATION_CONTEXT() REPRESENTATION_CONTEXT('2D SPACE',''
  ) );
#7793 = ORIENTED_EDGE('',*,*,#7794,.F.);
#7794 = EDGE_CURVE('',#7717,#7769,#7795,.T.);
#7795 = SURFACE_CURVE('',#7796,(#7800,#7806),.PCURVE_S1.);
#7796 = LINE('',#7797,#7798);
#7797 = CARTESIAN_POINT('',(13.,44.,17.5));
#7798 = VECTOR('',#7799,1.);
#7799 = DIRECTION('',(0.,0.,-1.));
#7800 = PCURVE('',#300,#7801);
#7801 = DEFINITIONAL_REPRESENTATION('',(#7802),#7805);
#7802 = B_SPLINE_CURVE_WITH_KNOTS('',1,(#7803,#7804),.UNSPECIFIED.,.F.,
  .F.,(2,2),(-36.5,-14.5),.PIECEWISE_BEZIER_KNOTS.);
#7803 = CARTESIAN_POINT('',(51.,88.));
#7804 = CARTESIAN_POINT('',(29.,88.));
#7805 = ( GEOMETRIC_REPRESENTATION_CONTEXT(2) 
PARAMETRIC_REPRESENTATION_CONTEXT() REPRESENTATION_CONTEXT('2D SPACE',''
  ) );
#7806 = PCURVE('',#7807,#7812);
#7807 = PLANE('',#7808);
#7808 = AXIS2_PLACEMENT_3D('',#7809,#7810,#7811);
#7809 = CARTESIAN_POINT('',(13.,42.,32.));
#7810 = DIRECTION('',(1.,0.,0.));
#7811 = DIRECTION('',(0.,0.,1.));
#7812 = DEFINITIONAL_REPRESENTATION('',(#7813),#7816);
#7813 = B_SPLINE_CURVE_WITH_KNOTS('',1,(#7814,#7815),.UNSPECIFIED.,.F.,
  .F.,(2,2),(-36.5,-14.5),.PIECEWISE_BEZIER_KNOTS.);
#7814 = CARTESIAN_POINT('',(22.,-2.));
#7815 = CARTESIAN_POINT('',(0.,-2.));
#7816 = ( GEOMETRIC_REPRESENTATION_CONTEXT(2) 
PARAMETRIC_REPRESENTATION_CONTEXT() REPRESENTATION_CONTEXT('2D SPACE',''
  ) );
#7817 = FACE_BOUND('',#7818,.F.);
#7818 = EDGE_LOOP('',(#7819));
#7819 = ORIENTED_EDGE('',*,*,#7820,.F.);
#7820 = EDGE_CURVE('',#7821,#7821,#7823,.T.);
#7821 = VERTEX_POINT('',#7822);
#7822 = CARTESIAN_POINT('',(15.4,44.,43.2));
#7823 = SURFACE_CURVE('',#7824,(#7829,#7836),.PCURVE_S1.);
#7824 = CIRCLE('',#7825,1.2);
#7825 = AXIS2_PLACEMENT_3D('',#7826,#7827,#7828);
#7826 = CARTESIAN_POINT('',(15.4,44.,42.));
#7827 = DIRECTION('',(0.,1.,0.));
#7828 = DIRECTION('',(0.,-0.,1.));
#7829 = PCURVE('',#300,#7830);
#7830 = DEFINITIONAL_REPRESENTATION('',(#7831),#7835);
#7831 = CIRCLE('',#7832,1.2);
#7832 = AXIS2_PLACEMENT_2D('',#7833,#7834);
#7833 = CARTESIAN_POINT('',(39.,90.4));
#7834 = DIRECTION('',(1.,0.));
#7835 = ( GEOMETRIC_REPRESENTATION_CONTEXT(2) 
PARAMETRIC_REPRESENTATION_CONTEXT() REPRESENTATION_CONTEXT('2D SPACE',''
  ) );
#7836 = PCURVE('',#7837,#7842);
#7837 = CYLINDRICAL_SURFACE('',#7838,1.2);
#7838 = AXIS2_PLACEMENT_3D('',#7839,#7840,#7841);
#7839 = CARTESIAN_POINT('',(15.4,39.5,42.));
#7840 = DIRECTION('',(0.,1.,0.));
#7841 = DIRECTION('',(0.,-0.,1.));
#7842 = DEFINITIONAL_REPRESENTATION('',(#7843),#7847);
#7843 = LINE('',#7844,#7845);
#7844 = CARTESIAN_POINT('',(0.,4.5));
#7845 = VECTOR('',#7846,1.);
#7846 = DIRECTION('',(1.,0.));
#7847 = ( GEOMETRIC_REPRESENTATION_CONTEXT(2) 
PARAMETRIC_REPRESENTATION_CONTEXT() REPRESENTATION_CONTEXT('2D SPACE',''
  ) );
#7848 = FACE_BOUND('',#7849,.F.);
#7849 = EDGE_LOOP('',(#7850,#7878,#7904,#7930));
#7850 = ORIENTED_EDGE('',*,*,#7851,.F.);
#7851 = EDGE_CURVE('',#7852,#7854,#7856,.T.);
#7852 = VERTEX_POINT('',#7853);
#7853 = CARTESIAN_POINT('',(17.5,44.,48.3));
#7854 = VERTEX_POINT('',#7855);
#7855 = CARTESIAN_POINT('',(41.1,44.,48.3));
#7856 = SURFACE_CURVE('',#7857,(#7861,#7867),.PCURVE_S1.);
#7857 = LINE('',#7858,#7859);
#7858 = CARTESIAN_POINT('',(-28.75,44.,48.3));
#7859 = VECTOR('',#7860,1.);
#7860 = DIRECTION('',(1.,0.,0.));
#7861 = PCURVE('',#300,#7862);
#7862 = DEFINITIONAL_REPRESENTATION('',(#7863),#7866);
#7863 = B_SPLINE_CURVE_WITH_KNOTS('',1,(#7864,#7865),.UNSPECIFIED.,.F.,
  .F.,(2,2),(46.25,69.85),.PIECEWISE_BEZIER_KNOTS.);
#7864 = CARTESIAN_POINT('',(45.3,92.5));
#7865 = CARTESIAN_POINT('',(45.3,116.1));
#7866 = ( GEOMETRIC_REPRESENTATION_CONTEXT(2) 
PARAMETRIC_REPRESENTATION_CONTEXT() REPRESENTATION_CONTEXT('2D SPACE',''
  ) );
#7867 = PCURVE('',#7868,#7873);
#7868 = PLANE('',#7869);
#7869 = AXIS2_PLACEMENT_3D('',#7870,#7871,#7872);
#7870 = CARTESIAN_POINT('',(17.5,41.,48.3));
#7871 = DIRECTION('',(0.,0.,1.));
#7872 = DIRECTION('',(1.,0.,0.));
#7873 = DEFINITIONAL_REPRESENTATION('',(#7874),#7877);
#7874 = B_SPLINE_CURVE_WITH_KNOTS('',1,(#7875,#7876),.UNSPECIFIED.,.F.,
  .F.,(2,2),(46.25,69.85),.PIECEWISE_BEZIER_KNOTS.);
#7875 = CARTESIAN_POINT('',(0.,3.));
#7876 = CARTESIAN_POINT('',(23.6,3.));
#7877 = ( GEOMETRIC_REPRESENTATION_CONTEXT(2) 
PARAMETRIC_REPRESENTATION_CONTEXT() REPRESENTATION_CONTEXT('2D SPACE',''
  ) );
#7878 = ORIENTED_EDGE('',*,*,#7879,.T.);
#7879 = EDGE_CURVE('',#7852,#7880,#7882,.T.);
#7880 = VERTEX_POINT('',#7881);
#7881 = CARTESIAN_POINT('',(17.5,44.,35.7));
#7882 = SURFACE_CURVE('',#7883,(#7887,#7893),.PCURVE_S1.);
#7883 = LINE('',#7884,#7885);
#7884 = CARTESIAN_POINT('',(17.5,44.,19.35));
#7885 = VECTOR('',#7886,1.);
#7886 = DIRECTION('',(0.,0.,-1.));
#7887 = PCURVE('',#300,#7888);
#7888 = DEFINITIONAL_REPRESENTATION('',(#7889),#7892);
#7889 = B_SPLINE_CURVE_WITH_KNOTS('',1,(#7890,#7891),.UNSPECIFIED.,.F.,
  .F.,(2,2),(-28.95,-16.35),.PIECEWISE_BEZIER_KNOTS.);
#7890 = CARTESIAN_POINT('',(45.3,92.5));
#7891 = CARTESIAN_POINT('',(32.7,92.5));
#7892 = ( GEOMETRIC_REPRESENTATION_CONTEXT(2) 
PARAMETRIC_REPRESENTATION_CONTEXT() REPRESENTATION_CONTEXT('2D SPACE',''
  ) );
#7893 = PCURVE('',#7894,#7899);
#7894 = PLANE('',#7895);
#7895 = AXIS2_PLACEMENT_3D('',#7896,#7897,#7898);
#7896 = CARTESIAN_POINT('',(17.5,41.,35.7));
#7897 = DIRECTION('',(1.,0.,0.));
#7898 = DIRECTION('',(0.,0.,1.));
#7899 = DEFINITIONAL_REPRESENTATION('',(#7900),#7903);
#7900 = B_SPLINE_CURVE_WITH_KNOTS('',1,(#7901,#7902),.UNSPECIFIED.,.F.,
  .F.,(2,2),(-28.95,-16.35),.PIECEWISE_BEZIER_KNOTS.);
#7901 = CARTESIAN_POINT('',(12.6,-3.));
#7902 = CARTESIAN_POINT('',(0.,-3.));
#7903 = ( GEOMETRIC_REPRESENTATION_CONTEXT(2) 
PARAMETRIC_REPRESENTATION_CONTEXT() REPRESENTATION_CONTEXT('2D SPACE',''
  ) );
#7904 = ORIENTED_EDGE('',*,*,#7905,.T.);
#7905 = EDGE_CURVE('',#7880,#7906,#7908,.T.);
#7906 = VERTEX_POINT('',#7907);
#7907 = CARTESIAN_POINT('',(41.1,44.,35.7));
#7908 = SURFACE_CURVE('',#7909,(#7913,#7919),.PCURVE_S1.);
#7909 = LINE('',#7910,#7911);
#7910 = CARTESIAN_POINT('',(-28.75,44.,35.7));
#7911 = VECTOR('',#7912,1.);
#7912 = DIRECTION('',(1.,0.,0.));
#7913 = PCURVE('',#300,#7914);
#7914 = DEFINITIONAL_REPRESENTATION('',(#7915),#7918);
#7915 = B_SPLINE_CURVE_WITH_KNOTS('',1,(#7916,#7917),.UNSPECIFIED.,.F.,
  .F.,(2,2),(46.25,69.85),.PIECEWISE_BEZIER_KNOTS.);
#7916 = CARTESIAN_POINT('',(32.7,92.5));
#7917 = CARTESIAN_POINT('',(32.7,116.1));
#7918 = ( GEOMETRIC_REPRESENTATION_CONTEXT(2) 
PARAMETRIC_REPRESENTATION_CONTEXT() REPRESENTATION_CONTEXT('2D SPACE',''
  ) );
#7919 = PCURVE('',#7920,#7925);
#7920 = PLANE('',#7921);
#7921 = AXIS2_PLACEMENT_3D('',#7922,#7923,#7924);
#7922 = CARTESIAN_POINT('',(17.5,41.,35.7));
#7923 = DIRECTION('',(0.,0.,1.));
#7924 = DIRECTION('',(1.,0.,0.));
#7925 = DEFINITIONAL_REPRESENTATION('',(#7926),#7929);
#7926 = B_SPLINE_CURVE_WITH_KNOTS('',1,(#7927,#7928),.UNSPECIFIED.,.F.,
  .F.,(2,2),(46.25,69.85),.PIECEWISE_BEZIER_KNOTS.);
#7927 = CARTESIAN_POINT('',(0.,3.));
#7928 = CARTESIAN_POINT('',(23.6,3.));
#7929 = ( GEOMETRIC_REPRESENTATION_CONTEXT(2) 
PARAMETRIC_REPRESENTATION_CONTEXT() REPRESENTATION_CONTEXT('2D SPACE',''
  ) );
#7930 = ORIENTED_EDGE('',*,*,#7931,.F.);
#7931 = EDGE_CURVE('',#7854,#7906,#7932,.T.);
#7932 = SURFACE_CURVE('',#7933,(#7937,#7943),.PCURVE_S1.);
#7933 = LINE('',#7934,#7935);
#7934 = CARTESIAN_POINT('',(41.1,44.,19.35));
#7935 = VECTOR('',#7936,1.);
#7936 = DIRECTION('',(0.,0.,-1.));
#7937 = PCURVE('',#300,#7938);
#7938 = DEFINITIONAL_REPRESENTATION('',(#7939),#7942);
#7939 = B_SPLINE_CURVE_WITH_KNOTS('',1,(#7940,#7941),.UNSPECIFIED.,.F.,
  .F.,(2,2),(-28.95,-16.35),.PIECEWISE_BEZIER_KNOTS.);
#7940 = CARTESIAN_POINT('',(45.3,116.1));
#7941 = CARTESIAN_POINT('',(32.7,116.1));
#7942 = ( GEOMETRIC_REPRESENTATION_CONTEXT(2) 
PARAMETRIC_REPRESENTATION_CONTEXT() REPRESENTATION_CONTEXT('2D SPACE',''
  ) );
#7943 = PCURVE('',#7944,#7949);
#7944 = PLANE('',#7945);
#7945 = AXIS2_PLACEMENT_3D('',#7946,#7947,#7948);
#7946 = CARTESIAN_POINT('',(41.1,41.,35.7));
#7947 = DIRECTION('',(1.,0.,0.));
#7948 = DIRECTION('',(0.,0.,1.));
#7949 = DEFINITIONAL_REPRESENTATION('',(#7950),#7953);
#7950 = B_SPLINE_CURVE_WITH_KNOTS('',1,(#7951,#7952),.UNSPECIFIED.,.F.,
  .F.,(2,2),(-28.95,-16.35),.PIECEWISE_BEZIER_KNOTS.);
#7951 = CARTESIAN_POINT('',(12.6,-3.));
#7952 = CARTESIAN_POINT('',(0.,-3.));
#7953 = ( GEOMETRIC_REPRESENTATION_CONTEXT(2) 
PARAMETRIC_REPRESENTATION_CONTEXT() REPRESENTATION_CONTEXT('2D SPACE',''
  ) );
#7954 = FACE_BOUND('',#7955,.F.);
#7955 = EDGE_LOOP('',(#7956));
#7956 = ORIENTED_EDGE('',*,*,#7957,.F.);
#7957 = EDGE_CURVE('',#7958,#7958,#7960,.T.);
#7958 = VERTEX_POINT('',#7959);
#7959 = CARTESIAN_POINT('',(43.2,44.,43.2));
#7960 = SURFACE_CURVE('',#7961,(#7966,#7973),.PCURVE_S1.);
#7961 = CIRCLE('',#7962,1.2);
#7962 = AXIS2_PLACEMENT_3D('',#7963,#7964,#7965);
#7963 = CARTESIAN_POINT('',(43.2,44.,42.));
#7964 = DIRECTION('',(0.,1.,0.));
#7965 = DIRECTION('',(0.,-0.,1.));
#7966 = PCURVE('',#300,#7967);
#7967 = DEFINITIONAL_REPRESENTATION('',(#7968),#7972);
#7968 = CIRCLE('',#7969,1.2);
#7969 = AXIS2_PLACEMENT_2D('',#7970,#7971);
#7970 = CARTESIAN_POINT('',(39.,118.2));
#7971 = DIRECTION('',(1.,0.));
#7972 = ( GEOMETRIC_REPRESENTATION_CONTEXT(2) 
PARAMETRIC_REPRESENTATION_CONTEXT() REPRESENTATION_CONTEXT('2D SPACE',''
  ) );
#7973 = PCURVE('',#7974,#7979);
#7974 = CYLINDRICAL_SURFACE('',#7975,1.2);
#7975 = AXIS2_PLACEMENT_3D('',#7976,#7977,#7978);
#7976 = CARTESIAN_POINT('',(43.2,39.5,42.));
#7977 = DIRECTION('',(0.,1.,0.));
#7978 = DIRECTION('',(0.,-0.,1.));
#7979 = DEFINITIONAL_REPRESENTATION('',(#7980),#7984);
#7980 = LINE('',#7981,#7982);
#7981 = CARTESIAN_POINT('',(0.,4.5));
#7982 = VECTOR('',#7983,1.);
#7983 = DIRECTION('',(1.,0.));
#7984 = ( GEOMETRIC_REPRESENTATION_CONTEXT(2) 
PARAMETRIC_REPRESENTATION_CONTEXT() REPRESENTATION_CONTEXT('2D SPACE',''
  ) );
#7985 = FACE_BOUND('',#7986,.F.);
#7986 = EDGE_LOOP('',(#7987));
#7987 = ORIENTED_EDGE('',*,*,#7988,.F.);
#7988 = EDGE_CURVE('',#7989,#7989,#7991,.T.);
#7989 = VERTEX_POINT('',#7990);
#7990 = CARTESIAN_POINT('',(53.,44.,59.65));
#7991 = SURFACE_CURVE('',#7992,(#7997,#8004),.PCURVE_S1.);
#7992 = CIRCLE('',#7993,1.65);
#7993 = AXIS2_PLACEMENT_3D('',#7994,#7995,#7996);
#7994 = CARTESIAN_POINT('',(53.,44.,58.));
#7995 = DIRECTION('',(0.,1.,0.));
#7996 = DIRECTION('',(0.,-0.,1.));
#7997 = PCURVE('',#300,#7998);
#7998 = DEFINITIONAL_REPRESENTATION('',(#7999),#8003);
#7999 = CIRCLE('',#8000,1.65);
#8000 = AXIS2_PLACEMENT_2D('',#8001,#8002);
#8001 = CARTESIAN_POINT('',(55.,128.));
#8002 = DIRECTION('',(1.,0.));
#8003 = ( GEOMETRIC_REPRESENTATION_CONTEXT(2) 
PARAMETRIC_REPRESENTATION_CONTEXT() REPRESENTATION_CONTEXT('2D SPACE',''
  ) );
#8004 = PCURVE('',#8005,#8010);
#8005 = CYLINDRICAL_SURFACE('',#8006,1.65);
#8006 = AXIS2_PLACEMENT_3D('',#8007,#8008,#8009);
#8007 = CARTESIAN_POINT('',(53.,39.5,58.));
#8008 = DIRECTION('',(0.,1.,0.));
#8009 = DIRECTION('',(0.,-0.,1.));
#8010 = DEFINITIONAL_REPRESENTATION('',(#8011),#8015);
#8011 = LINE('',#8012,#8013);
#8012 = CARTESIAN_POINT('',(0.,4.5));
#8013 = VECTOR('',#8014,1.);
#8014 = DIRECTION('',(1.,0.));
#8015 = ( GEOMETRIC_REPRESENTATION_CONTEXT(2) 
PARAMETRIC_REPRESENTATION_CONTEXT() REPRESENTATION_CONTEXT('2D SPACE',''
  ) );
#8016 = FACE_BOUND('',#8017,.F.);
#8017 = EDGE_LOOP('',(#8018));
#8018 = ORIENTED_EDGE('',*,*,#8019,.F.);
#8019 = EDGE_CURVE('',#8020,#8020,#8022,.T.);
#8020 = VERTEX_POINT('',#8021);
#8021 = CARTESIAN_POINT('',(67.,44.,59.65));
#8022 = SURFACE_CURVE('',#8023,(#8028,#8035),.PCURVE_S1.);
#8023 = CIRCLE('',#8024,1.65);
#8024 = AXIS2_PLACEMENT_3D('',#8025,#8026,#8027);
#8025 = CARTESIAN_POINT('',(67.,44.,58.));
#8026 = DIRECTION('',(0.,1.,0.));
#8027 = DIRECTION('',(0.,-0.,1.));
#8028 = PCURVE('',#300,#8029);
#8029 = DEFINITIONAL_REPRESENTATION('',(#8030),#8034);
#8030 = CIRCLE('',#8031,1.65);
#8031 = AXIS2_PLACEMENT_2D('',#8032,#8033);
#8032 = CARTESIAN_POINT('',(55.,142.));
#8033 = DIRECTION('',(1.,0.));
#8034 = ( GEOMETRIC_REPRESENTATION_CONTEXT(2) 
PARAMETRIC_REPRESENTATION_CONTEXT() REPRESENTATION_CONTEXT('2D SPACE',''
  ) );
#8035 = PCURVE('',#8036,#8041);
#8036 = CYLINDRICAL_SURFACE('',#8037,1.65);
#8037 = AXIS2_PLACEMENT_3D('',#8038,#8039,#8040);
#8038 = CARTESIAN_POINT('',(67.,39.5,58.));
#8039 = DIRECTION('',(0.,1.,0.));
#8040 = DIRECTION('',(0.,-0.,1.));
#8041 = DEFINITIONAL_REPRESENTATION('',(#8042),#8046);
#8042 = LINE('',#8043,#8044);
#8043 = CARTESIAN_POINT('',(0.,4.5));
#8044 = VECTOR('',#8045,1.);
#8045 = DIRECTION('',(1.,0.));
#8046 = ( GEOMETRIC_REPRESENTATION_CONTEXT(2) 
PARAMETRIC_REPRESENTATION_CONTEXT() REPRESENTATION_CONTEXT('2D SPACE',''
  ) );
#8047 = ADVANCED_FACE('',(#8048),#215,.T.);
#8048 = FACE_BOUND('',#8049,.F.);
#8049 = EDGE_LOOP('',(#8050,#8051,#8074,#8100,#8101));
#8050 = ORIENTED_EDGE('',*,*,#3334,.T.);
#8051 = ORIENTED_EDGE('',*,*,#8052,.T.);
#8052 = EDGE_CURVE('',#3312,#8053,#8055,.T.);
#8053 = VERTEX_POINT('',#8054);
#8054 = CARTESIAN_POINT('',(70.,-47.,3.));
#8055 = SURFACE_CURVE('',#8056,(#8060,#8067),.PCURVE_S1.);
#8056 = LINE('',#8057,#8058);
#8057 = CARTESIAN_POINT('',(70.,-47.,0.));
#8058 = VECTOR('',#8059,1.);
#8059 = DIRECTION('',(0.,0.,1.));
#8060 = PCURVE('',#215,#8061);
#8061 = DEFINITIONAL_REPRESENTATION('',(#8062),#8066);
#8062 = LINE('',#8063,#8064);
#8063 = CARTESIAN_POINT('',(-1.570796326795,0.));
#8064 = VECTOR('',#8065,1.);
#8065 = DIRECTION('',(-0.,1.));
#8066 = ( GEOMETRIC_REPRESENTATION_CONTEXT(2) 
PARAMETRIC_REPRESENTATION_CONTEXT() REPRESENTATION_CONTEXT('2D SPACE',''
  ) );
#8067 = PCURVE('',#3173,#8068);
#8068 = DEFINITIONAL_REPRESENTATION('',(#8069),#8073);
#8069 = LINE('',#8070,#8071);
#8070 = CARTESIAN_POINT('',(0.,145.));
#8071 = VECTOR('',#8072,1.);
#8072 = DIRECTION('',(1.,0.));
#8073 = ( GEOMETRIC_REPRESENTATION_CONTEXT(2) 
PARAMETRIC_REPRESENTATION_CONTEXT() REPRESENTATION_CONTEXT('2D SPACE',''
  ) );
#8074 = ORIENTED_EDGE('',*,*,#8075,.F.);
#8075 = EDGE_CURVE('',#167,#8053,#8076,.T.);
#8076 = SURFACE_CURVE('',#8077,(#8082,#8089),.PCURVE_S1.);
#8077 = CIRCLE('',#8078,5.);
#8078 = AXIS2_PLACEMENT_3D('',#8079,#8080,#8081);
#8079 = CARTESIAN_POINT('',(70.,-42.,3.));
#8080 = DIRECTION('',(-0.,-0.,-1.));
#8081 = DIRECTION('',(0.,-1.,0.));
#8082 = PCURVE('',#215,#8083);
#8083 = DEFINITIONAL_REPRESENTATION('',(#8084),#8088);
#8084 = LINE('',#8085,#8086);
#8085 = CARTESIAN_POINT('',(4.712388980385,3.));
#8086 = VECTOR('',#8087,1.);
#8087 = DIRECTION('',(-1.,0.));
#8088 = ( GEOMETRIC_REPRESENTATION_CONTEXT(2) 
PARAMETRIC_REPRESENTATION_CONTEXT() REPRESENTATION_CONTEXT('2D SPACE',''
  ) );
#8089 = PCURVE('',#5693,#8090);
#8090 = DEFINITIONAL_REPRESENTATION('',(#8091),#8099);
#8091 = ( BOUNDED_CURVE() B_SPLINE_CURVE(2,(#8092,#8093,#8094,#8095,
#8096,#8097,#8098),.UNSPECIFIED.,.T.,.F.) B_SPLINE_CURVE_WITH_KNOTS((1,2
    ,2,2,2,1),(-2.094395102393,0.,2.094395102393,4.188790204786,
6.28318530718,8.377580409573),.UNSPECIFIED.) CURVE() 
GEOMETRIC_REPRESENTATION_ITEM() RATIONAL_B_SPLINE_CURVE((1.,0.5,1.,0.5,
1.,0.5,1.)) REPRESENTATION_ITEM('') );
#8092 = CARTESIAN_POINT('',(145.,0.));
#8093 = CARTESIAN_POINT('',(136.33974596215,0.));
#8094 = CARTESIAN_POINT('',(140.66987298107,7.5));
#8095 = CARTESIAN_POINT('',(145.,15.));
#8096 = CARTESIAN_POINT('',(149.33012701892,7.5));
#8097 = CARTESIAN_POINT('',(153.66025403784,7.993605777301E-15));
#8098 = CARTESIAN_POINT('',(145.,0.));
#8099 = ( GEOMETRIC_REPRESENTATION_CONTEXT(2) 
PARAMETRIC_REPRESENTATION_CONTEXT() REPRESENTATION_CONTEXT('2D SPACE',''
  ) );
#8100 = ORIENTED_EDGE('',*,*,#194,.F.);
#8101 = ORIENTED_EDGE('',*,*,#8102,.F.);
#8102 = EDGE_CURVE('',#3335,#195,#8103,.T.);
#8103 = SURFACE_CURVE('',#8104,(#8108,#8115),.PCURVE_S1.);
#8104 = LINE('',#8105,#8106);
#8105 = CARTESIAN_POINT('',(75.,-42.,0.));
#8106 = VECTOR('',#8107,1.);
#8107 = DIRECTION('',(0.,0.,1.));
#8108 = PCURVE('',#215,#8109);
#8109 = DEFINITIONAL_REPRESENTATION('',(#8110),#8114);
#8110 = LINE('',#8111,#8112);
#8111 = CARTESIAN_POINT('',(-0.,0.));
#8112 = VECTOR('',#8113,1.);
#8113 = DIRECTION('',(-0.,1.));
#8114 = ( GEOMETRIC_REPRESENTATION_CONTEXT(2) 
PARAMETRIC_REPRESENTATION_CONTEXT() REPRESENTATION_CONTEXT('2D SPACE',''
  ) );
#8115 = PCURVE('',#243,#8116);
#8116 = DEFINITIONAL_REPRESENTATION('',(#8117),#8121);
#8117 = LINE('',#8118,#8119);
#8118 = CARTESIAN_POINT('',(0.,-5.));
#8119 = VECTOR('',#8120,1.);
#8120 = DIRECTION('',(1.,0.));
#8121 = ( GEOMETRIC_REPRESENTATION_CONTEXT(2) 
PARAMETRIC_REPRESENTATION_CONTEXT() REPRESENTATION_CONTEXT('2D SPACE',''
  ) );
#8122 = ADVANCED_FACE('',(#8123),#272,.T.);
#8123 = FACE_BOUND('',#8124,.T.);
#8124 = EDGE_LOOP('',(#8125,#8126,#8149,#8171,#8172));
#8125 = ORIENTED_EDGE('',*,*,#3385,.T.);
#8126 = ORIENTED_EDGE('',*,*,#8127,.T.);
#8127 = EDGE_CURVE('',#3386,#8128,#8130,.T.);
#8128 = VERTEX_POINT('',#8129);
#8129 = CARTESIAN_POINT('',(70.,47.,3.));
#8130 = SURFACE_CURVE('',#8131,(#8135,#8142),.PCURVE_S1.);
#8131 = LINE('',#8132,#8133);
#8132 = CARTESIAN_POINT('',(70.,47.,0.));
#8133 = VECTOR('',#8134,1.);
#8134 = DIRECTION('',(0.,0.,1.));
#8135 = PCURVE('',#272,#8136);
#8136 = DEFINITIONAL_REPRESENTATION('',(#8137),#8141);
#8137 = LINE('',#8138,#8139);
#8138 = CARTESIAN_POINT('',(1.570796326795,0.));
#8139 = VECTOR('',#8140,1.);
#8140 = DIRECTION('',(0.,1.));
#8141 = ( GEOMETRIC_REPRESENTATION_CONTEXT(2) 
PARAMETRIC_REPRESENTATION_CONTEXT() REPRESENTATION_CONTEXT('2D SPACE',''
  ) );
#8142 = PCURVE('',#3261,#8143);
#8143 = DEFINITIONAL_REPRESENTATION('',(#8144),#8148);
#8144 = LINE('',#8145,#8146);
#8145 = CARTESIAN_POINT('',(0.,145.));
#8146 = VECTOR('',#8147,1.);
#8147 = DIRECTION('',(1.,0.));
#8148 = ( GEOMETRIC_REPRESENTATION_CONTEXT(2) 
PARAMETRIC_REPRESENTATION_CONTEXT() REPRESENTATION_CONTEXT('2D SPACE',''
  ) );
#8149 = ORIENTED_EDGE('',*,*,#8150,.F.);
#8150 = EDGE_CURVE('',#256,#8128,#8151,.T.);
#8151 = SURFACE_CURVE('',#8152,(#8157,#8164),.PCURVE_S1.);
#8152 = CIRCLE('',#8153,5.);
#8153 = AXIS2_PLACEMENT_3D('',#8154,#8155,#8156);
#8154 = CARTESIAN_POINT('',(70.,42.,3.));
#8155 = DIRECTION('',(0.,0.,1.));
#8156 = DIRECTION('',(0.,-1.,0.));
#8157 = PCURVE('',#272,#8158);
#8158 = DEFINITIONAL_REPRESENTATION('',(#8159),#8163);
#8159 = LINE('',#8160,#8161);
#8160 = CARTESIAN_POINT('',(-1.570796326795,3.));
#8161 = VECTOR('',#8162,1.);
#8162 = DIRECTION('',(1.,0.));
#8163 = ( GEOMETRIC_REPRESENTATION_CONTEXT(2) 
PARAMETRIC_REPRESENTATION_CONTEXT() REPRESENTATION_CONTEXT('2D SPACE',''
  ) );
#8164 = PCURVE('',#7027,#8165);
#8165 = DEFINITIONAL_REPRESENTATION('',(#8166),#8170);
#8166 = CIRCLE('',#8167,5.);
#8167 = AXIS2_PLACEMENT_2D('',#8168,#8169);
#8168 = CARTESIAN_POINT('',(145.,-2.));
#8169 = DIRECTION('',(0.,-1.));
#8170 = ( GEOMETRIC_REPRESENTATION_CONTEXT(2) 
PARAMETRIC_REPRESENTATION_CONTEXT() REPRESENTATION_CONTEXT('2D SPACE',''
  ) );
#8171 = ORIENTED_EDGE('',*,*,#255,.F.);
#8172 = ORIENTED_EDGE('',*,*,#8173,.F.);
#8173 = EDGE_CURVE('',#3363,#228,#8174,.T.);
#8174 = SURFACE_CURVE('',#8175,(#8179,#8186),.PCURVE_S1.);
#8175 = LINE('',#8176,#8177);
#8176 = CARTESIAN_POINT('',(75.,42.,0.));
#8177 = VECTOR('',#8178,1.);
#8178 = DIRECTION('',(0.,0.,1.));
#8179 = PCURVE('',#272,#8180);
#8180 = DEFINITIONAL_REPRESENTATION('',(#8181),#8185);
#8181 = LINE('',#8182,#8183);
#8182 = CARTESIAN_POINT('',(0.,0.));
#8183 = VECTOR('',#8184,1.);
#8184 = DIRECTION('',(0.,1.));
#8185 = ( GEOMETRIC_REPRESENTATION_CONTEXT(2) 
PARAMETRIC_REPRESENTATION_CONTEXT() REPRESENTATION_CONTEXT('2D SPACE',''
  ) );
#8186 = PCURVE('',#243,#8187);
#8187 = DEFINITIONAL_REPRESENTATION('',(#8188),#8192);
#8188 = LINE('',#8189,#8190);
#8189 = CARTESIAN_POINT('',(0.,-89.));
#8190 = VECTOR('',#8191,1.);
#8191 = DIRECTION('',(1.,0.));
#8192 = ( GEOMETRIC_REPRESENTATION_CONTEXT(2) 
PARAMETRIC_REPRESENTATION_CONTEXT() REPRESENTATION_CONTEXT('2D SPACE',''
  ) );
#8193 = ADVANCED_FACE('',(#8194),#243,.T.);
#8194 = FACE_BOUND('',#8195,.T.);
#8195 = EDGE_LOOP('',(#8196,#8197,#8198,#8199));
#8196 = ORIENTED_EDGE('',*,*,#227,.F.);
#8197 = ORIENTED_EDGE('',*,*,#8102,.F.);
#8198 = ORIENTED_EDGE('',*,*,#3362,.T.);
#8199 = ORIENTED_EDGE('',*,*,#8173,.T.);
#8200 = ADVANCED_FACE('',(#8201),#359,.F.);
#8201 = FACE_BOUND('',#8202,.F.);
#8202 = EDGE_LOOP('',(#8203,#8224,#8225,#8246,#8273));
#8203 = ORIENTED_EDGE('',*,*,#8204,.F.);
#8204 = EDGE_CURVE('',#3434,#341,#8205,.T.);
#8205 = SURFACE_CURVE('',#8206,(#8210,#8217),.PCURVE_S1.);
#8206 = LINE('',#8207,#8208);
#8207 = CARTESIAN_POINT('',(-66.5,-29.,-1.));
#8208 = VECTOR('',#8209,1.);
#8209 = DIRECTION('',(0.,0.,1.));
#8210 = PCURVE('',#359,#8211);
#8211 = DEFINITIONAL_REPRESENTATION('',(#8212),#8216);
#8212 = LINE('',#8213,#8214);
#8213 = CARTESIAN_POINT('',(0.,0.));
#8214 = VECTOR('',#8215,1.);
#8215 = DIRECTION('',(0.,1.));
#8216 = ( GEOMETRIC_REPRESENTATION_CONTEXT(2) 
PARAMETRIC_REPRESENTATION_CONTEXT() REPRESENTATION_CONTEXT('2D SPACE',''
  ) );
#8217 = PCURVE('',#386,#8218);
#8218 = DEFINITIONAL_REPRESENTATION('',(#8219),#8223);
#8219 = LINE('',#8220,#8221);
#8220 = CARTESIAN_POINT('',(0.,-3.));
#8221 = VECTOR('',#8222,1.);
#8222 = DIRECTION('',(1.,0.));
#8223 = ( GEOMETRIC_REPRESENTATION_CONTEXT(2) 
PARAMETRIC_REPRESENTATION_CONTEXT() REPRESENTATION_CONTEXT('2D SPACE',''
  ) );
#8224 = ORIENTED_EDGE('',*,*,#3433,.T.);
#8225 = ORIENTED_EDGE('',*,*,#8226,.T.);
#8226 = EDGE_CURVE('',#3436,#537,#8227,.T.);
#8227 = SURFACE_CURVE('',#8228,(#8232,#8239),.PCURVE_S1.);
#8228 = LINE('',#8229,#8230);
#8229 = CARTESIAN_POINT('',(-63.5,-32.,-1.));
#8230 = VECTOR('',#8231,1.);
#8231 = DIRECTION('',(0.,0.,1.));
#8232 = PCURVE('',#359,#8233);
#8233 = DEFINITIONAL_REPRESENTATION('',(#8234),#8238);
#8234 = LINE('',#8235,#8236);
#8235 = CARTESIAN_POINT('',(1.570796326795,0.));
#8236 = VECTOR('',#8237,1.);
#8237 = DIRECTION('',(0.,1.));
#8238 = ( GEOMETRIC_REPRESENTATION_CONTEXT(2) 
PARAMETRIC_REPRESENTATION_CONTEXT() REPRESENTATION_CONTEXT('2D SPACE',''
  ) );
#8239 = PCURVE('',#551,#8240);
#8240 = DEFINITIONAL_REPRESENTATION('',(#8241),#8245);
#8241 = LINE('',#8242,#8243);
#8242 = CARTESIAN_POINT('',(0.,3.));
#8243 = VECTOR('',#8244,1.);
#8244 = DIRECTION('',(1.,0.));
#8245 = ( GEOMETRIC_REPRESENTATION_CONTEXT(2) 
PARAMETRIC_REPRESENTATION_CONTEXT() REPRESENTATION_CONTEXT('2D SPACE',''
  ) );
#8246 = ORIENTED_EDGE('',*,*,#8247,.F.);
#8247 = EDGE_CURVE('',#343,#537,#8248,.T.);
#8248 = SURFACE_CURVE('',#8249,(#8254,#8261),.PCURVE_S1.);
#8249 = CIRCLE('',#8250,3.);
#8250 = AXIS2_PLACEMENT_3D('',#8251,#8252,#8253);
#8251 = CARTESIAN_POINT('',(-63.5,-29.,3.));
#8252 = DIRECTION('',(0.,0.,1.));
#8253 = DIRECTION('',(-1.,-0.,0.));
#8254 = PCURVE('',#359,#8255);
#8255 = DEFINITIONAL_REPRESENTATION('',(#8256),#8260);
#8256 = LINE('',#8257,#8258);
#8257 = CARTESIAN_POINT('',(0.,4.));
#8258 = VECTOR('',#8259,1.);
#8259 = DIRECTION('',(1.,0.));
#8260 = ( GEOMETRIC_REPRESENTATION_CONTEXT(2) 
PARAMETRIC_REPRESENTATION_CONTEXT() REPRESENTATION_CONTEXT('2D SPACE',''
  ) );
#8261 = PCURVE('',#8262,#8267);
#8262 = PLANE('',#8263);
#8263 = AXIS2_PLACEMENT_3D('',#8264,#8265,#8266);
#8264 = CARTESIAN_POINT('',(-72.5,-38.5,3.));
#8265 = DIRECTION('',(0.,0.,1.));
#8266 = DIRECTION('',(1.,0.,0.));
#8267 = DEFINITIONAL_REPRESENTATION('',(#8268),#8272);
#8268 = CIRCLE('',#8269,3.);
#8269 = AXIS2_PLACEMENT_2D('',#8270,#8271);
#8270 = CARTESIAN_POINT('',(9.,9.5));
#8271 = DIRECTION('',(-1.,0.));
#8272 = ( GEOMETRIC_REPRESENTATION_CONTEXT(2) 
PARAMETRIC_REPRESENTATION_CONTEXT() REPRESENTATION_CONTEXT('2D SPACE',''
  ) );
#8273 = ORIENTED_EDGE('',*,*,#340,.F.);
#8274 = ADVANCED_FACE('',(#8275),#386,.T.);
#8275 = FACE_BOUND('',#8276,.T.);
#8276 = EDGE_LOOP('',(#8277,#8278,#8279,#8280));
#8277 = ORIENTED_EDGE('',*,*,#371,.F.);
#8278 = ORIENTED_EDGE('',*,*,#8204,.F.);
#8279 = ORIENTED_EDGE('',*,*,#3459,.T.);
#8280 = ORIENTED_EDGE('',*,*,#8281,.T.);
#8281 = EDGE_CURVE('',#3460,#372,#8282,.T.);
#8282 = SURFACE_CURVE('',#8283,(#8287,#8294),.PCURVE_S1.);
#8283 = LINE('',#8284,#8285);
#8284 = CARTESIAN_POINT('',(-66.5,-19.,-1.));
#8285 = VECTOR('',#8286,1.);
#8286 = DIRECTION('',(0.,0.,1.));
#8287 = PCURVE('',#386,#8288);
#8288 = DEFINITIONAL_REPRESENTATION('',(#8289),#8293);
#8289 = LINE('',#8290,#8291);
#8290 = CARTESIAN_POINT('',(0.,-13.));
#8291 = VECTOR('',#8292,1.);
#8292 = DIRECTION('',(1.,0.));
#8293 = ( GEOMETRIC_REPRESENTATION_CONTEXT(2) 
PARAMETRIC_REPRESENTATION_CONTEXT() REPRESENTATION_CONTEXT('2D SPACE',''
  ) );
#8294 = PCURVE('',#414,#8295);
#8295 = DEFINITIONAL_REPRESENTATION('',(#8296),#8300);
#8296 = LINE('',#8297,#8298);
#8297 = CARTESIAN_POINT('',(-0.,0.));
#8298 = VECTOR('',#8299,1.);
#8299 = DIRECTION('',(-0.,1.));
#8300 = ( GEOMETRIC_REPRESENTATION_CONTEXT(2) 
PARAMETRIC_REPRESENTATION_CONTEXT() REPRESENTATION_CONTEXT('2D SPACE',''
  ) );
#8301 = ADVANCED_FACE('',(#8302),#660,.T.);
#8302 = FACE_BOUND('',#8303,.T.);
#8303 = EDGE_LOOP('',(#8304,#8305,#8328,#8354,#8377));
#8304 = ORIENTED_EDGE('',*,*,#646,.F.);
#8305 = ORIENTED_EDGE('',*,*,#8306,.T.);
#8306 = EDGE_CURVE('',#619,#8307,#8309,.T.);
#8307 = VERTEX_POINT('',#8308);
#8308 = CARTESIAN_POINT('',(-72.5,-29.5,27.));
#8309 = SURFACE_CURVE('',#8310,(#8314,#8321),.PCURVE_S1.);
#8310 = LINE('',#8311,#8312);
#8311 = CARTESIAN_POINT('',(-72.5,-29.5,3.));
#8312 = VECTOR('',#8313,1.);
#8313 = DIRECTION('',(0.,0.,1.));
#8314 = PCURVE('',#660,#8315);
#8315 = DEFINITIONAL_REPRESENTATION('',(#8316),#8320);
#8316 = LINE('',#8317,#8318);
#8317 = CARTESIAN_POINT('',(0.,0.));
#8318 = VECTOR('',#8319,1.);
#8319 = DIRECTION('',(1.,0.));
#8320 = ( GEOMETRIC_REPRESENTATION_CONTEXT(2) 
PARAMETRIC_REPRESENTATION_CONTEXT() REPRESENTATION_CONTEXT('2D SPACE',''
  ) );
#8321 = PCURVE('',#634,#8322);
#8322 = DEFINITIONAL_REPRESENTATION('',(#8323),#8327);
#8323 = LINE('',#8324,#8325);
#8324 = CARTESIAN_POINT('',(0.,-9.));
#8325 = VECTOR('',#8326,1.);
#8326 = DIRECTION('',(1.,0.));
#8327 = ( GEOMETRIC_REPRESENTATION_CONTEXT(2) 
PARAMETRIC_REPRESENTATION_CONTEXT() REPRESENTATION_CONTEXT('2D SPACE',''
  ) );
#8328 = ORIENTED_EDGE('',*,*,#8329,.T.);
#8329 = EDGE_CURVE('',#8307,#8330,#8332,.T.);
#8330 = VERTEX_POINT('',#8331);
#8331 = CARTESIAN_POINT('',(-63.5,-29.5,27.));
#8332 = SURFACE_CURVE('',#8333,(#8337,#8343),.PCURVE_S1.);
#8333 = LINE('',#8334,#8335);
#8334 = CARTESIAN_POINT('',(-72.5,-29.5,27.));
#8335 = VECTOR('',#8336,1.);
#8336 = DIRECTION('',(1.,0.,0.));
#8337 = PCURVE('',#660,#8338);
#8338 = DEFINITIONAL_REPRESENTATION('',(#8339),#8342);
#8339 = B_SPLINE_CURVE_WITH_KNOTS('',1,(#8340,#8341),.UNSPECIFIED.,.F.,
  .F.,(2,2),(0.,9.),.PIECEWISE_BEZIER_KNOTS.);
#8340 = CARTESIAN_POINT('',(24.,0.));
#8341 = CARTESIAN_POINT('',(24.,9.));
#8342 = ( GEOMETRIC_REPRESENTATION_CONTEXT(2) 
PARAMETRIC_REPRESENTATION_CONTEXT() REPRESENTATION_CONTEXT('2D SPACE',''
  ) );
#8343 = PCURVE('',#8344,#8349);
#8344 = PLANE('',#8345);
#8345 = AXIS2_PLACEMENT_3D('',#8346,#8347,#8348);
#8346 = CARTESIAN_POINT('',(-72.5,-33.,27.));
#8347 = DIRECTION('',(0.,0.,1.));
#8348 = DIRECTION('',(1.,0.,0.));
#8349 = DEFINITIONAL_REPRESENTATION('',(#8350),#8353);
#8350 = B_SPLINE_CURVE_WITH_KNOTS('',1,(#8351,#8352),.UNSPECIFIED.,.F.,
  .F.,(2,2),(0.,9.),.PIECEWISE_BEZIER_KNOTS.);
#8351 = CARTESIAN_POINT('',(0.,3.5));
#8352 = CARTESIAN_POINT('',(9.,3.5));
#8353 = ( GEOMETRIC_REPRESENTATION_CONTEXT(2) 
PARAMETRIC_REPRESENTATION_CONTEXT() REPRESENTATION_CONTEXT('2D SPACE',''
  ) );
#8354 = ORIENTED_EDGE('',*,*,#8355,.F.);
#8355 = EDGE_CURVE('',#8356,#8330,#8358,.T.);
#8356 = VERTEX_POINT('',#8357);
#8357 = CARTESIAN_POINT('',(-63.5,-29.5,3.));
#8358 = SURFACE_CURVE('',#8359,(#8363,#8370),.PCURVE_S1.);
#8359 = LINE('',#8360,#8361);
#8360 = CARTESIAN_POINT('',(-63.5,-29.5,3.));
#8361 = VECTOR('',#8362,1.);
#8362 = DIRECTION('',(0.,0.,1.));
#8363 = PCURVE('',#660,#8364);
#8364 = DEFINITIONAL_REPRESENTATION('',(#8365),#8369);
#8365 = LINE('',#8366,#8367);
#8366 = CARTESIAN_POINT('',(0.,9.));
#8367 = VECTOR('',#8368,1.);
#8368 = DIRECTION('',(1.,0.));
#8369 = ( GEOMETRIC_REPRESENTATION_CONTEXT(2) 
PARAMETRIC_REPRESENTATION_CONTEXT() REPRESENTATION_CONTEXT('2D SPACE',''
  ) );
#8370 = PCURVE('',#578,#8371);
#8371 = DEFINITIONAL_REPRESENTATION('',(#8372),#8376);
#8372 = LINE('',#8373,#8374);
#8373 = CARTESIAN_POINT('',(0.,-9.));
#8374 = VECTOR('',#8375,1.);
#8375 = DIRECTION('',(1.,0.));
#8376 = ( GEOMETRIC_REPRESENTATION_CONTEXT(2) 
PARAMETRIC_REPRESENTATION_CONTEXT() REPRESENTATION_CONTEXT('2D SPACE',''
  ) );
#8377 = ORIENTED_EDGE('',*,*,#8378,.F.);
#8378 = EDGE_CURVE('',#343,#8356,#8379,.T.);
#8379 = SURFACE_CURVE('',#8380,(#8384,#8391),.PCURVE_S1.);
#8380 = LINE('',#8381,#8382);
#8381 = CARTESIAN_POINT('',(-72.5,-29.5,3.));
#8382 = VECTOR('',#8383,1.);
#8383 = DIRECTION('',(1.,0.,0.));
#8384 = PCURVE('',#660,#8385);
#8385 = DEFINITIONAL_REPRESENTATION('',(#8386),#8390);
#8386 = LINE('',#8387,#8388);
#8387 = CARTESIAN_POINT('',(0.,0.));
#8388 = VECTOR('',#8389,1.);
#8389 = DIRECTION('',(0.,1.));
#8390 = ( GEOMETRIC_REPRESENTATION_CONTEXT(2) 
PARAMETRIC_REPRESENTATION_CONTEXT() REPRESENTATION_CONTEXT('2D SPACE',''
  ) );
#8391 = PCURVE('',#8262,#8392);
#8392 = DEFINITIONAL_REPRESENTATION('',(#8393),#8397);
#8393 = LINE('',#8394,#8395);
#8394 = CARTESIAN_POINT('',(0.,9.));
#8395 = VECTOR('',#8396,1.);
#8396 = DIRECTION('',(1.,0.));
#8397 = ( GEOMETRIC_REPRESENTATION_CONTEXT(2) 
PARAMETRIC_REPRESENTATION_CONTEXT() REPRESENTATION_CONTEXT('2D SPACE',''
  ) );
#8398 = ADVANCED_FACE('',(#8399),#414,.F.);
#8399 = FACE_BOUND('',#8400,.T.);
#8400 = EDGE_LOOP('',(#8401,#8402,#8403,#8424));
#8401 = ORIENTED_EDGE('',*,*,#8281,.F.);
#8402 = ORIENTED_EDGE('',*,*,#3480,.F.);
#8403 = ORIENTED_EDGE('',*,*,#8404,.T.);
#8404 = EDGE_CURVE('',#3481,#398,#8405,.T.);
#8405 = SURFACE_CURVE('',#8406,(#8410,#8417),.PCURVE_S1.);
#8406 = LINE('',#8407,#8408);
#8407 = CARTESIAN_POINT('',(-63.5,-16.,-1.));
#8408 = VECTOR('',#8409,1.);
#8409 = DIRECTION('',(0.,0.,1.));
#8410 = PCURVE('',#414,#8411);
#8411 = DEFINITIONAL_REPRESENTATION('',(#8412),#8416);
#8412 = LINE('',#8413,#8414);
#8413 = CARTESIAN_POINT('',(-1.570796326795,0.));
#8414 = VECTOR('',#8415,1.);
#8415 = DIRECTION('',(-0.,1.));
#8416 = ( GEOMETRIC_REPRESENTATION_CONTEXT(2) 
PARAMETRIC_REPRESENTATION_CONTEXT() REPRESENTATION_CONTEXT('2D SPACE',''
  ) );
#8417 = PCURVE('',#441,#8418);
#8418 = DEFINITIONAL_REPRESENTATION('',(#8419),#8423);
#8419 = LINE('',#8420,#8421);
#8420 = CARTESIAN_POINT('',(0.,3.));
#8421 = VECTOR('',#8422,1.);
#8422 = DIRECTION('',(1.,0.));
#8423 = ( GEOMETRIC_REPRESENTATION_CONTEXT(2) 
PARAMETRIC_REPRESENTATION_CONTEXT() REPRESENTATION_CONTEXT('2D SPACE',''
  ) );
#8424 = ORIENTED_EDGE('',*,*,#397,.T.);
#8425 = ADVANCED_FACE('',(#8426),#634,.F.);
#8426 = FACE_BOUND('',#8427,.F.);
#8427 = EDGE_LOOP('',(#8428,#8451,#8452,#8453,#8476,#8504,#8532,#8560));
#8428 = ORIENTED_EDGE('',*,*,#8429,.F.);
#8429 = EDGE_CURVE('',#591,#8430,#8432,.T.);
#8430 = VERTEX_POINT('',#8431);
#8431 = CARTESIAN_POINT('',(-72.5,-38.5,56.));
#8432 = SURFACE_CURVE('',#8433,(#8437,#8444),.PCURVE_S1.);
#8433 = LINE('',#8434,#8435);
#8434 = CARTESIAN_POINT('',(-72.5,-38.5,3.));
#8435 = VECTOR('',#8436,1.);
#8436 = DIRECTION('',(0.,0.,1.));
#8437 = PCURVE('',#634,#8438);
#8438 = DEFINITIONAL_REPRESENTATION('',(#8439),#8443);
#8439 = LINE('',#8440,#8441);
#8440 = CARTESIAN_POINT('',(0.,0.));
#8441 = VECTOR('',#8442,1.);
#8442 = DIRECTION('',(1.,0.));
#8443 = ( GEOMETRIC_REPRESENTATION_CONTEXT(2) 
PARAMETRIC_REPRESENTATION_CONTEXT() REPRESENTATION_CONTEXT('2D SPACE',''
  ) );
#8444 = PCURVE('',#606,#8445);
#8445 = DEFINITIONAL_REPRESENTATION('',(#8446),#8450);
#8446 = LINE('',#8447,#8448);
#8447 = CARTESIAN_POINT('',(0.,0.));
#8448 = VECTOR('',#8449,1.);
#8449 = DIRECTION('',(1.,0.));
#8450 = ( GEOMETRIC_REPRESENTATION_CONTEXT(2) 
PARAMETRIC_REPRESENTATION_CONTEXT() REPRESENTATION_CONTEXT('2D SPACE',''
  ) );
#8451 = ORIENTED_EDGE('',*,*,#618,.T.);
#8452 = ORIENTED_EDGE('',*,*,#8306,.T.);
#8453 = ORIENTED_EDGE('',*,*,#8454,.T.);
#8454 = EDGE_CURVE('',#8307,#8455,#8457,.T.);
#8455 = VERTEX_POINT('',#8456);
#8456 = CARTESIAN_POINT('',(-72.5,-23.,27.));
#8457 = SURFACE_CURVE('',#8458,(#8462,#8469),.PCURVE_S1.);
#8458 = LINE('',#8459,#8460);
#8459 = CARTESIAN_POINT('',(-72.5,-33.,27.));
#8460 = VECTOR('',#8461,1.);
#8461 = DIRECTION('',(0.,1.,0.));
#8462 = PCURVE('',#634,#8463);
#8463 = DEFINITIONAL_REPRESENTATION('',(#8464),#8468);
#8464 = LINE('',#8465,#8466);
#8465 = CARTESIAN_POINT('',(24.,-5.5));
#8466 = VECTOR('',#8467,1.);
#8467 = DIRECTION('',(0.,-1.));
#8468 = ( GEOMETRIC_REPRESENTATION_CONTEXT(2) 
PARAMETRIC_REPRESENTATION_CONTEXT() REPRESENTATION_CONTEXT('2D SPACE',''
  ) );
#8469 = PCURVE('',#8344,#8470);
#8470 = DEFINITIONAL_REPRESENTATION('',(#8471),#8475);
#8471 = LINE('',#8472,#8473);
#8472 = CARTESIAN_POINT('',(0.,0.));
#8473 = VECTOR('',#8474,1.);
#8474 = DIRECTION('',(0.,1.));
#8475 = ( GEOMETRIC_REPRESENTATION_CONTEXT(2) 
PARAMETRIC_REPRESENTATION_CONTEXT() REPRESENTATION_CONTEXT('2D SPACE',''
  ) );
#8476 = ORIENTED_EDGE('',*,*,#8477,.T.);
#8477 = EDGE_CURVE('',#8455,#8478,#8480,.T.);
#8478 = VERTEX_POINT('',#8479);
#8479 = CARTESIAN_POINT('',(-72.5,-23.,31.));
#8480 = SURFACE_CURVE('',#8481,(#8485,#8492),.PCURVE_S1.);
#8481 = LINE('',#8482,#8483);
#8482 = CARTESIAN_POINT('',(-72.5,-23.,27.));
#8483 = VECTOR('',#8484,1.);
#8484 = DIRECTION('',(0.,0.,1.));
#8485 = PCURVE('',#634,#8486);
#8486 = DEFINITIONAL_REPRESENTATION('',(#8487),#8491);
#8487 = LINE('',#8488,#8489);
#8488 = CARTESIAN_POINT('',(24.,-15.5));
#8489 = VECTOR('',#8490,1.);
#8490 = DIRECTION('',(1.,0.));
#8491 = ( GEOMETRIC_REPRESENTATION_CONTEXT(2) 
PARAMETRIC_REPRESENTATION_CONTEXT() REPRESENTATION_CONTEXT('2D SPACE',''
  ) );
#8492 = PCURVE('',#8493,#8498);
#8493 = PLANE('',#8494);
#8494 = AXIS2_PLACEMENT_3D('',#8495,#8496,#8497);
#8495 = CARTESIAN_POINT('',(-72.5,-23.,27.));
#8496 = DIRECTION('',(0.,1.,0.));
#8497 = DIRECTION('',(0.,0.,1.));
#8498 = DEFINITIONAL_REPRESENTATION('',(#8499),#8503);
#8499 = LINE('',#8500,#8501);
#8500 = CARTESIAN_POINT('',(0.,0.));
#8501 = VECTOR('',#8502,1.);
#8502 = DIRECTION('',(1.,0.));
#8503 = ( GEOMETRIC_REPRESENTATION_CONTEXT(2) 
PARAMETRIC_REPRESENTATION_CONTEXT() REPRESENTATION_CONTEXT('2D SPACE',''
  ) );
#8504 = ORIENTED_EDGE('',*,*,#8505,.F.);
#8505 = EDGE_CURVE('',#8506,#8478,#8508,.T.);
#8506 = VERTEX_POINT('',#8507);
#8507 = CARTESIAN_POINT('',(-72.5,-29.5,31.));
#8508 = SURFACE_CURVE('',#8509,(#8513,#8520),.PCURVE_S1.);
#8509 = LINE('',#8510,#8511);
#8510 = CARTESIAN_POINT('',(-72.5,-33.,31.));
#8511 = VECTOR('',#8512,1.);
#8512 = DIRECTION('',(0.,1.,0.));
#8513 = PCURVE('',#634,#8514);
#8514 = DEFINITIONAL_REPRESENTATION('',(#8515),#8519);
#8515 = LINE('',#8516,#8517);
#8516 = CARTESIAN_POINT('',(28.,-5.5));
#8517 = VECTOR('',#8518,1.);
#8518 = DIRECTION('',(0.,-1.));
#8519 = ( GEOMETRIC_REPRESENTATION_CONTEXT(2) 
PARAMETRIC_REPRESENTATION_CONTEXT() REPRESENTATION_CONTEXT('2D SPACE',''
  ) );
#8520 = PCURVE('',#8521,#8526);
#8521 = PLANE('',#8522);
#8522 = AXIS2_PLACEMENT_3D('',#8523,#8524,#8525);
#8523 = CARTESIAN_POINT('',(-72.5,-33.,31.));
#8524 = DIRECTION('',(0.,0.,1.));
#8525 = DIRECTION('',(1.,0.,0.));
#8526 = DEFINITIONAL_REPRESENTATION('',(#8527),#8531);
#8527 = LINE('',#8528,#8529);
#8528 = CARTESIAN_POINT('',(0.,0.));
#8529 = VECTOR('',#8530,1.);
#8530 = DIRECTION('',(0.,1.));
#8531 = ( GEOMETRIC_REPRESENTATION_CONTEXT(2) 
PARAMETRIC_REPRESENTATION_CONTEXT() REPRESENTATION_CONTEXT('2D SPACE',''
  ) );
#8532 = ORIENTED_EDGE('',*,*,#8533,.T.);
#8533 = EDGE_CURVE('',#8506,#8534,#8536,.T.);
#8534 = VERTEX_POINT('',#8535);
#8535 = CARTESIAN_POINT('',(-72.5,-29.5,56.));
#8536 = SURFACE_CURVE('',#8537,(#8541,#8548),.PCURVE_S1.);
#8537 = LINE('',#8538,#8539);
#8538 = CARTESIAN_POINT('',(-72.5,-29.5,3.));
#8539 = VECTOR('',#8540,1.);
#8540 = DIRECTION('',(0.,0.,1.));
#8541 = PCURVE('',#634,#8542);
#8542 = DEFINITIONAL_REPRESENTATION('',(#8543),#8547);
#8543 = LINE('',#8544,#8545);
#8544 = CARTESIAN_POINT('',(0.,-9.));
#8545 = VECTOR('',#8546,1.);
#8546 = DIRECTION('',(1.,0.));
#8547 = ( GEOMETRIC_REPRESENTATION_CONTEXT(2) 
PARAMETRIC_REPRESENTATION_CONTEXT() REPRESENTATION_CONTEXT('2D SPACE',''
  ) );
#8548 = PCURVE('',#8549,#8554);
#8549 = PLANE('',#8550);
#8550 = AXIS2_PLACEMENT_3D('',#8551,#8552,#8553);
#8551 = CARTESIAN_POINT('',(-72.5,-29.5,3.));
#8552 = DIRECTION('',(0.,1.,0.));
#8553 = DIRECTION('',(0.,0.,1.));
#8554 = DEFINITIONAL_REPRESENTATION('',(#8555),#8559);
#8555 = LINE('',#8556,#8557);
#8556 = CARTESIAN_POINT('',(0.,0.));
#8557 = VECTOR('',#8558,1.);
#8558 = DIRECTION('',(1.,0.));
#8559 = ( GEOMETRIC_REPRESENTATION_CONTEXT(2) 
PARAMETRIC_REPRESENTATION_CONTEXT() REPRESENTATION_CONTEXT('2D SPACE',''
  ) );
#8560 = ORIENTED_EDGE('',*,*,#8561,.F.);
#8561 = EDGE_CURVE('',#8430,#8534,#8562,.T.);
#8562 = SURFACE_CURVE('',#8563,(#8567,#8574),.PCURVE_S1.);
#8563 = LINE('',#8564,#8565);
#8564 = CARTESIAN_POINT('',(-72.5,-41.25,56.));
#8565 = VECTOR('',#8566,1.);
#8566 = DIRECTION('',(0.,1.,0.));
#8567 = PCURVE('',#634,#8568);
#8568 = DEFINITIONAL_REPRESENTATION('',(#8569),#8573);
#8569 = LINE('',#8570,#8571);
#8570 = CARTESIAN_POINT('',(53.,2.75));
#8571 = VECTOR('',#8572,1.);
#8572 = DIRECTION('',(0.,-1.));
#8573 = ( GEOMETRIC_REPRESENTATION_CONTEXT(2) 
PARAMETRIC_REPRESENTATION_CONTEXT() REPRESENTATION_CONTEXT('2D SPACE',''
  ) );
#8574 = PCURVE('',#5425,#8575);
#8575 = DEFINITIONAL_REPRESENTATION('',(#8576),#8579);
#8576 = B_SPLINE_CURVE_WITH_KNOTS('',1,(#8577,#8578),.UNSPECIFIED.,.F.,
  .F.,(2,2),(2.75,11.75),.PIECEWISE_BEZIER_KNOTS.);
#8577 = CARTESIAN_POINT('',(2.5,5.5));
#8578 = CARTESIAN_POINT('',(2.5,14.5));
#8579 = ( GEOMETRIC_REPRESENTATION_CONTEXT(2) 
PARAMETRIC_REPRESENTATION_CONTEXT() REPRESENTATION_CONTEXT('2D SPACE',''
  ) );
#8580 = ADVANCED_FACE('',(#8581),#441,.F.);
#8581 = FACE_BOUND('',#8582,.F.);
#8582 = EDGE_LOOP('',(#8583,#8584,#8585,#8586));
#8583 = ORIENTED_EDGE('',*,*,#3504,.T.);
#8584 = ORIENTED_EDGE('',*,*,#8404,.T.);
#8585 = ORIENTED_EDGE('',*,*,#426,.F.);
#8586 = ORIENTED_EDGE('',*,*,#8587,.F.);
#8587 = EDGE_CURVE('',#3505,#427,#8588,.T.);
#8588 = SURFACE_CURVE('',#8589,(#8593,#8600),.PCURVE_S1.);
#8589 = LINE('',#8590,#8591);
#8590 = CARTESIAN_POINT('',(-50.5,-16.,-1.));
#8591 = VECTOR('',#8592,1.);
#8592 = DIRECTION('',(0.,0.,1.));
#8593 = PCURVE('',#441,#8594);
#8594 = DEFINITIONAL_REPRESENTATION('',(#8595),#8599);
#8595 = LINE('',#8596,#8597);
#8596 = CARTESIAN_POINT('',(0.,16.));
#8597 = VECTOR('',#8598,1.);
#8598 = DIRECTION('',(1.,0.));
#8599 = ( GEOMETRIC_REPRESENTATION_CONTEXT(2) 
PARAMETRIC_REPRESENTATION_CONTEXT() REPRESENTATION_CONTEXT('2D SPACE',''
  ) );
#8600 = PCURVE('',#469,#8601);
#8601 = DEFINITIONAL_REPRESENTATION('',(#8602),#8606);
#8602 = LINE('',#8603,#8604);
#8603 = CARTESIAN_POINT('',(1.570796326795,0.));
#8604 = VECTOR('',#8605,1.);
#8605 = DIRECTION('',(0.,1.));
#8606 = ( GEOMETRIC_REPRESENTATION_CONTEXT(2) 
PARAMETRIC_REPRESENTATION_CONTEXT() REPRESENTATION_CONTEXT('2D SPACE',''
  ) );
#8607 = ADVANCED_FACE('',(#8608),#606,.F.);
#8608 = FACE_BOUND('',#8609,.F.);
#8609 = EDGE_LOOP('',(#8610,#8633,#8634,#8635,#8656,#8677,#8698,#8726));
#8610 = ORIENTED_EDGE('',*,*,#8611,.F.);
#8611 = EDGE_CURVE('',#563,#8612,#8614,.T.);
#8612 = VERTEX_POINT('',#8613);
#8613 = CARTESIAN_POINT('',(-63.5,-38.5,65.));
#8614 = SURFACE_CURVE('',#8615,(#8619,#8626),.PCURVE_S1.);
#8615 = LINE('',#8616,#8617);
#8616 = CARTESIAN_POINT('',(-63.5,-38.5,3.));
#8617 = VECTOR('',#8618,1.);
#8618 = DIRECTION('',(0.,0.,1.));
#8619 = PCURVE('',#606,#8620);
#8620 = DEFINITIONAL_REPRESENTATION('',(#8621),#8625);
#8621 = LINE('',#8622,#8623);
#8622 = CARTESIAN_POINT('',(0.,9.));
#8623 = VECTOR('',#8624,1.);
#8624 = DIRECTION('',(1.,0.));
#8625 = ( GEOMETRIC_REPRESENTATION_CONTEXT(2) 
PARAMETRIC_REPRESENTATION_CONTEXT() REPRESENTATION_CONTEXT('2D SPACE',''
  ) );
#8626 = PCURVE('',#578,#8627);
#8627 = DEFINITIONAL_REPRESENTATION('',(#8628),#8632);
#8628 = LINE('',#8629,#8630);
#8629 = CARTESIAN_POINT('',(0.,0.));
#8630 = VECTOR('',#8631,1.);
#8631 = DIRECTION('',(1.,0.));
#8632 = ( GEOMETRIC_REPRESENTATION_CONTEXT(2) 
PARAMETRIC_REPRESENTATION_CONTEXT() REPRESENTATION_CONTEXT('2D SPACE',''
  ) );
#8633 = ORIENTED_EDGE('',*,*,#590,.F.);
#8634 = ORIENTED_EDGE('',*,*,#8429,.T.);
#8635 = ORIENTED_EDGE('',*,*,#8636,.F.);
#8636 = EDGE_CURVE('',#8637,#8430,#8639,.T.);
#8637 = VERTEX_POINT('',#8638);
#8638 = CARTESIAN_POINT('',(-72.,-38.5,56.));
#8639 = SURFACE_CURVE('',#8640,(#8644,#8650),.PCURVE_S1.);
#8640 = LINE('',#8641,#8642);
#8641 = CARTESIAN_POINT('',(-73.75,-38.5,56.));
#8642 = VECTOR('',#8643,1.);
#8643 = DIRECTION('',(-1.,0.,0.));
#8644 = PCURVE('',#606,#8645);
#8645 = DEFINITIONAL_REPRESENTATION('',(#8646),#8649);
#8646 = B_SPLINE_CURVE_WITH_KNOTS('',1,(#8647,#8648),.UNSPECIFIED.,.F.,
  .F.,(2,2),(-1.75,-1.25),.PIECEWISE_BEZIER_KNOTS.);
#8647 = CARTESIAN_POINT('',(53.,0.5));
#8648 = CARTESIAN_POINT('',(53.,0.));
#8649 = ( GEOMETRIC_REPRESENTATION_CONTEXT(2) 
PARAMETRIC_REPRESENTATION_CONTEXT() REPRESENTATION_CONTEXT('2D SPACE',''
  ) );
#8650 = PCURVE('',#5425,#8651);
#8651 = DEFINITIONAL_REPRESENTATION('',(#8652),#8655);
#8652 = B_SPLINE_CURVE_WITH_KNOTS('',1,(#8653,#8654),.UNSPECIFIED.,.F.,
  .F.,(2,2),(-1.75,-1.25),.PIECEWISE_BEZIER_KNOTS.);
#8653 = CARTESIAN_POINT('',(3.,5.5));
#8654 = CARTESIAN_POINT('',(2.5,5.5));
#8655 = ( GEOMETRIC_REPRESENTATION_CONTEXT(2) 
PARAMETRIC_REPRESENTATION_CONTEXT() REPRESENTATION_CONTEXT('2D SPACE',''
  ) );
#8656 = ORIENTED_EDGE('',*,*,#8657,.T.);
#8657 = EDGE_CURVE('',#8637,#8658,#8660,.T.);
#8658 = VERTEX_POINT('',#8659);
#8659 = CARTESIAN_POINT('',(-72.,-38.5,64.));
#8660 = SURFACE_CURVE('',#8661,(#8665,#8671),.PCURVE_S1.);
#8661 = LINE('',#8662,#8663);
#8662 = CARTESIAN_POINT('',(-72.,-38.5,29.5));
#8663 = VECTOR('',#8664,1.);
#8664 = DIRECTION('',(0.,0.,1.));
#8665 = PCURVE('',#606,#8666);
#8666 = DEFINITIONAL_REPRESENTATION('',(#8667),#8670);
#8667 = B_SPLINE_CURVE_WITH_KNOTS('',1,(#8668,#8669),.UNSPECIFIED.,.F.,
  .F.,(2,2),(26.5,34.5),.PIECEWISE_BEZIER_KNOTS.);
#8668 = CARTESIAN_POINT('',(53.,0.5));
#8669 = CARTESIAN_POINT('',(61.,0.5));
#8670 = ( GEOMETRIC_REPRESENTATION_CONTEXT(2) 
PARAMETRIC_REPRESENTATION_CONTEXT() REPRESENTATION_CONTEXT('2D SPACE',''
  ) );
#8671 = PCURVE('',#5453,#8672);
#8672 = DEFINITIONAL_REPRESENTATION('',(#8673),#8676);
#8673 = B_SPLINE_CURVE_WITH_KNOTS('',1,(#8674,#8675),.UNSPECIFIED.,.F.,
  .F.,(2,2),(26.5,34.5),.PIECEWISE_BEZIER_KNOTS.);
#8674 = CARTESIAN_POINT('',(0.,-5.5));
#8675 = CARTESIAN_POINT('',(8.,-5.5));
#8676 = ( GEOMETRIC_REPRESENTATION_CONTEXT(2) 
PARAMETRIC_REPRESENTATION_CONTEXT() REPRESENTATION_CONTEXT('2D SPACE',''
  ) );
#8677 = ORIENTED_EDGE('',*,*,#8678,.T.);
#8678 = EDGE_CURVE('',#8658,#8679,#8681,.T.);
#8679 = VERTEX_POINT('',#8680);
#8680 = CARTESIAN_POINT('',(-72.5,-38.5,64.));
#8681 = SURFACE_CURVE('',#8682,(#8686,#8692),.PCURVE_S1.);
#8682 = LINE('',#8683,#8684);
#8683 = CARTESIAN_POINT('',(-73.75,-38.5,64.));
#8684 = VECTOR('',#8685,1.);
#8685 = DIRECTION('',(-1.,0.,0.));
#8686 = PCURVE('',#606,#8687);
#8687 = DEFINITIONAL_REPRESENTATION('',(#8688),#8691);
#8688 = B_SPLINE_CURVE_WITH_KNOTS('',1,(#8689,#8690),.UNSPECIFIED.,.F.,
  .F.,(2,2),(-1.75,-1.25),.PIECEWISE_BEZIER_KNOTS.);
#8689 = CARTESIAN_POINT('',(61.,0.5));
#8690 = CARTESIAN_POINT('',(61.,0.));
#8691 = ( GEOMETRIC_REPRESENTATION_CONTEXT(2) 
PARAMETRIC_REPRESENTATION_CONTEXT() REPRESENTATION_CONTEXT('2D SPACE',''
  ) );
#8692 = PCURVE('',#5481,#8693);
#8693 = DEFINITIONAL_REPRESENTATION('',(#8694),#8697);
#8694 = B_SPLINE_CURVE_WITH_KNOTS('',1,(#8695,#8696),.UNSPECIFIED.,.F.,
  .F.,(2,2),(-1.75,-1.25),.PIECEWISE_BEZIER_KNOTS.);
#8695 = CARTESIAN_POINT('',(3.,5.5));
#8696 = CARTESIAN_POINT('',(2.5,5.5));
#8697 = ( GEOMETRIC_REPRESENTATION_CONTEXT(2) 
PARAMETRIC_REPRESENTATION_CONTEXT() REPRESENTATION_CONTEXT('2D SPACE',''
  ) );
#8698 = ORIENTED_EDGE('',*,*,#8699,.T.);
#8699 = EDGE_CURVE('',#8679,#8700,#8702,.T.);
#8700 = VERTEX_POINT('',#8701);
#8701 = CARTESIAN_POINT('',(-72.5,-38.5,65.));
#8702 = SURFACE_CURVE('',#8703,(#8707,#8714),.PCURVE_S1.);
#8703 = LINE('',#8704,#8705);
#8704 = CARTESIAN_POINT('',(-72.5,-38.5,3.));
#8705 = VECTOR('',#8706,1.);
#8706 = DIRECTION('',(0.,0.,1.));
#8707 = PCURVE('',#606,#8708);
#8708 = DEFINITIONAL_REPRESENTATION('',(#8709),#8713);
#8709 = LINE('',#8710,#8711);
#8710 = CARTESIAN_POINT('',(0.,0.));
#8711 = VECTOR('',#8712,1.);
#8712 = DIRECTION('',(1.,0.));
#8713 = ( GEOMETRIC_REPRESENTATION_CONTEXT(2) 
PARAMETRIC_REPRESENTATION_CONTEXT() REPRESENTATION_CONTEXT('2D SPACE',''
  ) );
#8714 = PCURVE('',#8715,#8720);
#8715 = PLANE('',#8716);
#8716 = AXIS2_PLACEMENT_3D('',#8717,#8718,#8719);
#8717 = CARTESIAN_POINT('',(-72.5,-38.5,3.));
#8718 = DIRECTION('',(1.,0.,0.));
#8719 = DIRECTION('',(0.,0.,1.));
#8720 = DEFINITIONAL_REPRESENTATION('',(#8721),#8725);
#8721 = LINE('',#8722,#8723);
#8722 = CARTESIAN_POINT('',(0.,0.));
#8723 = VECTOR('',#8724,1.);
#8724 = DIRECTION('',(1.,0.));
#8725 = ( GEOMETRIC_REPRESENTATION_CONTEXT(2) 
PARAMETRIC_REPRESENTATION_CONTEXT() REPRESENTATION_CONTEXT('2D SPACE',''
  ) );
#8726 = ORIENTED_EDGE('',*,*,#8727,.T.);
#8727 = EDGE_CURVE('',#8700,#8612,#8728,.T.);
#8728 = SURFACE_CURVE('',#8729,(#8733,#8740),.PCURVE_S1.);
#8729 = LINE('',#8730,#8731);
#8730 = CARTESIAN_POINT('',(-72.5,-38.5,65.));
#8731 = VECTOR('',#8732,1.);
#8732 = DIRECTION('',(1.,0.,0.));
#8733 = PCURVE('',#606,#8734);
#8734 = DEFINITIONAL_REPRESENTATION('',(#8735),#8739);
#8735 = LINE('',#8736,#8737);
#8736 = CARTESIAN_POINT('',(62.,0.));
#8737 = VECTOR('',#8738,1.);
#8738 = DIRECTION('',(0.,1.));
#8739 = ( GEOMETRIC_REPRESENTATION_CONTEXT(2) 
PARAMETRIC_REPRESENTATION_CONTEXT() REPRESENTATION_CONTEXT('2D SPACE',''
  ) );
#8740 = PCURVE('',#8741,#8746);
#8741 = PLANE('',#8742);
#8742 = AXIS2_PLACEMENT_3D('',#8743,#8744,#8745);
#8743 = CARTESIAN_POINT('',(-72.5,-38.5,65.));
#8744 = DIRECTION('',(0.,0.,1.));
#8745 = DIRECTION('',(1.,0.,0.));
#8746 = DEFINITIONAL_REPRESENTATION('',(#8747),#8751);
#8747 = LINE('',#8748,#8749);
#8748 = CARTESIAN_POINT('',(0.,0.));
#8749 = VECTOR('',#8750,1.);
#8750 = DIRECTION('',(1.,0.));
#8751 = ( GEOMETRIC_REPRESENTATION_CONTEXT(2) 
PARAMETRIC_REPRESENTATION_CONTEXT() REPRESENTATION_CONTEXT('2D SPACE',''
  ) );
#8752 = ADVANCED_FACE('',(#8753),#469,.F.);
#8753 = FACE_BOUND('',#8754,.F.);
#8754 = EDGE_LOOP('',(#8755,#8776,#8777,#8778));
#8755 = ORIENTED_EDGE('',*,*,#8756,.F.);
#8756 = EDGE_CURVE('',#3526,#453,#8757,.T.);
#8757 = SURFACE_CURVE('',#8758,(#8762,#8769),.PCURVE_S1.);
#8758 = LINE('',#8759,#8760);
#8759 = CARTESIAN_POINT('',(-47.5,-19.,-1.));
#8760 = VECTOR('',#8761,1.);
#8761 = DIRECTION('',(0.,0.,1.));
#8762 = PCURVE('',#469,#8763);
#8763 = DEFINITIONAL_REPRESENTATION('',(#8764),#8768);
#8764 = LINE('',#8765,#8766);
#8765 = CARTESIAN_POINT('',(0.,0.));
#8766 = VECTOR('',#8767,1.);
#8767 = DIRECTION('',(0.,1.));
#8768 = ( GEOMETRIC_REPRESENTATION_CONTEXT(2) 
PARAMETRIC_REPRESENTATION_CONTEXT() REPRESENTATION_CONTEXT('2D SPACE',''
  ) );
#8769 = PCURVE('',#496,#8770);
#8770 = DEFINITIONAL_REPRESENTATION('',(#8771),#8775);
#8771 = LINE('',#8772,#8773);
#8772 = CARTESIAN_POINT('',(0.,-13.));
#8773 = VECTOR('',#8774,1.);
#8774 = DIRECTION('',(1.,0.));
#8775 = ( GEOMETRIC_REPRESENTATION_CONTEXT(2) 
PARAMETRIC_REPRESENTATION_CONTEXT() REPRESENTATION_CONTEXT('2D SPACE',''
  ) );
#8776 = ORIENTED_EDGE('',*,*,#3525,.T.);
#8777 = ORIENTED_EDGE('',*,*,#8587,.T.);
#8778 = ORIENTED_EDGE('',*,*,#452,.F.);
#8779 = ADVANCED_FACE('',(#8780),#578,.T.);
#8780 = FACE_BOUND('',#8781,.T.);
#8781 = EDGE_LOOP('',(#8782,#8805,#8806,#8807,#8828,#8829,#8852,#8875,
    #8898));
#8782 = ORIENTED_EDGE('',*,*,#8783,.F.);
#8783 = EDGE_CURVE('',#8612,#8784,#8786,.T.);
#8784 = VERTEX_POINT('',#8785);
#8785 = CARTESIAN_POINT('',(-63.5,-29.5,65.));
#8786 = SURFACE_CURVE('',#8787,(#8791,#8798),.PCURVE_S1.);
#8787 = LINE('',#8788,#8789);
#8788 = CARTESIAN_POINT('',(-63.5,-38.5,65.));
#8789 = VECTOR('',#8790,1.);
#8790 = DIRECTION('',(0.,1.,0.));
#8791 = PCURVE('',#578,#8792);
#8792 = DEFINITIONAL_REPRESENTATION('',(#8793),#8797);
#8793 = LINE('',#8794,#8795);
#8794 = CARTESIAN_POINT('',(62.,0.));
#8795 = VECTOR('',#8796,1.);
#8796 = DIRECTION('',(0.,-1.));
#8797 = ( GEOMETRIC_REPRESENTATION_CONTEXT(2) 
PARAMETRIC_REPRESENTATION_CONTEXT() REPRESENTATION_CONTEXT('2D SPACE',''
  ) );
#8798 = PCURVE('',#8741,#8799);
#8799 = DEFINITIONAL_REPRESENTATION('',(#8800),#8804);
#8800 = LINE('',#8801,#8802);
#8801 = CARTESIAN_POINT('',(9.,0.));
#8802 = VECTOR('',#8803,1.);
#8803 = DIRECTION('',(0.,1.));
#8804 = ( GEOMETRIC_REPRESENTATION_CONTEXT(2) 
PARAMETRIC_REPRESENTATION_CONTEXT() REPRESENTATION_CONTEXT('2D SPACE',''
  ) );
#8805 = ORIENTED_EDGE('',*,*,#8611,.F.);
#8806 = ORIENTED_EDGE('',*,*,#562,.T.);
#8807 = ORIENTED_EDGE('',*,*,#8808,.T.);
#8808 = EDGE_CURVE('',#537,#8356,#8809,.T.);
#8809 = SURFACE_CURVE('',#8810,(#8814,#8821),.PCURVE_S1.);
#8810 = LINE('',#8811,#8812);
#8811 = CARTESIAN_POINT('',(-63.5,-38.5,3.));
#8812 = VECTOR('',#8813,1.);
#8813 = DIRECTION('',(0.,1.,0.));
#8814 = PCURVE('',#578,#8815);
#8815 = DEFINITIONAL_REPRESENTATION('',(#8816),#8820);
#8816 = LINE('',#8817,#8818);
#8817 = CARTESIAN_POINT('',(0.,0.));
#8818 = VECTOR('',#8819,1.);
#8819 = DIRECTION('',(0.,-1.));
#8820 = ( GEOMETRIC_REPRESENTATION_CONTEXT(2) 
PARAMETRIC_REPRESENTATION_CONTEXT() REPRESENTATION_CONTEXT('2D SPACE',''
  ) );
#8821 = PCURVE('',#8262,#8822);
#8822 = DEFINITIONAL_REPRESENTATION('',(#8823),#8827);
#8823 = LINE('',#8824,#8825);
#8824 = CARTESIAN_POINT('',(9.,0.));
#8825 = VECTOR('',#8826,1.);
#8826 = DIRECTION('',(0.,1.));
#8827 = ( GEOMETRIC_REPRESENTATION_CONTEXT(2) 
PARAMETRIC_REPRESENTATION_CONTEXT() REPRESENTATION_CONTEXT('2D SPACE',''
  ) );
#8828 = ORIENTED_EDGE('',*,*,#8355,.T.);
#8829 = ORIENTED_EDGE('',*,*,#8830,.T.);
#8830 = EDGE_CURVE('',#8330,#8831,#8833,.T.);
#8831 = VERTEX_POINT('',#8832);
#8832 = CARTESIAN_POINT('',(-63.5,-23.,27.));
#8833 = SURFACE_CURVE('',#8834,(#8838,#8845),.PCURVE_S1.);
#8834 = LINE('',#8835,#8836);
#8835 = CARTESIAN_POINT('',(-63.5,-33.,27.));
#8836 = VECTOR('',#8837,1.);
#8837 = DIRECTION('',(0.,1.,0.));
#8838 = PCURVE('',#578,#8839);
#8839 = DEFINITIONAL_REPRESENTATION('',(#8840),#8844);
#8840 = LINE('',#8841,#8842);
#8841 = CARTESIAN_POINT('',(24.,-5.5));
#8842 = VECTOR('',#8843,1.);
#8843 = DIRECTION('',(0.,-1.));
#8844 = ( GEOMETRIC_REPRESENTATION_CONTEXT(2) 
PARAMETRIC_REPRESENTATION_CONTEXT() REPRESENTATION_CONTEXT('2D SPACE',''
  ) );
#8845 = PCURVE('',#8344,#8846);
#8846 = DEFINITIONAL_REPRESENTATION('',(#8847),#8851);
#8847 = LINE('',#8848,#8849);
#8848 = CARTESIAN_POINT('',(9.,0.));
#8849 = VECTOR('',#8850,1.);
#8850 = DIRECTION('',(0.,1.));
#8851 = ( GEOMETRIC_REPRESENTATION_CONTEXT(2) 
PARAMETRIC_REPRESENTATION_CONTEXT() REPRESENTATION_CONTEXT('2D SPACE',''
  ) );
#8852 = ORIENTED_EDGE('',*,*,#8853,.T.);
#8853 = EDGE_CURVE('',#8831,#8854,#8856,.T.);
#8854 = VERTEX_POINT('',#8855);
#8855 = CARTESIAN_POINT('',(-63.5,-23.,31.));
#8856 = SURFACE_CURVE('',#8857,(#8861,#8868),.PCURVE_S1.);
#8857 = LINE('',#8858,#8859);
#8858 = CARTESIAN_POINT('',(-63.5,-23.,27.));
#8859 = VECTOR('',#8860,1.);
#8860 = DIRECTION('',(0.,0.,1.));
#8861 = PCURVE('',#578,#8862);
#8862 = DEFINITIONAL_REPRESENTATION('',(#8863),#8867);
#8863 = LINE('',#8864,#8865);
#8864 = CARTESIAN_POINT('',(24.,-15.5));
#8865 = VECTOR('',#8866,1.);
#8866 = DIRECTION('',(1.,0.));
#8867 = ( GEOMETRIC_REPRESENTATION_CONTEXT(2) 
PARAMETRIC_REPRESENTATION_CONTEXT() REPRESENTATION_CONTEXT('2D SPACE',''
  ) );
#8868 = PCURVE('',#8493,#8869);
#8869 = DEFINITIONAL_REPRESENTATION('',(#8870),#8874);
#8870 = LINE('',#8871,#8872);
#8871 = CARTESIAN_POINT('',(0.,9.));
#8872 = VECTOR('',#8873,1.);
#8873 = DIRECTION('',(1.,0.));
#8874 = ( GEOMETRIC_REPRESENTATION_CONTEXT(2) 
PARAMETRIC_REPRESENTATION_CONTEXT() REPRESENTATION_CONTEXT('2D SPACE',''
  ) );
#8875 = ORIENTED_EDGE('',*,*,#8876,.F.);
#8876 = EDGE_CURVE('',#8877,#8854,#8879,.T.);
#8877 = VERTEX_POINT('',#8878);
#8878 = CARTESIAN_POINT('',(-63.5,-29.5,31.));
#8879 = SURFACE_CURVE('',#8880,(#8884,#8891),.PCURVE_S1.);
#8880 = LINE('',#8881,#8882);
#8881 = CARTESIAN_POINT('',(-63.5,-33.,31.));
#8882 = VECTOR('',#8883,1.);
#8883 = DIRECTION('',(0.,1.,0.));
#8884 = PCURVE('',#578,#8885);
#8885 = DEFINITIONAL_REPRESENTATION('',(#8886),#8890);
#8886 = LINE('',#8887,#8888);
#8887 = CARTESIAN_POINT('',(28.,-5.5));
#8888 = VECTOR('',#8889,1.);
#8889 = DIRECTION('',(0.,-1.));
#8890 = ( GEOMETRIC_REPRESENTATION_CONTEXT(2) 
PARAMETRIC_REPRESENTATION_CONTEXT() REPRESENTATION_CONTEXT('2D SPACE',''
  ) );
#8891 = PCURVE('',#8521,#8892);
#8892 = DEFINITIONAL_REPRESENTATION('',(#8893),#8897);
#8893 = LINE('',#8894,#8895);
#8894 = CARTESIAN_POINT('',(9.,0.));
#8895 = VECTOR('',#8896,1.);
#8896 = DIRECTION('',(0.,1.));
#8897 = ( GEOMETRIC_REPRESENTATION_CONTEXT(2) 
PARAMETRIC_REPRESENTATION_CONTEXT() REPRESENTATION_CONTEXT('2D SPACE',''
  ) );
#8898 = ORIENTED_EDGE('',*,*,#8899,.T.);
#8899 = EDGE_CURVE('',#8877,#8784,#8900,.T.);
#8900 = SURFACE_CURVE('',#8901,(#8905,#8912),.PCURVE_S1.);
#8901 = LINE('',#8902,#8903);
#8902 = CARTESIAN_POINT('',(-63.5,-29.5,3.));
#8903 = VECTOR('',#8904,1.);
#8904 = DIRECTION('',(0.,0.,1.));
#8905 = PCURVE('',#578,#8906);
#8906 = DEFINITIONAL_REPRESENTATION('',(#8907),#8911);
#8907 = LINE('',#8908,#8909);
#8908 = CARTESIAN_POINT('',(0.,-9.));
#8909 = VECTOR('',#8910,1.);
#8910 = DIRECTION('',(1.,0.));
#8911 = ( GEOMETRIC_REPRESENTATION_CONTEXT(2) 
PARAMETRIC_REPRESENTATION_CONTEXT() REPRESENTATION_CONTEXT('2D SPACE',''
  ) );
#8912 = PCURVE('',#8549,#8913);
#8913 = DEFINITIONAL_REPRESENTATION('',(#8914),#8918);
#8914 = LINE('',#8915,#8916);
#8915 = CARTESIAN_POINT('',(0.,9.));
#8916 = VECTOR('',#8917,1.);
#8917 = DIRECTION('',(1.,0.));
#8918 = ( GEOMETRIC_REPRESENTATION_CONTEXT(2) 
PARAMETRIC_REPRESENTATION_CONTEXT() REPRESENTATION_CONTEXT('2D SPACE',''
  ) );
#8919 = ADVANCED_FACE('',(#8920),#496,.F.);
#8920 = FACE_BOUND('',#8921,.F.);
#8921 = EDGE_LOOP('',(#8922,#8923,#8944,#8945));
#8922 = ORIENTED_EDGE('',*,*,#481,.F.);
#8923 = ORIENTED_EDGE('',*,*,#8924,.F.);
#8924 = EDGE_CURVE('',#3550,#482,#8925,.T.);
#8925 = SURFACE_CURVE('',#8926,(#8930,#8937),.PCURVE_S1.);
#8926 = LINE('',#8927,#8928);
#8927 = CARTESIAN_POINT('',(-47.5,-29.,-1.));
#8928 = VECTOR('',#8929,1.);
#8929 = DIRECTION('',(0.,0.,1.));
#8930 = PCURVE('',#496,#8931);
#8931 = DEFINITIONAL_REPRESENTATION('',(#8932),#8936);
#8932 = LINE('',#8933,#8934);
#8933 = CARTESIAN_POINT('',(0.,-3.));
#8934 = VECTOR('',#8935,1.);
#8935 = DIRECTION('',(1.,0.));
#8936 = ( GEOMETRIC_REPRESENTATION_CONTEXT(2) 
PARAMETRIC_REPRESENTATION_CONTEXT() REPRESENTATION_CONTEXT('2D SPACE',''
  ) );
#8937 = PCURVE('',#524,#8938);
#8938 = DEFINITIONAL_REPRESENTATION('',(#8939),#8943);
#8939 = LINE('',#8940,#8941);
#8940 = CARTESIAN_POINT('',(-0.,0.));
#8941 = VECTOR('',#8942,1.);
#8942 = DIRECTION('',(-0.,1.));
#8943 = ( GEOMETRIC_REPRESENTATION_CONTEXT(2) 
PARAMETRIC_REPRESENTATION_CONTEXT() REPRESENTATION_CONTEXT('2D SPACE',''
  ) );
#8944 = ORIENTED_EDGE('',*,*,#3549,.T.);
#8945 = ORIENTED_EDGE('',*,*,#8756,.T.);
#8946 = ADVANCED_FACE('',(#8947),#551,.T.);
#8947 = FACE_BOUND('',#8948,.T.);
#8948 = EDGE_LOOP('',(#8949,#8950,#8951,#8952));
#8949 = ORIENTED_EDGE('',*,*,#3594,.T.);
#8950 = ORIENTED_EDGE('',*,*,#8226,.T.);
#8951 = ORIENTED_EDGE('',*,*,#536,.F.);
#8952 = ORIENTED_EDGE('',*,*,#8953,.F.);
#8953 = EDGE_CURVE('',#3571,#508,#8954,.T.);
#8954 = SURFACE_CURVE('',#8955,(#8959,#8966),.PCURVE_S1.);
#8955 = LINE('',#8956,#8957);
#8956 = CARTESIAN_POINT('',(-50.5,-32.,-1.));
#8957 = VECTOR('',#8958,1.);
#8958 = DIRECTION('',(0.,0.,1.));
#8959 = PCURVE('',#551,#8960);
#8960 = DEFINITIONAL_REPRESENTATION('',(#8961),#8965);
#8961 = LINE('',#8962,#8963);
#8962 = CARTESIAN_POINT('',(0.,16.));
#8963 = VECTOR('',#8964,1.);
#8964 = DIRECTION('',(1.,0.));
#8965 = ( GEOMETRIC_REPRESENTATION_CONTEXT(2) 
PARAMETRIC_REPRESENTATION_CONTEXT() REPRESENTATION_CONTEXT('2D SPACE',''
  ) );
#8966 = PCURVE('',#524,#8967);
#8967 = DEFINITIONAL_REPRESENTATION('',(#8968),#8972);
#8968 = LINE('',#8969,#8970);
#8969 = CARTESIAN_POINT('',(-1.570796326795,0.));
#8970 = VECTOR('',#8971,1.);
#8971 = DIRECTION('',(-0.,1.));
#8972 = ( GEOMETRIC_REPRESENTATION_CONTEXT(2) 
PARAMETRIC_REPRESENTATION_CONTEXT() REPRESENTATION_CONTEXT('2D SPACE',''
  ) );
#8973 = ADVANCED_FACE('',(#8974),#524,.F.);
#8974 = FACE_BOUND('',#8975,.T.);
#8975 = EDGE_LOOP('',(#8976,#8977,#8978,#8979));
#8976 = ORIENTED_EDGE('',*,*,#8924,.F.);
#8977 = ORIENTED_EDGE('',*,*,#3570,.F.);
#8978 = ORIENTED_EDGE('',*,*,#8953,.T.);
#8979 = ORIENTED_EDGE('',*,*,#507,.T.);
#8980 = ADVANCED_FACE('',(#8981),#693,.F.);
#8981 = FACE_BOUND('',#8982,.F.);
#8982 = EDGE_LOOP('',(#8983,#9004,#9005,#9026));
#8983 = ORIENTED_EDGE('',*,*,#8984,.F.);
#8984 = EDGE_CURVE('',#3616,#675,#8985,.T.);
#8985 = SURFACE_CURVE('',#8986,(#8990,#8997),.PCURVE_S1.);
#8986 = LINE('',#8987,#8988);
#8987 = CARTESIAN_POINT('',(-36.,-38.5,-1.));
#8988 = VECTOR('',#8989,1.);
#8989 = DIRECTION('',(0.,0.,1.));
#8990 = PCURVE('',#693,#8991);
#8991 = DEFINITIONAL_REPRESENTATION('',(#8992),#8996);
#8992 = LINE('',#8993,#8994);
#8993 = CARTESIAN_POINT('',(0.,0.));
#8994 = VECTOR('',#8995,1.);
#8995 = DIRECTION('',(0.,1.));
#8996 = ( GEOMETRIC_REPRESENTATION_CONTEXT(2) 
PARAMETRIC_REPRESENTATION_CONTEXT() REPRESENTATION_CONTEXT('2D SPACE',''
  ) );
#8997 = PCURVE('',#720,#8998);
#8998 = DEFINITIONAL_REPRESENTATION('',(#8999),#9003);
#8999 = LINE('',#9000,#9001);
#9000 = CARTESIAN_POINT('',(0.,-3.));
#9001 = VECTOR('',#9002,1.);
#9002 = DIRECTION('',(1.,0.));
#9003 = ( GEOMETRIC_REPRESENTATION_CONTEXT(2) 
PARAMETRIC_REPRESENTATION_CONTEXT() REPRESENTATION_CONTEXT('2D SPACE',''
  ) );
#9004 = ORIENTED_EDGE('',*,*,#3615,.T.);
#9005 = ORIENTED_EDGE('',*,*,#9006,.T.);
#9006 = EDGE_CURVE('',#3618,#677,#9007,.T.);
#9007 = SURFACE_CURVE('',#9008,(#9012,#9019),.PCURVE_S1.);
#9008 = LINE('',#9009,#9010);
#9009 = CARTESIAN_POINT('',(-33.,-41.5,-1.));
#9010 = VECTOR('',#9011,1.);
#9011 = DIRECTION('',(0.,0.,1.));
#9012 = PCURVE('',#693,#9013);
#9013 = DEFINITIONAL_REPRESENTATION('',(#9014),#9018);
#9014 = LINE('',#9015,#9016);
#9015 = CARTESIAN_POINT('',(1.570796326795,0.));
#9016 = VECTOR('',#9017,1.);
#9017 = DIRECTION('',(0.,1.));
#9018 = ( GEOMETRIC_REPRESENTATION_CONTEXT(2) 
PARAMETRIC_REPRESENTATION_CONTEXT() REPRESENTATION_CONTEXT('2D SPACE',''
  ) );
#9019 = PCURVE('',#883,#9020);
#9020 = DEFINITIONAL_REPRESENTATION('',(#9021),#9025);
#9021 = LINE('',#9022,#9023);
#9022 = CARTESIAN_POINT('',(0.,3.));
#9023 = VECTOR('',#9024,1.);
#9024 = DIRECTION('',(1.,0.));
#9025 = ( GEOMETRIC_REPRESENTATION_CONTEXT(2) 
PARAMETRIC_REPRESENTATION_CONTEXT() REPRESENTATION_CONTEXT('2D SPACE',''
  ) );
#9026 = ORIENTED_EDGE('',*,*,#674,.F.);
#9027 = ADVANCED_FACE('',(#9028),#720,.T.);
#9028 = FACE_BOUND('',#9029,.T.);
#9029 = EDGE_LOOP('',(#9030,#9031,#9032,#9033));
#9030 = ORIENTED_EDGE('',*,*,#705,.F.);
#9031 = ORIENTED_EDGE('',*,*,#8984,.F.);
#9032 = ORIENTED_EDGE('',*,*,#3641,.T.);
#9033 = ORIENTED_EDGE('',*,*,#9034,.T.);
#9034 = EDGE_CURVE('',#3642,#706,#9035,.T.);
#9035 = SURFACE_CURVE('',#9036,(#9040,#9047),.PCURVE_S1.);
#9036 = LINE('',#9037,#9038);
#9037 = CARTESIAN_POINT('',(-36.,-31.5,-1.));
#9038 = VECTOR('',#9039,1.);
#9039 = DIRECTION('',(0.,0.,1.));
#9040 = PCURVE('',#720,#9041);
#9041 = DEFINITIONAL_REPRESENTATION('',(#9042),#9046);
#9042 = LINE('',#9043,#9044);
#9043 = CARTESIAN_POINT('',(0.,-10.));
#9044 = VECTOR('',#9045,1.);
#9045 = DIRECTION('',(1.,0.));
#9046 = ( GEOMETRIC_REPRESENTATION_CONTEXT(2) 
PARAMETRIC_REPRESENTATION_CONTEXT() REPRESENTATION_CONTEXT('2D SPACE',''
  ) );
#9047 = PCURVE('',#748,#9048);
#9048 = DEFINITIONAL_REPRESENTATION('',(#9049),#9053);
#9049 = LINE('',#9050,#9051);
#9050 = CARTESIAN_POINT('',(-0.,0.));
#9051 = VECTOR('',#9052,1.);
#9052 = DIRECTION('',(-0.,1.));
#9053 = ( GEOMETRIC_REPRESENTATION_CONTEXT(2) 
PARAMETRIC_REPRESENTATION_CONTEXT() REPRESENTATION_CONTEXT('2D SPACE',''
  ) );
#9054 = ADVANCED_FACE('',(#9055),#883,.T.);
#9055 = FACE_BOUND('',#9056,.T.);
#9056 = EDGE_LOOP('',(#9057,#9058,#9059,#9060));
#9057 = ORIENTED_EDGE('',*,*,#3776,.T.);
#9058 = ORIENTED_EDGE('',*,*,#9006,.T.);
#9059 = ORIENTED_EDGE('',*,*,#870,.F.);
#9060 = ORIENTED_EDGE('',*,*,#9061,.F.);
#9061 = EDGE_CURVE('',#3753,#842,#9062,.T.);
#9062 = SURFACE_CURVE('',#9063,(#9067,#9074),.PCURVE_S1.);
#9063 = LINE('',#9064,#9065);
#9064 = CARTESIAN_POINT('',(-11.,-41.5,-1.));
#9065 = VECTOR('',#9066,1.);
#9066 = DIRECTION('',(0.,0.,1.));
#9067 = PCURVE('',#883,#9068);
#9068 = DEFINITIONAL_REPRESENTATION('',(#9069),#9073);
#9069 = LINE('',#9070,#9071);
#9070 = CARTESIAN_POINT('',(0.,25.));
#9071 = VECTOR('',#9072,1.);
#9072 = DIRECTION('',(1.,0.));
#9073 = ( GEOMETRIC_REPRESENTATION_CONTEXT(2) 
PARAMETRIC_REPRESENTATION_CONTEXT() REPRESENTATION_CONTEXT('2D SPACE',''
  ) );
#9074 = PCURVE('',#858,#9075);
#9075 = DEFINITIONAL_REPRESENTATION('',(#9076),#9080);
#9076 = LINE('',#9077,#9078);
#9077 = CARTESIAN_POINT('',(-1.570796326795,0.));
#9078 = VECTOR('',#9079,1.);
#9079 = DIRECTION('',(-0.,1.));
#9080 = ( GEOMETRIC_REPRESENTATION_CONTEXT(2) 
PARAMETRIC_REPRESENTATION_CONTEXT() REPRESENTATION_CONTEXT('2D SPACE',''
  ) );
#9081 = ADVANCED_FACE('',(#9082),#748,.F.);
#9082 = FACE_BOUND('',#9083,.T.);
#9083 = EDGE_LOOP('',(#9084,#9085,#9086,#9107));
#9084 = ORIENTED_EDGE('',*,*,#9034,.F.);
#9085 = ORIENTED_EDGE('',*,*,#3662,.F.);
#9086 = ORIENTED_EDGE('',*,*,#9087,.T.);
#9087 = EDGE_CURVE('',#3663,#732,#9088,.T.);
#9088 = SURFACE_CURVE('',#9089,(#9093,#9100),.PCURVE_S1.);
#9089 = LINE('',#9090,#9091);
#9090 = CARTESIAN_POINT('',(-33.,-28.5,-1.));
#9091 = VECTOR('',#9092,1.);
#9092 = DIRECTION('',(0.,0.,1.));
#9093 = PCURVE('',#748,#9094);
#9094 = DEFINITIONAL_REPRESENTATION('',(#9095),#9099);
#9095 = LINE('',#9096,#9097);
#9096 = CARTESIAN_POINT('',(-1.570796326795,0.));
#9097 = VECTOR('',#9098,1.);
#9098 = DIRECTION('',(-0.,1.));
#9099 = ( GEOMETRIC_REPRESENTATION_CONTEXT(2) 
PARAMETRIC_REPRESENTATION_CONTEXT() REPRESENTATION_CONTEXT('2D SPACE',''
  ) );
#9100 = PCURVE('',#775,#9101);
#9101 = DEFINITIONAL_REPRESENTATION('',(#9102),#9106);
#9102 = LINE('',#9103,#9104);
#9103 = CARTESIAN_POINT('',(0.,3.));
#9104 = VECTOR('',#9105,1.);
#9105 = DIRECTION('',(1.,0.));
#9106 = ( GEOMETRIC_REPRESENTATION_CONTEXT(2) 
PARAMETRIC_REPRESENTATION_CONTEXT() REPRESENTATION_CONTEXT('2D SPACE',''
  ) );
#9107 = ORIENTED_EDGE('',*,*,#731,.T.);
#9108 = ADVANCED_FACE('',(#9109),#858,.F.);
#9109 = FACE_BOUND('',#9110,.T.);
#9110 = EDGE_LOOP('',(#9111,#9132,#9133,#9134));
#9111 = ORIENTED_EDGE('',*,*,#9112,.F.);
#9112 = EDGE_CURVE('',#3732,#816,#9113,.T.);
#9113 = SURFACE_CURVE('',#9114,(#9118,#9125),.PCURVE_S1.);
#9114 = LINE('',#9115,#9116);
#9115 = CARTESIAN_POINT('',(-8.,-38.5,-1.));
#9116 = VECTOR('',#9117,1.);
#9117 = DIRECTION('',(0.,0.,1.));
#9118 = PCURVE('',#858,#9119);
#9119 = DEFINITIONAL_REPRESENTATION('',(#9120),#9124);
#9120 = LINE('',#9121,#9122);
#9121 = CARTESIAN_POINT('',(-0.,0.));
#9122 = VECTOR('',#9123,1.);
#9123 = DIRECTION('',(-0.,1.));
#9124 = ( GEOMETRIC_REPRESENTATION_CONTEXT(2) 
PARAMETRIC_REPRESENTATION_CONTEXT() REPRESENTATION_CONTEXT('2D SPACE',''
  ) );
#9125 = PCURVE('',#830,#9126);
#9126 = DEFINITIONAL_REPRESENTATION('',(#9127),#9131);
#9127 = LINE('',#9128,#9129);
#9128 = CARTESIAN_POINT('',(0.,-3.));
#9129 = VECTOR('',#9130,1.);
#9130 = DIRECTION('',(1.,0.));
#9131 = ( GEOMETRIC_REPRESENTATION_CONTEXT(2) 
PARAMETRIC_REPRESENTATION_CONTEXT() REPRESENTATION_CONTEXT('2D SPACE',''
  ) );
#9132 = ORIENTED_EDGE('',*,*,#3752,.F.);
#9133 = ORIENTED_EDGE('',*,*,#9061,.T.);
#9134 = ORIENTED_EDGE('',*,*,#841,.T.);
#9135 = ADVANCED_FACE('',(#9136),#775,.F.);
#9136 = FACE_BOUND('',#9137,.F.);
#9137 = EDGE_LOOP('',(#9138,#9139,#9140,#9141));
#9138 = ORIENTED_EDGE('',*,*,#3686,.T.);
#9139 = ORIENTED_EDGE('',*,*,#9087,.T.);
#9140 = ORIENTED_EDGE('',*,*,#760,.F.);
#9141 = ORIENTED_EDGE('',*,*,#9142,.F.);
#9142 = EDGE_CURVE('',#3687,#761,#9143,.T.);
#9143 = SURFACE_CURVE('',#9144,(#9148,#9155),.PCURVE_S1.);
#9144 = LINE('',#9145,#9146);
#9145 = CARTESIAN_POINT('',(-11.,-28.5,-1.));
#9146 = VECTOR('',#9147,1.);
#9147 = DIRECTION('',(0.,0.,1.));
#9148 = PCURVE('',#775,#9149);
#9149 = DEFINITIONAL_REPRESENTATION('',(#9150),#9154);
#9150 = LINE('',#9151,#9152);
#9151 = CARTESIAN_POINT('',(0.,25.));
#9152 = VECTOR('',#9153,1.);
#9153 = DIRECTION('',(1.,0.));
#9154 = ( GEOMETRIC_REPRESENTATION_CONTEXT(2) 
PARAMETRIC_REPRESENTATION_CONTEXT() REPRESENTATION_CONTEXT('2D SPACE',''
  ) );
#9155 = PCURVE('',#803,#9156);
#9156 = DEFINITIONAL_REPRESENTATION('',(#9157),#9161);
#9157 = LINE('',#9158,#9159);
#9158 = CARTESIAN_POINT('',(1.570796326795,0.));
#9159 = VECTOR('',#9160,1.);
#9160 = DIRECTION('',(0.,1.));
#9161 = ( GEOMETRIC_REPRESENTATION_CONTEXT(2) 
PARAMETRIC_REPRESENTATION_CONTEXT() REPRESENTATION_CONTEXT('2D SPACE',''
  ) );
#9162 = ADVANCED_FACE('',(#9163),#830,.F.);
#9163 = FACE_BOUND('',#9164,.F.);
#9164 = EDGE_LOOP('',(#9165,#9166,#9167,#9168));
#9165 = ORIENTED_EDGE('',*,*,#815,.F.);
#9166 = ORIENTED_EDGE('',*,*,#9112,.F.);
#9167 = ORIENTED_EDGE('',*,*,#3731,.T.);
#9168 = ORIENTED_EDGE('',*,*,#9169,.T.);
#9169 = EDGE_CURVE('',#3708,#787,#9170,.T.);
#9170 = SURFACE_CURVE('',#9171,(#9175,#9182),.PCURVE_S1.);
#9171 = LINE('',#9172,#9173);
#9172 = CARTESIAN_POINT('',(-8.,-31.5,-1.));
#9173 = VECTOR('',#9174,1.);
#9174 = DIRECTION('',(0.,0.,1.));
#9175 = PCURVE('',#830,#9176);
#9176 = DEFINITIONAL_REPRESENTATION('',(#9177),#9181);
#9177 = LINE('',#9178,#9179);
#9178 = CARTESIAN_POINT('',(0.,-10.));
#9179 = VECTOR('',#9180,1.);
#9180 = DIRECTION('',(1.,0.));
#9181 = ( GEOMETRIC_REPRESENTATION_CONTEXT(2) 
PARAMETRIC_REPRESENTATION_CONTEXT() REPRESENTATION_CONTEXT('2D SPACE',''
  ) );
#9182 = PCURVE('',#803,#9183);
#9183 = DEFINITIONAL_REPRESENTATION('',(#9184),#9188);
#9184 = LINE('',#9185,#9186);
#9185 = CARTESIAN_POINT('',(0.,0.));
#9186 = VECTOR('',#9187,1.);
#9187 = DIRECTION('',(0.,1.));
#9188 = ( GEOMETRIC_REPRESENTATION_CONTEXT(2) 
PARAMETRIC_REPRESENTATION_CONTEXT() REPRESENTATION_CONTEXT('2D SPACE',''
  ) );
#9189 = ADVANCED_FACE('',(#9190),#803,.F.);
#9190 = FACE_BOUND('',#9191,.F.);
#9191 = EDGE_LOOP('',(#9192,#9193,#9194,#9195));
#9192 = ORIENTED_EDGE('',*,*,#9169,.F.);
#9193 = ORIENTED_EDGE('',*,*,#3707,.T.);
#9194 = ORIENTED_EDGE('',*,*,#9142,.T.);
#9195 = ORIENTED_EDGE('',*,*,#786,.F.);
#9196 = ADVANCED_FACE('',(#9197),#913,.F.);
#9197 = FACE_BOUND('',#9198,.F.);
#9198 = EDGE_LOOP('',(#9199,#9200,#9221,#9222));
#9199 = ORIENTED_EDGE('',*,*,#896,.F.);
#9200 = ORIENTED_EDGE('',*,*,#9201,.F.);
#9201 = EDGE_CURVE('',#3798,#897,#9202,.T.);
#9202 = SEAM_CURVE('',#9203,(#9207,#9214),.PCURVE_S1.);
#9203 = LINE('',#9204,#9205);
#9204 = CARTESIAN_POINT('',(-40.35,-18.,-1.));
#9205 = VECTOR('',#9206,1.);
#9206 = DIRECTION('',(0.,0.,1.));
#9207 = PCURVE('',#913,#9208);
#9208 = DEFINITIONAL_REPRESENTATION('',(#9209),#9213);
#9209 = LINE('',#9210,#9211);
#9210 = CARTESIAN_POINT('',(6.28318530718,-0.));
#9211 = VECTOR('',#9212,1.);
#9212 = DIRECTION('',(0.,1.));
#9213 = ( GEOMETRIC_REPRESENTATION_CONTEXT(2) 
PARAMETRIC_REPRESENTATION_CONTEXT() REPRESENTATION_CONTEXT('2D SPACE',''
  ) );
#9214 = PCURVE('',#913,#9215);
#9215 = DEFINITIONAL_REPRESENTATION('',(#9216),#9220);
#9216 = LINE('',#9217,#9218);
#9217 = CARTESIAN_POINT('',(0.,-0.));
#9218 = VECTOR('',#9219,1.);
#9219 = DIRECTION('',(0.,1.));
#9220 = ( GEOMETRIC_REPRESENTATION_CONTEXT(2) 
PARAMETRIC_REPRESENTATION_CONTEXT() REPRESENTATION_CONTEXT('2D SPACE',''
  ) );
#9221 = ORIENTED_EDGE('',*,*,#3797,.T.);
#9222 = ORIENTED_EDGE('',*,*,#9201,.T.);
#9223 = ADVANCED_FACE('',(#9224),#946,.F.);
#9224 = FACE_BOUND('',#9225,.F.);
#9225 = EDGE_LOOP('',(#9226,#9247,#9248,#9269));
#9226 = ORIENTED_EDGE('',*,*,#9227,.F.);
#9227 = EDGE_CURVE('',#3824,#928,#9228,.T.);
#9228 = SURFACE_CURVE('',#9229,(#9233,#9240),.PCURVE_S1.);
#9229 = LINE('',#9230,#9231);
#9230 = CARTESIAN_POINT('',(8.,-38.5,-1.));
#9231 = VECTOR('',#9232,1.);
#9232 = DIRECTION('',(0.,0.,1.));
#9233 = PCURVE('',#946,#9234);
#9234 = DEFINITIONAL_REPRESENTATION('',(#9235),#9239);
#9235 = LINE('',#9236,#9237);
#9236 = CARTESIAN_POINT('',(0.,0.));
#9237 = VECTOR('',#9238,1.);
#9238 = DIRECTION('',(0.,1.));
#9239 = ( GEOMETRIC_REPRESENTATION_CONTEXT(2) 
PARAMETRIC_REPRESENTATION_CONTEXT() REPRESENTATION_CONTEXT('2D SPACE',''
  ) );
#9240 = PCURVE('',#973,#9241);
#9241 = DEFINITIONAL_REPRESENTATION('',(#9242),#9246);
#9242 = LINE('',#9243,#9244);
#9243 = CARTESIAN_POINT('',(0.,-3.));
#9244 = VECTOR('',#9245,1.);
#9245 = DIRECTION('',(1.,0.));
#9246 = ( GEOMETRIC_REPRESENTATION_CONTEXT(2) 
PARAMETRIC_REPRESENTATION_CONTEXT() REPRESENTATION_CONTEXT('2D SPACE',''
  ) );
#9247 = ORIENTED_EDGE('',*,*,#3823,.T.);
#9248 = ORIENTED_EDGE('',*,*,#9249,.T.);
#9249 = EDGE_CURVE('',#3826,#930,#9250,.T.);
#9250 = SURFACE_CURVE('',#9251,(#9255,#9262),.PCURVE_S1.);
#9251 = LINE('',#9252,#9253);
#9252 = CARTESIAN_POINT('',(11.,-41.5,-1.));
#9253 = VECTOR('',#9254,1.);
#9254 = DIRECTION('',(0.,0.,1.));
#9255 = PCURVE('',#946,#9256);
#9256 = DEFINITIONAL_REPRESENTATION('',(#9257),#9261);
#9257 = LINE('',#9258,#9259);
#9258 = CARTESIAN_POINT('',(1.570796326795,0.));
#9259 = VECTOR('',#9260,1.);
#9260 = DIRECTION('',(0.,1.));
#9261 = ( GEOMETRIC_REPRESENTATION_CONTEXT(2) 
PARAMETRIC_REPRESENTATION_CONTEXT() REPRESENTATION_CONTEXT('2D SPACE',''
  ) );
#9262 = PCURVE('',#1136,#9263);
#9263 = DEFINITIONAL_REPRESENTATION('',(#9264),#9268);
#9264 = LINE('',#9265,#9266);
#9265 = CARTESIAN_POINT('',(0.,3.));
#9266 = VECTOR('',#9267,1.);
#9267 = DIRECTION('',(1.,0.));
#9268 = ( GEOMETRIC_REPRESENTATION_CONTEXT(2) 
PARAMETRIC_REPRESENTATION_CONTEXT() REPRESENTATION_CONTEXT('2D SPACE',''
  ) );
#9269 = ORIENTED_EDGE('',*,*,#927,.F.);
#9270 = ADVANCED_FACE('',(#9271),#973,.T.);
#9271 = FACE_BOUND('',#9272,.T.);
#9272 = EDGE_LOOP('',(#9273,#9274,#9275,#9276));
#9273 = ORIENTED_EDGE('',*,*,#958,.F.);
#9274 = ORIENTED_EDGE('',*,*,#9227,.F.);
#9275 = ORIENTED_EDGE('',*,*,#3849,.T.);
#9276 = ORIENTED_EDGE('',*,*,#9277,.T.);
#9277 = EDGE_CURVE('',#3850,#959,#9278,.T.);
#9278 = SURFACE_CURVE('',#9279,(#9283,#9290),.PCURVE_S1.);
#9279 = LINE('',#9280,#9281);
#9280 = CARTESIAN_POINT('',(8.,-31.5,-1.));
#9281 = VECTOR('',#9282,1.);
#9282 = DIRECTION('',(0.,0.,1.));
#9283 = PCURVE('',#973,#9284);
#9284 = DEFINITIONAL_REPRESENTATION('',(#9285),#9289);
#9285 = LINE('',#9286,#9287);
#9286 = CARTESIAN_POINT('',(0.,-10.));
#9287 = VECTOR('',#9288,1.);
#9288 = DIRECTION('',(1.,0.));
#9289 = ( GEOMETRIC_REPRESENTATION_CONTEXT(2) 
PARAMETRIC_REPRESENTATION_CONTEXT() REPRESENTATION_CONTEXT('2D SPACE',''
  ) );
#9290 = PCURVE('',#1001,#9291);
#9291 = DEFINITIONAL_REPRESENTATION('',(#9292),#9296);
#9292 = LINE('',#9293,#9294);
#9293 = CARTESIAN_POINT('',(-0.,0.));
#9294 = VECTOR('',#9295,1.);
#9295 = DIRECTION('',(-0.,1.));
#9296 = ( GEOMETRIC_REPRESENTATION_CONTEXT(2) 
PARAMETRIC_REPRESENTATION_CONTEXT() REPRESENTATION_CONTEXT('2D SPACE',''
  ) );
#9297 = ADVANCED_FACE('',(#9298),#1136,.T.);
#9298 = FACE_BOUND('',#9299,.T.);
#9299 = EDGE_LOOP('',(#9300,#9301,#9302,#9303));
#9300 = ORIENTED_EDGE('',*,*,#3984,.T.);
#9301 = ORIENTED_EDGE('',*,*,#9249,.T.);
#9302 = ORIENTED_EDGE('',*,*,#1123,.F.);
#9303 = ORIENTED_EDGE('',*,*,#9304,.F.);
#9304 = EDGE_CURVE('',#3961,#1095,#9305,.T.);
#9305 = SURFACE_CURVE('',#9306,(#9310,#9317),.PCURVE_S1.);
#9306 = LINE('',#9307,#9308);
#9307 = CARTESIAN_POINT('',(33.,-41.5,-1.));
#9308 = VECTOR('',#9309,1.);
#9309 = DIRECTION('',(0.,0.,1.));
#9310 = PCURVE('',#1136,#9311);
#9311 = DEFINITIONAL_REPRESENTATION('',(#9312),#9316);
#9312 = LINE('',#9313,#9314);
#9313 = CARTESIAN_POINT('',(0.,25.));
#9314 = VECTOR('',#9315,1.);
#9315 = DIRECTION('',(1.,0.));
#9316 = ( GEOMETRIC_REPRESENTATION_CONTEXT(2) 
PARAMETRIC_REPRESENTATION_CONTEXT() REPRESENTATION_CONTEXT('2D SPACE',''
  ) );
#9317 = PCURVE('',#1111,#9318);
#9318 = DEFINITIONAL_REPRESENTATION('',(#9319),#9323);
#9319 = LINE('',#9320,#9321);
#9320 = CARTESIAN_POINT('',(-1.570796326795,0.));
#9321 = VECTOR('',#9322,1.);
#9322 = DIRECTION('',(-0.,1.));
#9323 = ( GEOMETRIC_REPRESENTATION_CONTEXT(2) 
PARAMETRIC_REPRESENTATION_CONTEXT() REPRESENTATION_CONTEXT('2D SPACE',''
  ) );
#9324 = ADVANCED_FACE('',(#9325),#1001,.F.);
#9325 = FACE_BOUND('',#9326,.T.);
#9326 = EDGE_LOOP('',(#9327,#9328,#9329,#9350));
#9327 = ORIENTED_EDGE('',*,*,#9277,.F.);
#9328 = ORIENTED_EDGE('',*,*,#3870,.F.);
#9329 = ORIENTED_EDGE('',*,*,#9330,.T.);
#9330 = EDGE_CURVE('',#3871,#985,#9331,.T.);
#9331 = SURFACE_CURVE('',#9332,(#9336,#9343),.PCURVE_S1.);
#9332 = LINE('',#9333,#9334);
#9333 = CARTESIAN_POINT('',(11.,-28.5,-1.));
#9334 = VECTOR('',#9335,1.);
#9335 = DIRECTION('',(0.,0.,1.));
#9336 = PCURVE('',#1001,#9337);
#9337 = DEFINITIONAL_REPRESENTATION('',(#9338),#9342);
#9338 = LINE('',#9339,#9340);
#9339 = CARTESIAN_POINT('',(-1.570796326795,0.));
#9340 = VECTOR('',#9341,1.);
#9341 = DIRECTION('',(-0.,1.));
#9342 = ( GEOMETRIC_REPRESENTATION_CONTEXT(2) 
PARAMETRIC_REPRESENTATION_CONTEXT() REPRESENTATION_CONTEXT('2D SPACE',''
  ) );
#9343 = PCURVE('',#1028,#9344);
#9344 = DEFINITIONAL_REPRESENTATION('',(#9345),#9349);
#9345 = LINE('',#9346,#9347);
#9346 = CARTESIAN_POINT('',(0.,3.));
#9347 = VECTOR('',#9348,1.);
#9348 = DIRECTION('',(1.,0.));
#9349 = ( GEOMETRIC_REPRESENTATION_CONTEXT(2) 
PARAMETRIC_REPRESENTATION_CONTEXT() REPRESENTATION_CONTEXT('2D SPACE',''
  ) );
#9350 = ORIENTED_EDGE('',*,*,#984,.T.);
#9351 = ADVANCED_FACE('',(#9352),#1111,.F.);
#9352 = FACE_BOUND('',#9353,.T.);
#9353 = EDGE_LOOP('',(#9354,#9375,#9376,#9377));
#9354 = ORIENTED_EDGE('',*,*,#9355,.F.);
#9355 = EDGE_CURVE('',#3940,#1069,#9356,.T.);
#9356 = SURFACE_CURVE('',#9357,(#9361,#9368),.PCURVE_S1.);
#9357 = LINE('',#9358,#9359);
#9358 = CARTESIAN_POINT('',(36.,-38.5,-1.));
#9359 = VECTOR('',#9360,1.);
#9360 = DIRECTION('',(0.,0.,1.));
#9361 = PCURVE('',#1111,#9362);
#9362 = DEFINITIONAL_REPRESENTATION('',(#9363),#9367);
#9363 = LINE('',#9364,#9365);
#9364 = CARTESIAN_POINT('',(-0.,0.));
#9365 = VECTOR('',#9366,1.);
#9366 = DIRECTION('',(-0.,1.));
#9367 = ( GEOMETRIC_REPRESENTATION_CONTEXT(2) 
PARAMETRIC_REPRESENTATION_CONTEXT() REPRESENTATION_CONTEXT('2D SPACE',''
  ) );
#9368 = PCURVE('',#1083,#9369);
#9369 = DEFINITIONAL_REPRESENTATION('',(#9370),#9374);
#9370 = LINE('',#9371,#9372);
#9371 = CARTESIAN_POINT('',(0.,-3.));
#9372 = VECTOR('',#9373,1.);
#9373 = DIRECTION('',(1.,0.));
#9374 = ( GEOMETRIC_REPRESENTATION_CONTEXT(2) 
PARAMETRIC_REPRESENTATION_CONTEXT() REPRESENTATION_CONTEXT('2D SPACE',''
  ) );
#9375 = ORIENTED_EDGE('',*,*,#3960,.F.);
#9376 = ORIENTED_EDGE('',*,*,#9304,.T.);
#9377 = ORIENTED_EDGE('',*,*,#1094,.T.);
#9378 = ADVANCED_FACE('',(#9379),#1028,.F.);
#9379 = FACE_BOUND('',#9380,.F.);
#9380 = EDGE_LOOP('',(#9381,#9382,#9383,#9384));
#9381 = ORIENTED_EDGE('',*,*,#3894,.T.);
#9382 = ORIENTED_EDGE('',*,*,#9330,.T.);
#9383 = ORIENTED_EDGE('',*,*,#1013,.F.);
#9384 = ORIENTED_EDGE('',*,*,#9385,.F.);
#9385 = EDGE_CURVE('',#3895,#1014,#9386,.T.);
#9386 = SURFACE_CURVE('',#9387,(#9391,#9398),.PCURVE_S1.);
#9387 = LINE('',#9388,#9389);
#9388 = CARTESIAN_POINT('',(33.,-28.5,-1.));
#9389 = VECTOR('',#9390,1.);
#9390 = DIRECTION('',(0.,0.,1.));
#9391 = PCURVE('',#1028,#9392);
#9392 = DEFINITIONAL_REPRESENTATION('',(#9393),#9397);
#9393 = LINE('',#9394,#9395);
#9394 = CARTESIAN_POINT('',(0.,25.));
#9395 = VECTOR('',#9396,1.);
#9396 = DIRECTION('',(1.,0.));
#9397 = ( GEOMETRIC_REPRESENTATION_CONTEXT(2) 
PARAMETRIC_REPRESENTATION_CONTEXT() REPRESENTATION_CONTEXT('2D SPACE',''
  ) );
#9398 = PCURVE('',#1056,#9399);
#9399 = DEFINITIONAL_REPRESENTATION('',(#9400),#9404);
#9400 = LINE('',#9401,#9402);
#9401 = CARTESIAN_POINT('',(1.570796326795,0.));
#9402 = VECTOR('',#9403,1.);
#9403 = DIRECTION('',(0.,1.));
#9404 = ( GEOMETRIC_REPRESENTATION_CONTEXT(2) 
PARAMETRIC_REPRESENTATION_CONTEXT() REPRESENTATION_CONTEXT('2D SPACE',''
  ) );
#9405 = ADVANCED_FACE('',(#9406),#1083,.F.);
#9406 = FACE_BOUND('',#9407,.F.);
#9407 = EDGE_LOOP('',(#9408,#9409,#9410,#9411));
#9408 = ORIENTED_EDGE('',*,*,#1068,.F.);
#9409 = ORIENTED_EDGE('',*,*,#9355,.F.);
#9410 = ORIENTED_EDGE('',*,*,#3939,.T.);
#9411 = ORIENTED_EDGE('',*,*,#9412,.T.);
#9412 = EDGE_CURVE('',#3916,#1040,#9413,.T.);
#9413 = SURFACE_CURVE('',#9414,(#9418,#9425),.PCURVE_S1.);
#9414 = LINE('',#9415,#9416);
#9415 = CARTESIAN_POINT('',(36.,-31.5,-1.));
#9416 = VECTOR('',#9417,1.);
#9417 = DIRECTION('',(0.,0.,1.));
#9418 = PCURVE('',#1083,#9419);
#9419 = DEFINITIONAL_REPRESENTATION('',(#9420),#9424);
#9420 = LINE('',#9421,#9422);
#9421 = CARTESIAN_POINT('',(0.,-10.));
#9422 = VECTOR('',#9423,1.);
#9423 = DIRECTION('',(1.,0.));
#9424 = ( GEOMETRIC_REPRESENTATION_CONTEXT(2) 
PARAMETRIC_REPRESENTATION_CONTEXT() REPRESENTATION_CONTEXT('2D SPACE',''
  ) );
#9425 = PCURVE('',#1056,#9426);
#9426 = DEFINITIONAL_REPRESENTATION('',(#9427),#9431);
#9427 = LINE('',#9428,#9429);
#9428 = CARTESIAN_POINT('',(0.,0.));
#9429 = VECTOR('',#9430,1.);
#9430 = DIRECTION('',(0.,1.));
#9431 = ( GEOMETRIC_REPRESENTATION_CONTEXT(2) 
PARAMETRIC_REPRESENTATION_CONTEXT() REPRESENTATION_CONTEXT('2D SPACE',''
  ) );
#9432 = ADVANCED_FACE('',(#9433),#1056,.F.);
#9433 = FACE_BOUND('',#9434,.F.);
#9434 = EDGE_LOOP('',(#9435,#9436,#9437,#9438));
#9435 = ORIENTED_EDGE('',*,*,#9412,.F.);
#9436 = ORIENTED_EDGE('',*,*,#3915,.T.);
#9437 = ORIENTED_EDGE('',*,*,#9385,.T.);
#9438 = ORIENTED_EDGE('',*,*,#1039,.F.);
#9439 = ADVANCED_FACE('',(#9440),#1168,.F.);
#9440 = FACE_BOUND('',#9441,.F.);
#9441 = EDGE_LOOP('',(#9442,#9463,#9464,#9485));
#9442 = ORIENTED_EDGE('',*,*,#9443,.F.);
#9443 = EDGE_CURVE('',#4006,#1150,#9444,.T.);
#9444 = SURFACE_CURVE('',#9445,(#9449,#9456),.PCURVE_S1.);
#9445 = LINE('',#9446,#9447);
#9446 = CARTESIAN_POINT('',(47.5,-29.,-1.));
#9447 = VECTOR('',#9448,1.);
#9448 = DIRECTION('',(0.,0.,1.));
#9449 = PCURVE('',#1168,#9450);
#9450 = DEFINITIONAL_REPRESENTATION('',(#9451),#9455);
#9451 = LINE('',#9452,#9453);
#9452 = CARTESIAN_POINT('',(0.,0.));
#9453 = VECTOR('',#9454,1.);
#9454 = DIRECTION('',(0.,1.));
#9455 = ( GEOMETRIC_REPRESENTATION_CONTEXT(2) 
PARAMETRIC_REPRESENTATION_CONTEXT() REPRESENTATION_CONTEXT('2D SPACE',''
  ) );
#9456 = PCURVE('',#1195,#9457);
#9457 = DEFINITIONAL_REPRESENTATION('',(#9458),#9462);
#9458 = LINE('',#9459,#9460);
#9459 = CARTESIAN_POINT('',(0.,-3.));
#9460 = VECTOR('',#9461,1.);
#9461 = DIRECTION('',(1.,0.));
#9462 = ( GEOMETRIC_REPRESENTATION_CONTEXT(2) 
PARAMETRIC_REPRESENTATION_CONTEXT() REPRESENTATION_CONTEXT('2D SPACE',''
  ) );
#9463 = ORIENTED_EDGE('',*,*,#4005,.T.);
#9464 = ORIENTED_EDGE('',*,*,#9465,.T.);
#9465 = EDGE_CURVE('',#4008,#1152,#9466,.T.);
#9466 = SURFACE_CURVE('',#9467,(#9471,#9478),.PCURVE_S1.);
#9467 = LINE('',#9468,#9469);
#9468 = CARTESIAN_POINT('',(50.5,-32.,-1.));
#9469 = VECTOR('',#9470,1.);
#9470 = DIRECTION('',(0.,0.,1.));
#9471 = PCURVE('',#1168,#9472);
#9472 = DEFINITIONAL_REPRESENTATION('',(#9473),#9477);
#9473 = LINE('',#9474,#9475);
#9474 = CARTESIAN_POINT('',(1.570796326795,0.));
#9475 = VECTOR('',#9476,1.);
#9476 = DIRECTION('',(0.,1.));
#9477 = ( GEOMETRIC_REPRESENTATION_CONTEXT(2) 
PARAMETRIC_REPRESENTATION_CONTEXT() REPRESENTATION_CONTEXT('2D SPACE',''
  ) );
#9478 = PCURVE('',#1470,#9479);
#9479 = DEFINITIONAL_REPRESENTATION('',(#9480),#9484);
#9480 = LINE('',#9481,#9482);
#9481 = CARTESIAN_POINT('',(0.,3.));
#9482 = VECTOR('',#9483,1.);
#9483 = DIRECTION('',(1.,0.));
#9484 = ( GEOMETRIC_REPRESENTATION_CONTEXT(2) 
PARAMETRIC_REPRESENTATION_CONTEXT() REPRESENTATION_CONTEXT('2D SPACE',''
  ) );
#9485 = ORIENTED_EDGE('',*,*,#1149,.F.);
#9486 = ADVANCED_FACE('',(#9487),#1195,.T.);
#9487 = FACE_BOUND('',#9488,.T.);
#9488 = EDGE_LOOP('',(#9489,#9490,#9491,#9492));
#9489 = ORIENTED_EDGE('',*,*,#1180,.F.);
#9490 = ORIENTED_EDGE('',*,*,#9443,.F.);
#9491 = ORIENTED_EDGE('',*,*,#4031,.T.);
#9492 = ORIENTED_EDGE('',*,*,#9493,.T.);
#9493 = EDGE_CURVE('',#4032,#1181,#9494,.T.);
#9494 = SURFACE_CURVE('',#9495,(#9499,#9506),.PCURVE_S1.);
#9495 = LINE('',#9496,#9497);
#9496 = CARTESIAN_POINT('',(47.5,-19.,-1.));
#9497 = VECTOR('',#9498,1.);
#9498 = DIRECTION('',(0.,0.,1.));
#9499 = PCURVE('',#1195,#9500);
#9500 = DEFINITIONAL_REPRESENTATION('',(#9501),#9505);
#9501 = LINE('',#9502,#9503);
#9502 = CARTESIAN_POINT('',(0.,-13.));
#9503 = VECTOR('',#9504,1.);
#9504 = DIRECTION('',(1.,0.));
#9505 = ( GEOMETRIC_REPRESENTATION_CONTEXT(2) 
PARAMETRIC_REPRESENTATION_CONTEXT() REPRESENTATION_CONTEXT('2D SPACE',''
  ) );
#9506 = PCURVE('',#1223,#9507);
#9507 = DEFINITIONAL_REPRESENTATION('',(#9508),#9512);
#9508 = LINE('',#9509,#9510);
#9509 = CARTESIAN_POINT('',(-0.,0.));
#9510 = VECTOR('',#9511,1.);
#9511 = DIRECTION('',(-0.,1.));
#9512 = ( GEOMETRIC_REPRESENTATION_CONTEXT(2) 
PARAMETRIC_REPRESENTATION_CONTEXT() REPRESENTATION_CONTEXT('2D SPACE',''
  ) );
#9513 = ADVANCED_FACE('',(#9514),#1470,.T.);
#9514 = FACE_BOUND('',#9515,.T.);
#9515 = EDGE_LOOP('',(#9516,#9517,#9518,#9519));
#9516 = ORIENTED_EDGE('',*,*,#4166,.T.);
#9517 = ORIENTED_EDGE('',*,*,#9465,.T.);
#9518 = ORIENTED_EDGE('',*,*,#1457,.F.);
#9519 = ORIENTED_EDGE('',*,*,#9520,.F.);
#9520 = EDGE_CURVE('',#4143,#1430,#9521,.T.);
#9521 = SURFACE_CURVE('',#9522,(#9526,#9533),.PCURVE_S1.);
#9522 = LINE('',#9523,#9524);
#9523 = CARTESIAN_POINT('',(63.5,-32.,-1.));
#9524 = VECTOR('',#9525,1.);
#9525 = DIRECTION('',(0.,0.,1.));
#9526 = PCURVE('',#1470,#9527);
#9527 = DEFINITIONAL_REPRESENTATION('',(#9528),#9532);
#9528 = LINE('',#9529,#9530);
#9529 = CARTESIAN_POINT('',(0.,16.));
#9530 = VECTOR('',#9531,1.);
#9531 = DIRECTION('',(1.,0.));
#9532 = ( GEOMETRIC_REPRESENTATION_CONTEXT(2) 
PARAMETRIC_REPRESENTATION_CONTEXT() REPRESENTATION_CONTEXT('2D SPACE',''
  ) );
#9533 = PCURVE('',#1333,#9534);
#9534 = DEFINITIONAL_REPRESENTATION('',(#9535),#9539);
#9535 = LINE('',#9536,#9537);
#9536 = CARTESIAN_POINT('',(-1.570796326795,0.));
#9537 = VECTOR('',#9538,1.);
#9538 = DIRECTION('',(-0.,1.));
#9539 = ( GEOMETRIC_REPRESENTATION_CONTEXT(2) 
PARAMETRIC_REPRESENTATION_CONTEXT() REPRESENTATION_CONTEXT('2D SPACE',''
  ) );
#9540 = ADVANCED_FACE('',(#9541),#1223,.F.);
#9541 = FACE_BOUND('',#9542,.T.);
#9542 = EDGE_LOOP('',(#9543,#9544,#9545,#9566));
#9543 = ORIENTED_EDGE('',*,*,#9493,.F.);
#9544 = ORIENTED_EDGE('',*,*,#4052,.F.);
#9545 = ORIENTED_EDGE('',*,*,#9546,.T.);
#9546 = EDGE_CURVE('',#4053,#1207,#9547,.T.);
#9547 = SURFACE_CURVE('',#9548,(#9552,#9559),.PCURVE_S1.);
#9548 = LINE('',#9549,#9550);
#9549 = CARTESIAN_POINT('',(50.5,-16.,-1.));
#9550 = VECTOR('',#9551,1.);
#9551 = DIRECTION('',(0.,0.,1.));
#9552 = PCURVE('',#1223,#9553);
#9553 = DEFINITIONAL_REPRESENTATION('',(#9554),#9558);
#9554 = LINE('',#9555,#9556);
#9555 = CARTESIAN_POINT('',(-1.570796326795,0.));
#9556 = VECTOR('',#9557,1.);
#9557 = DIRECTION('',(-0.,1.));
#9558 = ( GEOMETRIC_REPRESENTATION_CONTEXT(2) 
PARAMETRIC_REPRESENTATION_CONTEXT() REPRESENTATION_CONTEXT('2D SPACE',''
  ) );
#9559 = PCURVE('',#1250,#9560);
#9560 = DEFINITIONAL_REPRESENTATION('',(#9561),#9565);
#9561 = LINE('',#9562,#9563);
#9562 = CARTESIAN_POINT('',(0.,3.));
#9563 = VECTOR('',#9564,1.);
#9564 = DIRECTION('',(1.,0.));
#9565 = ( GEOMETRIC_REPRESENTATION_CONTEXT(2) 
PARAMETRIC_REPRESENTATION_CONTEXT() REPRESENTATION_CONTEXT('2D SPACE',''
  ) );
#9566 = ORIENTED_EDGE('',*,*,#1206,.T.);
#9567 = ADVANCED_FACE('',(#9568),#1445,.F.);
#9568 = FACE_BOUND('',#9569,.F.);
#9569 = EDGE_LOOP('',(#9570,#9600,#9621,#9622,#9650,#9673,#9701,#9729,
    #9757));
#9570 = ORIENTED_EDGE('',*,*,#9571,.F.);
#9571 = EDGE_CURVE('',#9572,#9574,#9576,.T.);
#9572 = VERTEX_POINT('',#9573);
#9573 = CARTESIAN_POINT('',(63.5,-38.5,65.));
#9574 = VERTEX_POINT('',#9575);
#9575 = CARTESIAN_POINT('',(63.5,-29.5,65.));
#9576 = SURFACE_CURVE('',#9577,(#9581,#9588),.PCURVE_S1.);
#9577 = LINE('',#9578,#9579);
#9578 = CARTESIAN_POINT('',(63.5,-38.5,65.));
#9579 = VECTOR('',#9580,1.);
#9580 = DIRECTION('',(0.,1.,0.));
#9581 = PCURVE('',#1445,#9582);
#9582 = DEFINITIONAL_REPRESENTATION('',(#9583),#9587);
#9583 = LINE('',#9584,#9585);
#9584 = CARTESIAN_POINT('',(62.,0.));
#9585 = VECTOR('',#9586,1.);
#9586 = DIRECTION('',(0.,-1.));
#9587 = ( GEOMETRIC_REPRESENTATION_CONTEXT(2) 
PARAMETRIC_REPRESENTATION_CONTEXT() REPRESENTATION_CONTEXT('2D SPACE',''
  ) );
#9588 = PCURVE('',#9589,#9594);
#9589 = PLANE('',#9590);
#9590 = AXIS2_PLACEMENT_3D('',#9591,#9592,#9593);
#9591 = CARTESIAN_POINT('',(63.5,-38.5,65.));
#9592 = DIRECTION('',(0.,0.,1.));
#9593 = DIRECTION('',(1.,0.,0.));
#9594 = DEFINITIONAL_REPRESENTATION('',(#9595),#9599);
#9595 = LINE('',#9596,#9597);
#9596 = CARTESIAN_POINT('',(0.,0.));
#9597 = VECTOR('',#9598,1.);
#9598 = DIRECTION('',(0.,1.));
#9599 = ( GEOMETRIC_REPRESENTATION_CONTEXT(2) 
PARAMETRIC_REPRESENTATION_CONTEXT() REPRESENTATION_CONTEXT('2D SPACE',''
  ) );
#9600 = ORIENTED_EDGE('',*,*,#9601,.F.);
#9601 = EDGE_CURVE('',#1402,#9572,#9602,.T.);
#9602 = SURFACE_CURVE('',#9603,(#9607,#9614),.PCURVE_S1.);
#9603 = LINE('',#9604,#9605);
#9604 = CARTESIAN_POINT('',(63.5,-38.5,3.));
#9605 = VECTOR('',#9606,1.);
#9606 = DIRECTION('',(0.,0.,1.));
#9607 = PCURVE('',#1445,#9608);
#9608 = DEFINITIONAL_REPRESENTATION('',(#9609),#9613);
#9609 = LINE('',#9610,#9611);
#9610 = CARTESIAN_POINT('',(0.,0.));
#9611 = VECTOR('',#9612,1.);
#9612 = DIRECTION('',(1.,0.));
#9613 = ( GEOMETRIC_REPRESENTATION_CONTEXT(2) 
PARAMETRIC_REPRESENTATION_CONTEXT() REPRESENTATION_CONTEXT('2D SPACE',''
  ) );
#9614 = PCURVE('',#1417,#9615);
#9615 = DEFINITIONAL_REPRESENTATION('',(#9616),#9620);
#9616 = LINE('',#9617,#9618);
#9617 = CARTESIAN_POINT('',(0.,0.));
#9618 = VECTOR('',#9619,1.);
#9619 = DIRECTION('',(1.,0.));
#9620 = ( GEOMETRIC_REPRESENTATION_CONTEXT(2) 
PARAMETRIC_REPRESENTATION_CONTEXT() REPRESENTATION_CONTEXT('2D SPACE',''
  ) );
#9621 = ORIENTED_EDGE('',*,*,#1429,.T.);
#9622 = ORIENTED_EDGE('',*,*,#9623,.T.);
#9623 = EDGE_CURVE('',#1430,#9624,#9626,.T.);
#9624 = VERTEX_POINT('',#9625);
#9625 = CARTESIAN_POINT('',(63.5,-29.5,3.));
#9626 = SURFACE_CURVE('',#9627,(#9631,#9638),.PCURVE_S1.);
#9627 = LINE('',#9628,#9629);
#9628 = CARTESIAN_POINT('',(63.5,-38.5,3.));
#9629 = VECTOR('',#9630,1.);
#9630 = DIRECTION('',(0.,1.,0.));
#9631 = PCURVE('',#1445,#9632);
#9632 = DEFINITIONAL_REPRESENTATION('',(#9633),#9637);
#9633 = LINE('',#9634,#9635);
#9634 = CARTESIAN_POINT('',(0.,0.));
#9635 = VECTOR('',#9636,1.);
#9636 = DIRECTION('',(0.,-1.));
#9637 = ( GEOMETRIC_REPRESENTATION_CONTEXT(2) 
PARAMETRIC_REPRESENTATION_CONTEXT() REPRESENTATION_CONTEXT('2D SPACE',''
  ) );
#9638 = PCURVE('',#9639,#9644);
#9639 = PLANE('',#9640);
#9640 = AXIS2_PLACEMENT_3D('',#9641,#9642,#9643);
#9641 = CARTESIAN_POINT('',(63.5,-38.5,3.));
#9642 = DIRECTION('',(0.,0.,1.));
#9643 = DIRECTION('',(1.,0.,0.));
#9644 = DEFINITIONAL_REPRESENTATION('',(#9645),#9649);
#9645 = LINE('',#9646,#9647);
#9646 = CARTESIAN_POINT('',(0.,0.));
#9647 = VECTOR('',#9648,1.);
#9648 = DIRECTION('',(0.,1.));
#9649 = ( GEOMETRIC_REPRESENTATION_CONTEXT(2) 
PARAMETRIC_REPRESENTATION_CONTEXT() REPRESENTATION_CONTEXT('2D SPACE',''
  ) );
#9650 = ORIENTED_EDGE('',*,*,#9651,.T.);
#9651 = EDGE_CURVE('',#9624,#9652,#9654,.T.);
#9652 = VERTEX_POINT('',#9653);
#9653 = CARTESIAN_POINT('',(63.5,-29.5,27.));
#9654 = SURFACE_CURVE('',#9655,(#9659,#9666),.PCURVE_S1.);
#9655 = LINE('',#9656,#9657);
#9656 = CARTESIAN_POINT('',(63.5,-29.5,3.));
#9657 = VECTOR('',#9658,1.);
#9658 = DIRECTION('',(0.,0.,1.));
#9659 = PCURVE('',#1445,#9660);
#9660 = DEFINITIONAL_REPRESENTATION('',(#9661),#9665);
#9661 = LINE('',#9662,#9663);
#9662 = CARTESIAN_POINT('',(0.,-9.));
#9663 = VECTOR('',#9664,1.);
#9664 = DIRECTION('',(1.,0.));
#9665 = ( GEOMETRIC_REPRESENTATION_CONTEXT(2) 
PARAMETRIC_REPRESENTATION_CONTEXT() REPRESENTATION_CONTEXT('2D SPACE',''
  ) );
#9666 = PCURVE('',#1361,#9667);
#9667 = DEFINITIONAL_REPRESENTATION('',(#9668),#9672);
#9668 = LINE('',#9669,#9670);
#9669 = CARTESIAN_POINT('',(0.,0.));
#9670 = VECTOR('',#9671,1.);
#9671 = DIRECTION('',(1.,0.));
#9672 = ( GEOMETRIC_REPRESENTATION_CONTEXT(2) 
PARAMETRIC_REPRESENTATION_CONTEXT() REPRESENTATION_CONTEXT('2D SPACE',''
  ) );
#9673 = ORIENTED_EDGE('',*,*,#9674,.T.);
#9674 = EDGE_CURVE('',#9652,#9675,#9677,.T.);
#9675 = VERTEX_POINT('',#9676);
#9676 = CARTESIAN_POINT('',(63.5,-23.,27.));
#9677 = SURFACE_CURVE('',#9678,(#9682,#9689),.PCURVE_S1.);
#9678 = LINE('',#9679,#9680);
#9679 = CARTESIAN_POINT('',(63.5,-33.,27.));
#9680 = VECTOR('',#9681,1.);
#9681 = DIRECTION('',(0.,1.,0.));
#9682 = PCURVE('',#1445,#9683);
#9683 = DEFINITIONAL_REPRESENTATION('',(#9684),#9688);
#9684 = LINE('',#9685,#9686);
#9685 = CARTESIAN_POINT('',(24.,-5.5));
#9686 = VECTOR('',#9687,1.);
#9687 = DIRECTION('',(0.,-1.));
#9688 = ( GEOMETRIC_REPRESENTATION_CONTEXT(2) 
PARAMETRIC_REPRESENTATION_CONTEXT() REPRESENTATION_CONTEXT('2D SPACE',''
  ) );
#9689 = PCURVE('',#9690,#9695);
#9690 = PLANE('',#9691);
#9691 = AXIS2_PLACEMENT_3D('',#9692,#9693,#9694);
#9692 = CARTESIAN_POINT('',(63.5,-33.,27.));
#9693 = DIRECTION('',(0.,0.,1.));
#9694 = DIRECTION('',(1.,0.,0.));
#9695 = DEFINITIONAL_REPRESENTATION('',(#9696),#9700);
#9696 = LINE('',#9697,#9698);
#9697 = CARTESIAN_POINT('',(0.,0.));
#9698 = VECTOR('',#9699,1.);
#9699 = DIRECTION('',(0.,1.));
#9700 = ( GEOMETRIC_REPRESENTATION_CONTEXT(2) 
PARAMETRIC_REPRESENTATION_CONTEXT() REPRESENTATION_CONTEXT('2D SPACE',''
  ) );
#9701 = ORIENTED_EDGE('',*,*,#9702,.T.);
#9702 = EDGE_CURVE('',#9675,#9703,#9705,.T.);
#9703 = VERTEX_POINT('',#9704);
#9704 = CARTESIAN_POINT('',(63.5,-23.,31.));
#9705 = SURFACE_CURVE('',#9706,(#9710,#9717),.PCURVE_S1.);
#9706 = LINE('',#9707,#9708);
#9707 = CARTESIAN_POINT('',(63.5,-23.,27.));
#9708 = VECTOR('',#9709,1.);
#9709 = DIRECTION('',(0.,0.,1.));
#9710 = PCURVE('',#1445,#9711);
#9711 = DEFINITIONAL_REPRESENTATION('',(#9712),#9716);
#9712 = LINE('',#9713,#9714);
#9713 = CARTESIAN_POINT('',(24.,-15.5));
#9714 = VECTOR('',#9715,1.);
#9715 = DIRECTION('',(1.,0.));
#9716 = ( GEOMETRIC_REPRESENTATION_CONTEXT(2) 
PARAMETRIC_REPRESENTATION_CONTEXT() REPRESENTATION_CONTEXT('2D SPACE',''
  ) );
#9717 = PCURVE('',#9718,#9723);
#9718 = PLANE('',#9719);
#9719 = AXIS2_PLACEMENT_3D('',#9720,#9721,#9722);
#9720 = CARTESIAN_POINT('',(63.5,-23.,27.));
#9721 = DIRECTION('',(0.,1.,0.));
#9722 = DIRECTION('',(0.,0.,1.));
#9723 = DEFINITIONAL_REPRESENTATION('',(#9724),#9728);
#9724 = LINE('',#9725,#9726);
#9725 = CARTESIAN_POINT('',(0.,0.));
#9726 = VECTOR('',#9727,1.);
#9727 = DIRECTION('',(1.,0.));
#9728 = ( GEOMETRIC_REPRESENTATION_CONTEXT(2) 
PARAMETRIC_REPRESENTATION_CONTEXT() REPRESENTATION_CONTEXT('2D SPACE',''
  ) );
#9729 = ORIENTED_EDGE('',*,*,#9730,.F.);
#9730 = EDGE_CURVE('',#9731,#9703,#9733,.T.);
#9731 = VERTEX_POINT('',#9732);
#9732 = CARTESIAN_POINT('',(63.5,-29.5,31.));
#9733 = SURFACE_CURVE('',#9734,(#9738,#9745),.PCURVE_S1.);
#9734 = LINE('',#9735,#9736);
#9735 = CARTESIAN_POINT('',(63.5,-33.,31.));
#9736 = VECTOR('',#9737,1.);
#9737 = DIRECTION('',(0.,1.,0.));
#9738 = PCURVE('',#1445,#9739);
#9739 = DEFINITIONAL_REPRESENTATION('',(#9740),#9744);
#9740 = LINE('',#9741,#9742);
#9741 = CARTESIAN_POINT('',(28.,-5.5));
#9742 = VECTOR('',#9743,1.);
#9743 = DIRECTION('',(0.,-1.));
#9744 = ( GEOMETRIC_REPRESENTATION_CONTEXT(2) 
PARAMETRIC_REPRESENTATION_CONTEXT() REPRESENTATION_CONTEXT('2D SPACE',''
  ) );
#9745 = PCURVE('',#9746,#9751);
#9746 = PLANE('',#9747);
#9747 = AXIS2_PLACEMENT_3D('',#9748,#9749,#9750);
#9748 = CARTESIAN_POINT('',(63.5,-33.,31.));
#9749 = DIRECTION('',(0.,0.,1.));
#9750 = DIRECTION('',(1.,0.,0.));
#9751 = DEFINITIONAL_REPRESENTATION('',(#9752),#9756);
#9752 = LINE('',#9753,#9754);
#9753 = CARTESIAN_POINT('',(0.,0.));
#9754 = VECTOR('',#9755,1.);
#9755 = DIRECTION('',(0.,1.));
#9756 = ( GEOMETRIC_REPRESENTATION_CONTEXT(2) 
PARAMETRIC_REPRESENTATION_CONTEXT() REPRESENTATION_CONTEXT('2D SPACE',''
  ) );
#9757 = ORIENTED_EDGE('',*,*,#9758,.T.);
#9758 = EDGE_CURVE('',#9731,#9574,#9759,.T.);
#9759 = SURFACE_CURVE('',#9760,(#9764,#9771),.PCURVE_S1.);
#9760 = LINE('',#9761,#9762);
#9761 = CARTESIAN_POINT('',(63.5,-29.5,3.));
#9762 = VECTOR('',#9763,1.);
#9763 = DIRECTION('',(0.,0.,1.));
#9764 = PCURVE('',#1445,#9765);
#9765 = DEFINITIONAL_REPRESENTATION('',(#9766),#9770);
#9766 = LINE('',#9767,#9768);
#9767 = CARTESIAN_POINT('',(0.,-9.));
#9768 = VECTOR('',#9769,1.);
#9769 = DIRECTION('',(1.,0.));
#9770 = ( GEOMETRIC_REPRESENTATION_CONTEXT(2) 
PARAMETRIC_REPRESENTATION_CONTEXT() REPRESENTATION_CONTEXT('2D SPACE',''
  ) );
#9771 = PCURVE('',#9772,#9777);
#9772 = PLANE('',#9773);
#9773 = AXIS2_PLACEMENT_3D('',#9774,#9775,#9776);
#9774 = CARTESIAN_POINT('',(63.5,-29.5,3.));
#9775 = DIRECTION('',(0.,1.,0.));
#9776 = DIRECTION('',(0.,0.,1.));
#9777 = DEFINITIONAL_REPRESENTATION('',(#9778),#9782);
#9778 = LINE('',#9779,#9780);
#9779 = CARTESIAN_POINT('',(0.,0.));
#9780 = VECTOR('',#9781,1.);
#9781 = DIRECTION('',(1.,0.));
#9782 = ( GEOMETRIC_REPRESENTATION_CONTEXT(2) 
PARAMETRIC_REPRESENTATION_CONTEXT() REPRESENTATION_CONTEXT('2D SPACE',''
  ) );
#9783 = ADVANCED_FACE('',(#9784),#1250,.F.);
#9784 = FACE_BOUND('',#9785,.F.);
#9785 = EDGE_LOOP('',(#9786,#9787,#9788,#9789));
#9786 = ORIENTED_EDGE('',*,*,#4076,.T.);
#9787 = ORIENTED_EDGE('',*,*,#9546,.T.);
#9788 = ORIENTED_EDGE('',*,*,#1235,.F.);
#9789 = ORIENTED_EDGE('',*,*,#9790,.F.);
#9790 = EDGE_CURVE('',#4077,#1236,#9791,.T.);
#9791 = SURFACE_CURVE('',#9792,(#9796,#9803),.PCURVE_S1.);
#9792 = LINE('',#9793,#9794);
#9793 = CARTESIAN_POINT('',(63.5,-16.,-1.));
#9794 = VECTOR('',#9795,1.);
#9795 = DIRECTION('',(0.,0.,1.));
#9796 = PCURVE('',#1250,#9797);
#9797 = DEFINITIONAL_REPRESENTATION('',(#9798),#9802);
#9798 = LINE('',#9799,#9800);
#9799 = CARTESIAN_POINT('',(0.,16.));
#9800 = VECTOR('',#9801,1.);
#9801 = DIRECTION('',(1.,0.));
#9802 = ( GEOMETRIC_REPRESENTATION_CONTEXT(2) 
PARAMETRIC_REPRESENTATION_CONTEXT() REPRESENTATION_CONTEXT('2D SPACE',''
  ) );
#9803 = PCURVE('',#1278,#9804);
#9804 = DEFINITIONAL_REPRESENTATION('',(#9805),#9809);
#9805 = LINE('',#9806,#9807);
#9806 = CARTESIAN_POINT('',(1.570796326795,0.));
#9807 = VECTOR('',#9808,1.);
#9808 = DIRECTION('',(0.,1.));
#9809 = ( GEOMETRIC_REPRESENTATION_CONTEXT(2) 
PARAMETRIC_REPRESENTATION_CONTEXT() REPRESENTATION_CONTEXT('2D SPACE',''
  ) );
#9810 = ADVANCED_FACE('',(#9811),#1417,.F.);
#9811 = FACE_BOUND('',#9812,.F.);
#9812 = EDGE_LOOP('',(#9813,#9836,#9837,#9838,#9861,#9889,#9910,#9931));
#9813 = ORIENTED_EDGE('',*,*,#9814,.F.);
#9814 = EDGE_CURVE('',#1374,#9815,#9817,.T.);
#9815 = VERTEX_POINT('',#9816);
#9816 = CARTESIAN_POINT('',(72.5,-38.5,56.));
#9817 = SURFACE_CURVE('',#9818,(#9822,#9829),.PCURVE_S1.);
#9818 = LINE('',#9819,#9820);
#9819 = CARTESIAN_POINT('',(72.5,-38.5,3.));
#9820 = VECTOR('',#9821,1.);
#9821 = DIRECTION('',(0.,0.,1.));
#9822 = PCURVE('',#1417,#9823);
#9823 = DEFINITIONAL_REPRESENTATION('',(#9824),#9828);
#9824 = LINE('',#9825,#9826);
#9825 = CARTESIAN_POINT('',(0.,9.));
#9826 = VECTOR('',#9827,1.);
#9827 = DIRECTION('',(1.,0.));
#9828 = ( GEOMETRIC_REPRESENTATION_CONTEXT(2) 
PARAMETRIC_REPRESENTATION_CONTEXT() REPRESENTATION_CONTEXT('2D SPACE',''
  ) );
#9829 = PCURVE('',#1389,#9830);
#9830 = DEFINITIONAL_REPRESENTATION('',(#9831),#9835);
#9831 = LINE('',#9832,#9833);
#9832 = CARTESIAN_POINT('',(0.,0.));
#9833 = VECTOR('',#9834,1.);
#9834 = DIRECTION('',(1.,0.));
#9835 = ( GEOMETRIC_REPRESENTATION_CONTEXT(2) 
PARAMETRIC_REPRESENTATION_CONTEXT() REPRESENTATION_CONTEXT('2D SPACE',''
  ) );
#9836 = ORIENTED_EDGE('',*,*,#1401,.F.);
#9837 = ORIENTED_EDGE('',*,*,#9601,.T.);
#9838 = ORIENTED_EDGE('',*,*,#9839,.T.);
#9839 = EDGE_CURVE('',#9572,#9840,#9842,.T.);
#9840 = VERTEX_POINT('',#9841);
#9841 = CARTESIAN_POINT('',(72.5,-38.5,65.));
#9842 = SURFACE_CURVE('',#9843,(#9847,#9854),.PCURVE_S1.);
#9843 = LINE('',#9844,#9845);
#9844 = CARTESIAN_POINT('',(63.5,-38.5,65.));
#9845 = VECTOR('',#9846,1.);
#9846 = DIRECTION('',(1.,0.,0.));
#9847 = PCURVE('',#1417,#9848);
#9848 = DEFINITIONAL_REPRESENTATION('',(#9849),#9853);
#9849 = LINE('',#9850,#9851);
#9850 = CARTESIAN_POINT('',(62.,0.));
#9851 = VECTOR('',#9852,1.);
#9852 = DIRECTION('',(0.,1.));
#9853 = ( GEOMETRIC_REPRESENTATION_CONTEXT(2) 
PARAMETRIC_REPRESENTATION_CONTEXT() REPRESENTATION_CONTEXT('2D SPACE',''
  ) );
#9854 = PCURVE('',#9589,#9855);
#9855 = DEFINITIONAL_REPRESENTATION('',(#9856),#9860);
#9856 = LINE('',#9857,#9858);
#9857 = CARTESIAN_POINT('',(0.,0.));
#9858 = VECTOR('',#9859,1.);
#9859 = DIRECTION('',(1.,0.));
#9860 = ( GEOMETRIC_REPRESENTATION_CONTEXT(2) 
PARAMETRIC_REPRESENTATION_CONTEXT() REPRESENTATION_CONTEXT('2D SPACE',''
  ) );
#9861 = ORIENTED_EDGE('',*,*,#9862,.F.);
#9862 = EDGE_CURVE('',#9863,#9840,#9865,.T.);
#9863 = VERTEX_POINT('',#9864);
#9864 = CARTESIAN_POINT('',(72.5,-38.5,64.));
#9865 = SURFACE_CURVE('',#9866,(#9870,#9877),.PCURVE_S1.);
#9866 = LINE('',#9867,#9868);
#9867 = CARTESIAN_POINT('',(72.5,-38.5,3.));
#9868 = VECTOR('',#9869,1.);
#9869 = DIRECTION('',(0.,0.,1.));
#9870 = PCURVE('',#1417,#9871);
#9871 = DEFINITIONAL_REPRESENTATION('',(#9872),#9876);
#9872 = LINE('',#9873,#9874);
#9873 = CARTESIAN_POINT('',(0.,9.));
#9874 = VECTOR('',#9875,1.);
#9875 = DIRECTION('',(1.,0.));
#9876 = ( GEOMETRIC_REPRESENTATION_CONTEXT(2) 
PARAMETRIC_REPRESENTATION_CONTEXT() REPRESENTATION_CONTEXT('2D SPACE',''
  ) );
#9877 = PCURVE('',#9878,#9883);
#9878 = PLANE('',#9879);
#9879 = AXIS2_PLACEMENT_3D('',#9880,#9881,#9882);
#9880 = CARTESIAN_POINT('',(72.5,-38.5,3.));
#9881 = DIRECTION('',(1.,0.,0.));
#9882 = DIRECTION('',(0.,0.,1.));
#9883 = DEFINITIONAL_REPRESENTATION('',(#9884),#9888);
#9884 = LINE('',#9885,#9886);
#9885 = CARTESIAN_POINT('',(0.,0.));
#9886 = VECTOR('',#9887,1.);
#9887 = DIRECTION('',(1.,0.));
#9888 = ( GEOMETRIC_REPRESENTATION_CONTEXT(2) 
PARAMETRIC_REPRESENTATION_CONTEXT() REPRESENTATION_CONTEXT('2D SPACE',''
  ) );
#9889 = ORIENTED_EDGE('',*,*,#9890,.T.);
#9890 = EDGE_CURVE('',#9863,#9891,#9893,.T.);
#9891 = VERTEX_POINT('',#9892);
#9892 = CARTESIAN_POINT('',(72.,-38.5,64.));
#9893 = SURFACE_CURVE('',#9894,(#9898,#9904),.PCURVE_S1.);
#9894 = LINE('',#9895,#9896);
#9895 = CARTESIAN_POINT('',(67.75,-38.5,64.));
#9896 = VECTOR('',#9897,1.);
#9897 = DIRECTION('',(-1.,0.,0.));
#9898 = PCURVE('',#1417,#9899);
#9899 = DEFINITIONAL_REPRESENTATION('',(#9900),#9903);
#9900 = B_SPLINE_CURVE_WITH_KNOTS('',1,(#9901,#9902),.UNSPECIFIED.,.F.,
  .F.,(2,2),(-4.75,-4.25),.PIECEWISE_BEZIER_KNOTS.);
#9901 = CARTESIAN_POINT('',(61.,9.));
#9902 = CARTESIAN_POINT('',(61.,8.5));
#9903 = ( GEOMETRIC_REPRESENTATION_CONTEXT(2) 
PARAMETRIC_REPRESENTATION_CONTEXT() REPRESENTATION_CONTEXT('2D SPACE',''
  ) );
#9904 = PCURVE('',#5588,#9905);
#9905 = DEFINITIONAL_REPRESENTATION('',(#9906),#9909);
#9906 = B_SPLINE_CURVE_WITH_KNOTS('',1,(#9907,#9908),.UNSPECIFIED.,.F.,
  .F.,(2,2),(-4.75,-4.25),.PIECEWISE_BEZIER_KNOTS.);
#9907 = CARTESIAN_POINT('',(0.5,5.5));
#9908 = CARTESIAN_POINT('',(0.,5.5));
#9909 = ( GEOMETRIC_REPRESENTATION_CONTEXT(2) 
PARAMETRIC_REPRESENTATION_CONTEXT() REPRESENTATION_CONTEXT('2D SPACE',''
  ) );
#9910 = ORIENTED_EDGE('',*,*,#9911,.F.);
#9911 = EDGE_CURVE('',#9912,#9891,#9914,.T.);
#9912 = VERTEX_POINT('',#9913);
#9913 = CARTESIAN_POINT('',(72.,-38.5,56.));
#9914 = SURFACE_CURVE('',#9915,(#9919,#9925),.PCURVE_S1.);
#9915 = LINE('',#9916,#9917);
#9916 = CARTESIAN_POINT('',(72.,-38.5,29.5));
#9917 = VECTOR('',#9918,1.);
#9918 = DIRECTION('',(0.,0.,1.));
#9919 = PCURVE('',#1417,#9920);
#9920 = DEFINITIONAL_REPRESENTATION('',(#9921),#9924);
#9921 = B_SPLINE_CURVE_WITH_KNOTS('',1,(#9922,#9923),.UNSPECIFIED.,.F.,
  .F.,(2,2),(26.5,34.5),.PIECEWISE_BEZIER_KNOTS.);
#9922 = CARTESIAN_POINT('',(53.,8.5));
#9923 = CARTESIAN_POINT('',(61.,8.5));
#9924 = ( GEOMETRIC_REPRESENTATION_CONTEXT(2) 
PARAMETRIC_REPRESENTATION_CONTEXT() REPRESENTATION_CONTEXT('2D SPACE',''
  ) );
#9925 = PCURVE('',#5616,#9926);
#9926 = DEFINITIONAL_REPRESENTATION('',(#9927),#9930);
#9927 = B_SPLINE_CURVE_WITH_KNOTS('',1,(#9928,#9929),.UNSPECIFIED.,.F.,
  .F.,(2,2),(26.5,34.5),.PIECEWISE_BEZIER_KNOTS.);
#9928 = CARTESIAN_POINT('',(0.,-5.5));
#9929 = CARTESIAN_POINT('',(8.,-5.5));
#9930 = ( GEOMETRIC_REPRESENTATION_CONTEXT(2) 
PARAMETRIC_REPRESENTATION_CONTEXT() REPRESENTATION_CONTEXT('2D SPACE',''
  ) );
#9931 = ORIENTED_EDGE('',*,*,#9932,.F.);
#9932 = EDGE_CURVE('',#9815,#9912,#9933,.T.);
#9933 = SURFACE_CURVE('',#9934,(#9938,#9944),.PCURVE_S1.);
#9934 = LINE('',#9935,#9936);
#9935 = CARTESIAN_POINT('',(67.75,-38.5,56.));
#9936 = VECTOR('',#9937,1.);
#9937 = DIRECTION('',(-1.,0.,0.));
#9938 = PCURVE('',#1417,#9939);
#9939 = DEFINITIONAL_REPRESENTATION('',(#9940),#9943);
#9940 = B_SPLINE_CURVE_WITH_KNOTS('',1,(#9941,#9942),.UNSPECIFIED.,.F.,
  .F.,(2,2),(-4.75,-4.25),.PIECEWISE_BEZIER_KNOTS.);
#9941 = CARTESIAN_POINT('',(53.,9.));
#9942 = CARTESIAN_POINT('',(53.,8.5));
#9943 = ( GEOMETRIC_REPRESENTATION_CONTEXT(2) 
PARAMETRIC_REPRESENTATION_CONTEXT() REPRESENTATION_CONTEXT('2D SPACE',''
  ) );
#9944 = PCURVE('',#5644,#9945);
#9945 = DEFINITIONAL_REPRESENTATION('',(#9946),#9949);
#9946 = B_SPLINE_CURVE_WITH_KNOTS('',1,(#9947,#9948),.UNSPECIFIED.,.F.,
  .F.,(2,2),(-4.75,-4.25),.PIECEWISE_BEZIER_KNOTS.);
#9947 = CARTESIAN_POINT('',(0.5,5.5));
#9948 = CARTESIAN_POINT('',(0.,5.5));
#9949 = ( GEOMETRIC_REPRESENTATION_CONTEXT(2) 
PARAMETRIC_REPRESENTATION_CONTEXT() REPRESENTATION_CONTEXT('2D SPACE',''
  ) );
#9950 = ADVANCED_FACE('',(#9951),#1278,.F.);
#9951 = FACE_BOUND('',#9952,.F.);
#9952 = EDGE_LOOP('',(#9953,#9974,#9975,#9976));
#9953 = ORIENTED_EDGE('',*,*,#9954,.F.);
#9954 = EDGE_CURVE('',#4098,#1262,#9955,.T.);
#9955 = SURFACE_CURVE('',#9956,(#9960,#9967),.PCURVE_S1.);
#9956 = LINE('',#9957,#9958);
#9957 = CARTESIAN_POINT('',(66.5,-19.,-1.));
#9958 = VECTOR('',#9959,1.);
#9959 = DIRECTION('',(0.,0.,1.));
#9960 = PCURVE('',#1278,#9961);
#9961 = DEFINITIONAL_REPRESENTATION('',(#9962),#9966);
#9962 = LINE('',#9963,#9964);
#9963 = CARTESIAN_POINT('',(0.,0.));
#9964 = VECTOR('',#9965,1.);
#9965 = DIRECTION('',(0.,1.));
#9966 = ( GEOMETRIC_REPRESENTATION_CONTEXT(2) 
PARAMETRIC_REPRESENTATION_CONTEXT() REPRESENTATION_CONTEXT('2D SPACE',''
  ) );
#9967 = PCURVE('',#1305,#9968);
#9968 = DEFINITIONAL_REPRESENTATION('',(#9969),#9973);
#9969 = LINE('',#9970,#9971);
#9970 = CARTESIAN_POINT('',(0.,-13.));
#9971 = VECTOR('',#9972,1.);
#9972 = DIRECTION('',(1.,0.));
#9973 = ( GEOMETRIC_REPRESENTATION_CONTEXT(2) 
PARAMETRIC_REPRESENTATION_CONTEXT() REPRESENTATION_CONTEXT('2D SPACE',''
  ) );
#9974 = ORIENTED_EDGE('',*,*,#4097,.T.);
#9975 = ORIENTED_EDGE('',*,*,#9790,.T.);
#9976 = ORIENTED_EDGE('',*,*,#1261,.F.);
#9977 = ADVANCED_FACE('',(#9978),#1389,.T.);
#9978 = FACE_BOUND('',#9979,.T.);
#9979 = EDGE_LOOP('',(#9980,#9981,#9982,#10005,#10028,#10051,#10074,
    #10097));
#9980 = ORIENTED_EDGE('',*,*,#9814,.F.);
#9981 = ORIENTED_EDGE('',*,*,#1373,.T.);
#9982 = ORIENTED_EDGE('',*,*,#9983,.T.);
#9983 = EDGE_CURVE('',#1346,#9984,#9986,.T.);
#9984 = VERTEX_POINT('',#9985);
#9985 = CARTESIAN_POINT('',(72.5,-29.5,27.));
#9986 = SURFACE_CURVE('',#9987,(#9991,#9998),.PCURVE_S1.);
#9987 = LINE('',#9988,#9989);
#9988 = CARTESIAN_POINT('',(72.5,-29.5,3.));
#9989 = VECTOR('',#9990,1.);
#9990 = DIRECTION('',(0.,0.,1.));
#9991 = PCURVE('',#1389,#9992);
#9992 = DEFINITIONAL_REPRESENTATION('',(#9993),#9997);
#9993 = LINE('',#9994,#9995);
#9994 = CARTESIAN_POINT('',(0.,-9.));
#9995 = VECTOR('',#9996,1.);
#9996 = DIRECTION('',(1.,0.));
#9997 = ( GEOMETRIC_REPRESENTATION_CONTEXT(2) 
PARAMETRIC_REPRESENTATION_CONTEXT() REPRESENTATION_CONTEXT('2D SPACE',''
  ) );
#9998 = PCURVE('',#1361,#9999);
#9999 = DEFINITIONAL_REPRESENTATION('',(#10000),#10004);
#10000 = LINE('',#10001,#10002);
#10001 = CARTESIAN_POINT('',(0.,9.));
#10002 = VECTOR('',#10003,1.);
#10003 = DIRECTION('',(1.,0.));
#10004 = ( GEOMETRIC_REPRESENTATION_CONTEXT(2) 
PARAMETRIC_REPRESENTATION_CONTEXT() REPRESENTATION_CONTEXT('2D SPACE',''
  ) );
#10005 = ORIENTED_EDGE('',*,*,#10006,.T.);
#10006 = EDGE_CURVE('',#9984,#10007,#10009,.T.);
#10007 = VERTEX_POINT('',#10008);
#10008 = CARTESIAN_POINT('',(72.5,-23.,27.));
#10009 = SURFACE_CURVE('',#10010,(#10014,#10021),.PCURVE_S1.);
#10010 = LINE('',#10011,#10012);
#10011 = CARTESIAN_POINT('',(72.5,-33.,27.));
#10012 = VECTOR('',#10013,1.);
#10013 = DIRECTION('',(0.,1.,0.));
#10014 = PCURVE('',#1389,#10015);
#10015 = DEFINITIONAL_REPRESENTATION('',(#10016),#10020);
#10016 = LINE('',#10017,#10018);
#10017 = CARTESIAN_POINT('',(24.,-5.5));
#10018 = VECTOR('',#10019,1.);
#10019 = DIRECTION('',(0.,-1.));
#10020 = ( GEOMETRIC_REPRESENTATION_CONTEXT(2) 
PARAMETRIC_REPRESENTATION_CONTEXT() REPRESENTATION_CONTEXT('2D SPACE',''
  ) );
#10021 = PCURVE('',#9690,#10022);
#10022 = DEFINITIONAL_REPRESENTATION('',(#10023),#10027);
#10023 = LINE('',#10024,#10025);
#10024 = CARTESIAN_POINT('',(9.,0.));
#10025 = VECTOR('',#10026,1.);
#10026 = DIRECTION('',(0.,1.));
#10027 = ( GEOMETRIC_REPRESENTATION_CONTEXT(2) 
PARAMETRIC_REPRESENTATION_CONTEXT() REPRESENTATION_CONTEXT('2D SPACE',''
  ) );
#10028 = ORIENTED_EDGE('',*,*,#10029,.T.);
#10029 = EDGE_CURVE('',#10007,#10030,#10032,.T.);
#10030 = VERTEX_POINT('',#10031);
#10031 = CARTESIAN_POINT('',(72.5,-23.,31.));
#10032 = SURFACE_CURVE('',#10033,(#10037,#10044),.PCURVE_S1.);
#10033 = LINE('',#10034,#10035);
#10034 = CARTESIAN_POINT('',(72.5,-23.,27.));
#10035 = VECTOR('',#10036,1.);
#10036 = DIRECTION('',(0.,0.,1.));
#10037 = PCURVE('',#1389,#10038);
#10038 = DEFINITIONAL_REPRESENTATION('',(#10039),#10043);
#10039 = LINE('',#10040,#10041);
#10040 = CARTESIAN_POINT('',(24.,-15.5));
#10041 = VECTOR('',#10042,1.);
#10042 = DIRECTION('',(1.,0.));
#10043 = ( GEOMETRIC_REPRESENTATION_CONTEXT(2) 
PARAMETRIC_REPRESENTATION_CONTEXT() REPRESENTATION_CONTEXT('2D SPACE',''
  ) );
#10044 = PCURVE('',#9718,#10045);
#10045 = DEFINITIONAL_REPRESENTATION('',(#10046),#10050);
#10046 = LINE('',#10047,#10048);
#10047 = CARTESIAN_POINT('',(0.,9.));
#10048 = VECTOR('',#10049,1.);
#10049 = DIRECTION('',(1.,0.));
#10050 = ( GEOMETRIC_REPRESENTATION_CONTEXT(2) 
PARAMETRIC_REPRESENTATION_CONTEXT() REPRESENTATION_CONTEXT('2D SPACE',''
  ) );
#10051 = ORIENTED_EDGE('',*,*,#10052,.F.);
#10052 = EDGE_CURVE('',#10053,#10030,#10055,.T.);
#10053 = VERTEX_POINT('',#10054);
#10054 = CARTESIAN_POINT('',(72.5,-29.5,31.));
#10055 = SURFACE_CURVE('',#10056,(#10060,#10067),.PCURVE_S1.);
#10056 = LINE('',#10057,#10058);
#10057 = CARTESIAN_POINT('',(72.5,-33.,31.));
#10058 = VECTOR('',#10059,1.);
#10059 = DIRECTION('',(0.,1.,0.));
#10060 = PCURVE('',#1389,#10061);
#10061 = DEFINITIONAL_REPRESENTATION('',(#10062),#10066);
#10062 = LINE('',#10063,#10064);
#10063 = CARTESIAN_POINT('',(28.,-5.5));
#10064 = VECTOR('',#10065,1.);
#10065 = DIRECTION('',(0.,-1.));
#10066 = ( GEOMETRIC_REPRESENTATION_CONTEXT(2) 
PARAMETRIC_REPRESENTATION_CONTEXT() REPRESENTATION_CONTEXT('2D SPACE',''
  ) );
#10067 = PCURVE('',#9746,#10068);
#10068 = DEFINITIONAL_REPRESENTATION('',(#10069),#10073);
#10069 = LINE('',#10070,#10071);
#10070 = CARTESIAN_POINT('',(9.,0.));
#10071 = VECTOR('',#10072,1.);
#10072 = DIRECTION('',(0.,1.));
#10073 = ( GEOMETRIC_REPRESENTATION_CONTEXT(2) 
PARAMETRIC_REPRESENTATION_CONTEXT() REPRESENTATION_CONTEXT('2D SPACE',''
  ) );
#10074 = ORIENTED_EDGE('',*,*,#10075,.T.);
#10075 = EDGE_CURVE('',#10053,#10076,#10078,.T.);
#10076 = VERTEX_POINT('',#10077);
#10077 = CARTESIAN_POINT('',(72.5,-29.5,56.));
#10078 = SURFACE_CURVE('',#10079,(#10083,#10090),.PCURVE_S1.);
#10079 = LINE('',#10080,#10081);
#10080 = CARTESIAN_POINT('',(72.5,-29.5,3.));
#10081 = VECTOR('',#10082,1.);
#10082 = DIRECTION('',(0.,0.,1.));
#10083 = PCURVE('',#1389,#10084);
#10084 = DEFINITIONAL_REPRESENTATION('',(#10085),#10089);
#10085 = LINE('',#10086,#10087);
#10086 = CARTESIAN_POINT('',(0.,-9.));
#10087 = VECTOR('',#10088,1.);
#10088 = DIRECTION('',(1.,0.));
#10089 = ( GEOMETRIC_REPRESENTATION_CONTEXT(2) 
PARAMETRIC_REPRESENTATION_CONTEXT() REPRESENTATION_CONTEXT('2D SPACE',''
  ) );
#10090 = PCURVE('',#9772,#10091);
#10091 = DEFINITIONAL_REPRESENTATION('',(#10092),#10096);
#10092 = LINE('',#10093,#10094);
#10093 = CARTESIAN_POINT('',(0.,9.));
#10094 = VECTOR('',#10095,1.);
#10095 = DIRECTION('',(1.,0.));
#10096 = ( GEOMETRIC_REPRESENTATION_CONTEXT(2) 
PARAMETRIC_REPRESENTATION_CONTEXT() REPRESENTATION_CONTEXT('2D SPACE',''
  ) );
#10097 = ORIENTED_EDGE('',*,*,#10098,.F.);
#10098 = EDGE_CURVE('',#9815,#10076,#10099,.T.);
#10099 = SURFACE_CURVE('',#10100,(#10104,#10111),.PCURVE_S1.);
#10100 = LINE('',#10101,#10102);
#10101 = CARTESIAN_POINT('',(72.5,-41.25,56.));
#10102 = VECTOR('',#10103,1.);
#10103 = DIRECTION('',(0.,1.,0.));
#10104 = PCURVE('',#1389,#10105);
#10105 = DEFINITIONAL_REPRESENTATION('',(#10106),#10110);
#10106 = LINE('',#10107,#10108);
#10107 = CARTESIAN_POINT('',(53.,2.75));
#10108 = VECTOR('',#10109,1.);
#10109 = DIRECTION('',(0.,-1.));
#10110 = ( GEOMETRIC_REPRESENTATION_CONTEXT(2) 
PARAMETRIC_REPRESENTATION_CONTEXT() REPRESENTATION_CONTEXT('2D SPACE',''
  ) );
#10111 = PCURVE('',#5644,#10112);
#10112 = DEFINITIONAL_REPRESENTATION('',(#10113),#10116);
#10113 = B_SPLINE_CURVE_WITH_KNOTS('',1,(#10114,#10115),.UNSPECIFIED.,
  .F.,.F.,(2,2),(2.75,11.75),.PIECEWISE_BEZIER_KNOTS.);
#10114 = CARTESIAN_POINT('',(0.5,5.5));
#10115 = CARTESIAN_POINT('',(0.5,14.5));
#10116 = ( GEOMETRIC_REPRESENTATION_CONTEXT(2) 
PARAMETRIC_REPRESENTATION_CONTEXT() REPRESENTATION_CONTEXT('2D SPACE',''
  ) );
#10117 = ADVANCED_FACE('',(#10118),#1305,.F.);
#10118 = FACE_BOUND('',#10119,.F.);
#10119 = EDGE_LOOP('',(#10120,#10121,#10142,#10143));
#10120 = ORIENTED_EDGE('',*,*,#1290,.F.);
#10121 = ORIENTED_EDGE('',*,*,#10122,.F.);
#10122 = EDGE_CURVE('',#4122,#1291,#10123,.T.);
#10123 = SURFACE_CURVE('',#10124,(#10128,#10135),.PCURVE_S1.);
#10124 = LINE('',#10125,#10126);
#10125 = CARTESIAN_POINT('',(66.5,-29.,-1.));
#10126 = VECTOR('',#10127,1.);
#10127 = DIRECTION('',(0.,0.,1.));
#10128 = PCURVE('',#1305,#10129);
#10129 = DEFINITIONAL_REPRESENTATION('',(#10130),#10134);
#10130 = LINE('',#10131,#10132);
#10131 = CARTESIAN_POINT('',(0.,-3.));
#10132 = VECTOR('',#10133,1.);
#10133 = DIRECTION('',(1.,0.));
#10134 = ( GEOMETRIC_REPRESENTATION_CONTEXT(2) 
PARAMETRIC_REPRESENTATION_CONTEXT() REPRESENTATION_CONTEXT('2D SPACE',''
  ) );
#10135 = PCURVE('',#1333,#10136);
#10136 = DEFINITIONAL_REPRESENTATION('',(#10137),#10141);
#10137 = LINE('',#10138,#10139);
#10138 = CARTESIAN_POINT('',(-0.,0.));
#10139 = VECTOR('',#10140,1.);
#10140 = DIRECTION('',(-0.,1.));
#10141 = ( GEOMETRIC_REPRESENTATION_CONTEXT(2) 
PARAMETRIC_REPRESENTATION_CONTEXT() REPRESENTATION_CONTEXT('2D SPACE',''
  ) );
#10142 = ORIENTED_EDGE('',*,*,#4121,.T.);
#10143 = ORIENTED_EDGE('',*,*,#9954,.T.);
#10144 = ADVANCED_FACE('',(#10145),#1361,.T.);
#10145 = FACE_BOUND('',#10146,.T.);
#10146 = EDGE_LOOP('',(#10147,#10168,#10169,#10188,#10189));
#10147 = ORIENTED_EDGE('',*,*,#10148,.F.);
#10148 = EDGE_CURVE('',#9624,#1317,#10149,.T.);
#10149 = SURFACE_CURVE('',#10150,(#10154,#10161),.PCURVE_S1.);
#10150 = LINE('',#10151,#10152);
#10151 = CARTESIAN_POINT('',(63.5,-29.5,3.));
#10152 = VECTOR('',#10153,1.);
#10153 = DIRECTION('',(1.,0.,0.));
#10154 = PCURVE('',#1361,#10155);
#10155 = DEFINITIONAL_REPRESENTATION('',(#10156),#10160);
#10156 = LINE('',#10157,#10158);
#10157 = CARTESIAN_POINT('',(0.,0.));
#10158 = VECTOR('',#10159,1.);
#10159 = DIRECTION('',(0.,1.));
#10160 = ( GEOMETRIC_REPRESENTATION_CONTEXT(2) 
PARAMETRIC_REPRESENTATION_CONTEXT() REPRESENTATION_CONTEXT('2D SPACE',''
  ) );
#10161 = PCURVE('',#9639,#10162);
#10162 = DEFINITIONAL_REPRESENTATION('',(#10163),#10167);
#10163 = LINE('',#10164,#10165);
#10164 = CARTESIAN_POINT('',(0.,9.));
#10165 = VECTOR('',#10166,1.);
#10166 = DIRECTION('',(1.,0.));
#10167 = ( GEOMETRIC_REPRESENTATION_CONTEXT(2) 
PARAMETRIC_REPRESENTATION_CONTEXT() REPRESENTATION_CONTEXT('2D SPACE',''
  ) );
#10168 = ORIENTED_EDGE('',*,*,#9651,.T.);
#10169 = ORIENTED_EDGE('',*,*,#10170,.T.);
#10170 = EDGE_CURVE('',#9652,#9984,#10171,.T.);
#10171 = SURFACE_CURVE('',#10172,(#10176,#10182),.PCURVE_S1.);
#10172 = LINE('',#10173,#10174);
#10173 = CARTESIAN_POINT('',(63.5,-29.5,27.));
#10174 = VECTOR('',#10175,1.);
#10175 = DIRECTION('',(1.,0.,0.));
#10176 = PCURVE('',#1361,#10177);
#10177 = DEFINITIONAL_REPRESENTATION('',(#10178),#10181);
#10178 = B_SPLINE_CURVE_WITH_KNOTS('',1,(#10179,#10180),.UNSPECIFIED.,
  .F.,.F.,(2,2),(0.,9.),.PIECEWISE_BEZIER_KNOTS.);
#10179 = CARTESIAN_POINT('',(24.,0.));
#10180 = CARTESIAN_POINT('',(24.,9.));
#10181 = ( GEOMETRIC_REPRESENTATION_CONTEXT(2) 
PARAMETRIC_REPRESENTATION_CONTEXT() REPRESENTATION_CONTEXT('2D SPACE',''
  ) );
#10182 = PCURVE('',#9690,#10183);
#10183 = DEFINITIONAL_REPRESENTATION('',(#10184),#10187);
#10184 = B_SPLINE_CURVE_WITH_KNOTS('',1,(#10185,#10186),.UNSPECIFIED.,
  .F.,.F.,(2,2),(0.,9.),.PIECEWISE_BEZIER_KNOTS.);
#10185 = CARTESIAN_POINT('',(0.,3.5));
#10186 = CARTESIAN_POINT('',(9.,3.5));
#10187 = ( GEOMETRIC_REPRESENTATION_CONTEXT(2) 
PARAMETRIC_REPRESENTATION_CONTEXT() REPRESENTATION_CONTEXT('2D SPACE',''
  ) );
#10188 = ORIENTED_EDGE('',*,*,#9983,.F.);
#10189 = ORIENTED_EDGE('',*,*,#1345,.F.);
#10190 = ADVANCED_FACE('',(#10191),#1333,.F.);
#10191 = FACE_BOUND('',#10192,.T.);
#10192 = EDGE_LOOP('',(#10193,#10194,#10195,#10196,#10218));
#10193 = ORIENTED_EDGE('',*,*,#10122,.F.);
#10194 = ORIENTED_EDGE('',*,*,#4142,.F.);
#10195 = ORIENTED_EDGE('',*,*,#9520,.T.);
#10196 = ORIENTED_EDGE('',*,*,#10197,.T.);
#10197 = EDGE_CURVE('',#1430,#1317,#10198,.T.);
#10198 = SURFACE_CURVE('',#10199,(#10204,#10211),.PCURVE_S1.);
#10199 = CIRCLE('',#10200,3.);
#10200 = AXIS2_PLACEMENT_3D('',#10201,#10202,#10203);
#10201 = CARTESIAN_POINT('',(63.5,-29.,3.));
#10202 = DIRECTION('',(0.,0.,1.));
#10203 = DIRECTION('',(1.,0.,-0.));
#10204 = PCURVE('',#1333,#10205);
#10205 = DEFINITIONAL_REPRESENTATION('',(#10206),#10210);
#10206 = LINE('',#10207,#10208);
#10207 = CARTESIAN_POINT('',(-6.28318530718,4.));
#10208 = VECTOR('',#10209,1.);
#10209 = DIRECTION('',(1.,-0.));
#10210 = ( GEOMETRIC_REPRESENTATION_CONTEXT(2) 
PARAMETRIC_REPRESENTATION_CONTEXT() REPRESENTATION_CONTEXT('2D SPACE',''
  ) );
#10211 = PCURVE('',#9639,#10212);
#10212 = DEFINITIONAL_REPRESENTATION('',(#10213),#10217);
#10213 = CIRCLE('',#10214,3.);
#10214 = AXIS2_PLACEMENT_2D('',#10215,#10216);
#10215 = CARTESIAN_POINT('',(0.,9.5));
#10216 = DIRECTION('',(1.,0.));
#10217 = ( GEOMETRIC_REPRESENTATION_CONTEXT(2) 
PARAMETRIC_REPRESENTATION_CONTEXT() REPRESENTATION_CONTEXT('2D SPACE',''
  ) );
#10218 = ORIENTED_EDGE('',*,*,#1316,.T.);
#10219 = ADVANCED_FACE('',(#10220),#1500,.F.);
#10220 = FACE_BOUND('',#10221,.F.);
#10221 = EDGE_LOOP('',(#10222,#10223,#10244,#10245));
#10222 = ORIENTED_EDGE('',*,*,#1483,.F.);
#10223 = ORIENTED_EDGE('',*,*,#10224,.F.);
#10224 = EDGE_CURVE('',#4188,#1484,#10225,.T.);
#10225 = SEAM_CURVE('',#10226,(#10230,#10237),.PCURVE_S1.);
#10226 = LINE('',#10227,#10228);
#10227 = CARTESIAN_POINT('',(43.65,-18.,-1.));
#10228 = VECTOR('',#10229,1.);
#10229 = DIRECTION('',(0.,0.,1.));
#10230 = PCURVE('',#1500,#10231);
#10231 = DEFINITIONAL_REPRESENTATION('',(#10232),#10236);
#10232 = LINE('',#10233,#10234);
#10233 = CARTESIAN_POINT('',(6.28318530718,-0.));
#10234 = VECTOR('',#10235,1.);
#10235 = DIRECTION('',(0.,1.));
#10236 = ( GEOMETRIC_REPRESENTATION_CONTEXT(2) 
PARAMETRIC_REPRESENTATION_CONTEXT() REPRESENTATION_CONTEXT('2D SPACE',''
  ) );
#10237 = PCURVE('',#1500,#10238);
#10238 = DEFINITIONAL_REPRESENTATION('',(#10239),#10243);
#10239 = LINE('',#10240,#10241);
#10240 = CARTESIAN_POINT('',(0.,-0.));
#10241 = VECTOR('',#10242,1.);
#10242 = DIRECTION('',(0.,1.));
#10243 = ( GEOMETRIC_REPRESENTATION_CONTEXT(2) 
PARAMETRIC_REPRESENTATION_CONTEXT() REPRESENTATION_CONTEXT('2D SPACE',''
  ) );
#10244 = ORIENTED_EDGE('',*,*,#4187,.T.);
#10245 = ORIENTED_EDGE('',*,*,#10224,.T.);
#10246 = ADVANCED_FACE('',(#10247),#1533,.F.);
#10247 = FACE_BOUND('',#10248,.F.);
#10248 = EDGE_LOOP('',(#10249,#10270,#10271,#10292));
#10249 = ORIENTED_EDGE('',*,*,#10250,.F.);
#10250 = EDGE_CURVE('',#4214,#1515,#10251,.T.);
#10251 = SURFACE_CURVE('',#10252,(#10256,#10263),.PCURVE_S1.);
#10252 = LINE('',#10253,#10254);
#10253 = CARTESIAN_POINT('',(-66.5,-5.,-1.));
#10254 = VECTOR('',#10255,1.);
#10255 = DIRECTION('',(0.,0.,1.));
#10256 = PCURVE('',#1533,#10257);
#10257 = DEFINITIONAL_REPRESENTATION('',(#10258),#10262);
#10258 = LINE('',#10259,#10260);
#10259 = CARTESIAN_POINT('',(0.,0.));
#10260 = VECTOR('',#10261,1.);
#10261 = DIRECTION('',(0.,1.));
#10262 = ( GEOMETRIC_REPRESENTATION_CONTEXT(2) 
PARAMETRIC_REPRESENTATION_CONTEXT() REPRESENTATION_CONTEXT('2D SPACE',''
  ) );
#10263 = PCURVE('',#1560,#10264);
#10264 = DEFINITIONAL_REPRESENTATION('',(#10265),#10269);
#10265 = LINE('',#10266,#10267);
#10266 = CARTESIAN_POINT('',(0.,-3.));
#10267 = VECTOR('',#10268,1.);
#10268 = DIRECTION('',(1.,0.));
#10269 = ( GEOMETRIC_REPRESENTATION_CONTEXT(2) 
PARAMETRIC_REPRESENTATION_CONTEXT() REPRESENTATION_CONTEXT('2D SPACE',''
  ) );
#10270 = ORIENTED_EDGE('',*,*,#4213,.T.);
#10271 = ORIENTED_EDGE('',*,*,#10272,.T.);
#10272 = EDGE_CURVE('',#4216,#1517,#10273,.T.);
#10273 = SURFACE_CURVE('',#10274,(#10278,#10285),.PCURVE_S1.);
#10274 = LINE('',#10275,#10276);
#10275 = CARTESIAN_POINT('',(-63.5,-8.,-1.));
#10276 = VECTOR('',#10277,1.);
#10277 = DIRECTION('',(0.,0.,1.));
#10278 = PCURVE('',#1533,#10279);
#10279 = DEFINITIONAL_REPRESENTATION('',(#10280),#10284);
#10280 = LINE('',#10281,#10282);
#10281 = CARTESIAN_POINT('',(1.570796326795,0.));
#10282 = VECTOR('',#10283,1.);
#10283 = DIRECTION('',(0.,1.));
#10284 = ( GEOMETRIC_REPRESENTATION_CONTEXT(2) 
PARAMETRIC_REPRESENTATION_CONTEXT() REPRESENTATION_CONTEXT('2D SPACE',''
  ) );
#10285 = PCURVE('',#1723,#10286);
#10286 = DEFINITIONAL_REPRESENTATION('',(#10287),#10291);
#10287 = LINE('',#10288,#10289);
#10288 = CARTESIAN_POINT('',(0.,3.));
#10289 = VECTOR('',#10290,1.);
#10290 = DIRECTION('',(1.,0.));
#10291 = ( GEOMETRIC_REPRESENTATION_CONTEXT(2) 
PARAMETRIC_REPRESENTATION_CONTEXT() REPRESENTATION_CONTEXT('2D SPACE',''
  ) );
#10292 = ORIENTED_EDGE('',*,*,#1514,.F.);
#10293 = ADVANCED_FACE('',(#10294),#1560,.T.);
#10294 = FACE_BOUND('',#10295,.T.);
#10295 = EDGE_LOOP('',(#10296,#10297,#10298,#10299));
#10296 = ORIENTED_EDGE('',*,*,#1545,.F.);
#10297 = ORIENTED_EDGE('',*,*,#10250,.F.);
#10298 = ORIENTED_EDGE('',*,*,#4239,.T.);
#10299 = ORIENTED_EDGE('',*,*,#10300,.T.);
#10300 = EDGE_CURVE('',#4240,#1546,#10301,.T.);
#10301 = SURFACE_CURVE('',#10302,(#10306,#10313),.PCURVE_S1.);
#10302 = LINE('',#10303,#10304);
#10303 = CARTESIAN_POINT('',(-66.5,5.,-1.));
#10304 = VECTOR('',#10305,1.);
#10305 = DIRECTION('',(0.,0.,1.));
#10306 = PCURVE('',#1560,#10307);
#10307 = DEFINITIONAL_REPRESENTATION('',(#10308),#10312);
#10308 = LINE('',#10309,#10310);
#10309 = CARTESIAN_POINT('',(0.,-13.));
#10310 = VECTOR('',#10311,1.);
#10311 = DIRECTION('',(1.,0.));
#10312 = ( GEOMETRIC_REPRESENTATION_CONTEXT(2) 
PARAMETRIC_REPRESENTATION_CONTEXT() REPRESENTATION_CONTEXT('2D SPACE',''
  ) );
#10313 = PCURVE('',#1588,#10314);
#10314 = DEFINITIONAL_REPRESENTATION('',(#10315),#10319);
#10315 = LINE('',#10316,#10317);
#10316 = CARTESIAN_POINT('',(-0.,0.));
#10317 = VECTOR('',#10318,1.);
#10318 = DIRECTION('',(-0.,1.));
#10319 = ( GEOMETRIC_REPRESENTATION_CONTEXT(2) 
PARAMETRIC_REPRESENTATION_CONTEXT() REPRESENTATION_CONTEXT('2D SPACE',''
  ) );
#10320 = ADVANCED_FACE('',(#10321),#1723,.T.);
#10321 = FACE_BOUND('',#10322,.T.);
#10322 = EDGE_LOOP('',(#10323,#10324,#10325,#10326));
#10323 = ORIENTED_EDGE('',*,*,#4374,.T.);
#10324 = ORIENTED_EDGE('',*,*,#10272,.T.);
#10325 = ORIENTED_EDGE('',*,*,#1710,.F.);
#10326 = ORIENTED_EDGE('',*,*,#10327,.F.);
#10327 = EDGE_CURVE('',#4351,#1682,#10328,.T.);
#10328 = SURFACE_CURVE('',#10329,(#10333,#10340),.PCURVE_S1.);
#10329 = LINE('',#10330,#10331);
#10330 = CARTESIAN_POINT('',(-50.5,-8.,-1.));
#10331 = VECTOR('',#10332,1.);
#10332 = DIRECTION('',(0.,0.,1.));
#10333 = PCURVE('',#1723,#10334);
#10334 = DEFINITIONAL_REPRESENTATION('',(#10335),#10339);
#10335 = LINE('',#10336,#10337);
#10336 = CARTESIAN_POINT('',(0.,16.));
#10337 = VECTOR('',#10338,1.);
#10338 = DIRECTION('',(1.,0.));
#10339 = ( GEOMETRIC_REPRESENTATION_CONTEXT(2) 
PARAMETRIC_REPRESENTATION_CONTEXT() REPRESENTATION_CONTEXT('2D SPACE',''
  ) );
#10340 = PCURVE('',#1698,#10341);
#10341 = DEFINITIONAL_REPRESENTATION('',(#10342),#10346);
#10342 = LINE('',#10343,#10344);
#10343 = CARTESIAN_POINT('',(-1.570796326795,0.));
#10344 = VECTOR('',#10345,1.);
#10345 = DIRECTION('',(-0.,1.));
#10346 = ( GEOMETRIC_REPRESENTATION_CONTEXT(2) 
PARAMETRIC_REPRESENTATION_CONTEXT() REPRESENTATION_CONTEXT('2D SPACE',''
  ) );
#10347 = ADVANCED_FACE('',(#10348),#1588,.F.);
#10348 = FACE_BOUND('',#10349,.T.);
#10349 = EDGE_LOOP('',(#10350,#10351,#10352,#10373));
#10350 = ORIENTED_EDGE('',*,*,#10300,.F.);
#10351 = ORIENTED_EDGE('',*,*,#4260,.F.);
#10352 = ORIENTED_EDGE('',*,*,#10353,.T.);
#10353 = EDGE_CURVE('',#4261,#1572,#10354,.T.);
#10354 = SURFACE_CURVE('',#10355,(#10359,#10366),.PCURVE_S1.);
#10355 = LINE('',#10356,#10357);
#10356 = CARTESIAN_POINT('',(-63.5,8.,-1.));
#10357 = VECTOR('',#10358,1.);
#10358 = DIRECTION('',(0.,0.,1.));
#10359 = PCURVE('',#1588,#10360);
#10360 = DEFINITIONAL_REPRESENTATION('',(#10361),#10365);
#10361 = LINE('',#10362,#10363);
#10362 = CARTESIAN_POINT('',(-1.570796326795,0.));
#10363 = VECTOR('',#10364,1.);
#10364 = DIRECTION('',(-0.,1.));
#10365 = ( GEOMETRIC_REPRESENTATION_CONTEXT(2) 
PARAMETRIC_REPRESENTATION_CONTEXT() REPRESENTATION_CONTEXT('2D SPACE',''
  ) );
#10366 = PCURVE('',#1615,#10367);
#10367 = DEFINITIONAL_REPRESENTATION('',(#10368),#10372);
#10368 = LINE('',#10369,#10370);
#10369 = CARTESIAN_POINT('',(0.,3.));
#10370 = VECTOR('',#10371,1.);
#10371 = DIRECTION('',(1.,0.));
#10372 = ( GEOMETRIC_REPRESENTATION_CONTEXT(2) 
PARAMETRIC_REPRESENTATION_CONTEXT() REPRESENTATION_CONTEXT('2D SPACE',''
  ) );
#10373 = ORIENTED_EDGE('',*,*,#1571,.T.);
#10374 = ADVANCED_FACE('',(#10375),#1698,.F.);
#10375 = FACE_BOUND('',#10376,.T.);
#10376 = EDGE_LOOP('',(#10377,#10398,#10399,#10400));
#10377 = ORIENTED_EDGE('',*,*,#10378,.F.);
#10378 = EDGE_CURVE('',#4330,#1656,#10379,.T.);
#10379 = SURFACE_CURVE('',#10380,(#10384,#10391),.PCURVE_S1.);
#10380 = LINE('',#10381,#10382);
#10381 = CARTESIAN_POINT('',(-47.5,-5.,-1.));
#10382 = VECTOR('',#10383,1.);
#10383 = DIRECTION('',(0.,0.,1.));
#10384 = PCURVE('',#1698,#10385);
#10385 = DEFINITIONAL_REPRESENTATION('',(#10386),#10390);
#10386 = LINE('',#10387,#10388);
#10387 = CARTESIAN_POINT('',(-0.,0.));
#10388 = VECTOR('',#10389,1.);
#10389 = DIRECTION('',(-0.,1.));
#10390 = ( GEOMETRIC_REPRESENTATION_CONTEXT(2) 
PARAMETRIC_REPRESENTATION_CONTEXT() REPRESENTATION_CONTEXT('2D SPACE',''
  ) );
#10391 = PCURVE('',#1670,#10392);
#10392 = DEFINITIONAL_REPRESENTATION('',(#10393),#10397);
#10393 = LINE('',#10394,#10395);
#10394 = CARTESIAN_POINT('',(0.,-3.));
#10395 = VECTOR('',#10396,1.);
#10396 = DIRECTION('',(1.,0.));
#10397 = ( GEOMETRIC_REPRESENTATION_CONTEXT(2) 
PARAMETRIC_REPRESENTATION_CONTEXT() REPRESENTATION_CONTEXT('2D SPACE',''
  ) );
#10398 = ORIENTED_EDGE('',*,*,#4350,.F.);
#10399 = ORIENTED_EDGE('',*,*,#10327,.T.);
#10400 = ORIENTED_EDGE('',*,*,#1681,.T.);
#10401 = ADVANCED_FACE('',(#10402),#1615,.F.);
#10402 = FACE_BOUND('',#10403,.F.);
#10403 = EDGE_LOOP('',(#10404,#10405,#10406,#10407));
#10404 = ORIENTED_EDGE('',*,*,#4284,.T.);
#10405 = ORIENTED_EDGE('',*,*,#10353,.T.);
#10406 = ORIENTED_EDGE('',*,*,#1600,.F.);
#10407 = ORIENTED_EDGE('',*,*,#10408,.F.);
#10408 = EDGE_CURVE('',#4285,#1601,#10409,.T.);
#10409 = SURFACE_CURVE('',#10410,(#10414,#10421),.PCURVE_S1.);
#10410 = LINE('',#10411,#10412);
#10411 = CARTESIAN_POINT('',(-50.5,8.,-1.));
#10412 = VECTOR('',#10413,1.);
#10413 = DIRECTION('',(0.,0.,1.));
#10414 = PCURVE('',#1615,#10415);
#10415 = DEFINITIONAL_REPRESENTATION('',(#10416),#10420);
#10416 = LINE('',#10417,#10418);
#10417 = CARTESIAN_POINT('',(0.,16.));
#10418 = VECTOR('',#10419,1.);
#10419 = DIRECTION('',(1.,0.));
#10420 = ( GEOMETRIC_REPRESENTATION_CONTEXT(2) 
PARAMETRIC_REPRESENTATION_CONTEXT() REPRESENTATION_CONTEXT('2D SPACE',''
  ) );
#10421 = PCURVE('',#1643,#10422);
#10422 = DEFINITIONAL_REPRESENTATION('',(#10423),#10427);
#10423 = LINE('',#10424,#10425);
#10424 = CARTESIAN_POINT('',(1.570796326795,0.));
#10425 = VECTOR('',#10426,1.);
#10426 = DIRECTION('',(0.,1.));
#10427 = ( GEOMETRIC_REPRESENTATION_CONTEXT(2) 
PARAMETRIC_REPRESENTATION_CONTEXT() REPRESENTATION_CONTEXT('2D SPACE',''
  ) );
#10428 = ADVANCED_FACE('',(#10429),#1670,.F.);
#10429 = FACE_BOUND('',#10430,.F.);
#10430 = EDGE_LOOP('',(#10431,#10432,#10433,#10434));
#10431 = ORIENTED_EDGE('',*,*,#1655,.F.);
#10432 = ORIENTED_EDGE('',*,*,#10378,.F.);
#10433 = ORIENTED_EDGE('',*,*,#4329,.T.);
#10434 = ORIENTED_EDGE('',*,*,#10435,.T.);
#10435 = EDGE_CURVE('',#4306,#1627,#10436,.T.);
#10436 = SURFACE_CURVE('',#10437,(#10441,#10448),.PCURVE_S1.);
#10437 = LINE('',#10438,#10439);
#10438 = CARTESIAN_POINT('',(-47.5,5.,-1.));
#10439 = VECTOR('',#10440,1.);
#10440 = DIRECTION('',(0.,0.,1.));
#10441 = PCURVE('',#1670,#10442);
#10442 = DEFINITIONAL_REPRESENTATION('',(#10443),#10447);
#10443 = LINE('',#10444,#10445);
#10444 = CARTESIAN_POINT('',(0.,-13.));
#10445 = VECTOR('',#10446,1.);
#10446 = DIRECTION('',(1.,0.));
#10447 = ( GEOMETRIC_REPRESENTATION_CONTEXT(2) 
PARAMETRIC_REPRESENTATION_CONTEXT() REPRESENTATION_CONTEXT('2D SPACE',''
  ) );
#10448 = PCURVE('',#1643,#10449);
#10449 = DEFINITIONAL_REPRESENTATION('',(#10450),#10454);
#10450 = LINE('',#10451,#10452);
#10451 = CARTESIAN_POINT('',(0.,0.));
#10452 = VECTOR('',#10453,1.);
#10453 = DIRECTION('',(0.,1.));
#10454 = ( GEOMETRIC_REPRESENTATION_CONTEXT(2) 
PARAMETRIC_REPRESENTATION_CONTEXT() REPRESENTATION_CONTEXT('2D SPACE',''
  ) );
#10455 = ADVANCED_FACE('',(#10456),#1643,.F.);
#10456 = FACE_BOUND('',#10457,.F.);
#10457 = EDGE_LOOP('',(#10458,#10459,#10460,#10461));
#10458 = ORIENTED_EDGE('',*,*,#10435,.F.);
#10459 = ORIENTED_EDGE('',*,*,#4305,.T.);
#10460 = ORIENTED_EDGE('',*,*,#10408,.T.);
#10461 = ORIENTED_EDGE('',*,*,#1626,.F.);
#10462 = ADVANCED_FACE('',(#10463),#1753,.F.);
#10463 = FACE_BOUND('',#10464,.F.);
#10464 = EDGE_LOOP('',(#10465,#10466,#10487,#10488));
#10465 = ORIENTED_EDGE('',*,*,#1736,.F.);
#10466 = ORIENTED_EDGE('',*,*,#10467,.F.);
#10467 = EDGE_CURVE('',#4396,#1737,#10468,.T.);
#10468 = SEAM_CURVE('',#10469,(#10473,#10480),.PCURVE_S1.);
#10469 = LINE('',#10470,#10471);
#10470 = CARTESIAN_POINT('',(-40.35,18.,-1.));
#10471 = VECTOR('',#10472,1.);
#10472 = DIRECTION('',(0.,0.,1.));
#10473 = PCURVE('',#1753,#10474);
#10474 = DEFINITIONAL_REPRESENTATION('',(#10475),#10479);
#10475 = LINE('',#10476,#10477);
#10476 = CARTESIAN_POINT('',(6.28318530718,-0.));
#10477 = VECTOR('',#10478,1.);
#10478 = DIRECTION('',(0.,1.));
#10479 = ( GEOMETRIC_REPRESENTATION_CONTEXT(2) 
PARAMETRIC_REPRESENTATION_CONTEXT() REPRESENTATION_CONTEXT('2D SPACE',''
  ) );
#10480 = PCURVE('',#1753,#10481);
#10481 = DEFINITIONAL_REPRESENTATION('',(#10482),#10486);
#10482 = LINE('',#10483,#10484);
#10483 = CARTESIAN_POINT('',(0.,-0.));
#10484 = VECTOR('',#10485,1.);
#10485 = DIRECTION('',(0.,1.));
#10486 = ( GEOMETRIC_REPRESENTATION_CONTEXT(2) 
PARAMETRIC_REPRESENTATION_CONTEXT() REPRESENTATION_CONTEXT('2D SPACE',''
  ) );
#10487 = ORIENTED_EDGE('',*,*,#4395,.T.);
#10488 = ORIENTED_EDGE('',*,*,#10467,.T.);
#10489 = ADVANCED_FACE('',(#10490),#1786,.F.);
#10490 = FACE_BOUND('',#10491,.F.);
#10491 = EDGE_LOOP('',(#10492,#10513,#10514,#10535));
#10492 = ORIENTED_EDGE('',*,*,#10493,.F.);
#10493 = EDGE_CURVE('',#4422,#1768,#10494,.T.);
#10494 = SURFACE_CURVE('',#10495,(#10499,#10506),.PCURVE_S1.);
#10495 = LINE('',#10496,#10497);
#10496 = CARTESIAN_POINT('',(-66.5,19.,-1.));
#10497 = VECTOR('',#10498,1.);
#10498 = DIRECTION('',(0.,0.,1.));
#10499 = PCURVE('',#1786,#10500);
#10500 = DEFINITIONAL_REPRESENTATION('',(#10501),#10505);
#10501 = LINE('',#10502,#10503);
#10502 = CARTESIAN_POINT('',(0.,0.));
#10503 = VECTOR('',#10504,1.);
#10504 = DIRECTION('',(0.,1.));
#10505 = ( GEOMETRIC_REPRESENTATION_CONTEXT(2) 
PARAMETRIC_REPRESENTATION_CONTEXT() REPRESENTATION_CONTEXT('2D SPACE',''
  ) );
#10506 = PCURVE('',#1813,#10507);
#10507 = DEFINITIONAL_REPRESENTATION('',(#10508),#10512);
#10508 = LINE('',#10509,#10510);
#10509 = CARTESIAN_POINT('',(0.,-3.));
#10510 = VECTOR('',#10511,1.);
#10511 = DIRECTION('',(1.,0.));
#10512 = ( GEOMETRIC_REPRESENTATION_CONTEXT(2) 
PARAMETRIC_REPRESENTATION_CONTEXT() REPRESENTATION_CONTEXT('2D SPACE',''
  ) );
#10513 = ORIENTED_EDGE('',*,*,#4421,.T.);
#10514 = ORIENTED_EDGE('',*,*,#10515,.T.);
#10515 = EDGE_CURVE('',#4424,#1770,#10516,.T.);
#10516 = SURFACE_CURVE('',#10517,(#10521,#10528),.PCURVE_S1.);
#10517 = LINE('',#10518,#10519);
#10518 = CARTESIAN_POINT('',(-63.5,16.,-1.));
#10519 = VECTOR('',#10520,1.);
#10520 = DIRECTION('',(0.,0.,1.));
#10521 = PCURVE('',#1786,#10522);
#10522 = DEFINITIONAL_REPRESENTATION('',(#10523),#10527);
#10523 = LINE('',#10524,#10525);
#10524 = CARTESIAN_POINT('',(1.570796326795,0.));
#10525 = VECTOR('',#10526,1.);
#10526 = DIRECTION('',(0.,1.));
#10527 = ( GEOMETRIC_REPRESENTATION_CONTEXT(2) 
PARAMETRIC_REPRESENTATION_CONTEXT() REPRESENTATION_CONTEXT('2D SPACE',''
  ) );
#10528 = PCURVE('',#2088,#10529);
#10529 = DEFINITIONAL_REPRESENTATION('',(#10530),#10534);
#10530 = LINE('',#10531,#10532);
#10531 = CARTESIAN_POINT('',(0.,3.));
#10532 = VECTOR('',#10533,1.);
#10533 = DIRECTION('',(1.,0.));
#10534 = ( GEOMETRIC_REPRESENTATION_CONTEXT(2) 
PARAMETRIC_REPRESENTATION_CONTEXT() REPRESENTATION_CONTEXT('2D SPACE',''
  ) );
#10535 = ORIENTED_EDGE('',*,*,#1767,.F.);
#10536 = ADVANCED_FACE('',(#10537),#1813,.T.);
#10537 = FACE_BOUND('',#10538,.T.);
#10538 = EDGE_LOOP('',(#10539,#10540,#10541,#10542));
#10539 = ORIENTED_EDGE('',*,*,#1798,.F.);
#10540 = ORIENTED_EDGE('',*,*,#10493,.F.);
#10541 = ORIENTED_EDGE('',*,*,#4447,.T.);
#10542 = ORIENTED_EDGE('',*,*,#10543,.T.);
#10543 = EDGE_CURVE('',#4448,#1799,#10544,.T.);
#10544 = SURFACE_CURVE('',#10545,(#10549,#10556),.PCURVE_S1.);
#10545 = LINE('',#10546,#10547);
#10546 = CARTESIAN_POINT('',(-66.5,29.,-1.));
#10547 = VECTOR('',#10548,1.);
#10548 = DIRECTION('',(0.,0.,1.));
#10549 = PCURVE('',#1813,#10550);
#10550 = DEFINITIONAL_REPRESENTATION('',(#10551),#10555);
#10551 = LINE('',#10552,#10553);
#10552 = CARTESIAN_POINT('',(0.,-13.));
#10553 = VECTOR('',#10554,1.);
#10554 = DIRECTION('',(1.,0.));
#10555 = ( GEOMETRIC_REPRESENTATION_CONTEXT(2) 
PARAMETRIC_REPRESENTATION_CONTEXT() REPRESENTATION_CONTEXT('2D SPACE',''
  ) );
#10556 = PCURVE('',#1841,#10557);
#10557 = DEFINITIONAL_REPRESENTATION('',(#10558),#10562);
#10558 = LINE('',#10559,#10560);
#10559 = CARTESIAN_POINT('',(-0.,0.));
#10560 = VECTOR('',#10561,1.);
#10561 = DIRECTION('',(-0.,1.));
#10562 = ( GEOMETRIC_REPRESENTATION_CONTEXT(2) 
PARAMETRIC_REPRESENTATION_CONTEXT() REPRESENTATION_CONTEXT('2D SPACE',''
  ) );
#10563 = ADVANCED_FACE('',(#10564),#2088,.T.);
#10564 = FACE_BOUND('',#10565,.T.);
#10565 = EDGE_LOOP('',(#10566,#10567,#10568,#10569));
#10566 = ORIENTED_EDGE('',*,*,#4582,.T.);
#10567 = ORIENTED_EDGE('',*,*,#10515,.T.);
#10568 = ORIENTED_EDGE('',*,*,#2075,.F.);
#10569 = ORIENTED_EDGE('',*,*,#10570,.F.);
#10570 = EDGE_CURVE('',#4559,#2047,#10571,.T.);
#10571 = SURFACE_CURVE('',#10572,(#10576,#10583),.PCURVE_S1.);
#10572 = LINE('',#10573,#10574);
#10573 = CARTESIAN_POINT('',(-50.5,16.,-1.));
#10574 = VECTOR('',#10575,1.);
#10575 = DIRECTION('',(0.,0.,1.));
#10576 = PCURVE('',#2088,#10577);
#10577 = DEFINITIONAL_REPRESENTATION('',(#10578),#10582);
#10578 = LINE('',#10579,#10580);
#10579 = CARTESIAN_POINT('',(0.,16.));
#10580 = VECTOR('',#10581,1.);
#10581 = DIRECTION('',(1.,0.));
#10582 = ( GEOMETRIC_REPRESENTATION_CONTEXT(2) 
PARAMETRIC_REPRESENTATION_CONTEXT() REPRESENTATION_CONTEXT('2D SPACE',''
  ) );
#10583 = PCURVE('',#2063,#10584);
#10584 = DEFINITIONAL_REPRESENTATION('',(#10585),#10589);
#10585 = LINE('',#10586,#10587);
#10586 = CARTESIAN_POINT('',(-1.570796326795,0.));
#10587 = VECTOR('',#10588,1.);
#10588 = DIRECTION('',(-0.,1.));
#10589 = ( GEOMETRIC_REPRESENTATION_CONTEXT(2) 
PARAMETRIC_REPRESENTATION_CONTEXT() REPRESENTATION_CONTEXT('2D SPACE',''
  ) );
#10590 = ADVANCED_FACE('',(#10591),#1841,.F.);
#10591 = FACE_BOUND('',#10592,.T.);
#10592 = EDGE_LOOP('',(#10593,#10594,#10595,#10616,#10643));
#10593 = ORIENTED_EDGE('',*,*,#10543,.F.);
#10594 = ORIENTED_EDGE('',*,*,#4468,.F.);
#10595 = ORIENTED_EDGE('',*,*,#10596,.T.);
#10596 = EDGE_CURVE('',#4469,#1938,#10597,.T.);
#10597 = SURFACE_CURVE('',#10598,(#10602,#10609),.PCURVE_S1.);
#10598 = LINE('',#10599,#10600);
#10599 = CARTESIAN_POINT('',(-63.5,32.,-1.));
#10600 = VECTOR('',#10601,1.);
#10601 = DIRECTION('',(0.,0.,1.));
#10602 = PCURVE('',#1841,#10603);
#10603 = DEFINITIONAL_REPRESENTATION('',(#10604),#10608);
#10604 = LINE('',#10605,#10606);
#10605 = CARTESIAN_POINT('',(-1.570796326795,0.));
#10606 = VECTOR('',#10607,1.);
#10607 = DIRECTION('',(-0.,1.));
#10608 = ( GEOMETRIC_REPRESENTATION_CONTEXT(2) 
PARAMETRIC_REPRESENTATION_CONTEXT() REPRESENTATION_CONTEXT('2D SPACE',''
  ) );
#10609 = PCURVE('',#1980,#10610);
#10610 = DEFINITIONAL_REPRESENTATION('',(#10611),#10615);
#10611 = LINE('',#10612,#10613);
#10612 = CARTESIAN_POINT('',(0.,3.));
#10613 = VECTOR('',#10614,1.);
#10614 = DIRECTION('',(1.,0.));
#10615 = ( GEOMETRIC_REPRESENTATION_CONTEXT(2) 
PARAMETRIC_REPRESENTATION_CONTEXT() REPRESENTATION_CONTEXT('2D SPACE',''
  ) );
#10616 = ORIENTED_EDGE('',*,*,#10617,.T.);
#10617 = EDGE_CURVE('',#1938,#1825,#10618,.T.);
#10618 = SURFACE_CURVE('',#10619,(#10624,#10631),.PCURVE_S1.);
#10619 = CIRCLE('',#10620,3.);
#10620 = AXIS2_PLACEMENT_3D('',#10621,#10622,#10623);
#10621 = CARTESIAN_POINT('',(-63.5,29.,3.));
#10622 = DIRECTION('',(0.,0.,1.));
#10623 = DIRECTION('',(-1.,-0.,0.));
#10624 = PCURVE('',#1841,#10625);
#10625 = DEFINITIONAL_REPRESENTATION('',(#10626),#10630);
#10626 = LINE('',#10627,#10628);
#10627 = CARTESIAN_POINT('',(-6.28318530718,4.));
#10628 = VECTOR('',#10629,1.);
#10629 = DIRECTION('',(1.,-0.));
#10630 = ( GEOMETRIC_REPRESENTATION_CONTEXT(2) 
PARAMETRIC_REPRESENTATION_CONTEXT() REPRESENTATION_CONTEXT('2D SPACE',''
  ) );
#10631 = PCURVE('',#10632,#10637);
#10632 = PLANE('',#10633);
#10633 = AXIS2_PLACEMENT_3D('',#10634,#10635,#10636);
#10634 = CARTESIAN_POINT('',(-72.5,29.5,3.));
#10635 = DIRECTION('',(0.,0.,1.));
#10636 = DIRECTION('',(1.,0.,0.));
#10637 = DEFINITIONAL_REPRESENTATION('',(#10638),#10642);
#10638 = CIRCLE('',#10639,3.);
#10639 = AXIS2_PLACEMENT_2D('',#10640,#10641);
#10640 = CARTESIAN_POINT('',(9.,-0.5));
#10641 = DIRECTION('',(-1.,0.));
#10642 = ( GEOMETRIC_REPRESENTATION_CONTEXT(2) 
PARAMETRIC_REPRESENTATION_CONTEXT() REPRESENTATION_CONTEXT('2D SPACE',''
  ) );
#10643 = ORIENTED_EDGE('',*,*,#1824,.T.);
#10644 = ADVANCED_FACE('',(#10645),#2063,.F.);
#10645 = FACE_BOUND('',#10646,.T.);
#10646 = EDGE_LOOP('',(#10647,#10668,#10669,#10670));
#10647 = ORIENTED_EDGE('',*,*,#10648,.F.);
#10648 = EDGE_CURVE('',#4538,#2021,#10649,.T.);
#10649 = SURFACE_CURVE('',#10650,(#10654,#10661),.PCURVE_S1.);
#10650 = LINE('',#10651,#10652);
#10651 = CARTESIAN_POINT('',(-47.5,19.,-1.));
#10652 = VECTOR('',#10653,1.);
#10653 = DIRECTION('',(0.,0.,1.));
#10654 = PCURVE('',#2063,#10655);
#10655 = DEFINITIONAL_REPRESENTATION('',(#10656),#10660);
#10656 = LINE('',#10657,#10658);
#10657 = CARTESIAN_POINT('',(-0.,0.));
#10658 = VECTOR('',#10659,1.);
#10659 = DIRECTION('',(-0.,1.));
#10660 = ( GEOMETRIC_REPRESENTATION_CONTEXT(2) 
PARAMETRIC_REPRESENTATION_CONTEXT() REPRESENTATION_CONTEXT('2D SPACE',''
  ) );
#10661 = PCURVE('',#2035,#10662);
#10662 = DEFINITIONAL_REPRESENTATION('',(#10663),#10667);
#10663 = LINE('',#10664,#10665);
#10664 = CARTESIAN_POINT('',(0.,-3.));
#10665 = VECTOR('',#10666,1.);
#10666 = DIRECTION('',(1.,0.));
#10667 = ( GEOMETRIC_REPRESENTATION_CONTEXT(2) 
PARAMETRIC_REPRESENTATION_CONTEXT() REPRESENTATION_CONTEXT('2D SPACE',''
  ) );
#10668 = ORIENTED_EDGE('',*,*,#4558,.F.);
#10669 = ORIENTED_EDGE('',*,*,#10570,.T.);
#10670 = ORIENTED_EDGE('',*,*,#2046,.T.);
#10671 = ADVANCED_FACE('',(#10672),#1869,.F.);
#10672 = FACE_BOUND('',#10673,.F.);
#10673 = EDGE_LOOP('',(#10674,#10675,#10698,#10724,#10747));
#10674 = ORIENTED_EDGE('',*,*,#1853,.F.);
#10675 = ORIENTED_EDGE('',*,*,#10676,.T.);
#10676 = EDGE_CURVE('',#1854,#10677,#10679,.T.);
#10677 = VERTEX_POINT('',#10678);
#10678 = CARTESIAN_POINT('',(-72.5,29.5,27.));
#10679 = SURFACE_CURVE('',#10680,(#10684,#10691),.PCURVE_S1.);
#10680 = LINE('',#10681,#10682);
#10681 = CARTESIAN_POINT('',(-72.5,29.5,3.));
#10682 = VECTOR('',#10683,1.);
#10683 = DIRECTION('',(0.,0.,1.));
#10684 = PCURVE('',#1869,#10685);
#10685 = DEFINITIONAL_REPRESENTATION('',(#10686),#10690);
#10686 = LINE('',#10687,#10688);
#10687 = CARTESIAN_POINT('',(0.,0.));
#10688 = VECTOR('',#10689,1.);
#10689 = DIRECTION('',(1.,0.));
#10690 = ( GEOMETRIC_REPRESENTATION_CONTEXT(2) 
PARAMETRIC_REPRESENTATION_CONTEXT() REPRESENTATION_CONTEXT('2D SPACE',''
  ) );
#10691 = PCURVE('',#1897,#10692);
#10692 = DEFINITIONAL_REPRESENTATION('',(#10693),#10697);
#10693 = LINE('',#10694,#10695);
#10694 = CARTESIAN_POINT('',(0.,0.));
#10695 = VECTOR('',#10696,1.);
#10696 = DIRECTION('',(1.,0.));
#10697 = ( GEOMETRIC_REPRESENTATION_CONTEXT(2) 
PARAMETRIC_REPRESENTATION_CONTEXT() REPRESENTATION_CONTEXT('2D SPACE',''
  ) );
#10698 = ORIENTED_EDGE('',*,*,#10699,.T.);
#10699 = EDGE_CURVE('',#10677,#10700,#10702,.T.);
#10700 = VERTEX_POINT('',#10701);
#10701 = CARTESIAN_POINT('',(-63.5,29.5,27.));
#10702 = SURFACE_CURVE('',#10703,(#10707,#10713),.PCURVE_S1.);
#10703 = LINE('',#10704,#10705);
#10704 = CARTESIAN_POINT('',(-72.5,29.5,27.));
#10705 = VECTOR('',#10706,1.);
#10706 = DIRECTION('',(1.,0.,0.));
#10707 = PCURVE('',#1869,#10708);
#10708 = DEFINITIONAL_REPRESENTATION('',(#10709),#10712);
#10709 = B_SPLINE_CURVE_WITH_KNOTS('',1,(#10710,#10711),.UNSPECIFIED.,
  .F.,.F.,(2,2),(0.,9.),.PIECEWISE_BEZIER_KNOTS.);
#10710 = CARTESIAN_POINT('',(24.,0.));
#10711 = CARTESIAN_POINT('',(24.,9.));
#10712 = ( GEOMETRIC_REPRESENTATION_CONTEXT(2) 
PARAMETRIC_REPRESENTATION_CONTEXT() REPRESENTATION_CONTEXT('2D SPACE',''
  ) );
#10713 = PCURVE('',#10714,#10719);
#10714 = PLANE('',#10715);
#10715 = AXIS2_PLACEMENT_3D('',#10716,#10717,#10718);
#10716 = CARTESIAN_POINT('',(-72.5,23.,27.));
#10717 = DIRECTION('',(0.,0.,1.));
#10718 = DIRECTION('',(1.,0.,0.));
#10719 = DEFINITIONAL_REPRESENTATION('',(#10720),#10723);
#10720 = B_SPLINE_CURVE_WITH_KNOTS('',1,(#10721,#10722),.UNSPECIFIED.,
  .F.,.F.,(2,2),(0.,9.),.PIECEWISE_BEZIER_KNOTS.);
#10721 = CARTESIAN_POINT('',(0.,6.5));
#10722 = CARTESIAN_POINT('',(9.,6.5));
#10723 = ( GEOMETRIC_REPRESENTATION_CONTEXT(2) 
PARAMETRIC_REPRESENTATION_CONTEXT() REPRESENTATION_CONTEXT('2D SPACE',''
  ) );
#10724 = ORIENTED_EDGE('',*,*,#10725,.F.);
#10725 = EDGE_CURVE('',#10726,#10700,#10728,.T.);
#10726 = VERTEX_POINT('',#10727);
#10727 = CARTESIAN_POINT('',(-63.5,29.5,3.));
#10728 = SURFACE_CURVE('',#10729,(#10733,#10740),.PCURVE_S1.);
#10729 = LINE('',#10730,#10731);
#10730 = CARTESIAN_POINT('',(-63.5,29.5,3.));
#10731 = VECTOR('',#10732,1.);
#10732 = DIRECTION('',(0.,0.,1.));
#10733 = PCURVE('',#1869,#10734);
#10734 = DEFINITIONAL_REPRESENTATION('',(#10735),#10739);
#10735 = LINE('',#10736,#10737);
#10736 = CARTESIAN_POINT('',(0.,9.));
#10737 = VECTOR('',#10738,1.);
#10738 = DIRECTION('',(1.,0.));
#10739 = ( GEOMETRIC_REPRESENTATION_CONTEXT(2) 
PARAMETRIC_REPRESENTATION_CONTEXT() REPRESENTATION_CONTEXT('2D SPACE',''
  ) );
#10740 = PCURVE('',#1953,#10741);
#10741 = DEFINITIONAL_REPRESENTATION('',(#10742),#10746);
#10742 = LINE('',#10743,#10744);
#10743 = CARTESIAN_POINT('',(0.,0.));
#10744 = VECTOR('',#10745,1.);
#10745 = DIRECTION('',(1.,0.));
#10746 = ( GEOMETRIC_REPRESENTATION_CONTEXT(2) 
PARAMETRIC_REPRESENTATION_CONTEXT() REPRESENTATION_CONTEXT('2D SPACE',''
  ) );
#10747 = ORIENTED_EDGE('',*,*,#10748,.F.);
#10748 = EDGE_CURVE('',#1825,#10726,#10749,.T.);
#10749 = SURFACE_CURVE('',#10750,(#10754,#10761),.PCURVE_S1.);
#10750 = LINE('',#10751,#10752);
#10751 = CARTESIAN_POINT('',(-72.5,29.5,3.));
#10752 = VECTOR('',#10753,1.);
#10753 = DIRECTION('',(1.,0.,0.));
#10754 = PCURVE('',#1869,#10755);
#10755 = DEFINITIONAL_REPRESENTATION('',(#10756),#10760);
#10756 = LINE('',#10757,#10758);
#10757 = CARTESIAN_POINT('',(0.,0.));
#10758 = VECTOR('',#10759,1.);
#10759 = DIRECTION('',(0.,1.));
#10760 = ( GEOMETRIC_REPRESENTATION_CONTEXT(2) 
PARAMETRIC_REPRESENTATION_CONTEXT() REPRESENTATION_CONTEXT('2D SPACE',''
  ) );
#10761 = PCURVE('',#10632,#10762);
#10762 = DEFINITIONAL_REPRESENTATION('',(#10763),#10767);
#10763 = LINE('',#10764,#10765);
#10764 = CARTESIAN_POINT('',(0.,0.));
#10765 = VECTOR('',#10766,1.);
#10766 = DIRECTION('',(1.,0.));
#10767 = ( GEOMETRIC_REPRESENTATION_CONTEXT(2) 
PARAMETRIC_REPRESENTATION_CONTEXT() REPRESENTATION_CONTEXT('2D SPACE',''
  ) );
#10768 = ADVANCED_FACE('',(#10769),#2035,.F.);
#10769 = FACE_BOUND('',#10770,.F.);
#10770 = EDGE_LOOP('',(#10771,#10772,#10773,#10774));
#10771 = ORIENTED_EDGE('',*,*,#2020,.F.);
#10772 = ORIENTED_EDGE('',*,*,#10648,.F.);
#10773 = ORIENTED_EDGE('',*,*,#4537,.T.);
#10774 = ORIENTED_EDGE('',*,*,#10775,.T.);
#10775 = EDGE_CURVE('',#4514,#1992,#10776,.T.);
#10776 = SURFACE_CURVE('',#10777,(#10781,#10788),.PCURVE_S1.);
#10777 = LINE('',#10778,#10779);
#10778 = CARTESIAN_POINT('',(-47.5,29.,-1.));
#10779 = VECTOR('',#10780,1.);
#10780 = DIRECTION('',(0.,0.,1.));
#10781 = PCURVE('',#2035,#10782);
#10782 = DEFINITIONAL_REPRESENTATION('',(#10783),#10787);
#10783 = LINE('',#10784,#10785);
#10784 = CARTESIAN_POINT('',(0.,-13.));
#10785 = VECTOR('',#10786,1.);
#10786 = DIRECTION('',(1.,0.));
#10787 = ( GEOMETRIC_REPRESENTATION_CONTEXT(2) 
PARAMETRIC_REPRESENTATION_CONTEXT() REPRESENTATION_CONTEXT('2D SPACE',''
  ) );
#10788 = PCURVE('',#2008,#10789);
#10789 = DEFINITIONAL_REPRESENTATION('',(#10790),#10794);
#10790 = LINE('',#10791,#10792);
#10791 = CARTESIAN_POINT('',(0.,0.));
#10792 = VECTOR('',#10793,1.);
#10793 = DIRECTION('',(0.,1.));
#10794 = ( GEOMETRIC_REPRESENTATION_CONTEXT(2) 
PARAMETRIC_REPRESENTATION_CONTEXT() REPRESENTATION_CONTEXT('2D SPACE',''
  ) );
#10795 = ADVANCED_FACE('',(#10796),#1897,.F.);
#10796 = FACE_BOUND('',#10797,.F.);
#10797 = EDGE_LOOP('',(#10798,#10799,#10800,#10823,#10845,#10873,#10901,
    #10929));
#10798 = ORIENTED_EDGE('',*,*,#10676,.F.);
#10799 = ORIENTED_EDGE('',*,*,#1881,.T.);
#10800 = ORIENTED_EDGE('',*,*,#10801,.T.);
#10801 = EDGE_CURVE('',#1882,#10802,#10804,.T.);
#10802 = VERTEX_POINT('',#10803);
#10803 = CARTESIAN_POINT('',(-72.5,38.5,56.));
#10804 = SURFACE_CURVE('',#10805,(#10809,#10816),.PCURVE_S1.);
#10805 = LINE('',#10806,#10807);
#10806 = CARTESIAN_POINT('',(-72.5,38.5,3.));
#10807 = VECTOR('',#10808,1.);
#10808 = DIRECTION('',(0.,0.,1.));
#10809 = PCURVE('',#1897,#10810);
#10810 = DEFINITIONAL_REPRESENTATION('',(#10811),#10815);
#10811 = LINE('',#10812,#10813);
#10812 = CARTESIAN_POINT('',(0.,-9.));
#10813 = VECTOR('',#10814,1.);
#10814 = DIRECTION('',(1.,0.));
#10815 = ( GEOMETRIC_REPRESENTATION_CONTEXT(2) 
PARAMETRIC_REPRESENTATION_CONTEXT() REPRESENTATION_CONTEXT('2D SPACE',''
  ) );
#10816 = PCURVE('',#1925,#10817);
#10817 = DEFINITIONAL_REPRESENTATION('',(#10818),#10822);
#10818 = LINE('',#10819,#10820);
#10819 = CARTESIAN_POINT('',(0.,0.));
#10820 = VECTOR('',#10821,1.);
#10821 = DIRECTION('',(1.,0.));
#10822 = ( GEOMETRIC_REPRESENTATION_CONTEXT(2) 
PARAMETRIC_REPRESENTATION_CONTEXT() REPRESENTATION_CONTEXT('2D SPACE',''
  ) );
#10823 = ORIENTED_EDGE('',*,*,#10824,.F.);
#10824 = EDGE_CURVE('',#10825,#10802,#10827,.T.);
#10825 = VERTEX_POINT('',#10826);
#10826 = CARTESIAN_POINT('',(-72.5,29.5,56.));
#10827 = SURFACE_CURVE('',#10828,(#10832,#10839),.PCURVE_S1.);
#10828 = LINE('',#10829,#10830);
#10829 = CARTESIAN_POINT('',(-72.5,-7.25,56.));
#10830 = VECTOR('',#10831,1.);
#10831 = DIRECTION('',(0.,1.,0.));
#10832 = PCURVE('',#1897,#10833);
#10833 = DEFINITIONAL_REPRESENTATION('',(#10834),#10838);
#10834 = LINE('',#10835,#10836);
#10835 = CARTESIAN_POINT('',(53.,36.75));
#10836 = VECTOR('',#10837,1.);
#10837 = DIRECTION('',(0.,-1.));
#10838 = ( GEOMETRIC_REPRESENTATION_CONTEXT(2) 
PARAMETRIC_REPRESENTATION_CONTEXT() REPRESENTATION_CONTEXT('2D SPACE',''
  ) );
#10839 = PCURVE('',#5425,#10840);
#10840 = DEFINITIONAL_REPRESENTATION('',(#10841),#10844);
#10841 = B_SPLINE_CURVE_WITH_KNOTS('',1,(#10842,#10843),.UNSPECIFIED.,
  .F.,.F.,(2,2),(36.75,45.75),.PIECEWISE_BEZIER_KNOTS.);
#10842 = CARTESIAN_POINT('',(2.5,73.5));
#10843 = CARTESIAN_POINT('',(2.5,82.5));
#10844 = ( GEOMETRIC_REPRESENTATION_CONTEXT(2) 
PARAMETRIC_REPRESENTATION_CONTEXT() REPRESENTATION_CONTEXT('2D SPACE',''
  ) );
#10845 = ORIENTED_EDGE('',*,*,#10846,.F.);
#10846 = EDGE_CURVE('',#10847,#10825,#10849,.T.);
#10847 = VERTEX_POINT('',#10848);
#10848 = CARTESIAN_POINT('',(-72.5,29.5,31.));
#10849 = SURFACE_CURVE('',#10850,(#10854,#10861),.PCURVE_S1.);
#10850 = LINE('',#10851,#10852);
#10851 = CARTESIAN_POINT('',(-72.5,29.5,3.));
#10852 = VECTOR('',#10853,1.);
#10853 = DIRECTION('',(0.,0.,1.));
#10854 = PCURVE('',#1897,#10855);
#10855 = DEFINITIONAL_REPRESENTATION('',(#10856),#10860);
#10856 = LINE('',#10857,#10858);
#10857 = CARTESIAN_POINT('',(0.,0.));
#10858 = VECTOR('',#10859,1.);
#10859 = DIRECTION('',(1.,0.));
#10860 = ( GEOMETRIC_REPRESENTATION_CONTEXT(2) 
PARAMETRIC_REPRESENTATION_CONTEXT() REPRESENTATION_CONTEXT('2D SPACE',''
  ) );
#10861 = PCURVE('',#10862,#10867);
#10862 = PLANE('',#10863);
#10863 = AXIS2_PLACEMENT_3D('',#10864,#10865,#10866);
#10864 = CARTESIAN_POINT('',(-72.5,29.5,3.));
#10865 = DIRECTION('',(0.,1.,0.));
#10866 = DIRECTION('',(0.,0.,1.));
#10867 = DEFINITIONAL_REPRESENTATION('',(#10868),#10872);
#10868 = LINE('',#10869,#10870);
#10869 = CARTESIAN_POINT('',(0.,0.));
#10870 = VECTOR('',#10871,1.);
#10871 = DIRECTION('',(1.,0.));
#10872 = ( GEOMETRIC_REPRESENTATION_CONTEXT(2) 
PARAMETRIC_REPRESENTATION_CONTEXT() REPRESENTATION_CONTEXT('2D SPACE',''
  ) );
#10873 = ORIENTED_EDGE('',*,*,#10874,.F.);
#10874 = EDGE_CURVE('',#10875,#10847,#10877,.T.);
#10875 = VERTEX_POINT('',#10876);
#10876 = CARTESIAN_POINT('',(-72.5,23.,31.));
#10877 = SURFACE_CURVE('',#10878,(#10882,#10889),.PCURVE_S1.);
#10878 = LINE('',#10879,#10880);
#10879 = CARTESIAN_POINT('',(-72.5,23.,31.));
#10880 = VECTOR('',#10881,1.);
#10881 = DIRECTION('',(0.,1.,0.));
#10882 = PCURVE('',#1897,#10883);
#10883 = DEFINITIONAL_REPRESENTATION('',(#10884),#10888);
#10884 = LINE('',#10885,#10886);
#10885 = CARTESIAN_POINT('',(28.,6.5));
#10886 = VECTOR('',#10887,1.);
#10887 = DIRECTION('',(0.,-1.));
#10888 = ( GEOMETRIC_REPRESENTATION_CONTEXT(2) 
PARAMETRIC_REPRESENTATION_CONTEXT() REPRESENTATION_CONTEXT('2D SPACE',''
  ) );
#10889 = PCURVE('',#10890,#10895);
#10890 = PLANE('',#10891);
#10891 = AXIS2_PLACEMENT_3D('',#10892,#10893,#10894);
#10892 = CARTESIAN_POINT('',(-72.5,23.,31.));
#10893 = DIRECTION('',(0.,0.,1.));
#10894 = DIRECTION('',(1.,0.,0.));
#10895 = DEFINITIONAL_REPRESENTATION('',(#10896),#10900);
#10896 = LINE('',#10897,#10898);
#10897 = CARTESIAN_POINT('',(0.,0.));
#10898 = VECTOR('',#10899,1.);
#10899 = DIRECTION('',(0.,1.));
#10900 = ( GEOMETRIC_REPRESENTATION_CONTEXT(2) 
PARAMETRIC_REPRESENTATION_CONTEXT() REPRESENTATION_CONTEXT('2D SPACE',''
  ) );
#10901 = ORIENTED_EDGE('',*,*,#10902,.F.);
#10902 = EDGE_CURVE('',#10903,#10875,#10905,.T.);
#10903 = VERTEX_POINT('',#10904);
#10904 = CARTESIAN_POINT('',(-72.5,23.,27.));
#10905 = SURFACE_CURVE('',#10906,(#10910,#10917),.PCURVE_S1.);
#10906 = LINE('',#10907,#10908);
#10907 = CARTESIAN_POINT('',(-72.5,23.,27.));
#10908 = VECTOR('',#10909,1.);
#10909 = DIRECTION('',(0.,0.,1.));
#10910 = PCURVE('',#1897,#10911);
#10911 = DEFINITIONAL_REPRESENTATION('',(#10912),#10916);
#10912 = LINE('',#10913,#10914);
#10913 = CARTESIAN_POINT('',(24.,6.5));
#10914 = VECTOR('',#10915,1.);
#10915 = DIRECTION('',(1.,0.));
#10916 = ( GEOMETRIC_REPRESENTATION_CONTEXT(2) 
PARAMETRIC_REPRESENTATION_CONTEXT() REPRESENTATION_CONTEXT('2D SPACE',''
  ) );
#10917 = PCURVE('',#10918,#10923);
#10918 = PLANE('',#10919);
#10919 = AXIS2_PLACEMENT_3D('',#10920,#10921,#10922);
#10920 = CARTESIAN_POINT('',(-72.5,23.,27.));
#10921 = DIRECTION('',(0.,1.,0.));
#10922 = DIRECTION('',(0.,0.,1.));
#10923 = DEFINITIONAL_REPRESENTATION('',(#10924),#10928);
#10924 = LINE('',#10925,#10926);
#10925 = CARTESIAN_POINT('',(0.,0.));
#10926 = VECTOR('',#10927,1.);
#10927 = DIRECTION('',(1.,0.));
#10928 = ( GEOMETRIC_REPRESENTATION_CONTEXT(2) 
PARAMETRIC_REPRESENTATION_CONTEXT() REPRESENTATION_CONTEXT('2D SPACE',''
  ) );
#10929 = ORIENTED_EDGE('',*,*,#10930,.T.);
#10930 = EDGE_CURVE('',#10903,#10677,#10931,.T.);
#10931 = SURFACE_CURVE('',#10932,(#10936,#10943),.PCURVE_S1.);
#10932 = LINE('',#10933,#10934);
#10933 = CARTESIAN_POINT('',(-72.5,23.,27.));
#10934 = VECTOR('',#10935,1.);
#10935 = DIRECTION('',(0.,1.,0.));
#10936 = PCURVE('',#1897,#10937);
#10937 = DEFINITIONAL_REPRESENTATION('',(#10938),#10942);
#10938 = LINE('',#10939,#10940);
#10939 = CARTESIAN_POINT('',(24.,6.5));
#10940 = VECTOR('',#10941,1.);
#10941 = DIRECTION('',(0.,-1.));
#10942 = ( GEOMETRIC_REPRESENTATION_CONTEXT(2) 
PARAMETRIC_REPRESENTATION_CONTEXT() REPRESENTATION_CONTEXT('2D SPACE',''
  ) );
#10943 = PCURVE('',#10714,#10944);
#10944 = DEFINITIONAL_REPRESENTATION('',(#10945),#10949);
#10945 = LINE('',#10946,#10947);
#10946 = CARTESIAN_POINT('',(0.,0.));
#10947 = VECTOR('',#10948,1.);
#10948 = DIRECTION('',(0.,1.));
#10949 = ( GEOMETRIC_REPRESENTATION_CONTEXT(2) 
PARAMETRIC_REPRESENTATION_CONTEXT() REPRESENTATION_CONTEXT('2D SPACE',''
  ) );
#10950 = ADVANCED_FACE('',(#10951),#2008,.F.);
#10951 = FACE_BOUND('',#10952,.F.);
#10952 = EDGE_LOOP('',(#10953,#10954,#10955,#10976));
#10953 = ORIENTED_EDGE('',*,*,#10775,.F.);
#10954 = ORIENTED_EDGE('',*,*,#4513,.T.);
#10955 = ORIENTED_EDGE('',*,*,#10956,.T.);
#10956 = EDGE_CURVE('',#4493,#1966,#10957,.T.);
#10957 = SURFACE_CURVE('',#10958,(#10962,#10969),.PCURVE_S1.);
#10958 = LINE('',#10959,#10960);
#10959 = CARTESIAN_POINT('',(-50.5,32.,-1.));
#10960 = VECTOR('',#10961,1.);
#10961 = DIRECTION('',(0.,0.,1.));
#10962 = PCURVE('',#2008,#10963);
#10963 = DEFINITIONAL_REPRESENTATION('',(#10964),#10968);
#10964 = LINE('',#10965,#10966);
#10965 = CARTESIAN_POINT('',(1.570796326795,0.));
#10966 = VECTOR('',#10967,1.);
#10967 = DIRECTION('',(0.,1.));
#10968 = ( GEOMETRIC_REPRESENTATION_CONTEXT(2) 
PARAMETRIC_REPRESENTATION_CONTEXT() REPRESENTATION_CONTEXT('2D SPACE',''
  ) );
#10969 = PCURVE('',#1980,#10970);
#10970 = DEFINITIONAL_REPRESENTATION('',(#10971),#10975);
#10971 = LINE('',#10972,#10973);
#10972 = CARTESIAN_POINT('',(0.,16.));
#10973 = VECTOR('',#10974,1.);
#10974 = DIRECTION('',(1.,0.));
#10975 = ( GEOMETRIC_REPRESENTATION_CONTEXT(2) 
PARAMETRIC_REPRESENTATION_CONTEXT() REPRESENTATION_CONTEXT('2D SPACE',''
  ) );
#10976 = ORIENTED_EDGE('',*,*,#1991,.F.);
#10977 = ADVANCED_FACE('',(#10978),#1925,.T.);
#10978 = FACE_BOUND('',#10979,.T.);
#10979 = EDGE_LOOP('',(#10980,#11003,#11004,#11005,#11026,#11047,#11068,
    #11096));
#10980 = ORIENTED_EDGE('',*,*,#10981,.F.);
#10981 = EDGE_CURVE('',#1910,#10982,#10984,.T.);
#10982 = VERTEX_POINT('',#10983);
#10983 = CARTESIAN_POINT('',(-63.5,38.5,65.));
#10984 = SURFACE_CURVE('',#10985,(#10989,#10996),.PCURVE_S1.);
#10985 = LINE('',#10986,#10987);
#10986 = CARTESIAN_POINT('',(-63.5,38.5,3.));
#10987 = VECTOR('',#10988,1.);
#10988 = DIRECTION('',(0.,0.,1.));
#10989 = PCURVE('',#1925,#10990);
#10990 = DEFINITIONAL_REPRESENTATION('',(#10991),#10995);
#10991 = LINE('',#10992,#10993);
#10992 = CARTESIAN_POINT('',(0.,9.));
#10993 = VECTOR('',#10994,1.);
#10994 = DIRECTION('',(1.,0.));
#10995 = ( GEOMETRIC_REPRESENTATION_CONTEXT(2) 
PARAMETRIC_REPRESENTATION_CONTEXT() REPRESENTATION_CONTEXT('2D SPACE',''
  ) );
#10996 = PCURVE('',#1953,#10997);
#10997 = DEFINITIONAL_REPRESENTATION('',(#10998),#11002);
#10998 = LINE('',#10999,#11000);
#10999 = CARTESIAN_POINT('',(0.,-9.));
#11000 = VECTOR('',#11001,1.);
#11001 = DIRECTION('',(1.,0.));
#11002 = ( GEOMETRIC_REPRESENTATION_CONTEXT(2) 
PARAMETRIC_REPRESENTATION_CONTEXT() REPRESENTATION_CONTEXT('2D SPACE',''
  ) );
#11003 = ORIENTED_EDGE('',*,*,#1909,.F.);
#11004 = ORIENTED_EDGE('',*,*,#10801,.T.);
#11005 = ORIENTED_EDGE('',*,*,#11006,.F.);
#11006 = EDGE_CURVE('',#11007,#10802,#11009,.T.);
#11007 = VERTEX_POINT('',#11008);
#11008 = CARTESIAN_POINT('',(-72.,38.5,56.));
#11009 = SURFACE_CURVE('',#11010,(#11014,#11020),.PCURVE_S1.);
#11010 = LINE('',#11011,#11012);
#11011 = CARTESIAN_POINT('',(-73.75,38.5,56.));
#11012 = VECTOR('',#11013,1.);
#11013 = DIRECTION('',(-1.,0.,0.));
#11014 = PCURVE('',#1925,#11015);
#11015 = DEFINITIONAL_REPRESENTATION('',(#11016),#11019);
#11016 = B_SPLINE_CURVE_WITH_KNOTS('',1,(#11017,#11018),.UNSPECIFIED.,
  .F.,.F.,(2,2),(-1.75,-1.25),.PIECEWISE_BEZIER_KNOTS.);
#11017 = CARTESIAN_POINT('',(53.,0.5));
#11018 = CARTESIAN_POINT('',(53.,0.));
#11019 = ( GEOMETRIC_REPRESENTATION_CONTEXT(2) 
PARAMETRIC_REPRESENTATION_CONTEXT() REPRESENTATION_CONTEXT('2D SPACE',''
  ) );
#11020 = PCURVE('',#5425,#11021);
#11021 = DEFINITIONAL_REPRESENTATION('',(#11022),#11025);
#11022 = B_SPLINE_CURVE_WITH_KNOTS('',1,(#11023,#11024),.UNSPECIFIED.,
  .F.,.F.,(2,2),(-1.75,-1.25),.PIECEWISE_BEZIER_KNOTS.);
#11023 = CARTESIAN_POINT('',(3.,82.5));
#11024 = CARTESIAN_POINT('',(2.5,82.5));
#11025 = ( GEOMETRIC_REPRESENTATION_CONTEXT(2) 
PARAMETRIC_REPRESENTATION_CONTEXT() REPRESENTATION_CONTEXT('2D SPACE',''
  ) );
#11026 = ORIENTED_EDGE('',*,*,#11027,.T.);
#11027 = EDGE_CURVE('',#11007,#11028,#11030,.T.);
#11028 = VERTEX_POINT('',#11029);
#11029 = CARTESIAN_POINT('',(-72.,38.5,64.));
#11030 = SURFACE_CURVE('',#11031,(#11035,#11041),.PCURVE_S1.);
#11031 = LINE('',#11032,#11033);
#11032 = CARTESIAN_POINT('',(-72.,38.5,29.5));
#11033 = VECTOR('',#11034,1.);
#11034 = DIRECTION('',(0.,0.,1.));
#11035 = PCURVE('',#1925,#11036);
#11036 = DEFINITIONAL_REPRESENTATION('',(#11037),#11040);
#11037 = B_SPLINE_CURVE_WITH_KNOTS('',1,(#11038,#11039),.UNSPECIFIED.,
  .F.,.F.,(2,2),(26.5,34.5),.PIECEWISE_BEZIER_KNOTS.);
#11038 = CARTESIAN_POINT('',(53.,0.5));
#11039 = CARTESIAN_POINT('',(61.,0.5));
#11040 = ( GEOMETRIC_REPRESENTATION_CONTEXT(2) 
PARAMETRIC_REPRESENTATION_CONTEXT() REPRESENTATION_CONTEXT('2D SPACE',''
  ) );
#11041 = PCURVE('',#6802,#11042);
#11042 = DEFINITIONAL_REPRESENTATION('',(#11043),#11046);
#11043 = B_SPLINE_CURVE_WITH_KNOTS('',1,(#11044,#11045),.UNSPECIFIED.,
  .F.,.F.,(2,2),(26.5,34.5),.PIECEWISE_BEZIER_KNOTS.);
#11044 = CARTESIAN_POINT('',(0.,-82.5));
#11045 = CARTESIAN_POINT('',(8.,-82.5));
#11046 = ( GEOMETRIC_REPRESENTATION_CONTEXT(2) 
PARAMETRIC_REPRESENTATION_CONTEXT() REPRESENTATION_CONTEXT('2D SPACE',''
  ) );
#11047 = ORIENTED_EDGE('',*,*,#11048,.T.);
#11048 = EDGE_CURVE('',#11028,#11049,#11051,.T.);
#11049 = VERTEX_POINT('',#11050);
#11050 = CARTESIAN_POINT('',(-72.5,38.5,64.));
#11051 = SURFACE_CURVE('',#11052,(#11056,#11062),.PCURVE_S1.);
#11052 = LINE('',#11053,#11054);
#11053 = CARTESIAN_POINT('',(-73.75,38.5,64.));
#11054 = VECTOR('',#11055,1.);
#11055 = DIRECTION('',(-1.,0.,0.));
#11056 = PCURVE('',#1925,#11057);
#11057 = DEFINITIONAL_REPRESENTATION('',(#11058),#11061);
#11058 = B_SPLINE_CURVE_WITH_KNOTS('',1,(#11059,#11060),.UNSPECIFIED.,
  .F.,.F.,(2,2),(-1.75,-1.25),.PIECEWISE_BEZIER_KNOTS.);
#11059 = CARTESIAN_POINT('',(61.,0.5));
#11060 = CARTESIAN_POINT('',(61.,0.));
#11061 = ( GEOMETRIC_REPRESENTATION_CONTEXT(2) 
PARAMETRIC_REPRESENTATION_CONTEXT() REPRESENTATION_CONTEXT('2D SPACE',''
  ) );
#11062 = PCURVE('',#5481,#11063);
#11063 = DEFINITIONAL_REPRESENTATION('',(#11064),#11067);
#11064 = B_SPLINE_CURVE_WITH_KNOTS('',1,(#11065,#11066),.UNSPECIFIED.,
  .F.,.F.,(2,2),(-1.75,-1.25),.PIECEWISE_BEZIER_KNOTS.);
#11065 = CARTESIAN_POINT('',(3.,82.5));
#11066 = CARTESIAN_POINT('',(2.5,82.5));
#11067 = ( GEOMETRIC_REPRESENTATION_CONTEXT(2) 
PARAMETRIC_REPRESENTATION_CONTEXT() REPRESENTATION_CONTEXT('2D SPACE',''
  ) );
#11068 = ORIENTED_EDGE('',*,*,#11069,.T.);
#11069 = EDGE_CURVE('',#11049,#11070,#11072,.T.);
#11070 = VERTEX_POINT('',#11071);
#11071 = CARTESIAN_POINT('',(-72.5,38.5,65.));
#11072 = SURFACE_CURVE('',#11073,(#11077,#11084),.PCURVE_S1.);
#11073 = LINE('',#11074,#11075);
#11074 = CARTESIAN_POINT('',(-72.5,38.5,3.));
#11075 = VECTOR('',#11076,1.);
#11076 = DIRECTION('',(0.,0.,1.));
#11077 = PCURVE('',#1925,#11078);
#11078 = DEFINITIONAL_REPRESENTATION('',(#11079),#11083);
#11079 = LINE('',#11080,#11081);
#11080 = CARTESIAN_POINT('',(0.,0.));
#11081 = VECTOR('',#11082,1.);
#11082 = DIRECTION('',(1.,0.));
#11083 = ( GEOMETRIC_REPRESENTATION_CONTEXT(2) 
PARAMETRIC_REPRESENTATION_CONTEXT() REPRESENTATION_CONTEXT('2D SPACE',''
  ) );
#11084 = PCURVE('',#11085,#11090);
#11085 = PLANE('',#11086);
#11086 = AXIS2_PLACEMENT_3D('',#11087,#11088,#11089);
#11087 = CARTESIAN_POINT('',(-72.5,29.5,3.));
#11088 = DIRECTION('',(1.,0.,0.));
#11089 = DIRECTION('',(0.,0.,1.));
#11090 = DEFINITIONAL_REPRESENTATION('',(#11091),#11095);
#11091 = LINE('',#11092,#11093);
#11092 = CARTESIAN_POINT('',(0.,-9.));
#11093 = VECTOR('',#11094,1.);
#11094 = DIRECTION('',(1.,0.));
#11095 = ( GEOMETRIC_REPRESENTATION_CONTEXT(2) 
PARAMETRIC_REPRESENTATION_CONTEXT() REPRESENTATION_CONTEXT('2D SPACE',''
  ) );
#11096 = ORIENTED_EDGE('',*,*,#11097,.T.);
#11097 = EDGE_CURVE('',#11070,#10982,#11098,.T.);
#11098 = SURFACE_CURVE('',#11099,(#11103,#11110),.PCURVE_S1.);
#11099 = LINE('',#11100,#11101);
#11100 = CARTESIAN_POINT('',(-72.5,38.5,65.));
#11101 = VECTOR('',#11102,1.);
#11102 = DIRECTION('',(1.,0.,0.));
#11103 = PCURVE('',#1925,#11104);
#11104 = DEFINITIONAL_REPRESENTATION('',(#11105),#11109);
#11105 = LINE('',#11106,#11107);
#11106 = CARTESIAN_POINT('',(62.,0.));
#11107 = VECTOR('',#11108,1.);
#11108 = DIRECTION('',(0.,1.));
#11109 = ( GEOMETRIC_REPRESENTATION_CONTEXT(2) 
PARAMETRIC_REPRESENTATION_CONTEXT() REPRESENTATION_CONTEXT('2D SPACE',''
  ) );
#11110 = PCURVE('',#11111,#11116);
#11111 = PLANE('',#11112);
#11112 = AXIS2_PLACEMENT_3D('',#11113,#11114,#11115);
#11113 = CARTESIAN_POINT('',(-72.5,29.5,65.));
#11114 = DIRECTION('',(0.,0.,1.));
#11115 = DIRECTION('',(1.,0.,0.));
#11116 = DEFINITIONAL_REPRESENTATION('',(#11117),#11121);
#11117 = LINE('',#11118,#11119);
#11118 = CARTESIAN_POINT('',(0.,9.));
#11119 = VECTOR('',#11120,1.);
#11120 = DIRECTION('',(1.,0.));
#11121 = ( GEOMETRIC_REPRESENTATION_CONTEXT(2) 
PARAMETRIC_REPRESENTATION_CONTEXT() REPRESENTATION_CONTEXT('2D SPACE',''
  ) );
#11122 = ADVANCED_FACE('',(#11123),#1980,.F.);
#11123 = FACE_BOUND('',#11124,.F.);
#11124 = EDGE_LOOP('',(#11125,#11126,#11127,#11128));
#11125 = ORIENTED_EDGE('',*,*,#4492,.T.);
#11126 = ORIENTED_EDGE('',*,*,#10596,.T.);
#11127 = ORIENTED_EDGE('',*,*,#1965,.F.);
#11128 = ORIENTED_EDGE('',*,*,#10956,.F.);
#11129 = ADVANCED_FACE('',(#11130),#1953,.T.);
#11130 = FACE_BOUND('',#11131,.T.);
#11131 = EDGE_LOOP('',(#11132,#11133,#11154,#11155,#11156,#11179,#11202,
    #11225,#11248));
#11132 = ORIENTED_EDGE('',*,*,#10725,.F.);
#11133 = ORIENTED_EDGE('',*,*,#11134,.T.);
#11134 = EDGE_CURVE('',#10726,#1938,#11135,.T.);
#11135 = SURFACE_CURVE('',#11136,(#11140,#11147),.PCURVE_S1.);
#11136 = LINE('',#11137,#11138);
#11137 = CARTESIAN_POINT('',(-63.5,29.5,3.));
#11138 = VECTOR('',#11139,1.);
#11139 = DIRECTION('',(0.,1.,0.));
#11140 = PCURVE('',#1953,#11141);
#11141 = DEFINITIONAL_REPRESENTATION('',(#11142),#11146);
#11142 = LINE('',#11143,#11144);
#11143 = CARTESIAN_POINT('',(0.,0.));
#11144 = VECTOR('',#11145,1.);
#11145 = DIRECTION('',(0.,-1.));
#11146 = ( GEOMETRIC_REPRESENTATION_CONTEXT(2) 
PARAMETRIC_REPRESENTATION_CONTEXT() REPRESENTATION_CONTEXT('2D SPACE',''
  ) );
#11147 = PCURVE('',#10632,#11148);
#11148 = DEFINITIONAL_REPRESENTATION('',(#11149),#11153);
#11149 = LINE('',#11150,#11151);
#11150 = CARTESIAN_POINT('',(9.,0.));
#11151 = VECTOR('',#11152,1.);
#11152 = DIRECTION('',(0.,1.));
#11153 = ( GEOMETRIC_REPRESENTATION_CONTEXT(2) 
PARAMETRIC_REPRESENTATION_CONTEXT() REPRESENTATION_CONTEXT('2D SPACE',''
  ) );
#11154 = ORIENTED_EDGE('',*,*,#1937,.T.);
#11155 = ORIENTED_EDGE('',*,*,#10981,.T.);
#11156 = ORIENTED_EDGE('',*,*,#11157,.F.);
#11157 = EDGE_CURVE('',#11158,#10982,#11160,.T.);
#11158 = VERTEX_POINT('',#11159);
#11159 = CARTESIAN_POINT('',(-63.5,29.5,65.));
#11160 = SURFACE_CURVE('',#11161,(#11165,#11172),.PCURVE_S1.);
#11161 = LINE('',#11162,#11163);
#11162 = CARTESIAN_POINT('',(-63.5,29.5,65.));
#11163 = VECTOR('',#11164,1.);
#11164 = DIRECTION('',(0.,1.,0.));
#11165 = PCURVE('',#1953,#11166);
#11166 = DEFINITIONAL_REPRESENTATION('',(#11167),#11171);
#11167 = LINE('',#11168,#11169);
#11168 = CARTESIAN_POINT('',(62.,0.));
#11169 = VECTOR('',#11170,1.);
#11170 = DIRECTION('',(0.,-1.));
#11171 = ( GEOMETRIC_REPRESENTATION_CONTEXT(2) 
PARAMETRIC_REPRESENTATION_CONTEXT() REPRESENTATION_CONTEXT('2D SPACE',''
  ) );
#11172 = PCURVE('',#11111,#11173);
#11173 = DEFINITIONAL_REPRESENTATION('',(#11174),#11178);
#11174 = LINE('',#11175,#11176);
#11175 = CARTESIAN_POINT('',(9.,0.));
#11176 = VECTOR('',#11177,1.);
#11177 = DIRECTION('',(0.,1.));
#11178 = ( GEOMETRIC_REPRESENTATION_CONTEXT(2) 
PARAMETRIC_REPRESENTATION_CONTEXT() REPRESENTATION_CONTEXT('2D SPACE',''
  ) );
#11179 = ORIENTED_EDGE('',*,*,#11180,.F.);
#11180 = EDGE_CURVE('',#11181,#11158,#11183,.T.);
#11181 = VERTEX_POINT('',#11182);
#11182 = CARTESIAN_POINT('',(-63.5,29.5,31.));
#11183 = SURFACE_CURVE('',#11184,(#11188,#11195),.PCURVE_S1.);
#11184 = LINE('',#11185,#11186);
#11185 = CARTESIAN_POINT('',(-63.5,29.5,3.));
#11186 = VECTOR('',#11187,1.);
#11187 = DIRECTION('',(0.,0.,1.));
#11188 = PCURVE('',#1953,#11189);
#11189 = DEFINITIONAL_REPRESENTATION('',(#11190),#11194);
#11190 = LINE('',#11191,#11192);
#11191 = CARTESIAN_POINT('',(0.,0.));
#11192 = VECTOR('',#11193,1.);
#11193 = DIRECTION('',(1.,0.));
#11194 = ( GEOMETRIC_REPRESENTATION_CONTEXT(2) 
PARAMETRIC_REPRESENTATION_CONTEXT() REPRESENTATION_CONTEXT('2D SPACE',''
  ) );
#11195 = PCURVE('',#10862,#11196);
#11196 = DEFINITIONAL_REPRESENTATION('',(#11197),#11201);
#11197 = LINE('',#11198,#11199);
#11198 = CARTESIAN_POINT('',(0.,9.));
#11199 = VECTOR('',#11200,1.);
#11200 = DIRECTION('',(1.,0.));
#11201 = ( GEOMETRIC_REPRESENTATION_CONTEXT(2) 
PARAMETRIC_REPRESENTATION_CONTEXT() REPRESENTATION_CONTEXT('2D SPACE',''
  ) );
#11202 = ORIENTED_EDGE('',*,*,#11203,.F.);
#11203 = EDGE_CURVE('',#11204,#11181,#11206,.T.);
#11204 = VERTEX_POINT('',#11205);
#11205 = CARTESIAN_POINT('',(-63.5,23.,31.));
#11206 = SURFACE_CURVE('',#11207,(#11211,#11218),.PCURVE_S1.);
#11207 = LINE('',#11208,#11209);
#11208 = CARTESIAN_POINT('',(-63.5,23.,31.));
#11209 = VECTOR('',#11210,1.);
#11210 = DIRECTION('',(0.,1.,0.));
#11211 = PCURVE('',#1953,#11212);
#11212 = DEFINITIONAL_REPRESENTATION('',(#11213),#11217);
#11213 = LINE('',#11214,#11215);
#11214 = CARTESIAN_POINT('',(28.,6.5));
#11215 = VECTOR('',#11216,1.);
#11216 = DIRECTION('',(0.,-1.));
#11217 = ( GEOMETRIC_REPRESENTATION_CONTEXT(2) 
PARAMETRIC_REPRESENTATION_CONTEXT() REPRESENTATION_CONTEXT('2D SPACE',''
  ) );
#11218 = PCURVE('',#10890,#11219);
#11219 = DEFINITIONAL_REPRESENTATION('',(#11220),#11224);
#11220 = LINE('',#11221,#11222);
#11221 = CARTESIAN_POINT('',(9.,0.));
#11222 = VECTOR('',#11223,1.);
#11223 = DIRECTION('',(0.,1.));
#11224 = ( GEOMETRIC_REPRESENTATION_CONTEXT(2) 
PARAMETRIC_REPRESENTATION_CONTEXT() REPRESENTATION_CONTEXT('2D SPACE',''
  ) );
#11225 = ORIENTED_EDGE('',*,*,#11226,.F.);
#11226 = EDGE_CURVE('',#11227,#11204,#11229,.T.);
#11227 = VERTEX_POINT('',#11228);
#11228 = CARTESIAN_POINT('',(-63.5,23.,27.));
#11229 = SURFACE_CURVE('',#11230,(#11234,#11241),.PCURVE_S1.);
#11230 = LINE('',#11231,#11232);
#11231 = CARTESIAN_POINT('',(-63.5,23.,27.));
#11232 = VECTOR('',#11233,1.);
#11233 = DIRECTION('',(0.,0.,1.));
#11234 = PCURVE('',#1953,#11235);
#11235 = DEFINITIONAL_REPRESENTATION('',(#11236),#11240);
#11236 = LINE('',#11237,#11238);
#11237 = CARTESIAN_POINT('',(24.,6.5));
#11238 = VECTOR('',#11239,1.);
#11239 = DIRECTION('',(1.,0.));
#11240 = ( GEOMETRIC_REPRESENTATION_CONTEXT(2) 
PARAMETRIC_REPRESENTATION_CONTEXT() REPRESENTATION_CONTEXT('2D SPACE',''
  ) );
#11241 = PCURVE('',#10918,#11242);
#11242 = DEFINITIONAL_REPRESENTATION('',(#11243),#11247);
#11243 = LINE('',#11244,#11245);
#11244 = CARTESIAN_POINT('',(0.,9.));
#11245 = VECTOR('',#11246,1.);
#11246 = DIRECTION('',(1.,0.));
#11247 = ( GEOMETRIC_REPRESENTATION_CONTEXT(2) 
PARAMETRIC_REPRESENTATION_CONTEXT() REPRESENTATION_CONTEXT('2D SPACE',''
  ) );
#11248 = ORIENTED_EDGE('',*,*,#11249,.T.);
#11249 = EDGE_CURVE('',#11227,#10700,#11250,.T.);
#11250 = SURFACE_CURVE('',#11251,(#11255,#11262),.PCURVE_S1.);
#11251 = LINE('',#11252,#11253);
#11252 = CARTESIAN_POINT('',(-63.5,23.,27.));
#11253 = VECTOR('',#11254,1.);
#11254 = DIRECTION('',(0.,1.,0.));
#11255 = PCURVE('',#1953,#11256);
#11256 = DEFINITIONAL_REPRESENTATION('',(#11257),#11261);
#11257 = LINE('',#11258,#11259);
#11258 = CARTESIAN_POINT('',(24.,6.5));
#11259 = VECTOR('',#11260,1.);
#11260 = DIRECTION('',(0.,-1.));
#11261 = ( GEOMETRIC_REPRESENTATION_CONTEXT(2) 
PARAMETRIC_REPRESENTATION_CONTEXT() REPRESENTATION_CONTEXT('2D SPACE',''
  ) );
#11262 = PCURVE('',#10714,#11263);
#11263 = DEFINITIONAL_REPRESENTATION('',(#11264),#11268);
#11264 = LINE('',#11265,#11266);
#11265 = CARTESIAN_POINT('',(9.,0.));
#11266 = VECTOR('',#11267,1.);
#11267 = DIRECTION('',(0.,1.));
#11268 = ( GEOMETRIC_REPRESENTATION_CONTEXT(2) 
PARAMETRIC_REPRESENTATION_CONTEXT() REPRESENTATION_CONTEXT('2D SPACE',''
  ) );
#11269 = ADVANCED_FACE('',(#11270),#2120,.F.);
#11270 = FACE_BOUND('',#11271,.F.);
#11271 = EDGE_LOOP('',(#11272,#11293,#11294,#11315));
#11272 = ORIENTED_EDGE('',*,*,#11273,.F.);
#11273 = EDGE_CURVE('',#4604,#2102,#11274,.T.);
#11274 = SURFACE_CURVE('',#11275,(#11279,#11286),.PCURVE_S1.);
#11275 = LINE('',#11276,#11277);
#11276 = CARTESIAN_POINT('',(-36.,31.5,-1.));
#11277 = VECTOR('',#11278,1.);
#11278 = DIRECTION('',(0.,0.,1.));
#11279 = PCURVE('',#2120,#11280);
#11280 = DEFINITIONAL_REPRESENTATION('',(#11281),#11285);
#11281 = LINE('',#11282,#11283);
#11282 = CARTESIAN_POINT('',(0.,0.));
#11283 = VECTOR('',#11284,1.);
#11284 = DIRECTION('',(0.,1.));
#11285 = ( GEOMETRIC_REPRESENTATION_CONTEXT(2) 
PARAMETRIC_REPRESENTATION_CONTEXT() REPRESENTATION_CONTEXT('2D SPACE',''
  ) );
#11286 = PCURVE('',#2147,#11287);
#11287 = DEFINITIONAL_REPRESENTATION('',(#11288),#11292);
#11288 = LINE('',#11289,#11290);
#11289 = CARTESIAN_POINT('',(0.,-3.));
#11290 = VECTOR('',#11291,1.);
#11291 = DIRECTION('',(1.,0.));
#11292 = ( GEOMETRIC_REPRESENTATION_CONTEXT(2) 
PARAMETRIC_REPRESENTATION_CONTEXT() REPRESENTATION_CONTEXT('2D SPACE',''
  ) );
#11293 = ORIENTED_EDGE('',*,*,#4603,.T.);
#11294 = ORIENTED_EDGE('',*,*,#11295,.T.);
#11295 = EDGE_CURVE('',#4606,#2104,#11296,.T.);
#11296 = SURFACE_CURVE('',#11297,(#11301,#11308),.PCURVE_S1.);
#11297 = LINE('',#11298,#11299);
#11298 = CARTESIAN_POINT('',(-33.,28.5,-1.));
#11299 = VECTOR('',#11300,1.);
#11300 = DIRECTION('',(0.,0.,1.));
#11301 = PCURVE('',#2120,#11302);
#11302 = DEFINITIONAL_REPRESENTATION('',(#11303),#11307);
#11303 = LINE('',#11304,#11305);
#11304 = CARTESIAN_POINT('',(1.570796326795,0.));
#11305 = VECTOR('',#11306,1.);
#11306 = DIRECTION('',(0.,1.));
#11307 = ( GEOMETRIC_REPRESENTATION_CONTEXT(2) 
PARAMETRIC_REPRESENTATION_CONTEXT() REPRESENTATION_CONTEXT('2D SPACE',''
  ) );
#11308 = PCURVE('',#2310,#11309);
#11309 = DEFINITIONAL_REPRESENTATION('',(#11310),#11314);
#11310 = LINE('',#11311,#11312);
#11311 = CARTESIAN_POINT('',(0.,3.));
#11312 = VECTOR('',#11313,1.);
#11313 = DIRECTION('',(1.,0.));
#11314 = ( GEOMETRIC_REPRESENTATION_CONTEXT(2) 
PARAMETRIC_REPRESENTATION_CONTEXT() REPRESENTATION_CONTEXT('2D SPACE',''
  ) );
#11315 = ORIENTED_EDGE('',*,*,#2101,.F.);
#11316 = ADVANCED_FACE('',(#11317),#2147,.T.);
#11317 = FACE_BOUND('',#11318,.T.);
#11318 = EDGE_LOOP('',(#11319,#11320,#11321,#11322));
#11319 = ORIENTED_EDGE('',*,*,#2132,.F.);
#11320 = ORIENTED_EDGE('',*,*,#11273,.F.);
#11321 = ORIENTED_EDGE('',*,*,#4629,.T.);
#11322 = ORIENTED_EDGE('',*,*,#11323,.T.);
#11323 = EDGE_CURVE('',#4630,#2133,#11324,.T.);
#11324 = SURFACE_CURVE('',#11325,(#11329,#11336),.PCURVE_S1.);
#11325 = LINE('',#11326,#11327);
#11326 = CARTESIAN_POINT('',(-36.,38.5,-1.));
#11327 = VECTOR('',#11328,1.);
#11328 = DIRECTION('',(0.,0.,1.));
#11329 = PCURVE('',#2147,#11330);
#11330 = DEFINITIONAL_REPRESENTATION('',(#11331),#11335);
#11331 = LINE('',#11332,#11333);
#11332 = CARTESIAN_POINT('',(0.,-10.));
#11333 = VECTOR('',#11334,1.);
#11334 = DIRECTION('',(1.,0.));
#11335 = ( GEOMETRIC_REPRESENTATION_CONTEXT(2) 
PARAMETRIC_REPRESENTATION_CONTEXT() REPRESENTATION_CONTEXT('2D SPACE',''
  ) );
#11336 = PCURVE('',#2175,#11337);
#11337 = DEFINITIONAL_REPRESENTATION('',(#11338),#11342);
#11338 = LINE('',#11339,#11340);
#11339 = CARTESIAN_POINT('',(-0.,0.));
#11340 = VECTOR('',#11341,1.);
#11341 = DIRECTION('',(-0.,1.));
#11342 = ( GEOMETRIC_REPRESENTATION_CONTEXT(2) 
PARAMETRIC_REPRESENTATION_CONTEXT() REPRESENTATION_CONTEXT('2D SPACE',''
  ) );
#11343 = ADVANCED_FACE('',(#11344),#2310,.T.);
#11344 = FACE_BOUND('',#11345,.T.);
#11345 = EDGE_LOOP('',(#11346,#11347,#11348,#11349));
#11346 = ORIENTED_EDGE('',*,*,#4764,.T.);
#11347 = ORIENTED_EDGE('',*,*,#11295,.T.);
#11348 = ORIENTED_EDGE('',*,*,#2297,.F.);
#11349 = ORIENTED_EDGE('',*,*,#11350,.F.);
#11350 = EDGE_CURVE('',#4741,#2269,#11351,.T.);
#11351 = SURFACE_CURVE('',#11352,(#11356,#11363),.PCURVE_S1.);
#11352 = LINE('',#11353,#11354);
#11353 = CARTESIAN_POINT('',(-11.,28.5,-1.));
#11354 = VECTOR('',#11355,1.);
#11355 = DIRECTION('',(0.,0.,1.));
#11356 = PCURVE('',#2310,#11357);
#11357 = DEFINITIONAL_REPRESENTATION('',(#11358),#11362);
#11358 = LINE('',#11359,#11360);
#11359 = CARTESIAN_POINT('',(0.,25.));
#11360 = VECTOR('',#11361,1.);
#11361 = DIRECTION('',(1.,0.));
#11362 = ( GEOMETRIC_REPRESENTATION_CONTEXT(2) 
PARAMETRIC_REPRESENTATION_CONTEXT() REPRESENTATION_CONTEXT('2D SPACE',''
  ) );
#11363 = PCURVE('',#2285,#11364);
#11364 = DEFINITIONAL_REPRESENTATION('',(#11365),#11369);
#11365 = LINE('',#11366,#11367);
#11366 = CARTESIAN_POINT('',(-1.570796326795,0.));
#11367 = VECTOR('',#11368,1.);
#11368 = DIRECTION('',(-0.,1.));
#11369 = ( GEOMETRIC_REPRESENTATION_CONTEXT(2) 
PARAMETRIC_REPRESENTATION_CONTEXT() REPRESENTATION_CONTEXT('2D SPACE',''
  ) );
#11370 = ADVANCED_FACE('',(#11371),#2175,.F.);
#11371 = FACE_BOUND('',#11372,.T.);
#11372 = EDGE_LOOP('',(#11373,#11374,#11375,#11396));
#11373 = ORIENTED_EDGE('',*,*,#11323,.F.);
#11374 = ORIENTED_EDGE('',*,*,#4650,.F.);
#11375 = ORIENTED_EDGE('',*,*,#11376,.T.);
#11376 = EDGE_CURVE('',#4651,#2159,#11377,.T.);
#11377 = SURFACE_CURVE('',#11378,(#11382,#11389),.PCURVE_S1.);
#11378 = LINE('',#11379,#11380);
#11379 = CARTESIAN_POINT('',(-33.,41.5,-1.));
#11380 = VECTOR('',#11381,1.);
#11381 = DIRECTION('',(0.,0.,1.));
#11382 = PCURVE('',#2175,#11383);
#11383 = DEFINITIONAL_REPRESENTATION('',(#11384),#11388);
#11384 = LINE('',#11385,#11386);
#11385 = CARTESIAN_POINT('',(-1.570796326795,0.));
#11386 = VECTOR('',#11387,1.);
#11387 = DIRECTION('',(-0.,1.));
#11388 = ( GEOMETRIC_REPRESENTATION_CONTEXT(2) 
PARAMETRIC_REPRESENTATION_CONTEXT() REPRESENTATION_CONTEXT('2D SPACE',''
  ) );
#11389 = PCURVE('',#2202,#11390);
#11390 = DEFINITIONAL_REPRESENTATION('',(#11391),#11395);
#11391 = LINE('',#11392,#11393);
#11392 = CARTESIAN_POINT('',(0.,3.));
#11393 = VECTOR('',#11394,1.);
#11394 = DIRECTION('',(1.,0.));
#11395 = ( GEOMETRIC_REPRESENTATION_CONTEXT(2) 
PARAMETRIC_REPRESENTATION_CONTEXT() REPRESENTATION_CONTEXT('2D SPACE',''
  ) );
#11396 = ORIENTED_EDGE('',*,*,#2158,.T.);
#11397 = ADVANCED_FACE('',(#11398),#2285,.F.);
#11398 = FACE_BOUND('',#11399,.T.);
#11399 = EDGE_LOOP('',(#11400,#11421,#11422,#11423));
#11400 = ORIENTED_EDGE('',*,*,#11401,.F.);
#11401 = EDGE_CURVE('',#4720,#2243,#11402,.T.);
#11402 = SURFACE_CURVE('',#11403,(#11407,#11414),.PCURVE_S1.);
#11403 = LINE('',#11404,#11405);
#11404 = CARTESIAN_POINT('',(-8.,31.5,-1.));
#11405 = VECTOR('',#11406,1.);
#11406 = DIRECTION('',(0.,0.,1.));
#11407 = PCURVE('',#2285,#11408);
#11408 = DEFINITIONAL_REPRESENTATION('',(#11409),#11413);
#11409 = LINE('',#11410,#11411);
#11410 = CARTESIAN_POINT('',(-0.,0.));
#11411 = VECTOR('',#11412,1.);
#11412 = DIRECTION('',(-0.,1.));
#11413 = ( GEOMETRIC_REPRESENTATION_CONTEXT(2) 
PARAMETRIC_REPRESENTATION_CONTEXT() REPRESENTATION_CONTEXT('2D SPACE',''
  ) );
#11414 = PCURVE('',#2257,#11415);
#11415 = DEFINITIONAL_REPRESENTATION('',(#11416),#11420);
#11416 = LINE('',#11417,#11418);
#11417 = CARTESIAN_POINT('',(0.,-3.));
#11418 = VECTOR('',#11419,1.);
#11419 = DIRECTION('',(1.,0.));
#11420 = ( GEOMETRIC_REPRESENTATION_CONTEXT(2) 
PARAMETRIC_REPRESENTATION_CONTEXT() REPRESENTATION_CONTEXT('2D SPACE',''
  ) );
#11421 = ORIENTED_EDGE('',*,*,#4740,.F.);
#11422 = ORIENTED_EDGE('',*,*,#11350,.T.);
#11423 = ORIENTED_EDGE('',*,*,#2268,.T.);
#11424 = ADVANCED_FACE('',(#11425),#2202,.F.);
#11425 = FACE_BOUND('',#11426,.F.);
#11426 = EDGE_LOOP('',(#11427,#11428,#11429,#11430));
#11427 = ORIENTED_EDGE('',*,*,#4674,.T.);
#11428 = ORIENTED_EDGE('',*,*,#11376,.T.);
#11429 = ORIENTED_EDGE('',*,*,#2187,.F.);
#11430 = ORIENTED_EDGE('',*,*,#11431,.F.);
#11431 = EDGE_CURVE('',#4675,#2188,#11432,.T.);
#11432 = SURFACE_CURVE('',#11433,(#11437,#11444),.PCURVE_S1.);
#11433 = LINE('',#11434,#11435);
#11434 = CARTESIAN_POINT('',(-11.,41.5,-1.));
#11435 = VECTOR('',#11436,1.);
#11436 = DIRECTION('',(0.,0.,1.));
#11437 = PCURVE('',#2202,#11438);
#11438 = DEFINITIONAL_REPRESENTATION('',(#11439),#11443);
#11439 = LINE('',#11440,#11441);
#11440 = CARTESIAN_POINT('',(0.,25.));
#11441 = VECTOR('',#11442,1.);
#11442 = DIRECTION('',(1.,0.));
#11443 = ( GEOMETRIC_REPRESENTATION_CONTEXT(2) 
PARAMETRIC_REPRESENTATION_CONTEXT() REPRESENTATION_CONTEXT('2D SPACE',''
  ) );
#11444 = PCURVE('',#2230,#11445);
#11445 = DEFINITIONAL_REPRESENTATION('',(#11446),#11450);
#11446 = LINE('',#11447,#11448);
#11447 = CARTESIAN_POINT('',(1.570796326795,0.));
#11448 = VECTOR('',#11449,1.);
#11449 = DIRECTION('',(0.,1.));
#11450 = ( GEOMETRIC_REPRESENTATION_CONTEXT(2) 
PARAMETRIC_REPRESENTATION_CONTEXT() REPRESENTATION_CONTEXT('2D SPACE',''
  ) );
#11451 = ADVANCED_FACE('',(#11452),#2257,.F.);
#11452 = FACE_BOUND('',#11453,.F.);
#11453 = EDGE_LOOP('',(#11454,#11455,#11456,#11457));
#11454 = ORIENTED_EDGE('',*,*,#2242,.F.);
#11455 = ORIENTED_EDGE('',*,*,#11401,.F.);
#11456 = ORIENTED_EDGE('',*,*,#4719,.T.);
#11457 = ORIENTED_EDGE('',*,*,#11458,.T.);
#11458 = EDGE_CURVE('',#4696,#2214,#11459,.T.);
#11459 = SURFACE_CURVE('',#11460,(#11464,#11471),.PCURVE_S1.);
#11460 = LINE('',#11461,#11462);
#11461 = CARTESIAN_POINT('',(-8.,38.5,-1.));
#11462 = VECTOR('',#11463,1.);
#11463 = DIRECTION('',(0.,0.,1.));
#11464 = PCURVE('',#2257,#11465);
#11465 = DEFINITIONAL_REPRESENTATION('',(#11466),#11470);
#11466 = LINE('',#11467,#11468);
#11467 = CARTESIAN_POINT('',(0.,-10.));
#11468 = VECTOR('',#11469,1.);
#11469 = DIRECTION('',(1.,0.));
#11470 = ( GEOMETRIC_REPRESENTATION_CONTEXT(2) 
PARAMETRIC_REPRESENTATION_CONTEXT() REPRESENTATION_CONTEXT('2D SPACE',''
  ) );
#11471 = PCURVE('',#2230,#11472);
#11472 = DEFINITIONAL_REPRESENTATION('',(#11473),#11477);
#11473 = LINE('',#11474,#11475);
#11474 = CARTESIAN_POINT('',(0.,0.));
#11475 = VECTOR('',#11476,1.);
#11476 = DIRECTION('',(0.,1.));
#11477 = ( GEOMETRIC_REPRESENTATION_CONTEXT(2) 
PARAMETRIC_REPRESENTATION_CONTEXT() REPRESENTATION_CONTEXT('2D SPACE',''
  ) );
#11478 = ADVANCED_FACE('',(#11479),#2230,.F.);
#11479 = FACE_BOUND('',#11480,.F.);
#11480 = EDGE_LOOP('',(#11481,#11482,#11483,#11484));
#11481 = ORIENTED_EDGE('',*,*,#11458,.F.);
#11482 = ORIENTED_EDGE('',*,*,#4695,.T.);
#11483 = ORIENTED_EDGE('',*,*,#11431,.T.);
#11484 = ORIENTED_EDGE('',*,*,#2213,.F.);
#11485 = ADVANCED_FACE('',(#11486),#2342,.F.);
#11486 = FACE_BOUND('',#11487,.F.);
#11487 = EDGE_LOOP('',(#11488,#11509,#11510,#11531));
#11488 = ORIENTED_EDGE('',*,*,#11489,.F.);
#11489 = EDGE_CURVE('',#4786,#2324,#11490,.T.);
#11490 = SURFACE_CURVE('',#11491,(#11495,#11502),.PCURVE_S1.);
#11491 = LINE('',#11492,#11493);
#11492 = CARTESIAN_POINT('',(47.5,-5.,-1.));
#11493 = VECTOR('',#11494,1.);
#11494 = DIRECTION('',(0.,0.,1.));
#11495 = PCURVE('',#2342,#11496);
#11496 = DEFINITIONAL_REPRESENTATION('',(#11497),#11501);
#11497 = LINE('',#11498,#11499);
#11498 = CARTESIAN_POINT('',(0.,0.));
#11499 = VECTOR('',#11500,1.);
#11500 = DIRECTION('',(0.,1.));
#11501 = ( GEOMETRIC_REPRESENTATION_CONTEXT(2) 
PARAMETRIC_REPRESENTATION_CONTEXT() REPRESENTATION_CONTEXT('2D SPACE',''
  ) );
#11502 = PCURVE('',#2369,#11503);
#11503 = DEFINITIONAL_REPRESENTATION('',(#11504),#11508);
#11504 = LINE('',#11505,#11506);
#11505 = CARTESIAN_POINT('',(0.,-3.));
#11506 = VECTOR('',#11507,1.);
#11507 = DIRECTION('',(1.,0.));
#11508 = ( GEOMETRIC_REPRESENTATION_CONTEXT(2) 
PARAMETRIC_REPRESENTATION_CONTEXT() REPRESENTATION_CONTEXT('2D SPACE',''
  ) );
#11509 = ORIENTED_EDGE('',*,*,#4785,.T.);
#11510 = ORIENTED_EDGE('',*,*,#11511,.T.);
#11511 = EDGE_CURVE('',#4788,#2326,#11512,.T.);
#11512 = SURFACE_CURVE('',#11513,(#11517,#11524),.PCURVE_S1.);
#11513 = LINE('',#11514,#11515);
#11514 = CARTESIAN_POINT('',(50.5,-8.,-1.));
#11515 = VECTOR('',#11516,1.);
#11516 = DIRECTION('',(0.,0.,1.));
#11517 = PCURVE('',#2342,#11518);
#11518 = DEFINITIONAL_REPRESENTATION('',(#11519),#11523);
#11519 = LINE('',#11520,#11521);
#11520 = CARTESIAN_POINT('',(1.570796326795,0.));
#11521 = VECTOR('',#11522,1.);
#11522 = DIRECTION('',(0.,1.));
#11523 = ( GEOMETRIC_REPRESENTATION_CONTEXT(2) 
PARAMETRIC_REPRESENTATION_CONTEXT() REPRESENTATION_CONTEXT('2D SPACE',''
  ) );
#11524 = PCURVE('',#2532,#11525);
#11525 = DEFINITIONAL_REPRESENTATION('',(#11526),#11530);
#11526 = LINE('',#11527,#11528);
#11527 = CARTESIAN_POINT('',(0.,3.));
#11528 = VECTOR('',#11529,1.);
#11529 = DIRECTION('',(1.,0.));
#11530 = ( GEOMETRIC_REPRESENTATION_CONTEXT(2) 
PARAMETRIC_REPRESENTATION_CONTEXT() REPRESENTATION_CONTEXT('2D SPACE',''
  ) );
#11531 = ORIENTED_EDGE('',*,*,#2323,.F.);
#11532 = ADVANCED_FACE('',(#11533),#2369,.T.);
#11533 = FACE_BOUND('',#11534,.T.);
#11534 = EDGE_LOOP('',(#11535,#11536,#11537,#11538));
#11535 = ORIENTED_EDGE('',*,*,#2354,.F.);
#11536 = ORIENTED_EDGE('',*,*,#11489,.F.);
#11537 = ORIENTED_EDGE('',*,*,#4811,.T.);
#11538 = ORIENTED_EDGE('',*,*,#11539,.T.);
#11539 = EDGE_CURVE('',#4812,#2355,#11540,.T.);
#11540 = SURFACE_CURVE('',#11541,(#11545,#11552),.PCURVE_S1.);
#11541 = LINE('',#11542,#11543);
#11542 = CARTESIAN_POINT('',(47.5,5.,-1.));
#11543 = VECTOR('',#11544,1.);
#11544 = DIRECTION('',(0.,0.,1.));
#11545 = PCURVE('',#2369,#11546);
#11546 = DEFINITIONAL_REPRESENTATION('',(#11547),#11551);
#11547 = LINE('',#11548,#11549);
#11548 = CARTESIAN_POINT('',(0.,-13.));
#11549 = VECTOR('',#11550,1.);
#11550 = DIRECTION('',(1.,0.));
#11551 = ( GEOMETRIC_REPRESENTATION_CONTEXT(2) 
PARAMETRIC_REPRESENTATION_CONTEXT() REPRESENTATION_CONTEXT('2D SPACE',''
  ) );
#11552 = PCURVE('',#2397,#11553);
#11553 = DEFINITIONAL_REPRESENTATION('',(#11554),#11558);
#11554 = LINE('',#11555,#11556);
#11555 = CARTESIAN_POINT('',(-0.,0.));
#11556 = VECTOR('',#11557,1.);
#11557 = DIRECTION('',(-0.,1.));
#11558 = ( GEOMETRIC_REPRESENTATION_CONTEXT(2) 
PARAMETRIC_REPRESENTATION_CONTEXT() REPRESENTATION_CONTEXT('2D SPACE',''
  ) );
#11559 = ADVANCED_FACE('',(#11560),#2532,.T.);
#11560 = FACE_BOUND('',#11561,.T.);
#11561 = EDGE_LOOP('',(#11562,#11563,#11564,#11565));
#11562 = ORIENTED_EDGE('',*,*,#4946,.T.);
#11563 = ORIENTED_EDGE('',*,*,#11511,.T.);
#11564 = ORIENTED_EDGE('',*,*,#2519,.F.);
#11565 = ORIENTED_EDGE('',*,*,#11566,.F.);
#11566 = EDGE_CURVE('',#4923,#2491,#11567,.T.);
#11567 = SURFACE_CURVE('',#11568,(#11572,#11579),.PCURVE_S1.);
#11568 = LINE('',#11569,#11570);
#11569 = CARTESIAN_POINT('',(63.5,-8.,-1.));
#11570 = VECTOR('',#11571,1.);
#11571 = DIRECTION('',(0.,0.,1.));
#11572 = PCURVE('',#2532,#11573);
#11573 = DEFINITIONAL_REPRESENTATION('',(#11574),#11578);
#11574 = LINE('',#11575,#11576);
#11575 = CARTESIAN_POINT('',(0.,16.));
#11576 = VECTOR('',#11577,1.);
#11577 = DIRECTION('',(1.,0.));
#11578 = ( GEOMETRIC_REPRESENTATION_CONTEXT(2) 
PARAMETRIC_REPRESENTATION_CONTEXT() REPRESENTATION_CONTEXT('2D SPACE',''
  ) );
#11579 = PCURVE('',#2507,#11580);
#11580 = DEFINITIONAL_REPRESENTATION('',(#11581),#11585);
#11581 = LINE('',#11582,#11583);
#11582 = CARTESIAN_POINT('',(-1.570796326795,0.));
#11583 = VECTOR('',#11584,1.);
#11584 = DIRECTION('',(-0.,1.));
#11585 = ( GEOMETRIC_REPRESENTATION_CONTEXT(2) 
PARAMETRIC_REPRESENTATION_CONTEXT() REPRESENTATION_CONTEXT('2D SPACE',''
  ) );
#11586 = ADVANCED_FACE('',(#11587),#2397,.F.);
#11587 = FACE_BOUND('',#11588,.T.);
#11588 = EDGE_LOOP('',(#11589,#11590,#11591,#11612));
#11589 = ORIENTED_EDGE('',*,*,#11539,.F.);
#11590 = ORIENTED_EDGE('',*,*,#4832,.F.);
#11591 = ORIENTED_EDGE('',*,*,#11592,.T.);
#11592 = EDGE_CURVE('',#4833,#2381,#11593,.T.);
#11593 = SURFACE_CURVE('',#11594,(#11598,#11605),.PCURVE_S1.);
#11594 = LINE('',#11595,#11596);
#11595 = CARTESIAN_POINT('',(50.5,8.,-1.));
#11596 = VECTOR('',#11597,1.);
#11597 = DIRECTION('',(0.,0.,1.));
#11598 = PCURVE('',#2397,#11599);
#11599 = DEFINITIONAL_REPRESENTATION('',(#11600),#11604);
#11600 = LINE('',#11601,#11602);
#11601 = CARTESIAN_POINT('',(-1.570796326795,0.));
#11602 = VECTOR('',#11603,1.);
#11603 = DIRECTION('',(-0.,1.));
#11604 = ( GEOMETRIC_REPRESENTATION_CONTEXT(2) 
PARAMETRIC_REPRESENTATION_CONTEXT() REPRESENTATION_CONTEXT('2D SPACE',''
  ) );
#11605 = PCURVE('',#2424,#11606);
#11606 = DEFINITIONAL_REPRESENTATION('',(#11607),#11611);
#11607 = LINE('',#11608,#11609);
#11608 = CARTESIAN_POINT('',(0.,3.));
#11609 = VECTOR('',#11610,1.);
#11610 = DIRECTION('',(1.,0.));
#11611 = ( GEOMETRIC_REPRESENTATION_CONTEXT(2) 
PARAMETRIC_REPRESENTATION_CONTEXT() REPRESENTATION_CONTEXT('2D SPACE',''
  ) );
#11612 = ORIENTED_EDGE('',*,*,#2380,.T.);
#11613 = ADVANCED_FACE('',(#11614),#2507,.F.);
#11614 = FACE_BOUND('',#11615,.T.);
#11615 = EDGE_LOOP('',(#11616,#11637,#11638,#11639));
#11616 = ORIENTED_EDGE('',*,*,#11617,.F.);
#11617 = EDGE_CURVE('',#4902,#2465,#11618,.T.);
#11618 = SURFACE_CURVE('',#11619,(#11623,#11630),.PCURVE_S1.);
#11619 = LINE('',#11620,#11621);
#11620 = CARTESIAN_POINT('',(66.5,-5.,-1.));
#11621 = VECTOR('',#11622,1.);
#11622 = DIRECTION('',(0.,0.,1.));
#11623 = PCURVE('',#2507,#11624);
#11624 = DEFINITIONAL_REPRESENTATION('',(#11625),#11629);
#11625 = LINE('',#11626,#11627);
#11626 = CARTESIAN_POINT('',(-0.,0.));
#11627 = VECTOR('',#11628,1.);
#11628 = DIRECTION('',(-0.,1.));
#11629 = ( GEOMETRIC_REPRESENTATION_CONTEXT(2) 
PARAMETRIC_REPRESENTATION_CONTEXT() REPRESENTATION_CONTEXT('2D SPACE',''
  ) );
#11630 = PCURVE('',#2479,#11631);
#11631 = DEFINITIONAL_REPRESENTATION('',(#11632),#11636);
#11632 = LINE('',#11633,#11634);
#11633 = CARTESIAN_POINT('',(0.,-3.));
#11634 = VECTOR('',#11635,1.);
#11635 = DIRECTION('',(1.,0.));
#11636 = ( GEOMETRIC_REPRESENTATION_CONTEXT(2) 
PARAMETRIC_REPRESENTATION_CONTEXT() REPRESENTATION_CONTEXT('2D SPACE',''
  ) );
#11637 = ORIENTED_EDGE('',*,*,#4922,.F.);
#11638 = ORIENTED_EDGE('',*,*,#11566,.T.);
#11639 = ORIENTED_EDGE('',*,*,#2490,.T.);
#11640 = ADVANCED_FACE('',(#11641),#2424,.F.);
#11641 = FACE_BOUND('',#11642,.F.);
#11642 = EDGE_LOOP('',(#11643,#11644,#11645,#11646));
#11643 = ORIENTED_EDGE('',*,*,#4856,.T.);
#11644 = ORIENTED_EDGE('',*,*,#11592,.T.);
#11645 = ORIENTED_EDGE('',*,*,#2409,.F.);
#11646 = ORIENTED_EDGE('',*,*,#11647,.F.);
#11647 = EDGE_CURVE('',#4857,#2410,#11648,.T.);
#11648 = SURFACE_CURVE('',#11649,(#11653,#11660),.PCURVE_S1.);
#11649 = LINE('',#11650,#11651);
#11650 = CARTESIAN_POINT('',(63.5,8.,-1.));
#11651 = VECTOR('',#11652,1.);
#11652 = DIRECTION('',(0.,0.,1.));
#11653 = PCURVE('',#2424,#11654);
#11654 = DEFINITIONAL_REPRESENTATION('',(#11655),#11659);
#11655 = LINE('',#11656,#11657);
#11656 = CARTESIAN_POINT('',(0.,16.));
#11657 = VECTOR('',#11658,1.);
#11658 = DIRECTION('',(1.,0.));
#11659 = ( GEOMETRIC_REPRESENTATION_CONTEXT(2) 
PARAMETRIC_REPRESENTATION_CONTEXT() REPRESENTATION_CONTEXT('2D SPACE',''
  ) );
#11660 = PCURVE('',#2452,#11661);
#11661 = DEFINITIONAL_REPRESENTATION('',(#11662),#11666);
#11662 = LINE('',#11663,#11664);
#11663 = CARTESIAN_POINT('',(1.570796326795,0.));
#11664 = VECTOR('',#11665,1.);
#11665 = DIRECTION('',(0.,1.));
#11666 = ( GEOMETRIC_REPRESENTATION_CONTEXT(2) 
PARAMETRIC_REPRESENTATION_CONTEXT() REPRESENTATION_CONTEXT('2D SPACE',''
  ) );
#11667 = ADVANCED_FACE('',(#11668),#2479,.F.);
#11668 = FACE_BOUND('',#11669,.F.);
#11669 = EDGE_LOOP('',(#11670,#11671,#11672,#11673));
#11670 = ORIENTED_EDGE('',*,*,#2464,.F.);
#11671 = ORIENTED_EDGE('',*,*,#11617,.F.);
#11672 = ORIENTED_EDGE('',*,*,#4901,.T.);
#11673 = ORIENTED_EDGE('',*,*,#11674,.T.);
#11674 = EDGE_CURVE('',#4878,#2436,#11675,.T.);
#11675 = SURFACE_CURVE('',#11676,(#11680,#11687),.PCURVE_S1.);
#11676 = LINE('',#11677,#11678);
#11677 = CARTESIAN_POINT('',(66.5,5.,-1.));
#11678 = VECTOR('',#11679,1.);
#11679 = DIRECTION('',(0.,0.,1.));
#11680 = PCURVE('',#2479,#11681);
#11681 = DEFINITIONAL_REPRESENTATION('',(#11682),#11686);
#11682 = LINE('',#11683,#11684);
#11683 = CARTESIAN_POINT('',(0.,-13.));
#11684 = VECTOR('',#11685,1.);
#11685 = DIRECTION('',(1.,0.));
#11686 = ( GEOMETRIC_REPRESENTATION_CONTEXT(2) 
PARAMETRIC_REPRESENTATION_CONTEXT() REPRESENTATION_CONTEXT('2D SPACE',''
  ) );
#11687 = PCURVE('',#2452,#11688);
#11688 = DEFINITIONAL_REPRESENTATION('',(#11689),#11693);
#11689 = LINE('',#11690,#11691);
#11690 = CARTESIAN_POINT('',(0.,0.));
#11691 = VECTOR('',#11692,1.);
#11692 = DIRECTION('',(0.,1.));
#11693 = ( GEOMETRIC_REPRESENTATION_CONTEXT(2) 
PARAMETRIC_REPRESENTATION_CONTEXT() REPRESENTATION_CONTEXT('2D SPACE',''
  ) );
#11694 = ADVANCED_FACE('',(#11695),#2452,.F.);
#11695 = FACE_BOUND('',#11696,.F.);
#11696 = EDGE_LOOP('',(#11697,#11698,#11699,#11700));
#11697 = ORIENTED_EDGE('',*,*,#11674,.F.);
#11698 = ORIENTED_EDGE('',*,*,#4877,.T.);
#11699 = ORIENTED_EDGE('',*,*,#11647,.T.);
#11700 = ORIENTED_EDGE('',*,*,#2435,.F.);
#11701 = ADVANCED_FACE('',(#11702),#2562,.F.);
#11702 = FACE_BOUND('',#11703,.F.);
#11703 = EDGE_LOOP('',(#11704,#11705,#11726,#11727));
#11704 = ORIENTED_EDGE('',*,*,#2545,.F.);
#11705 = ORIENTED_EDGE('',*,*,#11706,.F.);
#11706 = EDGE_CURVE('',#4968,#2546,#11707,.T.);
#11707 = SEAM_CURVE('',#11708,(#11712,#11719),.PCURVE_S1.);
#11708 = LINE('',#11709,#11710);
#11709 = CARTESIAN_POINT('',(43.65,18.,-1.));
#11710 = VECTOR('',#11711,1.);
#11711 = DIRECTION('',(0.,0.,1.));
#11712 = PCURVE('',#2562,#11713);
#11713 = DEFINITIONAL_REPRESENTATION('',(#11714),#11718);
#11714 = LINE('',#11715,#11716);
#11715 = CARTESIAN_POINT('',(6.28318530718,-0.));
#11716 = VECTOR('',#11717,1.);
#11717 = DIRECTION('',(0.,1.));
#11718 = ( GEOMETRIC_REPRESENTATION_CONTEXT(2) 
PARAMETRIC_REPRESENTATION_CONTEXT() REPRESENTATION_CONTEXT('2D SPACE',''
  ) );
#11719 = PCURVE('',#2562,#11720);
#11720 = DEFINITIONAL_REPRESENTATION('',(#11721),#11725);
#11721 = LINE('',#11722,#11723);
#11722 = CARTESIAN_POINT('',(0.,-0.));
#11723 = VECTOR('',#11724,1.);
#11724 = DIRECTION('',(0.,1.));
#11725 = ( GEOMETRIC_REPRESENTATION_CONTEXT(2) 
PARAMETRIC_REPRESENTATION_CONTEXT() REPRESENTATION_CONTEXT('2D SPACE',''
  ) );
#11726 = ORIENTED_EDGE('',*,*,#4967,.T.);
#11727 = ORIENTED_EDGE('',*,*,#11706,.T.);
#11728 = ADVANCED_FACE('',(#11729),#2595,.F.);
#11729 = FACE_BOUND('',#11730,.F.);
#11730 = EDGE_LOOP('',(#11731,#11752,#11753,#11774));
#11731 = ORIENTED_EDGE('',*,*,#11732,.F.);
#11732 = EDGE_CURVE('',#4994,#2577,#11733,.T.);
#11733 = SURFACE_CURVE('',#11734,(#11738,#11745),.PCURVE_S1.);
#11734 = LINE('',#11735,#11736);
#11735 = CARTESIAN_POINT('',(8.,31.5,-1.));
#11736 = VECTOR('',#11737,1.);
#11737 = DIRECTION('',(0.,0.,1.));
#11738 = PCURVE('',#2595,#11739);
#11739 = DEFINITIONAL_REPRESENTATION('',(#11740),#11744);
#11740 = LINE('',#11741,#11742);
#11741 = CARTESIAN_POINT('',(0.,0.));
#11742 = VECTOR('',#11743,1.);
#11743 = DIRECTION('',(0.,1.));
#11744 = ( GEOMETRIC_REPRESENTATION_CONTEXT(2) 
PARAMETRIC_REPRESENTATION_CONTEXT() REPRESENTATION_CONTEXT('2D SPACE',''
  ) );
#11745 = PCURVE('',#2622,#11746);
#11746 = DEFINITIONAL_REPRESENTATION('',(#11747),#11751);
#11747 = LINE('',#11748,#11749);
#11748 = CARTESIAN_POINT('',(0.,-3.));
#11749 = VECTOR('',#11750,1.);
#11750 = DIRECTION('',(1.,0.));
#11751 = ( GEOMETRIC_REPRESENTATION_CONTEXT(2) 
PARAMETRIC_REPRESENTATION_CONTEXT() REPRESENTATION_CONTEXT('2D SPACE',''
  ) );
#11752 = ORIENTED_EDGE('',*,*,#4993,.T.);
#11753 = ORIENTED_EDGE('',*,*,#11754,.T.);
#11754 = EDGE_CURVE('',#4996,#2579,#11755,.T.);
#11755 = SURFACE_CURVE('',#11756,(#11760,#11767),.PCURVE_S1.);
#11756 = LINE('',#11757,#11758);
#11757 = CARTESIAN_POINT('',(11.,28.5,-1.));
#11758 = VECTOR('',#11759,1.);
#11759 = DIRECTION('',(0.,0.,1.));
#11760 = PCURVE('',#2595,#11761);
#11761 = DEFINITIONAL_REPRESENTATION('',(#11762),#11766);
#11762 = LINE('',#11763,#11764);
#11763 = CARTESIAN_POINT('',(1.570796326795,0.));
#11764 = VECTOR('',#11765,1.);
#11765 = DIRECTION('',(0.,1.));
#11766 = ( GEOMETRIC_REPRESENTATION_CONTEXT(2) 
PARAMETRIC_REPRESENTATION_CONTEXT() REPRESENTATION_CONTEXT('2D SPACE',''
  ) );
#11767 = PCURVE('',#2785,#11768);
#11768 = DEFINITIONAL_REPRESENTATION('',(#11769),#11773);
#11769 = LINE('',#11770,#11771);
#11770 = CARTESIAN_POINT('',(0.,3.));
#11771 = VECTOR('',#11772,1.);
#11772 = DIRECTION('',(1.,0.));
#11773 = ( GEOMETRIC_REPRESENTATION_CONTEXT(2) 
PARAMETRIC_REPRESENTATION_CONTEXT() REPRESENTATION_CONTEXT('2D SPACE',''
  ) );
#11774 = ORIENTED_EDGE('',*,*,#2576,.F.);
#11775 = ADVANCED_FACE('',(#11776),#2622,.T.);
#11776 = FACE_BOUND('',#11777,.T.);
#11777 = EDGE_LOOP('',(#11778,#11779,#11780,#11781));
#11778 = ORIENTED_EDGE('',*,*,#2607,.F.);
#11779 = ORIENTED_EDGE('',*,*,#11732,.F.);
#11780 = ORIENTED_EDGE('',*,*,#5019,.T.);
#11781 = ORIENTED_EDGE('',*,*,#11782,.T.);
#11782 = EDGE_CURVE('',#5020,#2608,#11783,.T.);
#11783 = SURFACE_CURVE('',#11784,(#11788,#11795),.PCURVE_S1.);
#11784 = LINE('',#11785,#11786);
#11785 = CARTESIAN_POINT('',(8.,38.5,-1.));
#11786 = VECTOR('',#11787,1.);
#11787 = DIRECTION('',(0.,0.,1.));
#11788 = PCURVE('',#2622,#11789);
#11789 = DEFINITIONAL_REPRESENTATION('',(#11790),#11794);
#11790 = LINE('',#11791,#11792);
#11791 = CARTESIAN_POINT('',(0.,-10.));
#11792 = VECTOR('',#11793,1.);
#11793 = DIRECTION('',(1.,0.));
#11794 = ( GEOMETRIC_REPRESENTATION_CONTEXT(2) 
PARAMETRIC_REPRESENTATION_CONTEXT() REPRESENTATION_CONTEXT('2D SPACE',''
  ) );
#11795 = PCURVE('',#2650,#11796);
#11796 = DEFINITIONAL_REPRESENTATION('',(#11797),#11801);
#11797 = LINE('',#11798,#11799);
#11798 = CARTESIAN_POINT('',(-0.,0.));
#11799 = VECTOR('',#11800,1.);
#11800 = DIRECTION('',(-0.,1.));
#11801 = ( GEOMETRIC_REPRESENTATION_CONTEXT(2) 
PARAMETRIC_REPRESENTATION_CONTEXT() REPRESENTATION_CONTEXT('2D SPACE',''
  ) );
#11802 = ADVANCED_FACE('',(#11803),#2785,.T.);
#11803 = FACE_BOUND('',#11804,.T.);
#11804 = EDGE_LOOP('',(#11805,#11806,#11807,#11808));
#11805 = ORIENTED_EDGE('',*,*,#5154,.T.);
#11806 = ORIENTED_EDGE('',*,*,#11754,.T.);
#11807 = ORIENTED_EDGE('',*,*,#2772,.F.);
#11808 = ORIENTED_EDGE('',*,*,#11809,.F.);
#11809 = EDGE_CURVE('',#5131,#2744,#11810,.T.);
#11810 = SURFACE_CURVE('',#11811,(#11815,#11822),.PCURVE_S1.);
#11811 = LINE('',#11812,#11813);
#11812 = CARTESIAN_POINT('',(33.,28.5,-1.));
#11813 = VECTOR('',#11814,1.);
#11814 = DIRECTION('',(0.,0.,1.));
#11815 = PCURVE('',#2785,#11816);
#11816 = DEFINITIONAL_REPRESENTATION('',(#11817),#11821);
#11817 = LINE('',#11818,#11819);
#11818 = CARTESIAN_POINT('',(0.,25.));
#11819 = VECTOR('',#11820,1.);
#11820 = DIRECTION('',(1.,0.));
#11821 = ( GEOMETRIC_REPRESENTATION_CONTEXT(2) 
PARAMETRIC_REPRESENTATION_CONTEXT() REPRESENTATION_CONTEXT('2D SPACE',''
  ) );
#11822 = PCURVE('',#2760,#11823);
#11823 = DEFINITIONAL_REPRESENTATION('',(#11824),#11828);
#11824 = LINE('',#11825,#11826);
#11825 = CARTESIAN_POINT('',(-1.570796326795,0.));
#11826 = VECTOR('',#11827,1.);
#11827 = DIRECTION('',(-0.,1.));
#11828 = ( GEOMETRIC_REPRESENTATION_CONTEXT(2) 
PARAMETRIC_REPRESENTATION_CONTEXT() REPRESENTATION_CONTEXT('2D SPACE',''
  ) );
#11829 = ADVANCED_FACE('',(#11830),#2650,.F.);
#11830 = FACE_BOUND('',#11831,.T.);
#11831 = EDGE_LOOP('',(#11832,#11833,#11834,#11855));
#11832 = ORIENTED_EDGE('',*,*,#11782,.F.);
#11833 = ORIENTED_EDGE('',*,*,#5040,.F.);
#11834 = ORIENTED_EDGE('',*,*,#11835,.T.);
#11835 = EDGE_CURVE('',#5041,#2634,#11836,.T.);
#11836 = SURFACE_CURVE('',#11837,(#11841,#11848),.PCURVE_S1.);
#11837 = LINE('',#11838,#11839);
#11838 = CARTESIAN_POINT('',(11.,41.5,-1.));
#11839 = VECTOR('',#11840,1.);
#11840 = DIRECTION('',(0.,0.,1.));
#11841 = PCURVE('',#2650,#11842);
#11842 = DEFINITIONAL_REPRESENTATION('',(#11843),#11847);
#11843 = LINE('',#11844,#11845);
#11844 = CARTESIAN_POINT('',(-1.570796326795,0.));
#11845 = VECTOR('',#11846,1.);
#11846 = DIRECTION('',(-0.,1.));
#11847 = ( GEOMETRIC_REPRESENTATION_CONTEXT(2) 
PARAMETRIC_REPRESENTATION_CONTEXT() REPRESENTATION_CONTEXT('2D SPACE',''
  ) );
#11848 = PCURVE('',#2677,#11849);
#11849 = DEFINITIONAL_REPRESENTATION('',(#11850),#11854);
#11850 = LINE('',#11851,#11852);
#11851 = CARTESIAN_POINT('',(0.,3.));
#11852 = VECTOR('',#11853,1.);
#11853 = DIRECTION('',(1.,0.));
#11854 = ( GEOMETRIC_REPRESENTATION_CONTEXT(2) 
PARAMETRIC_REPRESENTATION_CONTEXT() REPRESENTATION_CONTEXT('2D SPACE',''
  ) );
#11855 = ORIENTED_EDGE('',*,*,#2633,.T.);
#11856 = ADVANCED_FACE('',(#11857),#2760,.F.);
#11857 = FACE_BOUND('',#11858,.T.);
#11858 = EDGE_LOOP('',(#11859,#11880,#11881,#11882));
#11859 = ORIENTED_EDGE('',*,*,#11860,.F.);
#11860 = EDGE_CURVE('',#5110,#2718,#11861,.T.);
#11861 = SURFACE_CURVE('',#11862,(#11866,#11873),.PCURVE_S1.);
#11862 = LINE('',#11863,#11864);
#11863 = CARTESIAN_POINT('',(36.,31.5,-1.));
#11864 = VECTOR('',#11865,1.);
#11865 = DIRECTION('',(0.,0.,1.));
#11866 = PCURVE('',#2760,#11867);
#11867 = DEFINITIONAL_REPRESENTATION('',(#11868),#11872);
#11868 = LINE('',#11869,#11870);
#11869 = CARTESIAN_POINT('',(-0.,0.));
#11870 = VECTOR('',#11871,1.);
#11871 = DIRECTION('',(-0.,1.));
#11872 = ( GEOMETRIC_REPRESENTATION_CONTEXT(2) 
PARAMETRIC_REPRESENTATION_CONTEXT() REPRESENTATION_CONTEXT('2D SPACE',''
  ) );
#11873 = PCURVE('',#2732,#11874);
#11874 = DEFINITIONAL_REPRESENTATION('',(#11875),#11879);
#11875 = LINE('',#11876,#11877);
#11876 = CARTESIAN_POINT('',(0.,-3.));
#11877 = VECTOR('',#11878,1.);
#11878 = DIRECTION('',(1.,0.));
#11879 = ( GEOMETRIC_REPRESENTATION_CONTEXT(2) 
PARAMETRIC_REPRESENTATION_CONTEXT() REPRESENTATION_CONTEXT('2D SPACE',''
  ) );
#11880 = ORIENTED_EDGE('',*,*,#5130,.F.);
#11881 = ORIENTED_EDGE('',*,*,#11809,.T.);
#11882 = ORIENTED_EDGE('',*,*,#2743,.T.);
#11883 = ADVANCED_FACE('',(#11884),#2677,.F.);
#11884 = FACE_BOUND('',#11885,.F.);
#11885 = EDGE_LOOP('',(#11886,#11887,#11888,#11889));
#11886 = ORIENTED_EDGE('',*,*,#5064,.T.);
#11887 = ORIENTED_EDGE('',*,*,#11835,.T.);
#11888 = ORIENTED_EDGE('',*,*,#2662,.F.);
#11889 = ORIENTED_EDGE('',*,*,#11890,.F.);
#11890 = EDGE_CURVE('',#5065,#2663,#11891,.T.);
#11891 = SURFACE_CURVE('',#11892,(#11896,#11903),.PCURVE_S1.);
#11892 = LINE('',#11893,#11894);
#11893 = CARTESIAN_POINT('',(33.,41.5,-1.));
#11894 = VECTOR('',#11895,1.);
#11895 = DIRECTION('',(0.,0.,1.));
#11896 = PCURVE('',#2677,#11897);
#11897 = DEFINITIONAL_REPRESENTATION('',(#11898),#11902);
#11898 = LINE('',#11899,#11900);
#11899 = CARTESIAN_POINT('',(0.,25.));
#11900 = VECTOR('',#11901,1.);
#11901 = DIRECTION('',(1.,0.));
#11902 = ( GEOMETRIC_REPRESENTATION_CONTEXT(2) 
PARAMETRIC_REPRESENTATION_CONTEXT() REPRESENTATION_CONTEXT('2D SPACE',''
  ) );
#11903 = PCURVE('',#2705,#11904);
#11904 = DEFINITIONAL_REPRESENTATION('',(#11905),#11909);
#11905 = LINE('',#11906,#11907);
#11906 = CARTESIAN_POINT('',(1.570796326795,0.));
#11907 = VECTOR('',#11908,1.);
#11908 = DIRECTION('',(0.,1.));
#11909 = ( GEOMETRIC_REPRESENTATION_CONTEXT(2) 
PARAMETRIC_REPRESENTATION_CONTEXT() REPRESENTATION_CONTEXT('2D SPACE',''
  ) );
#11910 = ADVANCED_FACE('',(#11911),#2732,.F.);
#11911 = FACE_BOUND('',#11912,.F.);
#11912 = EDGE_LOOP('',(#11913,#11914,#11915,#11916));
#11913 = ORIENTED_EDGE('',*,*,#2717,.F.);
#11914 = ORIENTED_EDGE('',*,*,#11860,.F.);
#11915 = ORIENTED_EDGE('',*,*,#5109,.T.);
#11916 = ORIENTED_EDGE('',*,*,#11917,.T.);
#11917 = EDGE_CURVE('',#5086,#2689,#11918,.T.);
#11918 = SURFACE_CURVE('',#11919,(#11923,#11930),.PCURVE_S1.);
#11919 = LINE('',#11920,#11921);
#11920 = CARTESIAN_POINT('',(36.,38.5,-1.));
#11921 = VECTOR('',#11922,1.);
#11922 = DIRECTION('',(0.,0.,1.));
#11923 = PCURVE('',#2732,#11924);
#11924 = DEFINITIONAL_REPRESENTATION('',(#11925),#11929);
#11925 = LINE('',#11926,#11927);
#11926 = CARTESIAN_POINT('',(0.,-10.));
#11927 = VECTOR('',#11928,1.);
#11928 = DIRECTION('',(1.,0.));
#11929 = ( GEOMETRIC_REPRESENTATION_CONTEXT(2) 
PARAMETRIC_REPRESENTATION_CONTEXT() REPRESENTATION_CONTEXT('2D SPACE',''
  ) );
#11930 = PCURVE('',#2705,#11931);
#11931 = DEFINITIONAL_REPRESENTATION('',(#11932),#11936);
#11932 = LINE('',#11933,#11934);
#11933 = CARTESIAN_POINT('',(0.,0.));
#11934 = VECTOR('',#11935,1.);
#11935 = DIRECTION('',(0.,1.));
#11936 = ( GEOMETRIC_REPRESENTATION_CONTEXT(2) 
PARAMETRIC_REPRESENTATION_CONTEXT() REPRESENTATION_CONTEXT('2D SPACE',''
  ) );
#11937 = ADVANCED_FACE('',(#11938),#2705,.F.);
#11938 = FACE_BOUND('',#11939,.F.);
#11939 = EDGE_LOOP('',(#11940,#11941,#11942,#11943));
#11940 = ORIENTED_EDGE('',*,*,#11917,.F.);
#11941 = ORIENTED_EDGE('',*,*,#5085,.T.);
#11942 = ORIENTED_EDGE('',*,*,#11890,.T.);
#11943 = ORIENTED_EDGE('',*,*,#2688,.F.);
#11944 = ADVANCED_FACE('',(#11945),#2817,.F.);
#11945 = FACE_BOUND('',#11946,.F.);
#11946 = EDGE_LOOP('',(#11947,#11968,#11969,#11990));
#11947 = ORIENTED_EDGE('',*,*,#11948,.F.);
#11948 = EDGE_CURVE('',#5176,#2799,#11949,.T.);
#11949 = SURFACE_CURVE('',#11950,(#11954,#11961),.PCURVE_S1.);
#11950 = LINE('',#11951,#11952);
#11951 = CARTESIAN_POINT('',(47.5,19.,-1.));
#11952 = VECTOR('',#11953,1.);
#11953 = DIRECTION('',(0.,0.,1.));
#11954 = PCURVE('',#2817,#11955);
#11955 = DEFINITIONAL_REPRESENTATION('',(#11956),#11960);
#11956 = LINE('',#11957,#11958);
#11957 = CARTESIAN_POINT('',(0.,0.));
#11958 = VECTOR('',#11959,1.);
#11959 = DIRECTION('',(0.,1.));
#11960 = ( GEOMETRIC_REPRESENTATION_CONTEXT(2) 
PARAMETRIC_REPRESENTATION_CONTEXT() REPRESENTATION_CONTEXT('2D SPACE',''
  ) );
#11961 = PCURVE('',#2844,#11962);
#11962 = DEFINITIONAL_REPRESENTATION('',(#11963),#11967);
#11963 = LINE('',#11964,#11965);
#11964 = CARTESIAN_POINT('',(0.,-3.));
#11965 = VECTOR('',#11966,1.);
#11966 = DIRECTION('',(1.,0.));
#11967 = ( GEOMETRIC_REPRESENTATION_CONTEXT(2) 
PARAMETRIC_REPRESENTATION_CONTEXT() REPRESENTATION_CONTEXT('2D SPACE',''
  ) );
#11968 = ORIENTED_EDGE('',*,*,#5175,.T.);
#11969 = ORIENTED_EDGE('',*,*,#11970,.T.);
#11970 = EDGE_CURVE('',#5178,#2801,#11971,.T.);
#11971 = SURFACE_CURVE('',#11972,(#11976,#11983),.PCURVE_S1.);
#11972 = LINE('',#11973,#11974);
#11973 = CARTESIAN_POINT('',(50.5,16.,-1.));
#11974 = VECTOR('',#11975,1.);
#11975 = DIRECTION('',(0.,0.,1.));
#11976 = PCURVE('',#2817,#11977);
#11977 = DEFINITIONAL_REPRESENTATION('',(#11978),#11982);
#11978 = LINE('',#11979,#11980);
#11979 = CARTESIAN_POINT('',(1.570796326795,0.));
#11980 = VECTOR('',#11981,1.);
#11981 = DIRECTION('',(0.,1.));
#11982 = ( GEOMETRIC_REPRESENTATION_CONTEXT(2) 
PARAMETRIC_REPRESENTATION_CONTEXT() REPRESENTATION_CONTEXT('2D SPACE',''
  ) );
#11983 = PCURVE('',#3119,#11984);
#11984 = DEFINITIONAL_REPRESENTATION('',(#11985),#11989);
#11985 = LINE('',#11986,#11987);
#11986 = CARTESIAN_POINT('',(0.,3.));
#11987 = VECTOR('',#11988,1.);
#11988 = DIRECTION('',(1.,0.));
#11989 = ( GEOMETRIC_REPRESENTATION_CONTEXT(2) 
PARAMETRIC_REPRESENTATION_CONTEXT() REPRESENTATION_CONTEXT('2D SPACE',''
  ) );
#11990 = ORIENTED_EDGE('',*,*,#2798,.F.);
#11991 = ADVANCED_FACE('',(#11992),#2844,.T.);
#11992 = FACE_BOUND('',#11993,.T.);
#11993 = EDGE_LOOP('',(#11994,#11995,#11996,#11997));
#11994 = ORIENTED_EDGE('',*,*,#2829,.F.);
#11995 = ORIENTED_EDGE('',*,*,#11948,.F.);
#11996 = ORIENTED_EDGE('',*,*,#5201,.T.);
#11997 = ORIENTED_EDGE('',*,*,#11998,.T.);
#11998 = EDGE_CURVE('',#5202,#2830,#11999,.T.);
#11999 = SURFACE_CURVE('',#12000,(#12004,#12011),.PCURVE_S1.);
#12000 = LINE('',#12001,#12002);
#12001 = CARTESIAN_POINT('',(47.5,29.,-1.));
#12002 = VECTOR('',#12003,1.);
#12003 = DIRECTION('',(0.,0.,1.));
#12004 = PCURVE('',#2844,#12005);
#12005 = DEFINITIONAL_REPRESENTATION('',(#12006),#12010);
#12006 = LINE('',#12007,#12008);
#12007 = CARTESIAN_POINT('',(0.,-13.));
#12008 = VECTOR('',#12009,1.);
#12009 = DIRECTION('',(1.,0.));
#12010 = ( GEOMETRIC_REPRESENTATION_CONTEXT(2) 
PARAMETRIC_REPRESENTATION_CONTEXT() REPRESENTATION_CONTEXT('2D SPACE',''
  ) );
#12011 = PCURVE('',#2872,#12012);
#12012 = DEFINITIONAL_REPRESENTATION('',(#12013),#12017);
#12013 = LINE('',#12014,#12015);
#12014 = CARTESIAN_POINT('',(-0.,0.));
#12015 = VECTOR('',#12016,1.);
#12016 = DIRECTION('',(-0.,1.));
#12017 = ( GEOMETRIC_REPRESENTATION_CONTEXT(2) 
PARAMETRIC_REPRESENTATION_CONTEXT() REPRESENTATION_CONTEXT('2D SPACE',''
  ) );
#12018 = ADVANCED_FACE('',(#12019),#3119,.T.);
#12019 = FACE_BOUND('',#12020,.T.);
#12020 = EDGE_LOOP('',(#12021,#12022,#12023,#12024));
#12021 = ORIENTED_EDGE('',*,*,#5336,.T.);
#12022 = ORIENTED_EDGE('',*,*,#11970,.T.);
#12023 = ORIENTED_EDGE('',*,*,#3106,.F.);
#12024 = ORIENTED_EDGE('',*,*,#12025,.F.);
#12025 = EDGE_CURVE('',#5313,#3078,#12026,.T.);
#12026 = SURFACE_CURVE('',#12027,(#12031,#12038),.PCURVE_S1.);
#12027 = LINE('',#12028,#12029);
#12028 = CARTESIAN_POINT('',(63.5,16.,-1.));
#12029 = VECTOR('',#12030,1.);
#12030 = DIRECTION('',(0.,0.,1.));
#12031 = PCURVE('',#3119,#12032);
#12032 = DEFINITIONAL_REPRESENTATION('',(#12033),#12037);
#12033 = LINE('',#12034,#12035);
#12034 = CARTESIAN_POINT('',(0.,16.));
#12035 = VECTOR('',#12036,1.);
#12036 = DIRECTION('',(1.,0.));
#12037 = ( GEOMETRIC_REPRESENTATION_CONTEXT(2) 
PARAMETRIC_REPRESENTATION_CONTEXT() REPRESENTATION_CONTEXT('2D SPACE',''
  ) );
#12038 = PCURVE('',#3094,#12039);
#12039 = DEFINITIONAL_REPRESENTATION('',(#12040),#12044);
#12040 = LINE('',#12041,#12042);
#12041 = CARTESIAN_POINT('',(-1.570796326795,0.));
#12042 = VECTOR('',#12043,1.);
#12043 = DIRECTION('',(-0.,1.));
#12044 = ( GEOMETRIC_REPRESENTATION_CONTEXT(2) 
PARAMETRIC_REPRESENTATION_CONTEXT() REPRESENTATION_CONTEXT('2D SPACE',''
  ) );
#12045 = ADVANCED_FACE('',(#12046),#2872,.F.);
#12046 = FACE_BOUND('',#12047,.T.);
#12047 = EDGE_LOOP('',(#12048,#12049,#12050,#12071));
#12048 = ORIENTED_EDGE('',*,*,#11998,.F.);
#12049 = ORIENTED_EDGE('',*,*,#5222,.F.);
#12050 = ORIENTED_EDGE('',*,*,#12051,.T.);
#12051 = EDGE_CURVE('',#5223,#2856,#12052,.T.);
#12052 = SURFACE_CURVE('',#12053,(#12057,#12064),.PCURVE_S1.);
#12053 = LINE('',#12054,#12055);
#12054 = CARTESIAN_POINT('',(50.5,32.,-1.));
#12055 = VECTOR('',#12056,1.);
#12056 = DIRECTION('',(0.,0.,1.));
#12057 = PCURVE('',#2872,#12058);
#12058 = DEFINITIONAL_REPRESENTATION('',(#12059),#12063);
#12059 = LINE('',#12060,#12061);
#12060 = CARTESIAN_POINT('',(-1.570796326795,0.));
#12061 = VECTOR('',#12062,1.);
#12062 = DIRECTION('',(-0.,1.));
#12063 = ( GEOMETRIC_REPRESENTATION_CONTEXT(2) 
PARAMETRIC_REPRESENTATION_CONTEXT() REPRESENTATION_CONTEXT('2D SPACE',''
  ) );
#12064 = PCURVE('',#2899,#12065);
#12065 = DEFINITIONAL_REPRESENTATION('',(#12066),#12070);
#12066 = LINE('',#12067,#12068);
#12067 = CARTESIAN_POINT('',(0.,3.));
#12068 = VECTOR('',#12069,1.);
#12069 = DIRECTION('',(1.,0.));
#12070 = ( GEOMETRIC_REPRESENTATION_CONTEXT(2) 
PARAMETRIC_REPRESENTATION_CONTEXT() REPRESENTATION_CONTEXT('2D SPACE',''
  ) );
#12071 = ORIENTED_EDGE('',*,*,#2855,.T.);
#12072 = ADVANCED_FACE('',(#12073),#3094,.F.);
#12073 = FACE_BOUND('',#12074,.T.);
#12074 = EDGE_LOOP('',(#12075,#12096,#12097,#12098));
#12075 = ORIENTED_EDGE('',*,*,#12076,.F.);
#12076 = EDGE_CURVE('',#5292,#3052,#12077,.T.);
#12077 = SURFACE_CURVE('',#12078,(#12082,#12089),.PCURVE_S1.);
#12078 = LINE('',#12079,#12080);
#12079 = CARTESIAN_POINT('',(66.5,19.,-1.));
#12080 = VECTOR('',#12081,1.);
#12081 = DIRECTION('',(0.,0.,1.));
#12082 = PCURVE('',#3094,#12083);
#12083 = DEFINITIONAL_REPRESENTATION('',(#12084),#12088);
#12084 = LINE('',#12085,#12086);
#12085 = CARTESIAN_POINT('',(-0.,0.));
#12086 = VECTOR('',#12087,1.);
#12087 = DIRECTION('',(-0.,1.));
#12088 = ( GEOMETRIC_REPRESENTATION_CONTEXT(2) 
PARAMETRIC_REPRESENTATION_CONTEXT() REPRESENTATION_CONTEXT('2D SPACE',''
  ) );
#12089 = PCURVE('',#3066,#12090);
#12090 = DEFINITIONAL_REPRESENTATION('',(#12091),#12095);
#12091 = LINE('',#12092,#12093);
#12092 = CARTESIAN_POINT('',(0.,-3.));
#12093 = VECTOR('',#12094,1.);
#12094 = DIRECTION('',(1.,0.));
#12095 = ( GEOMETRIC_REPRESENTATION_CONTEXT(2) 
PARAMETRIC_REPRESENTATION_CONTEXT() REPRESENTATION_CONTEXT('2D SPACE',''
  ) );
#12096 = ORIENTED_EDGE('',*,*,#5312,.F.);
#12097 = ORIENTED_EDGE('',*,*,#12025,.T.);
#12098 = ORIENTED_EDGE('',*,*,#3077,.T.);
#12099 = ADVANCED_FACE('',(#12100),#2899,.F.);
#12100 = FACE_BOUND('',#12101,.F.);
#12101 = EDGE_LOOP('',(#12102,#12103,#12104,#12105));
#12102 = ORIENTED_EDGE('',*,*,#5246,.T.);
#12103 = ORIENTED_EDGE('',*,*,#12051,.T.);
#12104 = ORIENTED_EDGE('',*,*,#2884,.F.);
#12105 = ORIENTED_EDGE('',*,*,#12106,.F.);
#12106 = EDGE_CURVE('',#5247,#2885,#12107,.T.);
#12107 = SURFACE_CURVE('',#12108,(#12112,#12119),.PCURVE_S1.);
#12108 = LINE('',#12109,#12110);
#12109 = CARTESIAN_POINT('',(63.5,32.,-1.));
#12110 = VECTOR('',#12111,1.);
#12111 = DIRECTION('',(0.,0.,1.));
#12112 = PCURVE('',#2899,#12113);
#12113 = DEFINITIONAL_REPRESENTATION('',(#12114),#12118);
#12114 = LINE('',#12115,#12116);
#12115 = CARTESIAN_POINT('',(0.,16.));
#12116 = VECTOR('',#12117,1.);
#12117 = DIRECTION('',(1.,0.));
#12118 = ( GEOMETRIC_REPRESENTATION_CONTEXT(2) 
PARAMETRIC_REPRESENTATION_CONTEXT() REPRESENTATION_CONTEXT('2D SPACE',''
  ) );
#12119 = PCURVE('',#3039,#12120);
#12120 = DEFINITIONAL_REPRESENTATION('',(#12121),#12125);
#12121 = LINE('',#12122,#12123);
#12122 = CARTESIAN_POINT('',(1.570796326795,0.));
#12123 = VECTOR('',#12124,1.);
#12124 = DIRECTION('',(0.,1.));
#12125 = ( GEOMETRIC_REPRESENTATION_CONTEXT(2) 
PARAMETRIC_REPRESENTATION_CONTEXT() REPRESENTATION_CONTEXT('2D SPACE',''
  ) );
#12126 = ADVANCED_FACE('',(#12127),#3066,.F.);
#12127 = FACE_BOUND('',#12128,.F.);
#12128 = EDGE_LOOP('',(#12129,#12130,#12131,#12132));
#12129 = ORIENTED_EDGE('',*,*,#3051,.F.);
#12130 = ORIENTED_EDGE('',*,*,#12076,.F.);
#12131 = ORIENTED_EDGE('',*,*,#5291,.T.);
#12132 = ORIENTED_EDGE('',*,*,#12133,.T.);
#12133 = EDGE_CURVE('',#5268,#3023,#12134,.T.);
#12134 = SURFACE_CURVE('',#12135,(#12139,#12146),.PCURVE_S1.);
#12135 = LINE('',#12136,#12137);
#12136 = CARTESIAN_POINT('',(66.5,29.,-1.));
#12137 = VECTOR('',#12138,1.);
#12138 = DIRECTION('',(0.,0.,1.));
#12139 = PCURVE('',#3066,#12140);
#12140 = DEFINITIONAL_REPRESENTATION('',(#12141),#12145);
#12141 = LINE('',#12142,#12143);
#12142 = CARTESIAN_POINT('',(0.,-13.));
#12143 = VECTOR('',#12144,1.);
#12144 = DIRECTION('',(1.,0.));
#12145 = ( GEOMETRIC_REPRESENTATION_CONTEXT(2) 
PARAMETRIC_REPRESENTATION_CONTEXT() REPRESENTATION_CONTEXT('2D SPACE',''
  ) );
#12146 = PCURVE('',#3039,#12147);
#12147 = DEFINITIONAL_REPRESENTATION('',(#12148),#12152);
#12148 = LINE('',#12149,#12150);
#12149 = CARTESIAN_POINT('',(0.,0.));
#12150 = VECTOR('',#12151,1.);
#12151 = DIRECTION('',(0.,1.));
#12152 = ( GEOMETRIC_REPRESENTATION_CONTEXT(2) 
PARAMETRIC_REPRESENTATION_CONTEXT() REPRESENTATION_CONTEXT('2D SPACE',''
  ) );
#12153 = ADVANCED_FACE('',(#12154),#2926,.F.);
#12154 = FACE_BOUND('',#12155,.F.);
#12155 = EDGE_LOOP('',(#12156,#12181,#12207,#12208,#12231,#12259,#12287,
    #12315,#12343));
#12156 = ORIENTED_EDGE('',*,*,#12157,.F.);
#12157 = EDGE_CURVE('',#12158,#12160,#12162,.T.);
#12158 = VERTEX_POINT('',#12159);
#12159 = CARTESIAN_POINT('',(63.5,29.5,3.));
#12160 = VERTEX_POINT('',#12161);
#12161 = CARTESIAN_POINT('',(63.5,29.5,27.));
#12162 = SURFACE_CURVE('',#12163,(#12167,#12174),.PCURVE_S1.);
#12163 = LINE('',#12164,#12165);
#12164 = CARTESIAN_POINT('',(63.5,29.5,3.));
#12165 = VECTOR('',#12166,1.);
#12166 = DIRECTION('',(0.,0.,1.));
#12167 = PCURVE('',#2926,#12168);
#12168 = DEFINITIONAL_REPRESENTATION('',(#12169),#12173);
#12169 = LINE('',#12170,#12171);
#12170 = CARTESIAN_POINT('',(0.,0.));
#12171 = VECTOR('',#12172,1.);
#12172 = DIRECTION('',(1.,0.));
#12173 = ( GEOMETRIC_REPRESENTATION_CONTEXT(2) 
PARAMETRIC_REPRESENTATION_CONTEXT() REPRESENTATION_CONTEXT('2D SPACE',''
  ) );
#12174 = PCURVE('',#3010,#12175);
#12175 = DEFINITIONAL_REPRESENTATION('',(#12176),#12180);
#12176 = LINE('',#12177,#12178);
#12177 = CARTESIAN_POINT('',(0.,0.));
#12178 = VECTOR('',#12179,1.);
#12179 = DIRECTION('',(1.,0.));
#12180 = ( GEOMETRIC_REPRESENTATION_CONTEXT(2) 
PARAMETRIC_REPRESENTATION_CONTEXT() REPRESENTATION_CONTEXT('2D SPACE',''
  ) );
#12181 = ORIENTED_EDGE('',*,*,#12182,.T.);
#12182 = EDGE_CURVE('',#12158,#2885,#12183,.T.);
#12183 = SURFACE_CURVE('',#12184,(#12188,#12195),.PCURVE_S1.);
#12184 = LINE('',#12185,#12186);
#12185 = CARTESIAN_POINT('',(63.5,29.5,3.));
#12186 = VECTOR('',#12187,1.);
#12187 = DIRECTION('',(0.,1.,0.));
#12188 = PCURVE('',#2926,#12189);
#12189 = DEFINITIONAL_REPRESENTATION('',(#12190),#12194);
#12190 = LINE('',#12191,#12192);
#12191 = CARTESIAN_POINT('',(0.,0.));
#12192 = VECTOR('',#12193,1.);
#12193 = DIRECTION('',(0.,-1.));
#12194 = ( GEOMETRIC_REPRESENTATION_CONTEXT(2) 
PARAMETRIC_REPRESENTATION_CONTEXT() REPRESENTATION_CONTEXT('2D SPACE',''
  ) );
#12195 = PCURVE('',#12196,#12201);
#12196 = PLANE('',#12197);
#12197 = AXIS2_PLACEMENT_3D('',#12198,#12199,#12200);
#12198 = CARTESIAN_POINT('',(63.5,29.5,3.));
#12199 = DIRECTION('',(0.,0.,1.));
#12200 = DIRECTION('',(1.,0.,0.));
#12201 = DEFINITIONAL_REPRESENTATION('',(#12202),#12206);
#12202 = LINE('',#12203,#12204);
#12203 = CARTESIAN_POINT('',(0.,0.));
#12204 = VECTOR('',#12205,1.);
#12205 = DIRECTION('',(0.,1.));
#12206 = ( GEOMETRIC_REPRESENTATION_CONTEXT(2) 
PARAMETRIC_REPRESENTATION_CONTEXT() REPRESENTATION_CONTEXT('2D SPACE',''
  ) );
#12207 = ORIENTED_EDGE('',*,*,#2910,.T.);
#12208 = ORIENTED_EDGE('',*,*,#12209,.T.);
#12209 = EDGE_CURVE('',#2911,#12210,#12212,.T.);
#12210 = VERTEX_POINT('',#12211);
#12211 = CARTESIAN_POINT('',(63.5,38.5,65.));
#12212 = SURFACE_CURVE('',#12213,(#12217,#12224),.PCURVE_S1.);
#12213 = LINE('',#12214,#12215);
#12214 = CARTESIAN_POINT('',(63.5,38.5,3.));
#12215 = VECTOR('',#12216,1.);
#12216 = DIRECTION('',(0.,0.,1.));
#12217 = PCURVE('',#2926,#12218);
#12218 = DEFINITIONAL_REPRESENTATION('',(#12219),#12223);
#12219 = LINE('',#12220,#12221);
#12220 = CARTESIAN_POINT('',(0.,-9.));
#12221 = VECTOR('',#12222,1.);
#12222 = DIRECTION('',(1.,0.));
#12223 = ( GEOMETRIC_REPRESENTATION_CONTEXT(2) 
PARAMETRIC_REPRESENTATION_CONTEXT() REPRESENTATION_CONTEXT('2D SPACE',''
  ) );
#12224 = PCURVE('',#2954,#12225);
#12225 = DEFINITIONAL_REPRESENTATION('',(#12226),#12230);
#12226 = LINE('',#12227,#12228);
#12227 = CARTESIAN_POINT('',(0.,0.));
#12228 = VECTOR('',#12229,1.);
#12229 = DIRECTION('',(1.,0.));
#12230 = ( GEOMETRIC_REPRESENTATION_CONTEXT(2) 
PARAMETRIC_REPRESENTATION_CONTEXT() REPRESENTATION_CONTEXT('2D SPACE',''
  ) );
#12231 = ORIENTED_EDGE('',*,*,#12232,.F.);
#12232 = EDGE_CURVE('',#12233,#12210,#12235,.T.);
#12233 = VERTEX_POINT('',#12234);
#12234 = CARTESIAN_POINT('',(63.5,29.5,65.));
#12235 = SURFACE_CURVE('',#12236,(#12240,#12247),.PCURVE_S1.);
#12236 = LINE('',#12237,#12238);
#12237 = CARTESIAN_POINT('',(63.5,29.5,65.));
#12238 = VECTOR('',#12239,1.);
#12239 = DIRECTION('',(0.,1.,0.));
#12240 = PCURVE('',#2926,#12241);
#12241 = DEFINITIONAL_REPRESENTATION('',(#12242),#12246);
#12242 = LINE('',#12243,#12244);
#12243 = CARTESIAN_POINT('',(62.,0.));
#12244 = VECTOR('',#12245,1.);
#12245 = DIRECTION('',(0.,-1.));
#12246 = ( GEOMETRIC_REPRESENTATION_CONTEXT(2) 
PARAMETRIC_REPRESENTATION_CONTEXT() REPRESENTATION_CONTEXT('2D SPACE',''
  ) );
#12247 = PCURVE('',#12248,#12253);
#12248 = PLANE('',#12249);
#12249 = AXIS2_PLACEMENT_3D('',#12250,#12251,#12252);
#12250 = CARTESIAN_POINT('',(63.5,29.5,65.));
#12251 = DIRECTION('',(0.,0.,1.));
#12252 = DIRECTION('',(1.,0.,0.));
#12253 = DEFINITIONAL_REPRESENTATION('',(#12254),#12258);
#12254 = LINE('',#12255,#12256);
#12255 = CARTESIAN_POINT('',(0.,0.));
#12256 = VECTOR('',#12257,1.);
#12257 = DIRECTION('',(0.,1.));
#12258 = ( GEOMETRIC_REPRESENTATION_CONTEXT(2) 
PARAMETRIC_REPRESENTATION_CONTEXT() REPRESENTATION_CONTEXT('2D SPACE',''
  ) );
#12259 = ORIENTED_EDGE('',*,*,#12260,.F.);
#12260 = EDGE_CURVE('',#12261,#12233,#12263,.T.);
#12261 = VERTEX_POINT('',#12262);
#12262 = CARTESIAN_POINT('',(63.5,29.5,31.));
#12263 = SURFACE_CURVE('',#12264,(#12268,#12275),.PCURVE_S1.);
#12264 = LINE('',#12265,#12266);
#12265 = CARTESIAN_POINT('',(63.5,29.5,3.));
#12266 = VECTOR('',#12267,1.);
#12267 = DIRECTION('',(0.,0.,1.));
#12268 = PCURVE('',#2926,#12269);
#12269 = DEFINITIONAL_REPRESENTATION('',(#12270),#12274);
#12270 = LINE('',#12271,#12272);
#12271 = CARTESIAN_POINT('',(0.,0.));
#12272 = VECTOR('',#12273,1.);
#12273 = DIRECTION('',(1.,0.));
#12274 = ( GEOMETRIC_REPRESENTATION_CONTEXT(2) 
PARAMETRIC_REPRESENTATION_CONTEXT() REPRESENTATION_CONTEXT('2D SPACE',''
  ) );
#12275 = PCURVE('',#12276,#12281);
#12276 = PLANE('',#12277);
#12277 = AXIS2_PLACEMENT_3D('',#12278,#12279,#12280);
#12278 = CARTESIAN_POINT('',(63.5,29.5,3.));
#12279 = DIRECTION('',(0.,1.,0.));
#12280 = DIRECTION('',(0.,0.,1.));
#12281 = DEFINITIONAL_REPRESENTATION('',(#12282),#12286);
#12282 = LINE('',#12283,#12284);
#12283 = CARTESIAN_POINT('',(0.,0.));
#12284 = VECTOR('',#12285,1.);
#12285 = DIRECTION('',(1.,0.));
#12286 = ( GEOMETRIC_REPRESENTATION_CONTEXT(2) 
PARAMETRIC_REPRESENTATION_CONTEXT() REPRESENTATION_CONTEXT('2D SPACE',''
  ) );
#12287 = ORIENTED_EDGE('',*,*,#12288,.F.);
#12288 = EDGE_CURVE('',#12289,#12261,#12291,.T.);
#12289 = VERTEX_POINT('',#12290);
#12290 = CARTESIAN_POINT('',(63.5,23.,31.));
#12291 = SURFACE_CURVE('',#12292,(#12296,#12303),.PCURVE_S1.);
#12292 = LINE('',#12293,#12294);
#12293 = CARTESIAN_POINT('',(63.5,23.,31.));
#12294 = VECTOR('',#12295,1.);
#12295 = DIRECTION('',(0.,1.,0.));
#12296 = PCURVE('',#2926,#12297);
#12297 = DEFINITIONAL_REPRESENTATION('',(#12298),#12302);
#12298 = LINE('',#12299,#12300);
#12299 = CARTESIAN_POINT('',(28.,6.5));
#12300 = VECTOR('',#12301,1.);
#12301 = DIRECTION('',(0.,-1.));
#12302 = ( GEOMETRIC_REPRESENTATION_CONTEXT(2) 
PARAMETRIC_REPRESENTATION_CONTEXT() REPRESENTATION_CONTEXT('2D SPACE',''
  ) );
#12303 = PCURVE('',#12304,#12309);
#12304 = PLANE('',#12305);
#12305 = AXIS2_PLACEMENT_3D('',#12306,#12307,#12308);
#12306 = CARTESIAN_POINT('',(63.5,23.,31.));
#12307 = DIRECTION('',(0.,0.,1.));
#12308 = DIRECTION('',(1.,0.,0.));
#12309 = DEFINITIONAL_REPRESENTATION('',(#12310),#12314);
#12310 = LINE('',#12311,#12312);
#12311 = CARTESIAN_POINT('',(0.,0.));
#12312 = VECTOR('',#12313,1.);
#12313 = DIRECTION('',(0.,1.));
#12314 = ( GEOMETRIC_REPRESENTATION_CONTEXT(2) 
PARAMETRIC_REPRESENTATION_CONTEXT() REPRESENTATION_CONTEXT('2D SPACE',''
  ) );
#12315 = ORIENTED_EDGE('',*,*,#12316,.F.);
#12316 = EDGE_CURVE('',#12317,#12289,#12319,.T.);
#12317 = VERTEX_POINT('',#12318);
#12318 = CARTESIAN_POINT('',(63.5,23.,27.));
#12319 = SURFACE_CURVE('',#12320,(#12324,#12331),.PCURVE_S1.);
#12320 = LINE('',#12321,#12322);
#12321 = CARTESIAN_POINT('',(63.5,23.,27.));
#12322 = VECTOR('',#12323,1.);
#12323 = DIRECTION('',(0.,0.,1.));
#12324 = PCURVE('',#2926,#12325);
#12325 = DEFINITIONAL_REPRESENTATION('',(#12326),#12330);
#12326 = LINE('',#12327,#12328);
#12327 = CARTESIAN_POINT('',(24.,6.5));
#12328 = VECTOR('',#12329,1.);
#12329 = DIRECTION('',(1.,0.));
#12330 = ( GEOMETRIC_REPRESENTATION_CONTEXT(2) 
PARAMETRIC_REPRESENTATION_CONTEXT() REPRESENTATION_CONTEXT('2D SPACE',''
  ) );
#12331 = PCURVE('',#12332,#12337);
#12332 = PLANE('',#12333);
#12333 = AXIS2_PLACEMENT_3D('',#12334,#12335,#12336);
#12334 = CARTESIAN_POINT('',(63.5,23.,27.));
#12335 = DIRECTION('',(0.,1.,0.));
#12336 = DIRECTION('',(0.,0.,1.));
#12337 = DEFINITIONAL_REPRESENTATION('',(#12338),#12342);
#12338 = LINE('',#12339,#12340);
#12339 = CARTESIAN_POINT('',(0.,0.));
#12340 = VECTOR('',#12341,1.);
#12341 = DIRECTION('',(1.,0.));
#12342 = ( GEOMETRIC_REPRESENTATION_CONTEXT(2) 
PARAMETRIC_REPRESENTATION_CONTEXT() REPRESENTATION_CONTEXT('2D SPACE',''
  ) );
#12343 = ORIENTED_EDGE('',*,*,#12344,.T.);
#12344 = EDGE_CURVE('',#12317,#12160,#12345,.T.);
#12345 = SURFACE_CURVE('',#12346,(#12350,#12357),.PCURVE_S1.);
#12346 = LINE('',#12347,#12348);
#12347 = CARTESIAN_POINT('',(63.5,23.,27.));
#12348 = VECTOR('',#12349,1.);
#12349 = DIRECTION('',(0.,1.,0.));
#12350 = PCURVE('',#2926,#12351);
#12351 = DEFINITIONAL_REPRESENTATION('',(#12352),#12356);
#12352 = LINE('',#12353,#12354);
#12353 = CARTESIAN_POINT('',(24.,6.5));
#12354 = VECTOR('',#12355,1.);
#12355 = DIRECTION('',(0.,-1.));
#12356 = ( GEOMETRIC_REPRESENTATION_CONTEXT(2) 
PARAMETRIC_REPRESENTATION_CONTEXT() REPRESENTATION_CONTEXT('2D SPACE',''
  ) );
#12357 = PCURVE('',#12358,#12363);
#12358 = PLANE('',#12359);
#12359 = AXIS2_PLACEMENT_3D('',#12360,#12361,#12362);
#12360 = CARTESIAN_POINT('',(63.5,23.,27.));
#12361 = DIRECTION('',(0.,0.,1.));
#12362 = DIRECTION('',(1.,0.,0.));
#12363 = DEFINITIONAL_REPRESENTATION('',(#12364),#12368);
#12364 = LINE('',#12365,#12366);
#12365 = CARTESIAN_POINT('',(0.,0.));
#12366 = VECTOR('',#12367,1.);
#12367 = DIRECTION('',(0.,1.));
#12368 = ( GEOMETRIC_REPRESENTATION_CONTEXT(2) 
PARAMETRIC_REPRESENTATION_CONTEXT() REPRESENTATION_CONTEXT('2D SPACE',''
  ) );
#12369 = ADVANCED_FACE('',(#12370),#3039,.F.);
#12370 = FACE_BOUND('',#12371,.F.);
#12371 = EDGE_LOOP('',(#12372,#12373,#12374,#12375,#12397));
#12372 = ORIENTED_EDGE('',*,*,#12133,.F.);
#12373 = ORIENTED_EDGE('',*,*,#5267,.T.);
#12374 = ORIENTED_EDGE('',*,*,#12106,.T.);
#12375 = ORIENTED_EDGE('',*,*,#12376,.F.);
#12376 = EDGE_CURVE('',#2995,#2885,#12377,.T.);
#12377 = SURFACE_CURVE('',#12378,(#12383,#12390),.PCURVE_S1.);
#12378 = CIRCLE('',#12379,3.);
#12379 = AXIS2_PLACEMENT_3D('',#12380,#12381,#12382);
#12380 = CARTESIAN_POINT('',(63.5,29.,3.));
#12381 = DIRECTION('',(0.,0.,1.));
#12382 = DIRECTION('',(1.,0.,-0.));
#12383 = PCURVE('',#3039,#12384);
#12384 = DEFINITIONAL_REPRESENTATION('',(#12385),#12389);
#12385 = LINE('',#12386,#12387);
#12386 = CARTESIAN_POINT('',(0.,4.));
#12387 = VECTOR('',#12388,1.);
#12388 = DIRECTION('',(1.,0.));
#12389 = ( GEOMETRIC_REPRESENTATION_CONTEXT(2) 
PARAMETRIC_REPRESENTATION_CONTEXT() REPRESENTATION_CONTEXT('2D SPACE',''
  ) );
#12390 = PCURVE('',#12196,#12391);
#12391 = DEFINITIONAL_REPRESENTATION('',(#12392),#12396);
#12392 = CIRCLE('',#12393,3.);
#12393 = AXIS2_PLACEMENT_2D('',#12394,#12395);
#12394 = CARTESIAN_POINT('',(0.,-0.5));
#12395 = DIRECTION('',(1.,0.));
#12396 = ( GEOMETRIC_REPRESENTATION_CONTEXT(2) 
PARAMETRIC_REPRESENTATION_CONTEXT() REPRESENTATION_CONTEXT('2D SPACE',''
  ) );
#12397 = ORIENTED_EDGE('',*,*,#3022,.F.);
#12398 = ADVANCED_FACE('',(#12399),#2954,.T.);
#12399 = FACE_BOUND('',#12400,.T.);
#12400 = EDGE_LOOP('',(#12401,#12424,#12425,#12426,#12449,#12477,#12498,
    #12519));
#12401 = ORIENTED_EDGE('',*,*,#12402,.F.);
#12402 = EDGE_CURVE('',#2939,#12403,#12405,.T.);
#12403 = VERTEX_POINT('',#12404);
#12404 = CARTESIAN_POINT('',(72.5,38.5,56.));
#12405 = SURFACE_CURVE('',#12406,(#12410,#12417),.PCURVE_S1.);
#12406 = LINE('',#12407,#12408);
#12407 = CARTESIAN_POINT('',(72.5,38.5,3.));
#12408 = VECTOR('',#12409,1.);
#12409 = DIRECTION('',(0.,0.,1.));
#12410 = PCURVE('',#2954,#12411);
#12411 = DEFINITIONAL_REPRESENTATION('',(#12412),#12416);
#12412 = LINE('',#12413,#12414);
#12413 = CARTESIAN_POINT('',(0.,9.));
#12414 = VECTOR('',#12415,1.);
#12415 = DIRECTION('',(1.,0.));
#12416 = ( GEOMETRIC_REPRESENTATION_CONTEXT(2) 
PARAMETRIC_REPRESENTATION_CONTEXT() REPRESENTATION_CONTEXT('2D SPACE',''
  ) );
#12417 = PCURVE('',#2982,#12418);
#12418 = DEFINITIONAL_REPRESENTATION('',(#12419),#12423);
#12419 = LINE('',#12420,#12421);
#12420 = CARTESIAN_POINT('',(0.,-9.));
#12421 = VECTOR('',#12422,1.);
#12422 = DIRECTION('',(1.,0.));
#12423 = ( GEOMETRIC_REPRESENTATION_CONTEXT(2) 
PARAMETRIC_REPRESENTATION_CONTEXT() REPRESENTATION_CONTEXT('2D SPACE',''
  ) );
#12424 = ORIENTED_EDGE('',*,*,#2938,.F.);
#12425 = ORIENTED_EDGE('',*,*,#12209,.T.);
#12426 = ORIENTED_EDGE('',*,*,#12427,.T.);
#12427 = EDGE_CURVE('',#12210,#12428,#12430,.T.);
#12428 = VERTEX_POINT('',#12429);
#12429 = CARTESIAN_POINT('',(72.5,38.5,65.));
#12430 = SURFACE_CURVE('',#12431,(#12435,#12442),.PCURVE_S1.);
#12431 = LINE('',#12432,#12433);
#12432 = CARTESIAN_POINT('',(63.5,38.5,65.));
#12433 = VECTOR('',#12434,1.);
#12434 = DIRECTION('',(1.,0.,0.));
#12435 = PCURVE('',#2954,#12436);
#12436 = DEFINITIONAL_REPRESENTATION('',(#12437),#12441);
#12437 = LINE('',#12438,#12439);
#12438 = CARTESIAN_POINT('',(62.,0.));
#12439 = VECTOR('',#12440,1.);
#12440 = DIRECTION('',(0.,1.));
#12441 = ( GEOMETRIC_REPRESENTATION_CONTEXT(2) 
PARAMETRIC_REPRESENTATION_CONTEXT() REPRESENTATION_CONTEXT('2D SPACE',''
  ) );
#12442 = PCURVE('',#12248,#12443);
#12443 = DEFINITIONAL_REPRESENTATION('',(#12444),#12448);
#12444 = LINE('',#12445,#12446);
#12445 = CARTESIAN_POINT('',(0.,9.));
#12446 = VECTOR('',#12447,1.);
#12447 = DIRECTION('',(1.,0.));
#12448 = ( GEOMETRIC_REPRESENTATION_CONTEXT(2) 
PARAMETRIC_REPRESENTATION_CONTEXT() REPRESENTATION_CONTEXT('2D SPACE',''
  ) );
#12449 = ORIENTED_EDGE('',*,*,#12450,.F.);
#12450 = EDGE_CURVE('',#12451,#12428,#12453,.T.);
#12451 = VERTEX_POINT('',#12452);
#12452 = CARTESIAN_POINT('',(72.5,38.5,64.));
#12453 = SURFACE_CURVE('',#12454,(#12458,#12465),.PCURVE_S1.);
#12454 = LINE('',#12455,#12456);
#12455 = CARTESIAN_POINT('',(72.5,38.5,3.));
#12456 = VECTOR('',#12457,1.);
#12457 = DIRECTION('',(0.,0.,1.));
#12458 = PCURVE('',#2954,#12459);
#12459 = DEFINITIONAL_REPRESENTATION('',(#12460),#12464);
#12460 = LINE('',#12461,#12462);
#12461 = CARTESIAN_POINT('',(0.,9.));
#12462 = VECTOR('',#12463,1.);
#12463 = DIRECTION('',(1.,0.));
#12464 = ( GEOMETRIC_REPRESENTATION_CONTEXT(2) 
PARAMETRIC_REPRESENTATION_CONTEXT() REPRESENTATION_CONTEXT('2D SPACE',''
  ) );
#12465 = PCURVE('',#12466,#12471);
#12466 = PLANE('',#12467);
#12467 = AXIS2_PLACEMENT_3D('',#12468,#12469,#12470);
#12468 = CARTESIAN_POINT('',(72.5,29.5,3.));
#12469 = DIRECTION('',(1.,0.,0.));
#12470 = DIRECTION('',(0.,0.,1.));
#12471 = DEFINITIONAL_REPRESENTATION('',(#12472),#12476);
#12472 = LINE('',#12473,#12474);
#12473 = CARTESIAN_POINT('',(0.,-9.));
#12474 = VECTOR('',#12475,1.);
#12475 = DIRECTION('',(1.,0.));
#12476 = ( GEOMETRIC_REPRESENTATION_CONTEXT(2) 
PARAMETRIC_REPRESENTATION_CONTEXT() REPRESENTATION_CONTEXT('2D SPACE',''
  ) );
#12477 = ORIENTED_EDGE('',*,*,#12478,.T.);
#12478 = EDGE_CURVE('',#12451,#12479,#12481,.T.);
#12479 = VERTEX_POINT('',#12480);
#12480 = CARTESIAN_POINT('',(72.,38.5,64.));
#12481 = SURFACE_CURVE('',#12482,(#12486,#12492),.PCURVE_S1.);
#12482 = LINE('',#12483,#12484);
#12483 = CARTESIAN_POINT('',(67.75,38.5,64.));
#12484 = VECTOR('',#12485,1.);
#12485 = DIRECTION('',(-1.,0.,0.));
#12486 = PCURVE('',#2954,#12487);
#12487 = DEFINITIONAL_REPRESENTATION('',(#12488),#12491);
#12488 = B_SPLINE_CURVE_WITH_KNOTS('',1,(#12489,#12490),.UNSPECIFIED.,
  .F.,.F.,(2,2),(-4.75,-4.25),.PIECEWISE_BEZIER_KNOTS.);
#12489 = CARTESIAN_POINT('',(61.,9.));
#12490 = CARTESIAN_POINT('',(61.,8.5));
#12491 = ( GEOMETRIC_REPRESENTATION_CONTEXT(2) 
PARAMETRIC_REPRESENTATION_CONTEXT() REPRESENTATION_CONTEXT('2D SPACE',''
  ) );
#12492 = PCURVE('',#5588,#12493);
#12493 = DEFINITIONAL_REPRESENTATION('',(#12494),#12497);
#12494 = B_SPLINE_CURVE_WITH_KNOTS('',1,(#12495,#12496),.UNSPECIFIED.,
  .F.,.F.,(2,2),(-4.75,-4.25),.PIECEWISE_BEZIER_KNOTS.);
#12495 = CARTESIAN_POINT('',(0.5,82.5));
#12496 = CARTESIAN_POINT('',(0.,82.5));
#12497 = ( GEOMETRIC_REPRESENTATION_CONTEXT(2) 
PARAMETRIC_REPRESENTATION_CONTEXT() REPRESENTATION_CONTEXT('2D SPACE',''
  ) );
#12498 = ORIENTED_EDGE('',*,*,#12499,.F.);
#12499 = EDGE_CURVE('',#12500,#12479,#12502,.T.);
#12500 = VERTEX_POINT('',#12501);
#12501 = CARTESIAN_POINT('',(72.,38.5,56.));
#12502 = SURFACE_CURVE('',#12503,(#12507,#12513),.PCURVE_S1.);
#12503 = LINE('',#12504,#12505);
#12504 = CARTESIAN_POINT('',(72.,38.5,29.5));
#12505 = VECTOR('',#12506,1.);
#12506 = DIRECTION('',(0.,0.,1.));
#12507 = PCURVE('',#2954,#12508);
#12508 = DEFINITIONAL_REPRESENTATION('',(#12509),#12512);
#12509 = B_SPLINE_CURVE_WITH_KNOTS('',1,(#12510,#12511),.UNSPECIFIED.,
  .F.,.F.,(2,2),(26.5,34.5),.PIECEWISE_BEZIER_KNOTS.);
#12510 = CARTESIAN_POINT('',(53.,8.5));
#12511 = CARTESIAN_POINT('',(61.,8.5));
#12512 = ( GEOMETRIC_REPRESENTATION_CONTEXT(2) 
PARAMETRIC_REPRESENTATION_CONTEXT() REPRESENTATION_CONTEXT('2D SPACE',''
  ) );
#12513 = PCURVE('',#6950,#12514);
#12514 = DEFINITIONAL_REPRESENTATION('',(#12515),#12518);
#12515 = B_SPLINE_CURVE_WITH_KNOTS('',1,(#12516,#12517),.UNSPECIFIED.,
  .F.,.F.,(2,2),(26.5,34.5),.PIECEWISE_BEZIER_KNOTS.);
#12516 = CARTESIAN_POINT('',(0.,-82.5));
#12517 = CARTESIAN_POINT('',(8.,-82.5));
#12518 = ( GEOMETRIC_REPRESENTATION_CONTEXT(2) 
PARAMETRIC_REPRESENTATION_CONTEXT() REPRESENTATION_CONTEXT('2D SPACE',''
  ) );
#12519 = ORIENTED_EDGE('',*,*,#12520,.F.);
#12520 = EDGE_CURVE('',#12403,#12500,#12521,.T.);
#12521 = SURFACE_CURVE('',#12522,(#12526,#12532),.PCURVE_S1.);
#12522 = LINE('',#12523,#12524);
#12523 = CARTESIAN_POINT('',(67.75,38.5,56.));
#12524 = VECTOR('',#12525,1.);
#12525 = DIRECTION('',(-1.,0.,0.));
#12526 = PCURVE('',#2954,#12527);
#12527 = DEFINITIONAL_REPRESENTATION('',(#12528),#12531);
#12528 = B_SPLINE_CURVE_WITH_KNOTS('',1,(#12529,#12530),.UNSPECIFIED.,
  .F.,.F.,(2,2),(-4.75,-4.25),.PIECEWISE_BEZIER_KNOTS.);
#12529 = CARTESIAN_POINT('',(53.,9.));
#12530 = CARTESIAN_POINT('',(53.,8.5));
#12531 = ( GEOMETRIC_REPRESENTATION_CONTEXT(2) 
PARAMETRIC_REPRESENTATION_CONTEXT() REPRESENTATION_CONTEXT('2D SPACE',''
  ) );
#12532 = PCURVE('',#6978,#12533);
#12533 = DEFINITIONAL_REPRESENTATION('',(#12534),#12537);
#12534 = B_SPLINE_CURVE_WITH_KNOTS('',1,(#12535,#12536),.UNSPECIFIED.,
  .F.,.F.,(2,2),(-4.75,-4.25),.PIECEWISE_BEZIER_KNOTS.);
#12535 = CARTESIAN_POINT('',(0.5,82.5));
#12536 = CARTESIAN_POINT('',(0.,82.5));
#12537 = ( GEOMETRIC_REPRESENTATION_CONTEXT(2) 
PARAMETRIC_REPRESENTATION_CONTEXT() REPRESENTATION_CONTEXT('2D SPACE',''
  ) );
#12538 = ADVANCED_FACE('',(#12539),#3010,.F.);
#12539 = FACE_BOUND('',#12540,.F.);
#12540 = EDGE_LOOP('',(#12541,#12562,#12563,#12584,#12605));
#12541 = ORIENTED_EDGE('',*,*,#12542,.F.);
#12542 = EDGE_CURVE('',#12158,#2995,#12543,.T.);
#12543 = SURFACE_CURVE('',#12544,(#12548,#12555),.PCURVE_S1.);
#12544 = LINE('',#12545,#12546);
#12545 = CARTESIAN_POINT('',(63.5,29.5,3.));
#12546 = VECTOR('',#12547,1.);
#12547 = DIRECTION('',(1.,0.,0.));
#12548 = PCURVE('',#3010,#12549);
#12549 = DEFINITIONAL_REPRESENTATION('',(#12550),#12554);
#12550 = LINE('',#12551,#12552);
#12551 = CARTESIAN_POINT('',(0.,0.));
#12552 = VECTOR('',#12553,1.);
#12553 = DIRECTION('',(0.,1.));
#12554 = ( GEOMETRIC_REPRESENTATION_CONTEXT(2) 
PARAMETRIC_REPRESENTATION_CONTEXT() REPRESENTATION_CONTEXT('2D SPACE',''
  ) );
#12555 = PCURVE('',#12196,#12556);
#12556 = DEFINITIONAL_REPRESENTATION('',(#12557),#12561);
#12557 = LINE('',#12558,#12559);
#12558 = CARTESIAN_POINT('',(0.,0.));
#12559 = VECTOR('',#12560,1.);
#12560 = DIRECTION('',(1.,0.));
#12561 = ( GEOMETRIC_REPRESENTATION_CONTEXT(2) 
PARAMETRIC_REPRESENTATION_CONTEXT() REPRESENTATION_CONTEXT('2D SPACE',''
  ) );
#12562 = ORIENTED_EDGE('',*,*,#12157,.T.);
#12563 = ORIENTED_EDGE('',*,*,#12564,.T.);
#12564 = EDGE_CURVE('',#12160,#12565,#12567,.T.);
#12565 = VERTEX_POINT('',#12566);
#12566 = CARTESIAN_POINT('',(72.5,29.5,27.));
#12567 = SURFACE_CURVE('',#12568,(#12572,#12578),.PCURVE_S1.);
#12568 = LINE('',#12569,#12570);
#12569 = CARTESIAN_POINT('',(63.5,29.5,27.));
#12570 = VECTOR('',#12571,1.);
#12571 = DIRECTION('',(1.,0.,0.));
#12572 = PCURVE('',#3010,#12573);
#12573 = DEFINITIONAL_REPRESENTATION('',(#12574),#12577);
#12574 = B_SPLINE_CURVE_WITH_KNOTS('',1,(#12575,#12576),.UNSPECIFIED.,
  .F.,.F.,(2,2),(0.,9.),.PIECEWISE_BEZIER_KNOTS.);
#12575 = CARTESIAN_POINT('',(24.,0.));
#12576 = CARTESIAN_POINT('',(24.,9.));
#12577 = ( GEOMETRIC_REPRESENTATION_CONTEXT(2) 
PARAMETRIC_REPRESENTATION_CONTEXT() REPRESENTATION_CONTEXT('2D SPACE',''
  ) );
#12578 = PCURVE('',#12358,#12579);
#12579 = DEFINITIONAL_REPRESENTATION('',(#12580),#12583);
#12580 = B_SPLINE_CURVE_WITH_KNOTS('',1,(#12581,#12582),.UNSPECIFIED.,
  .F.,.F.,(2,2),(0.,9.),.PIECEWISE_BEZIER_KNOTS.);
#12581 = CARTESIAN_POINT('',(0.,6.5));
#12582 = CARTESIAN_POINT('',(9.,6.5));
#12583 = ( GEOMETRIC_REPRESENTATION_CONTEXT(2) 
PARAMETRIC_REPRESENTATION_CONTEXT() REPRESENTATION_CONTEXT('2D SPACE',''
  ) );
#12584 = ORIENTED_EDGE('',*,*,#12585,.F.);
#12585 = EDGE_CURVE('',#2967,#12565,#12586,.T.);
#12586 = SURFACE_CURVE('',#12587,(#12591,#12598),.PCURVE_S1.);
#12587 = LINE('',#12588,#12589);
#12588 = CARTESIAN_POINT('',(72.5,29.5,3.));
#12589 = VECTOR('',#12590,1.);
#12590 = DIRECTION('',(0.,0.,1.));
#12591 = PCURVE('',#3010,#12592);
#12592 = DEFINITIONAL_REPRESENTATION('',(#12593),#12597);
#12593 = LINE('',#12594,#12595);
#12594 = CARTESIAN_POINT('',(0.,9.));
#12595 = VECTOR('',#12596,1.);
#12596 = DIRECTION('',(1.,0.));
#12597 = ( GEOMETRIC_REPRESENTATION_CONTEXT(2) 
PARAMETRIC_REPRESENTATION_CONTEXT() REPRESENTATION_CONTEXT('2D SPACE',''
  ) );
#12598 = PCURVE('',#2982,#12599);
#12599 = DEFINITIONAL_REPRESENTATION('',(#12600),#12604);
#12600 = LINE('',#12601,#12602);
#12601 = CARTESIAN_POINT('',(0.,0.));
#12602 = VECTOR('',#12603,1.);
#12603 = DIRECTION('',(1.,0.));
#12604 = ( GEOMETRIC_REPRESENTATION_CONTEXT(2) 
PARAMETRIC_REPRESENTATION_CONTEXT() REPRESENTATION_CONTEXT('2D SPACE',''
  ) );
#12605 = ORIENTED_EDGE('',*,*,#2994,.F.);
#12606 = ADVANCED_FACE('',(#12607),#2982,.T.);
#12607 = FACE_BOUND('',#12608,.T.);
#12608 = EDGE_LOOP('',(#12609,#12610,#12611,#12612,#12634,#12657,#12680,
    #12703));
#12609 = ORIENTED_EDGE('',*,*,#12585,.F.);
#12610 = ORIENTED_EDGE('',*,*,#2966,.T.);
#12611 = ORIENTED_EDGE('',*,*,#12402,.T.);
#12612 = ORIENTED_EDGE('',*,*,#12613,.F.);
#12613 = EDGE_CURVE('',#12614,#12403,#12616,.T.);
#12614 = VERTEX_POINT('',#12615);
#12615 = CARTESIAN_POINT('',(72.5,29.5,56.));
#12616 = SURFACE_CURVE('',#12617,(#12621,#12628),.PCURVE_S1.);
#12617 = LINE('',#12618,#12619);
#12618 = CARTESIAN_POINT('',(72.5,-7.25,56.));
#12619 = VECTOR('',#12620,1.);
#12620 = DIRECTION('',(0.,1.,0.));
#12621 = PCURVE('',#2982,#12622);
#12622 = DEFINITIONAL_REPRESENTATION('',(#12623),#12627);
#12623 = LINE('',#12624,#12625);
#12624 = CARTESIAN_POINT('',(53.,36.75));
#12625 = VECTOR('',#12626,1.);
#12626 = DIRECTION('',(0.,-1.));
#12627 = ( GEOMETRIC_REPRESENTATION_CONTEXT(2) 
PARAMETRIC_REPRESENTATION_CONTEXT() REPRESENTATION_CONTEXT('2D SPACE',''
  ) );
#12628 = PCURVE('',#6978,#12629);
#12629 = DEFINITIONAL_REPRESENTATION('',(#12630),#12633);
#12630 = B_SPLINE_CURVE_WITH_KNOTS('',1,(#12631,#12632),.UNSPECIFIED.,
  .F.,.F.,(2,2),(36.75,45.75),.PIECEWISE_BEZIER_KNOTS.);
#12631 = CARTESIAN_POINT('',(0.5,73.5));
#12632 = CARTESIAN_POINT('',(0.5,82.5));
#12633 = ( GEOMETRIC_REPRESENTATION_CONTEXT(2) 
PARAMETRIC_REPRESENTATION_CONTEXT() REPRESENTATION_CONTEXT('2D SPACE',''
  ) );
#12634 = ORIENTED_EDGE('',*,*,#12635,.F.);
#12635 = EDGE_CURVE('',#12636,#12614,#12638,.T.);
#12636 = VERTEX_POINT('',#12637);
#12637 = CARTESIAN_POINT('',(72.5,29.5,31.));
#12638 = SURFACE_CURVE('',#12639,(#12643,#12650),.PCURVE_S1.);
#12639 = LINE('',#12640,#12641);
#12640 = CARTESIAN_POINT('',(72.5,29.5,3.));
#12641 = VECTOR('',#12642,1.);
#12642 = DIRECTION('',(0.,0.,1.));
#12643 = PCURVE('',#2982,#12644);
#12644 = DEFINITIONAL_REPRESENTATION('',(#12645),#12649);
#12645 = LINE('',#12646,#12647);
#12646 = CARTESIAN_POINT('',(0.,0.));
#12647 = VECTOR('',#12648,1.);
#12648 = DIRECTION('',(1.,0.));
#12649 = ( GEOMETRIC_REPRESENTATION_CONTEXT(2) 
PARAMETRIC_REPRESENTATION_CONTEXT() REPRESENTATION_CONTEXT('2D SPACE',''
  ) );
#12650 = PCURVE('',#12276,#12651);
#12651 = DEFINITIONAL_REPRESENTATION('',(#12652),#12656);
#12652 = LINE('',#12653,#12654);
#12653 = CARTESIAN_POINT('',(0.,9.));
#12654 = VECTOR('',#12655,1.);
#12655 = DIRECTION('',(1.,0.));
#12656 = ( GEOMETRIC_REPRESENTATION_CONTEXT(2) 
PARAMETRIC_REPRESENTATION_CONTEXT() REPRESENTATION_CONTEXT('2D SPACE',''
  ) );
#12657 = ORIENTED_EDGE('',*,*,#12658,.F.);
#12658 = EDGE_CURVE('',#12659,#12636,#12661,.T.);
#12659 = VERTEX_POINT('',#12660);
#12660 = CARTESIAN_POINT('',(72.5,23.,31.));
#12661 = SURFACE_CURVE('',#12662,(#12666,#12673),.PCURVE_S1.);
#12662 = LINE('',#12663,#12664);
#12663 = CARTESIAN_POINT('',(72.5,23.,31.));
#12664 = VECTOR('',#12665,1.);
#12665 = DIRECTION('',(0.,1.,0.));
#12666 = PCURVE('',#2982,#12667);
#12667 = DEFINITIONAL_REPRESENTATION('',(#12668),#12672);
#12668 = LINE('',#12669,#12670);
#12669 = CARTESIAN_POINT('',(28.,6.5));
#12670 = VECTOR('',#12671,1.);
#12671 = DIRECTION('',(0.,-1.));
#12672 = ( GEOMETRIC_REPRESENTATION_CONTEXT(2) 
PARAMETRIC_REPRESENTATION_CONTEXT() REPRESENTATION_CONTEXT('2D SPACE',''
  ) );
#12673 = PCURVE('',#12304,#12674);
#12674 = DEFINITIONAL_REPRESENTATION('',(#12675),#12679);
#12675 = LINE('',#12676,#12677);
#12676 = CARTESIAN_POINT('',(9.,0.));
#12677 = VECTOR('',#12678,1.);
#12678 = DIRECTION('',(0.,1.));
#12679 = ( GEOMETRIC_REPRESENTATION_CONTEXT(2) 
PARAMETRIC_REPRESENTATION_CONTEXT() REPRESENTATION_CONTEXT('2D SPACE',''
  ) );
#12680 = ORIENTED_EDGE('',*,*,#12681,.F.);
#12681 = EDGE_CURVE('',#12682,#12659,#12684,.T.);
#12682 = VERTEX_POINT('',#12683);
#12683 = CARTESIAN_POINT('',(72.5,23.,27.));
#12684 = SURFACE_CURVE('',#12685,(#12689,#12696),.PCURVE_S1.);
#12685 = LINE('',#12686,#12687);
#12686 = CARTESIAN_POINT('',(72.5,23.,27.));
#12687 = VECTOR('',#12688,1.);
#12688 = DIRECTION('',(0.,0.,1.));
#12689 = PCURVE('',#2982,#12690);
#12690 = DEFINITIONAL_REPRESENTATION('',(#12691),#12695);
#12691 = LINE('',#12692,#12693);
#12692 = CARTESIAN_POINT('',(24.,6.5));
#12693 = VECTOR('',#12694,1.);
#12694 = DIRECTION('',(1.,0.));
#12695 = ( GEOMETRIC_REPRESENTATION_CONTEXT(2) 
PARAMETRIC_REPRESENTATION_CONTEXT() REPRESENTATION_CONTEXT('2D SPACE',''
  ) );
#12696 = PCURVE('',#12332,#12697);
#12697 = DEFINITIONAL_REPRESENTATION('',(#12698),#12702);
#12698 = LINE('',#12699,#12700);
#12699 = CARTESIAN_POINT('',(0.,9.));
#12700 = VECTOR('',#12701,1.);
#12701 = DIRECTION('',(1.,0.));
#12702 = ( GEOMETRIC_REPRESENTATION_CONTEXT(2) 
PARAMETRIC_REPRESENTATION_CONTEXT() REPRESENTATION_CONTEXT('2D SPACE',''
  ) );
#12703 = ORIENTED_EDGE('',*,*,#12704,.T.);
#12704 = EDGE_CURVE('',#12682,#12565,#12705,.T.);
#12705 = SURFACE_CURVE('',#12706,(#12710,#12717),.PCURVE_S1.);
#12706 = LINE('',#12707,#12708);
#12707 = CARTESIAN_POINT('',(72.5,23.,27.));
#12708 = VECTOR('',#12709,1.);
#12709 = DIRECTION('',(0.,1.,0.));
#12710 = PCURVE('',#2982,#12711);
#12711 = DEFINITIONAL_REPRESENTATION('',(#12712),#12716);
#12712 = LINE('',#12713,#12714);
#12713 = CARTESIAN_POINT('',(24.,6.5));
#12714 = VECTOR('',#12715,1.);
#12715 = DIRECTION('',(0.,-1.));
#12716 = ( GEOMETRIC_REPRESENTATION_CONTEXT(2) 
PARAMETRIC_REPRESENTATION_CONTEXT() REPRESENTATION_CONTEXT('2D SPACE',''
  ) );
#12717 = PCURVE('',#12358,#12718);
#12718 = DEFINITIONAL_REPRESENTATION('',(#12719),#12723);
#12719 = LINE('',#12720,#12721);
#12720 = CARTESIAN_POINT('',(9.,0.));
#12721 = VECTOR('',#12722,1.);
#12722 = DIRECTION('',(0.,1.));
#12723 = ( GEOMETRIC_REPRESENTATION_CONTEXT(2) 
PARAMETRIC_REPRESENTATION_CONTEXT() REPRESENTATION_CONTEXT('2D SPACE',''
  ) );
#12724 = ADVANCED_FACE('',(#12725,#12843,#12869,#12895,#12921,#13011,
    #13037,#13063,#13089,#13179,#13205,#13295,#13385,#13411,#13437,
    #13527,#13553,#13643,#13669),#3173,.F.);
#12725 = FACE_BOUND('',#12726,.F.);
#12726 = EDGE_LOOP('',(#12727,#12728,#12729,#12752,#12775,#12798,#12821,
    #12842));
#12727 = ORIENTED_EDGE('',*,*,#3311,.F.);
#12728 = ORIENTED_EDGE('',*,*,#3157,.T.);
#12729 = ORIENTED_EDGE('',*,*,#12730,.F.);
#12730 = EDGE_CURVE('',#12731,#3158,#12733,.T.);
#12731 = VERTEX_POINT('',#12732);
#12732 = CARTESIAN_POINT('',(-75.,-47.,3.));
#12733 = SURFACE_CURVE('',#12734,(#12738,#12745),.PCURVE_S1.);
#12734 = LINE('',#12735,#12736);
#12735 = CARTESIAN_POINT('',(-75.,-47.,3.));
#12736 = VECTOR('',#12737,1.);
#12737 = DIRECTION('',(1.,0.,0.));
#12738 = PCURVE('',#3173,#12739);
#12739 = DEFINITIONAL_REPRESENTATION('',(#12740),#12744);
#12740 = LINE('',#12741,#12742);
#12741 = CARTESIAN_POINT('',(3.,0.));
#12742 = VECTOR('',#12743,1.);
#12743 = DIRECTION('',(0.,1.));
#12744 = ( GEOMETRIC_REPRESENTATION_CONTEXT(2) 
PARAMETRIC_REPRESENTATION_CONTEXT() REPRESENTATION_CONTEXT('2D SPACE',''
  ) );
#12745 = PCURVE('',#3200,#12746);
#12746 = DEFINITIONAL_REPRESENTATION('',(#12747),#12751);
#12747 = LINE('',#12748,#12749);
#12748 = CARTESIAN_POINT('',(0.,0.));
#12749 = VECTOR('',#12750,1.);
#12750 = DIRECTION('',(1.,0.));
#12751 = ( GEOMETRIC_REPRESENTATION_CONTEXT(2) 
PARAMETRIC_REPRESENTATION_CONTEXT() REPRESENTATION_CONTEXT('2D SPACE',''
  ) );
#12752 = ORIENTED_EDGE('',*,*,#12753,.T.);
#12753 = EDGE_CURVE('',#12731,#12754,#12756,.T.);
#12754 = VERTEX_POINT('',#12755);
#12755 = CARTESIAN_POINT('',(-75.,-47.,65.));
#12756 = SURFACE_CURVE('',#12757,(#12761,#12768),.PCURVE_S1.);
#12757 = LINE('',#12758,#12759);
#12758 = CARTESIAN_POINT('',(-75.,-47.,3.));
#12759 = VECTOR('',#12760,1.);
#12760 = DIRECTION('',(0.,0.,1.));
#12761 = PCURVE('',#3173,#12762);
#12762 = DEFINITIONAL_REPRESENTATION('',(#12763),#12767);
#12763 = LINE('',#12764,#12765);
#12764 = CARTESIAN_POINT('',(3.,0.));
#12765 = VECTOR('',#12766,1.);
#12766 = DIRECTION('',(1.,0.));
#12767 = ( GEOMETRIC_REPRESENTATION_CONTEXT(2) 
PARAMETRIC_REPRESENTATION_CONTEXT() REPRESENTATION_CONTEXT('2D SPACE',''
  ) );
#12768 = PCURVE('',#5397,#12769);
#12769 = DEFINITIONAL_REPRESENTATION('',(#12770),#12774);
#12770 = LINE('',#12771,#12772);
#12771 = CARTESIAN_POINT('',(0.,91.));
#12772 = VECTOR('',#12773,1.);
#12773 = DIRECTION('',(1.,0.));
#12774 = ( GEOMETRIC_REPRESENTATION_CONTEXT(2) 
PARAMETRIC_REPRESENTATION_CONTEXT() REPRESENTATION_CONTEXT('2D SPACE',''
  ) );
#12775 = ORIENTED_EDGE('',*,*,#12776,.T.);
#12776 = EDGE_CURVE('',#12754,#12777,#12779,.T.);
#12777 = VERTEX_POINT('',#12778);
#12778 = CARTESIAN_POINT('',(75.,-47.,65.));
#12779 = SURFACE_CURVE('',#12780,(#12784,#12791),.PCURVE_S1.);
#12780 = LINE('',#12781,#12782);
#12781 = CARTESIAN_POINT('',(-75.,-47.,65.));
#12782 = VECTOR('',#12783,1.);
#12783 = DIRECTION('',(1.,0.,0.));
#12784 = PCURVE('',#3173,#12785);
#12785 = DEFINITIONAL_REPRESENTATION('',(#12786),#12790);
#12786 = LINE('',#12787,#12788);
#12787 = CARTESIAN_POINT('',(65.,0.));
#12788 = VECTOR('',#12789,1.);
#12789 = DIRECTION('',(0.,1.));
#12790 = ( GEOMETRIC_REPRESENTATION_CONTEXT(2) 
PARAMETRIC_REPRESENTATION_CONTEXT() REPRESENTATION_CONTEXT('2D SPACE',''
  ) );
#12791 = PCURVE('',#5532,#12792);
#12792 = DEFINITIONAL_REPRESENTATION('',(#12793),#12797);
#12793 = LINE('',#12794,#12795);
#12794 = CARTESIAN_POINT('',(0.,0.));
#12795 = VECTOR('',#12796,1.);
#12796 = DIRECTION('',(1.,0.));
#12797 = ( GEOMETRIC_REPRESENTATION_CONTEXT(2) 
PARAMETRIC_REPRESENTATION_CONTEXT() REPRESENTATION_CONTEXT('2D SPACE',''
  ) );
#12798 = ORIENTED_EDGE('',*,*,#12799,.F.);
#12799 = EDGE_CURVE('',#12800,#12777,#12802,.T.);
#12800 = VERTEX_POINT('',#12801);
#12801 = CARTESIAN_POINT('',(75.,-47.,3.));
#12802 = SURFACE_CURVE('',#12803,(#12807,#12814),.PCURVE_S1.);
#12803 = LINE('',#12804,#12805);
#12804 = CARTESIAN_POINT('',(75.,-47.,3.));
#12805 = VECTOR('',#12806,1.);
#12806 = DIRECTION('',(0.,0.,1.));
#12807 = PCURVE('',#3173,#12808);
#12808 = DEFINITIONAL_REPRESENTATION('',(#12809),#12813);
#12809 = LINE('',#12810,#12811);
#12810 = CARTESIAN_POINT('',(3.,150.));
#12811 = VECTOR('',#12812,1.);
#12812 = DIRECTION('',(1.,0.));
#12813 = ( GEOMETRIC_REPRESENTATION_CONTEXT(2) 
PARAMETRIC_REPRESENTATION_CONTEXT() REPRESENTATION_CONTEXT('2D SPACE',''
  ) );
#12814 = PCURVE('',#5560,#12815);
#12815 = DEFINITIONAL_REPRESENTATION('',(#12816),#12820);
#12816 = LINE('',#12817,#12818);
#12817 = CARTESIAN_POINT('',(0.,91.));
#12818 = VECTOR('',#12819,1.);
#12819 = DIRECTION('',(1.,0.));
#12820 = ( GEOMETRIC_REPRESENTATION_CONTEXT(2) 
PARAMETRIC_REPRESENTATION_CONTEXT() REPRESENTATION_CONTEXT('2D SPACE',''
  ) );
#12821 = ORIENTED_EDGE('',*,*,#12822,.F.);
#12822 = EDGE_CURVE('',#8053,#12800,#12823,.T.);
#12823 = SURFACE_CURVE('',#12824,(#12828,#12835),.PCURVE_S1.);
#12824 = LINE('',#12825,#12826);
#12825 = CARTESIAN_POINT('',(-75.,-47.,3.));
#12826 = VECTOR('',#12827,1.);
#12827 = DIRECTION('',(1.,0.,0.));
#12828 = PCURVE('',#3173,#12829);
#12829 = DEFINITIONAL_REPRESENTATION('',(#12830),#12834);
#12830 = LINE('',#12831,#12832);
#12831 = CARTESIAN_POINT('',(3.,0.));
#12832 = VECTOR('',#12833,1.);
#12833 = DIRECTION('',(0.,1.));
#12834 = ( GEOMETRIC_REPRESENTATION_CONTEXT(2) 
PARAMETRIC_REPRESENTATION_CONTEXT() REPRESENTATION_CONTEXT('2D SPACE',''
  ) );
#12835 = PCURVE('',#5693,#12836);
#12836 = DEFINITIONAL_REPRESENTATION('',(#12837),#12841);
#12837 = LINE('',#12838,#12839);
#12838 = CARTESIAN_POINT('',(0.,0.));
#12839 = VECTOR('',#12840,1.);
#12840 = DIRECTION('',(1.,0.));
#12841 = ( GEOMETRIC_REPRESENTATION_CONTEXT(2) 
PARAMETRIC_REPRESENTATION_CONTEXT() REPRESENTATION_CONTEXT('2D SPACE',''
  ) );
#12842 = ORIENTED_EDGE('',*,*,#8052,.F.);
#12843 = FACE_BOUND('',#12844,.F.);
#12844 = EDGE_LOOP('',(#12845));
#12845 = ORIENTED_EDGE('',*,*,#12846,.F.);
#12846 = EDGE_CURVE('',#12847,#12847,#12849,.T.);
#12847 = VERTEX_POINT('',#12848);
#12848 = CARTESIAN_POINT('',(67.,-47.,59.65));
#12849 = SURFACE_CURVE('',#12850,(#12855,#12862),.PCURVE_S1.);
#12850 = CIRCLE('',#12851,1.65);
#12851 = AXIS2_PLACEMENT_3D('',#12852,#12853,#12854);
#12852 = CARTESIAN_POINT('',(67.,-47.,58.));
#12853 = DIRECTION('',(0.,1.,0.));
#12854 = DIRECTION('',(0.,-0.,1.));
#12855 = PCURVE('',#3173,#12856);
#12856 = DEFINITIONAL_REPRESENTATION('',(#12857),#12861);
#12857 = CIRCLE('',#12858,1.65);
#12858 = AXIS2_PLACEMENT_2D('',#12859,#12860);
#12859 = CARTESIAN_POINT('',(58.,142.));
#12860 = DIRECTION('',(1.,0.));
#12861 = ( GEOMETRIC_REPRESENTATION_CONTEXT(2) 
PARAMETRIC_REPRESENTATION_CONTEXT() REPRESENTATION_CONTEXT('2D SPACE',''
  ) );
#12862 = PCURVE('',#6702,#12863);
#12863 = DEFINITIONAL_REPRESENTATION('',(#12864),#12868);
#12864 = LINE('',#12865,#12866);
#12865 = CARTESIAN_POINT('',(0.,4.5));
#12866 = VECTOR('',#12867,1.);
#12867 = DIRECTION('',(1.,0.));
#12868 = ( GEOMETRIC_REPRESENTATION_CONTEXT(2) 
PARAMETRIC_REPRESENTATION_CONTEXT() REPRESENTATION_CONTEXT('2D SPACE',''
  ) );
#12869 = FACE_BOUND('',#12870,.F.);
#12870 = EDGE_LOOP('',(#12871));
#12871 = ORIENTED_EDGE('',*,*,#12872,.F.);
#12872 = EDGE_CURVE('',#12873,#12873,#12875,.T.);
#12873 = VERTEX_POINT('',#12874);
#12874 = CARTESIAN_POINT('',(-67.,-47.,28.65));
#12875 = SURFACE_CURVE('',#12876,(#12881,#12888),.PCURVE_S1.);
#12876 = CIRCLE('',#12877,1.65);
#12877 = AXIS2_PLACEMENT_3D('',#12878,#12879,#12880);
#12878 = CARTESIAN_POINT('',(-67.,-47.,27.));
#12879 = DIRECTION('',(0.,1.,0.));
#12880 = DIRECTION('',(0.,-0.,1.));
#12881 = PCURVE('',#3173,#12882);
#12882 = DEFINITIONAL_REPRESENTATION('',(#12883),#12887);
#12883 = CIRCLE('',#12884,1.65);
#12884 = AXIS2_PLACEMENT_2D('',#12885,#12886);
#12885 = CARTESIAN_POINT('',(27.,8.));
#12886 = DIRECTION('',(1.,0.));
#12887 = ( GEOMETRIC_REPRESENTATION_CONTEXT(2) 
PARAMETRIC_REPRESENTATION_CONTEXT() REPRESENTATION_CONTEXT('2D SPACE',''
  ) );
#12888 = PCURVE('',#5725,#12889);
#12889 = DEFINITIONAL_REPRESENTATION('',(#12890),#12894);
#12890 = LINE('',#12891,#12892);
#12891 = CARTESIAN_POINT('',(0.,4.5));
#12892 = VECTOR('',#12893,1.);
#12893 = DIRECTION('',(1.,0.));
#12894 = ( GEOMETRIC_REPRESENTATION_CONTEXT(2) 
PARAMETRIC_REPRESENTATION_CONTEXT() REPRESENTATION_CONTEXT('2D SPACE',''
  ) );
#12895 = FACE_BOUND('',#12896,.F.);
#12896 = EDGE_LOOP('',(#12897));
#12897 = ORIENTED_EDGE('',*,*,#12898,.F.);
#12898 = EDGE_CURVE('',#12899,#12899,#12901,.T.);
#12899 = VERTEX_POINT('',#12900);
#12900 = CARTESIAN_POINT('',(-53.,-47.,28.65));
#12901 = SURFACE_CURVE('',#12902,(#12907,#12914),.PCURVE_S1.);
#12902 = CIRCLE('',#12903,1.65);
#12903 = AXIS2_PLACEMENT_3D('',#12904,#12905,#12906);
#12904 = CARTESIAN_POINT('',(-53.,-47.,27.));
#12905 = DIRECTION('',(0.,1.,0.));
#12906 = DIRECTION('',(0.,-0.,1.));
#12907 = PCURVE('',#3173,#12908);
#12908 = DEFINITIONAL_REPRESENTATION('',(#12909),#12913);
#12909 = CIRCLE('',#12910,1.65);
#12910 = AXIS2_PLACEMENT_2D('',#12911,#12912);
#12911 = CARTESIAN_POINT('',(27.,22.));
#12912 = DIRECTION('',(1.,0.));
#12913 = ( GEOMETRIC_REPRESENTATION_CONTEXT(2) 
PARAMETRIC_REPRESENTATION_CONTEXT() REPRESENTATION_CONTEXT('2D SPACE',''
  ) );
#12914 = PCURVE('',#5756,#12915);
#12915 = DEFINITIONAL_REPRESENTATION('',(#12916),#12920);
#12916 = LINE('',#12917,#12918);
#12917 = CARTESIAN_POINT('',(0.,4.5));
#12918 = VECTOR('',#12919,1.);
#12919 = DIRECTION('',(1.,0.));
#12920 = ( GEOMETRIC_REPRESENTATION_CONTEXT(2) 
PARAMETRIC_REPRESENTATION_CONTEXT() REPRESENTATION_CONTEXT('2D SPACE',''
  ) );
#12921 = FACE_BOUND('',#12922,.F.);
#12922 = EDGE_LOOP('',(#12923,#12947,#12969,#12991));
#12923 = ORIENTED_EDGE('',*,*,#12924,.F.);
#12924 = EDGE_CURVE('',#12925,#12927,#12929,.T.);
#12925 = VERTEX_POINT('',#12926);
#12926 = CARTESIAN_POINT('',(-41.5,-47.,23.));
#12927 = VERTEX_POINT('',#12928);
#12928 = CARTESIAN_POINT('',(-22.5,-47.,23.));
#12929 = SURFACE_CURVE('',#12930,(#12934,#12941),.PCURVE_S1.);
#12930 = LINE('',#12931,#12932);
#12931 = CARTESIAN_POINT('',(-58.25,-47.,23.));
#12932 = VECTOR('',#12933,1.);
#12933 = DIRECTION('',(1.,0.,0.));
#12934 = PCURVE('',#3173,#12935);
#12935 = DEFINITIONAL_REPRESENTATION('',(#12936),#12940);
#12936 = LINE('',#12937,#12938);
#12937 = CARTESIAN_POINT('',(23.,16.75));
#12938 = VECTOR('',#12939,1.);
#12939 = DIRECTION('',(0.,1.));
#12940 = ( GEOMETRIC_REPRESENTATION_CONTEXT(2) 
PARAMETRIC_REPRESENTATION_CONTEXT() REPRESENTATION_CONTEXT('2D SPACE',''
  ) );
#12941 = PCURVE('',#5787,#12942);
#12942 = DEFINITIONAL_REPRESENTATION('',(#12943),#12946);
#12943 = B_SPLINE_CURVE_WITH_KNOTS('',1,(#12944,#12945),.UNSPECIFIED.,
  .F.,.F.,(2,2),(16.75,35.75),.PIECEWISE_BEZIER_KNOTS.);
#12944 = CARTESIAN_POINT('',(0.,2.));
#12945 = CARTESIAN_POINT('',(19.,2.));
#12946 = ( GEOMETRIC_REPRESENTATION_CONTEXT(2) 
PARAMETRIC_REPRESENTATION_CONTEXT() REPRESENTATION_CONTEXT('2D SPACE',''
  ) );
#12947 = ORIENTED_EDGE('',*,*,#12948,.T.);
#12948 = EDGE_CURVE('',#12925,#12949,#12951,.T.);
#12949 = VERTEX_POINT('',#12950);
#12950 = CARTESIAN_POINT('',(-41.5,-47.,7.));
#12951 = SURFACE_CURVE('',#12952,(#12956,#12963),.PCURVE_S1.);
#12952 = LINE('',#12953,#12954);
#12953 = CARTESIAN_POINT('',(-41.5,-47.,5.));
#12954 = VECTOR('',#12955,1.);
#12955 = DIRECTION('',(0.,0.,-1.));
#12956 = PCURVE('',#3173,#12957);
#12957 = DEFINITIONAL_REPRESENTATION('',(#12958),#12962);
#12958 = LINE('',#12959,#12960);
#12959 = CARTESIAN_POINT('',(5.,33.5));
#12960 = VECTOR('',#12961,1.);
#12961 = DIRECTION('',(-1.,0.));
#12962 = ( GEOMETRIC_REPRESENTATION_CONTEXT(2) 
PARAMETRIC_REPRESENTATION_CONTEXT() REPRESENTATION_CONTEXT('2D SPACE',''
  ) );
#12963 = PCURVE('',#5813,#12964);
#12964 = DEFINITIONAL_REPRESENTATION('',(#12965),#12968);
#12965 = B_SPLINE_CURVE_WITH_KNOTS('',1,(#12966,#12967),.UNSPECIFIED.,
  .F.,.F.,(2,2),(-18.,-2.),.PIECEWISE_BEZIER_KNOTS.);
#12966 = CARTESIAN_POINT('',(16.,-2.));
#12967 = CARTESIAN_POINT('',(0.,-2.));
#12968 = ( GEOMETRIC_REPRESENTATION_CONTEXT(2) 
PARAMETRIC_REPRESENTATION_CONTEXT() REPRESENTATION_CONTEXT('2D SPACE',''
  ) );
#12969 = ORIENTED_EDGE('',*,*,#12970,.T.);
#12970 = EDGE_CURVE('',#12949,#12971,#12973,.T.);
#12971 = VERTEX_POINT('',#12972);
#12972 = CARTESIAN_POINT('',(-22.5,-47.,7.));
#12973 = SURFACE_CURVE('',#12974,(#12978,#12985),.PCURVE_S1.);
#12974 = LINE('',#12975,#12976);
#12975 = CARTESIAN_POINT('',(-58.25,-47.,7.));
#12976 = VECTOR('',#12977,1.);
#12977 = DIRECTION('',(1.,0.,0.));
#12978 = PCURVE('',#3173,#12979);
#12979 = DEFINITIONAL_REPRESENTATION('',(#12980),#12984);
#12980 = LINE('',#12981,#12982);
#12981 = CARTESIAN_POINT('',(7.,16.75));
#12982 = VECTOR('',#12983,1.);
#12983 = DIRECTION('',(0.,1.));
#12984 = ( GEOMETRIC_REPRESENTATION_CONTEXT(2) 
PARAMETRIC_REPRESENTATION_CONTEXT() REPRESENTATION_CONTEXT('2D SPACE',''
  ) );
#12985 = PCURVE('',#5839,#12986);
#12986 = DEFINITIONAL_REPRESENTATION('',(#12987),#12990);
#12987 = B_SPLINE_CURVE_WITH_KNOTS('',1,(#12988,#12989),.UNSPECIFIED.,
  .F.,.F.,(2,2),(16.75,35.75),.PIECEWISE_BEZIER_KNOTS.);
#12988 = CARTESIAN_POINT('',(0.,2.));
#12989 = CARTESIAN_POINT('',(19.,2.));
#12990 = ( GEOMETRIC_REPRESENTATION_CONTEXT(2) 
PARAMETRIC_REPRESENTATION_CONTEXT() REPRESENTATION_CONTEXT('2D SPACE',''
  ) );
#12991 = ORIENTED_EDGE('',*,*,#12992,.F.);
#12992 = EDGE_CURVE('',#12927,#12971,#12993,.T.);
#12993 = SURFACE_CURVE('',#12994,(#12998,#13005),.PCURVE_S1.);
#12994 = LINE('',#12995,#12996);
#12995 = CARTESIAN_POINT('',(-22.5,-47.,5.));
#12996 = VECTOR('',#12997,1.);
#12997 = DIRECTION('',(0.,0.,-1.));
#12998 = PCURVE('',#3173,#12999);
#12999 = DEFINITIONAL_REPRESENTATION('',(#13000),#13004);
#13000 = LINE('',#13001,#13002);
#13001 = CARTESIAN_POINT('',(5.,52.5));
#13002 = VECTOR('',#13003,1.);
#13003 = DIRECTION('',(-1.,0.));
#13004 = ( GEOMETRIC_REPRESENTATION_CONTEXT(2) 
PARAMETRIC_REPRESENTATION_CONTEXT() REPRESENTATION_CONTEXT('2D SPACE',''
  ) );
#13005 = PCURVE('',#5863,#13006);
#13006 = DEFINITIONAL_REPRESENTATION('',(#13007),#13010);
#13007 = B_SPLINE_CURVE_WITH_KNOTS('',1,(#13008,#13009),.UNSPECIFIED.,
  .F.,.F.,(2,2),(-18.,-2.),.PIECEWISE_BEZIER_KNOTS.);
#13008 = CARTESIAN_POINT('',(16.,-2.));
#13009 = CARTESIAN_POINT('',(0.,-2.));
#13010 = ( GEOMETRIC_REPRESENTATION_CONTEXT(2) 
PARAMETRIC_REPRESENTATION_CONTEXT() REPRESENTATION_CONTEXT('2D SPACE',''
  ) );
#13011 = FACE_BOUND('',#13012,.F.);
#13012 = EDGE_LOOP('',(#13013));
#13013 = ORIENTED_EDGE('',*,*,#13014,.F.);
#13014 = EDGE_CURVE('',#13015,#13015,#13017,.T.);
#13015 = VERTEX_POINT('',#13016);
#13016 = CARTESIAN_POINT('',(-43.2,-47.,43.2));
#13017 = SURFACE_CURVE('',#13018,(#13023,#13030),.PCURVE_S1.);
#13018 = CIRCLE('',#13019,1.2);
#13019 = AXIS2_PLACEMENT_3D('',#13020,#13021,#13022);
#13020 = CARTESIAN_POINT('',(-43.2,-47.,42.));
#13021 = DIRECTION('',(0.,1.,0.));
#13022 = DIRECTION('',(0.,-0.,1.));
#13023 = PCURVE('',#3173,#13024);
#13024 = DEFINITIONAL_REPRESENTATION('',(#13025),#13029);
#13025 = CIRCLE('',#13026,1.2);
#13026 = AXIS2_PLACEMENT_2D('',#13027,#13028);
#13027 = CARTESIAN_POINT('',(42.,31.8));
#13028 = DIRECTION('',(1.,0.));
#13029 = ( GEOMETRIC_REPRESENTATION_CONTEXT(2) 
PARAMETRIC_REPRESENTATION_CONTEXT() REPRESENTATION_CONTEXT('2D SPACE',''
  ) );
#13030 = PCURVE('',#5893,#13031);
#13031 = DEFINITIONAL_REPRESENTATION('',(#13032),#13036);
#13032 = LINE('',#13033,#13034);
#13033 = CARTESIAN_POINT('',(0.,4.5));
#13034 = VECTOR('',#13035,1.);
#13035 = DIRECTION('',(1.,0.));
#13036 = ( GEOMETRIC_REPRESENTATION_CONTEXT(2) 
PARAMETRIC_REPRESENTATION_CONTEXT() REPRESENTATION_CONTEXT('2D SPACE',''
  ) );
#13037 = FACE_BOUND('',#13038,.F.);
#13038 = EDGE_LOOP('',(#13039));
#13039 = ORIENTED_EDGE('',*,*,#13040,.F.);
#13040 = EDGE_CURVE('',#13041,#13041,#13043,.T.);
#13041 = VERTEX_POINT('',#13042);
#13042 = CARTESIAN_POINT('',(-67.,-47.,59.65));
#13043 = SURFACE_CURVE('',#13044,(#13049,#13056),.PCURVE_S1.);
#13044 = CIRCLE('',#13045,1.65);
#13045 = AXIS2_PLACEMENT_3D('',#13046,#13047,#13048);
#13046 = CARTESIAN_POINT('',(-67.,-47.,58.));
#13047 = DIRECTION('',(0.,1.,0.));
#13048 = DIRECTION('',(0.,-0.,1.));
#13049 = PCURVE('',#3173,#13050);
#13050 = DEFINITIONAL_REPRESENTATION('',(#13051),#13055);
#13051 = CIRCLE('',#13052,1.65);
#13052 = AXIS2_PLACEMENT_2D('',#13053,#13054);
#13053 = CARTESIAN_POINT('',(58.,8.));
#13054 = DIRECTION('',(1.,0.));
#13055 = ( GEOMETRIC_REPRESENTATION_CONTEXT(2) 
PARAMETRIC_REPRESENTATION_CONTEXT() REPRESENTATION_CONTEXT('2D SPACE',''
  ) );
#13056 = PCURVE('',#5924,#13057);
#13057 = DEFINITIONAL_REPRESENTATION('',(#13058),#13062);
#13058 = LINE('',#13059,#13060);
#13059 = CARTESIAN_POINT('',(0.,4.5));
#13060 = VECTOR('',#13061,1.);
#13061 = DIRECTION('',(1.,0.));
#13062 = ( GEOMETRIC_REPRESENTATION_CONTEXT(2) 
PARAMETRIC_REPRESENTATION_CONTEXT() REPRESENTATION_CONTEXT('2D SPACE',''
  ) );
#13063 = FACE_BOUND('',#13064,.F.);
#13064 = EDGE_LOOP('',(#13065));
#13065 = ORIENTED_EDGE('',*,*,#13066,.F.);
#13066 = EDGE_CURVE('',#13067,#13067,#13069,.T.);
#13067 = VERTEX_POINT('',#13068);
#13068 = CARTESIAN_POINT('',(-53.,-47.,59.65));
#13069 = SURFACE_CURVE('',#13070,(#13075,#13082),.PCURVE_S1.);
#13070 = CIRCLE('',#13071,1.65);
#13071 = AXIS2_PLACEMENT_3D('',#13072,#13073,#13074);
#13072 = CARTESIAN_POINT('',(-53.,-47.,58.));
#13073 = DIRECTION('',(0.,1.,0.));
#13074 = DIRECTION('',(0.,-0.,1.));
#13075 = PCURVE('',#3173,#13076);
#13076 = DEFINITIONAL_REPRESENTATION('',(#13077),#13081);
#13077 = CIRCLE('',#13078,1.65);
#13078 = AXIS2_PLACEMENT_2D('',#13079,#13080);
#13079 = CARTESIAN_POINT('',(58.,22.));
#13080 = DIRECTION('',(1.,0.));
#13081 = ( GEOMETRIC_REPRESENTATION_CONTEXT(2) 
PARAMETRIC_REPRESENTATION_CONTEXT() REPRESENTATION_CONTEXT('2D SPACE',''
  ) );
#13082 = PCURVE('',#5955,#13083);
#13083 = DEFINITIONAL_REPRESENTATION('',(#13084),#13088);
#13084 = LINE('',#13085,#13086);
#13085 = CARTESIAN_POINT('',(0.,4.5));
#13086 = VECTOR('',#13087,1.);
#13087 = DIRECTION('',(1.,0.));
#13088 = ( GEOMETRIC_REPRESENTATION_CONTEXT(2) 
PARAMETRIC_REPRESENTATION_CONTEXT() REPRESENTATION_CONTEXT('2D SPACE',''
  ) );
#13089 = FACE_BOUND('',#13090,.F.);
#13090 = EDGE_LOOP('',(#13091,#13115,#13137,#13159));
#13091 = ORIENTED_EDGE('',*,*,#13092,.F.);
#13092 = EDGE_CURVE('',#13093,#13095,#13097,.T.);
#13093 = VERTEX_POINT('',#13094);
#13094 = CARTESIAN_POINT('',(-41.1,-47.,48.3));
#13095 = VERTEX_POINT('',#13096);
#13096 = CARTESIAN_POINT('',(-17.5,-47.,48.3));
#13097 = SURFACE_CURVE('',#13098,(#13102,#13109),.PCURVE_S1.);
#13098 = LINE('',#13099,#13100);
#13099 = CARTESIAN_POINT('',(-58.05,-47.,48.3));
#13100 = VECTOR('',#13101,1.);
#13101 = DIRECTION('',(1.,0.,0.));
#13102 = PCURVE('',#3173,#13103);
#13103 = DEFINITIONAL_REPRESENTATION('',(#13104),#13108);
#13104 = LINE('',#13105,#13106);
#13105 = CARTESIAN_POINT('',(48.3,16.95));
#13106 = VECTOR('',#13107,1.);
#13107 = DIRECTION('',(0.,1.));
#13108 = ( GEOMETRIC_REPRESENTATION_CONTEXT(2) 
PARAMETRIC_REPRESENTATION_CONTEXT() REPRESENTATION_CONTEXT('2D SPACE',''
  ) );
#13109 = PCURVE('',#5986,#13110);
#13110 = DEFINITIONAL_REPRESENTATION('',(#13111),#13114);
#13111 = B_SPLINE_CURVE_WITH_KNOTS('',1,(#13112,#13113),.UNSPECIFIED.,
  .F.,.F.,(2,2),(16.95,40.55),.PIECEWISE_BEZIER_KNOTS.);
#13112 = CARTESIAN_POINT('',(0.,3.));
#13113 = CARTESIAN_POINT('',(23.6,3.));
#13114 = ( GEOMETRIC_REPRESENTATION_CONTEXT(2) 
PARAMETRIC_REPRESENTATION_CONTEXT() REPRESENTATION_CONTEXT('2D SPACE',''
  ) );
#13115 = ORIENTED_EDGE('',*,*,#13116,.T.);
#13116 = EDGE_CURVE('',#13093,#13117,#13119,.T.);
#13117 = VERTEX_POINT('',#13118);
#13118 = CARTESIAN_POINT('',(-41.1,-47.,35.7));
#13119 = SURFACE_CURVE('',#13120,(#13124,#13131),.PCURVE_S1.);
#13120 = LINE('',#13121,#13122);
#13121 = CARTESIAN_POINT('',(-41.1,-47.,19.35));
#13122 = VECTOR('',#13123,1.);
#13123 = DIRECTION('',(0.,0.,-1.));
#13124 = PCURVE('',#3173,#13125);
#13125 = DEFINITIONAL_REPRESENTATION('',(#13126),#13130);
#13126 = LINE('',#13127,#13128);
#13127 = CARTESIAN_POINT('',(19.35,33.9));
#13128 = VECTOR('',#13129,1.);
#13129 = DIRECTION('',(-1.,0.));
#13130 = ( GEOMETRIC_REPRESENTATION_CONTEXT(2) 
PARAMETRIC_REPRESENTATION_CONTEXT() REPRESENTATION_CONTEXT('2D SPACE',''
  ) );
#13131 = PCURVE('',#6012,#13132);
#13132 = DEFINITIONAL_REPRESENTATION('',(#13133),#13136);
#13133 = B_SPLINE_CURVE_WITH_KNOTS('',1,(#13134,#13135),.UNSPECIFIED.,
  .F.,.F.,(2,2),(-28.95,-16.35),.PIECEWISE_BEZIER_KNOTS.);
#13134 = CARTESIAN_POINT('',(12.6,-3.));
#13135 = CARTESIAN_POINT('',(0.,-3.));
#13136 = ( GEOMETRIC_REPRESENTATION_CONTEXT(2) 
PARAMETRIC_REPRESENTATION_CONTEXT() REPRESENTATION_CONTEXT('2D SPACE',''
  ) );
#13137 = ORIENTED_EDGE('',*,*,#13138,.T.);
#13138 = EDGE_CURVE('',#13117,#13139,#13141,.T.);
#13139 = VERTEX_POINT('',#13140);
#13140 = CARTESIAN_POINT('',(-17.5,-47.,35.7));
#13141 = SURFACE_CURVE('',#13142,(#13146,#13153),.PCURVE_S1.);
#13142 = LINE('',#13143,#13144);
#13143 = CARTESIAN_POINT('',(-58.05,-47.,35.7));
#13144 = VECTOR('',#13145,1.);
#13145 = DIRECTION('',(1.,0.,0.));
#13146 = PCURVE('',#3173,#13147);
#13147 = DEFINITIONAL_REPRESENTATION('',(#13148),#13152);
#13148 = LINE('',#13149,#13150);
#13149 = CARTESIAN_POINT('',(35.7,16.95));
#13150 = VECTOR('',#13151,1.);
#13151 = DIRECTION('',(0.,1.));
#13152 = ( GEOMETRIC_REPRESENTATION_CONTEXT(2) 
PARAMETRIC_REPRESENTATION_CONTEXT() REPRESENTATION_CONTEXT('2D SPACE',''
  ) );
#13153 = PCURVE('',#6038,#13154);
#13154 = DEFINITIONAL_REPRESENTATION('',(#13155),#13158);
#13155 = B_SPLINE_CURVE_WITH_KNOTS('',1,(#13156,#13157),.UNSPECIFIED.,
  .F.,.F.,(2,2),(16.95,40.55),.PIECEWISE_BEZIER_KNOTS.);
#13156 = CARTESIAN_POINT('',(0.,3.));
#13157 = CARTESIAN_POINT('',(23.6,3.));
#13158 = ( GEOMETRIC_REPRESENTATION_CONTEXT(2) 
PARAMETRIC_REPRESENTATION_CONTEXT() REPRESENTATION_CONTEXT('2D SPACE',''
  ) );
#13159 = ORIENTED_EDGE('',*,*,#13160,.F.);
#13160 = EDGE_CURVE('',#13095,#13139,#13161,.T.);
#13161 = SURFACE_CURVE('',#13162,(#13166,#13173),.PCURVE_S1.);
#13162 = LINE('',#13163,#13164);
#13163 = CARTESIAN_POINT('',(-17.5,-47.,19.35));
#13164 = VECTOR('',#13165,1.);
#13165 = DIRECTION('',(0.,0.,-1.));
#13166 = PCURVE('',#3173,#13167);
#13167 = DEFINITIONAL_REPRESENTATION('',(#13168),#13172);
#13168 = LINE('',#13169,#13170);
#13169 = CARTESIAN_POINT('',(19.35,57.5));
#13170 = VECTOR('',#13171,1.);
#13171 = DIRECTION('',(-1.,0.));
#13172 = ( GEOMETRIC_REPRESENTATION_CONTEXT(2) 
PARAMETRIC_REPRESENTATION_CONTEXT() REPRESENTATION_CONTEXT('2D SPACE',''
  ) );
#13173 = PCURVE('',#6062,#13174);
#13174 = DEFINITIONAL_REPRESENTATION('',(#13175),#13178);
#13175 = B_SPLINE_CURVE_WITH_KNOTS('',1,(#13176,#13177),.UNSPECIFIED.,
  .F.,.F.,(2,2),(-28.95,-16.35),.PIECEWISE_BEZIER_KNOTS.);
#13176 = CARTESIAN_POINT('',(12.6,-3.));
#13177 = CARTESIAN_POINT('',(0.,-3.));
#13178 = ( GEOMETRIC_REPRESENTATION_CONTEXT(2) 
PARAMETRIC_REPRESENTATION_CONTEXT() REPRESENTATION_CONTEXT('2D SPACE',''
  ) );
#13179 = FACE_BOUND('',#13180,.F.);
#13180 = EDGE_LOOP('',(#13181));
#13181 = ORIENTED_EDGE('',*,*,#13182,.F.);
#13182 = EDGE_CURVE('',#13183,#13183,#13185,.T.);
#13183 = VERTEX_POINT('',#13184);
#13184 = CARTESIAN_POINT('',(-15.4,-47.,43.2));
#13185 = SURFACE_CURVE('',#13186,(#13191,#13198),.PCURVE_S1.);
#13186 = CIRCLE('',#13187,1.2);
#13187 = AXIS2_PLACEMENT_3D('',#13188,#13189,#13190);
#13188 = CARTESIAN_POINT('',(-15.4,-47.,42.));
#13189 = DIRECTION('',(0.,1.,0.));
#13190 = DIRECTION('',(0.,-0.,1.));
#13191 = PCURVE('',#3173,#13192);
#13192 = DEFINITIONAL_REPRESENTATION('',(#13193),#13197);
#13193 = CIRCLE('',#13194,1.2);
#13194 = AXIS2_PLACEMENT_2D('',#13195,#13196);
#13195 = CARTESIAN_POINT('',(42.,59.6));
#13196 = DIRECTION('',(1.,0.));
#13197 = ( GEOMETRIC_REPRESENTATION_CONTEXT(2) 
PARAMETRIC_REPRESENTATION_CONTEXT() REPRESENTATION_CONTEXT('2D SPACE',''
  ) );
#13198 = PCURVE('',#6092,#13199);
#13199 = DEFINITIONAL_REPRESENTATION('',(#13200),#13204);
#13200 = LINE('',#13201,#13202);
#13201 = CARTESIAN_POINT('',(0.,4.5));
#13202 = VECTOR('',#13203,1.);
#13203 = DIRECTION('',(1.,0.));
#13204 = ( GEOMETRIC_REPRESENTATION_CONTEXT(2) 
PARAMETRIC_REPRESENTATION_CONTEXT() REPRESENTATION_CONTEXT('2D SPACE',''
  ) );
#13205 = FACE_BOUND('',#13206,.F.);
#13206 = EDGE_LOOP('',(#13207,#13231,#13253,#13275));
#13207 = ORIENTED_EDGE('',*,*,#13208,.F.);
#13208 = EDGE_CURVE('',#13209,#13211,#13213,.T.);
#13209 = VERTEX_POINT('',#13210);
#13210 = CARTESIAN_POINT('',(-9.5,-47.,23.));
#13211 = VERTEX_POINT('',#13212);
#13212 = CARTESIAN_POINT('',(9.5,-47.,23.));
#13213 = SURFACE_CURVE('',#13214,(#13218,#13225),.PCURVE_S1.);
#13214 = LINE('',#13215,#13216);
#13215 = CARTESIAN_POINT('',(-42.25,-47.,23.));
#13216 = VECTOR('',#13217,1.);
#13217 = DIRECTION('',(1.,0.,0.));
#13218 = PCURVE('',#3173,#13219);
#13219 = DEFINITIONAL_REPRESENTATION('',(#13220),#13224);
#13220 = LINE('',#13221,#13222);
#13221 = CARTESIAN_POINT('',(23.,32.75));
#13222 = VECTOR('',#13223,1.);
#13223 = DIRECTION('',(0.,1.));
#13224 = ( GEOMETRIC_REPRESENTATION_CONTEXT(2) 
PARAMETRIC_REPRESENTATION_CONTEXT() REPRESENTATION_CONTEXT('2D SPACE',''
  ) );
#13225 = PCURVE('',#6123,#13226);
#13226 = DEFINITIONAL_REPRESENTATION('',(#13227),#13230);
#13227 = B_SPLINE_CURVE_WITH_KNOTS('',1,(#13228,#13229),.UNSPECIFIED.,
  .F.,.F.,(2,2),(32.75,51.75),.PIECEWISE_BEZIER_KNOTS.);
#13228 = CARTESIAN_POINT('',(0.,2.));
#13229 = CARTESIAN_POINT('',(19.,2.));
#13230 = ( GEOMETRIC_REPRESENTATION_CONTEXT(2) 
PARAMETRIC_REPRESENTATION_CONTEXT() REPRESENTATION_CONTEXT('2D SPACE',''
  ) );
#13231 = ORIENTED_EDGE('',*,*,#13232,.T.);
#13232 = EDGE_CURVE('',#13209,#13233,#13235,.T.);
#13233 = VERTEX_POINT('',#13234);
#13234 = CARTESIAN_POINT('',(-9.5,-47.,7.));
#13235 = SURFACE_CURVE('',#13236,(#13240,#13247),.PCURVE_S1.);
#13236 = LINE('',#13237,#13238);
#13237 = CARTESIAN_POINT('',(-9.5,-47.,5.));
#13238 = VECTOR('',#13239,1.);
#13239 = DIRECTION('',(0.,0.,-1.));
#13240 = PCURVE('',#3173,#13241);
#13241 = DEFINITIONAL_REPRESENTATION('',(#13242),#13246);
#13242 = LINE('',#13243,#13244);
#13243 = CARTESIAN_POINT('',(5.,65.5));
#13244 = VECTOR('',#13245,1.);
#13245 = DIRECTION('',(-1.,0.));
#13246 = ( GEOMETRIC_REPRESENTATION_CONTEXT(2) 
PARAMETRIC_REPRESENTATION_CONTEXT() REPRESENTATION_CONTEXT('2D SPACE',''
  ) );
#13247 = PCURVE('',#6149,#13248);
#13248 = DEFINITIONAL_REPRESENTATION('',(#13249),#13252);
#13249 = B_SPLINE_CURVE_WITH_KNOTS('',1,(#13250,#13251),.UNSPECIFIED.,
  .F.,.F.,(2,2),(-18.,-2.),.PIECEWISE_BEZIER_KNOTS.);
#13250 = CARTESIAN_POINT('',(16.,-2.));
#13251 = CARTESIAN_POINT('',(0.,-2.));
#13252 = ( GEOMETRIC_REPRESENTATION_CONTEXT(2) 
PARAMETRIC_REPRESENTATION_CONTEXT() REPRESENTATION_CONTEXT('2D SPACE',''
  ) );
#13253 = ORIENTED_EDGE('',*,*,#13254,.T.);
#13254 = EDGE_CURVE('',#13233,#13255,#13257,.T.);
#13255 = VERTEX_POINT('',#13256);
#13256 = CARTESIAN_POINT('',(9.5,-47.,7.));
#13257 = SURFACE_CURVE('',#13258,(#13262,#13269),.PCURVE_S1.);
#13258 = LINE('',#13259,#13260);
#13259 = CARTESIAN_POINT('',(-42.25,-47.,7.));
#13260 = VECTOR('',#13261,1.);
#13261 = DIRECTION('',(1.,0.,0.));
#13262 = PCURVE('',#3173,#13263);
#13263 = DEFINITIONAL_REPRESENTATION('',(#13264),#13268);
#13264 = LINE('',#13265,#13266);
#13265 = CARTESIAN_POINT('',(7.,32.75));
#13266 = VECTOR('',#13267,1.);
#13267 = DIRECTION('',(0.,1.));
#13268 = ( GEOMETRIC_REPRESENTATION_CONTEXT(2) 
PARAMETRIC_REPRESENTATION_CONTEXT() REPRESENTATION_CONTEXT('2D SPACE',''
  ) );
#13269 = PCURVE('',#6175,#13270);
#13270 = DEFINITIONAL_REPRESENTATION('',(#13271),#13274);
#13271 = B_SPLINE_CURVE_WITH_KNOTS('',1,(#13272,#13273),.UNSPECIFIED.,
  .F.,.F.,(2,2),(32.75,51.75),.PIECEWISE_BEZIER_KNOTS.);
#13272 = CARTESIAN_POINT('',(0.,2.));
#13273 = CARTESIAN_POINT('',(19.,2.));
#13274 = ( GEOMETRIC_REPRESENTATION_CONTEXT(2) 
PARAMETRIC_REPRESENTATION_CONTEXT() REPRESENTATION_CONTEXT('2D SPACE',''
  ) );
#13275 = ORIENTED_EDGE('',*,*,#13276,.F.);
#13276 = EDGE_CURVE('',#13211,#13255,#13277,.T.);
#13277 = SURFACE_CURVE('',#13278,(#13282,#13289),.PCURVE_S1.);
#13278 = LINE('',#13279,#13280);
#13279 = CARTESIAN_POINT('',(9.5,-47.,5.));
#13280 = VECTOR('',#13281,1.);
#13281 = DIRECTION('',(0.,0.,-1.));
#13282 = PCURVE('',#3173,#13283);
#13283 = DEFINITIONAL_REPRESENTATION('',(#13284),#13288);
#13284 = LINE('',#13285,#13286);
#13285 = CARTESIAN_POINT('',(5.,84.5));
#13286 = VECTOR('',#13287,1.);
#13287 = DIRECTION('',(-1.,0.));
#13288 = ( GEOMETRIC_REPRESENTATION_CONTEXT(2) 
PARAMETRIC_REPRESENTATION_CONTEXT() REPRESENTATION_CONTEXT('2D SPACE',''
  ) );
#13289 = PCURVE('',#6199,#13290);
#13290 = DEFINITIONAL_REPRESENTATION('',(#13291),#13294);
#13291 = B_SPLINE_CURVE_WITH_KNOTS('',1,(#13292,#13293),.UNSPECIFIED.,
  .F.,.F.,(2,2),(-18.,-2.),.PIECEWISE_BEZIER_KNOTS.);
#13292 = CARTESIAN_POINT('',(16.,-2.));
#13293 = CARTESIAN_POINT('',(0.,-2.));
#13294 = ( GEOMETRIC_REPRESENTATION_CONTEXT(2) 
PARAMETRIC_REPRESENTATION_CONTEXT() REPRESENTATION_CONTEXT('2D SPACE',''
  ) );
#13295 = FACE_BOUND('',#13296,.F.);
#13296 = EDGE_LOOP('',(#13297,#13321,#13343,#13365));
#13297 = ORIENTED_EDGE('',*,*,#13298,.F.);
#13298 = EDGE_CURVE('',#13299,#13301,#13303,.T.);
#13299 = VERTEX_POINT('',#13300);
#13300 = CARTESIAN_POINT('',(22.5,-47.,23.));
#13301 = VERTEX_POINT('',#13302);
#13302 = CARTESIAN_POINT('',(41.5,-47.,23.));
#13303 = SURFACE_CURVE('',#13304,(#13308,#13315),.PCURVE_S1.);
#13304 = LINE('',#13305,#13306);
#13305 = CARTESIAN_POINT('',(-26.25,-47.,23.));
#13306 = VECTOR('',#13307,1.);
#13307 = DIRECTION('',(1.,0.,0.));
#13308 = PCURVE('',#3173,#13309);
#13309 = DEFINITIONAL_REPRESENTATION('',(#13310),#13314);
#13310 = LINE('',#13311,#13312);
#13311 = CARTESIAN_POINT('',(23.,48.75));
#13312 = VECTOR('',#13313,1.);
#13313 = DIRECTION('',(0.,1.));
#13314 = ( GEOMETRIC_REPRESENTATION_CONTEXT(2) 
PARAMETRIC_REPRESENTATION_CONTEXT() REPRESENTATION_CONTEXT('2D SPACE',''
  ) );
#13315 = PCURVE('',#6229,#13316);
#13316 = DEFINITIONAL_REPRESENTATION('',(#13317),#13320);
#13317 = B_SPLINE_CURVE_WITH_KNOTS('',1,(#13318,#13319),.UNSPECIFIED.,
  .F.,.F.,(2,2),(48.75,67.75),.PIECEWISE_BEZIER_KNOTS.);
#13318 = CARTESIAN_POINT('',(0.,2.));
#13319 = CARTESIAN_POINT('',(19.,2.));
#13320 = ( GEOMETRIC_REPRESENTATION_CONTEXT(2) 
PARAMETRIC_REPRESENTATION_CONTEXT() REPRESENTATION_CONTEXT('2D SPACE',''
  ) );
#13321 = ORIENTED_EDGE('',*,*,#13322,.T.);
#13322 = EDGE_CURVE('',#13299,#13323,#13325,.T.);
#13323 = VERTEX_POINT('',#13324);
#13324 = CARTESIAN_POINT('',(22.5,-47.,7.));
#13325 = SURFACE_CURVE('',#13326,(#13330,#13337),.PCURVE_S1.);
#13326 = LINE('',#13327,#13328);
#13327 = CARTESIAN_POINT('',(22.5,-47.,5.));
#13328 = VECTOR('',#13329,1.);
#13329 = DIRECTION('',(0.,0.,-1.));
#13330 = PCURVE('',#3173,#13331);
#13331 = DEFINITIONAL_REPRESENTATION('',(#13332),#13336);
#13332 = LINE('',#13333,#13334);
#13333 = CARTESIAN_POINT('',(5.,97.5));
#13334 = VECTOR('',#13335,1.);
#13335 = DIRECTION('',(-1.,0.));
#13336 = ( GEOMETRIC_REPRESENTATION_CONTEXT(2) 
PARAMETRIC_REPRESENTATION_CONTEXT() REPRESENTATION_CONTEXT('2D SPACE',''
  ) );
#13337 = PCURVE('',#6255,#13338);
#13338 = DEFINITIONAL_REPRESENTATION('',(#13339),#13342);
#13339 = B_SPLINE_CURVE_WITH_KNOTS('',1,(#13340,#13341),.UNSPECIFIED.,
  .F.,.F.,(2,2),(-18.,-2.),.PIECEWISE_BEZIER_KNOTS.);
#13340 = CARTESIAN_POINT('',(16.,-2.));
#13341 = CARTESIAN_POINT('',(0.,-2.));
#13342 = ( GEOMETRIC_REPRESENTATION_CONTEXT(2) 
PARAMETRIC_REPRESENTATION_CONTEXT() REPRESENTATION_CONTEXT('2D SPACE',''
  ) );
#13343 = ORIENTED_EDGE('',*,*,#13344,.T.);
#13344 = EDGE_CURVE('',#13323,#13345,#13347,.T.);
#13345 = VERTEX_POINT('',#13346);
#13346 = CARTESIAN_POINT('',(41.5,-47.,7.));
#13347 = SURFACE_CURVE('',#13348,(#13352,#13359),.PCURVE_S1.);
#13348 = LINE('',#13349,#13350);
#13349 = CARTESIAN_POINT('',(-26.25,-47.,7.));
#13350 = VECTOR('',#13351,1.);
#13351 = DIRECTION('',(1.,0.,0.));
#13352 = PCURVE('',#3173,#13353);
#13353 = DEFINITIONAL_REPRESENTATION('',(#13354),#13358);
#13354 = LINE('',#13355,#13356);
#13355 = CARTESIAN_POINT('',(7.,48.75));
#13356 = VECTOR('',#13357,1.);
#13357 = DIRECTION('',(0.,1.));
#13358 = ( GEOMETRIC_REPRESENTATION_CONTEXT(2) 
PARAMETRIC_REPRESENTATION_CONTEXT() REPRESENTATION_CONTEXT('2D SPACE',''
  ) );
#13359 = PCURVE('',#6281,#13360);
#13360 = DEFINITIONAL_REPRESENTATION('',(#13361),#13364);
#13361 = B_SPLINE_CURVE_WITH_KNOTS('',1,(#13362,#13363),.UNSPECIFIED.,
  .F.,.F.,(2,2),(48.75,67.75),.PIECEWISE_BEZIER_KNOTS.);
#13362 = CARTESIAN_POINT('',(0.,2.));
#13363 = CARTESIAN_POINT('',(19.,2.));
#13364 = ( GEOMETRIC_REPRESENTATION_CONTEXT(2) 
PARAMETRIC_REPRESENTATION_CONTEXT() REPRESENTATION_CONTEXT('2D SPACE',''
  ) );
#13365 = ORIENTED_EDGE('',*,*,#13366,.F.);
#13366 = EDGE_CURVE('',#13301,#13345,#13367,.T.);
#13367 = SURFACE_CURVE('',#13368,(#13372,#13379),.PCURVE_S1.);
#13368 = LINE('',#13369,#13370);
#13369 = CARTESIAN_POINT('',(41.5,-47.,5.));
#13370 = VECTOR('',#13371,1.);
#13371 = DIRECTION('',(0.,0.,-1.));
#13372 = PCURVE('',#3173,#13373);
#13373 = DEFINITIONAL_REPRESENTATION('',(#13374),#13378);
#13374 = LINE('',#13375,#13376);
#13375 = CARTESIAN_POINT('',(5.,116.5));
#13376 = VECTOR('',#13377,1.);
#13377 = DIRECTION('',(-1.,0.));
#13378 = ( GEOMETRIC_REPRESENTATION_CONTEXT(2) 
PARAMETRIC_REPRESENTATION_CONTEXT() REPRESENTATION_CONTEXT('2D SPACE',''
  ) );
#13379 = PCURVE('',#6305,#13380);
#13380 = DEFINITIONAL_REPRESENTATION('',(#13381),#13384);
#13381 = B_SPLINE_CURVE_WITH_KNOTS('',1,(#13382,#13383),.UNSPECIFIED.,
  .F.,.F.,(2,2),(-18.,-2.),.PIECEWISE_BEZIER_KNOTS.);
#13382 = CARTESIAN_POINT('',(16.,-2.));
#13383 = CARTESIAN_POINT('',(0.,-2.));
#13384 = ( GEOMETRIC_REPRESENTATION_CONTEXT(2) 
PARAMETRIC_REPRESENTATION_CONTEXT() REPRESENTATION_CONTEXT('2D SPACE',''
  ) );
#13385 = FACE_BOUND('',#13386,.F.);
#13386 = EDGE_LOOP('',(#13387));
#13387 = ORIENTED_EDGE('',*,*,#13388,.F.);
#13388 = EDGE_CURVE('',#13389,#13389,#13391,.T.);
#13389 = VERTEX_POINT('',#13390);
#13390 = CARTESIAN_POINT('',(53.,-47.,28.65));
#13391 = SURFACE_CURVE('',#13392,(#13397,#13404),.PCURVE_S1.);
#13392 = CIRCLE('',#13393,1.65);
#13393 = AXIS2_PLACEMENT_3D('',#13394,#13395,#13396);
#13394 = CARTESIAN_POINT('',(53.,-47.,27.));
#13395 = DIRECTION('',(0.,1.,0.));
#13396 = DIRECTION('',(0.,-0.,1.));
#13397 = PCURVE('',#3173,#13398);
#13398 = DEFINITIONAL_REPRESENTATION('',(#13399),#13403);
#13399 = CIRCLE('',#13400,1.65);
#13400 = AXIS2_PLACEMENT_2D('',#13401,#13402);
#13401 = CARTESIAN_POINT('',(27.,128.));
#13402 = DIRECTION('',(1.,0.));
#13403 = ( GEOMETRIC_REPRESENTATION_CONTEXT(2) 
PARAMETRIC_REPRESENTATION_CONTEXT() REPRESENTATION_CONTEXT('2D SPACE',''
  ) );
#13404 = PCURVE('',#6335,#13405);
#13405 = DEFINITIONAL_REPRESENTATION('',(#13406),#13410);
#13406 = LINE('',#13407,#13408);
#13407 = CARTESIAN_POINT('',(0.,4.5));
#13408 = VECTOR('',#13409,1.);
#13409 = DIRECTION('',(1.,0.));
#13410 = ( GEOMETRIC_REPRESENTATION_CONTEXT(2) 
PARAMETRIC_REPRESENTATION_CONTEXT() REPRESENTATION_CONTEXT('2D SPACE',''
  ) );
#13411 = FACE_BOUND('',#13412,.F.);
#13412 = EDGE_LOOP('',(#13413));
#13413 = ORIENTED_EDGE('',*,*,#13414,.F.);
#13414 = EDGE_CURVE('',#13415,#13415,#13417,.T.);
#13415 = VERTEX_POINT('',#13416);
#13416 = CARTESIAN_POINT('',(67.,-47.,28.65));
#13417 = SURFACE_CURVE('',#13418,(#13423,#13430),.PCURVE_S1.);
#13418 = CIRCLE('',#13419,1.65);
#13419 = AXIS2_PLACEMENT_3D('',#13420,#13421,#13422);
#13420 = CARTESIAN_POINT('',(67.,-47.,27.));
#13421 = DIRECTION('',(0.,1.,0.));
#13422 = DIRECTION('',(0.,-0.,1.));
#13423 = PCURVE('',#3173,#13424);
#13424 = DEFINITIONAL_REPRESENTATION('',(#13425),#13429);
#13425 = CIRCLE('',#13426,1.65);
#13426 = AXIS2_PLACEMENT_2D('',#13427,#13428);
#13427 = CARTESIAN_POINT('',(27.,142.));
#13428 = DIRECTION('',(1.,0.));
#13429 = ( GEOMETRIC_REPRESENTATION_CONTEXT(2) 
PARAMETRIC_REPRESENTATION_CONTEXT() REPRESENTATION_CONTEXT('2D SPACE',''
  ) );
#13430 = PCURVE('',#6366,#13431);
#13431 = DEFINITIONAL_REPRESENTATION('',(#13432),#13436);
#13432 = LINE('',#13433,#13434);
#13433 = CARTESIAN_POINT('',(0.,4.5));
#13434 = VECTOR('',#13435,1.);
#13435 = DIRECTION('',(1.,0.));
#13436 = ( GEOMETRIC_REPRESENTATION_CONTEXT(2) 
PARAMETRIC_REPRESENTATION_CONTEXT() REPRESENTATION_CONTEXT('2D SPACE',''
  ) );
#13437 = FACE_BOUND('',#13438,.F.);
#13438 = EDGE_LOOP('',(#13439,#13463,#13485,#13507));
#13439 = ORIENTED_EDGE('',*,*,#13440,.F.);
#13440 = EDGE_CURVE('',#13441,#13443,#13445,.T.);
#13441 = VERTEX_POINT('',#13442);
#13442 = CARTESIAN_POINT('',(-13.,-47.,54.));
#13443 = VERTEX_POINT('',#13444);
#13444 = CARTESIAN_POINT('',(13.,-47.,54.));
#13445 = SURFACE_CURVE('',#13446,(#13450,#13457),.PCURVE_S1.);
#13446 = LINE('',#13447,#13448);
#13447 = CARTESIAN_POINT('',(-44.,-47.,54.));
#13448 = VECTOR('',#13449,1.);
#13449 = DIRECTION('',(1.,0.,0.));
#13450 = PCURVE('',#3173,#13451);
#13451 = DEFINITIONAL_REPRESENTATION('',(#13452),#13456);
#13452 = LINE('',#13453,#13454);
#13453 = CARTESIAN_POINT('',(54.,31.));
#13454 = VECTOR('',#13455,1.);
#13455 = DIRECTION('',(0.,1.));
#13456 = ( GEOMETRIC_REPRESENTATION_CONTEXT(2) 
PARAMETRIC_REPRESENTATION_CONTEXT() REPRESENTATION_CONTEXT('2D SPACE',''
  ) );
#13457 = PCURVE('',#6397,#13458);
#13458 = DEFINITIONAL_REPRESENTATION('',(#13459),#13462);
#13459 = B_SPLINE_CURVE_WITH_KNOTS('',1,(#13460,#13461),.UNSPECIFIED.,
  .F.,.F.,(2,2),(31.,57.),.PIECEWISE_BEZIER_KNOTS.);
#13460 = CARTESIAN_POINT('',(0.,2.));
#13461 = CARTESIAN_POINT('',(26.,2.));
#13462 = ( GEOMETRIC_REPRESENTATION_CONTEXT(2) 
PARAMETRIC_REPRESENTATION_CONTEXT() REPRESENTATION_CONTEXT('2D SPACE',''
  ) );
#13463 = ORIENTED_EDGE('',*,*,#13464,.T.);
#13464 = EDGE_CURVE('',#13441,#13465,#13467,.T.);
#13465 = VERTEX_POINT('',#13466);
#13466 = CARTESIAN_POINT('',(-13.,-47.,32.));
#13467 = SURFACE_CURVE('',#13468,(#13472,#13479),.PCURVE_S1.);
#13468 = LINE('',#13469,#13470);
#13469 = CARTESIAN_POINT('',(-13.,-47.,17.5));
#13470 = VECTOR('',#13471,1.);
#13471 = DIRECTION('',(0.,0.,-1.));
#13472 = PCURVE('',#3173,#13473);
#13473 = DEFINITIONAL_REPRESENTATION('',(#13474),#13478);
#13474 = LINE('',#13475,#13476);
#13475 = CARTESIAN_POINT('',(17.5,62.));
#13476 = VECTOR('',#13477,1.);
#13477 = DIRECTION('',(-1.,0.));
#13478 = ( GEOMETRIC_REPRESENTATION_CONTEXT(2) 
PARAMETRIC_REPRESENTATION_CONTEXT() REPRESENTATION_CONTEXT('2D SPACE',''
  ) );
#13479 = PCURVE('',#6423,#13480);
#13480 = DEFINITIONAL_REPRESENTATION('',(#13481),#13484);
#13481 = B_SPLINE_CURVE_WITH_KNOTS('',1,(#13482,#13483),.UNSPECIFIED.,
  .F.,.F.,(2,2),(-36.5,-14.5),.PIECEWISE_BEZIER_KNOTS.);
#13482 = CARTESIAN_POINT('',(22.,-2.));
#13483 = CARTESIAN_POINT('',(0.,-2.));
#13484 = ( GEOMETRIC_REPRESENTATION_CONTEXT(2) 
PARAMETRIC_REPRESENTATION_CONTEXT() REPRESENTATION_CONTEXT('2D SPACE',''
  ) );
#13485 = ORIENTED_EDGE('',*,*,#13486,.T.);
#13486 = EDGE_CURVE('',#13465,#13487,#13489,.T.);
#13487 = VERTEX_POINT('',#13488);
#13488 = CARTESIAN_POINT('',(13.,-47.,32.));
#13489 = SURFACE_CURVE('',#13490,(#13494,#13501),.PCURVE_S1.);
#13490 = LINE('',#13491,#13492);
#13491 = CARTESIAN_POINT('',(-44.,-47.,32.));
#13492 = VECTOR('',#13493,1.);
#13493 = DIRECTION('',(1.,0.,0.));
#13494 = PCURVE('',#3173,#13495);
#13495 = DEFINITIONAL_REPRESENTATION('',(#13496),#13500);
#13496 = LINE('',#13497,#13498);
#13497 = CARTESIAN_POINT('',(32.,31.));
#13498 = VECTOR('',#13499,1.);
#13499 = DIRECTION('',(0.,1.));
#13500 = ( GEOMETRIC_REPRESENTATION_CONTEXT(2) 
PARAMETRIC_REPRESENTATION_CONTEXT() REPRESENTATION_CONTEXT('2D SPACE',''
  ) );
#13501 = PCURVE('',#6449,#13502);
#13502 = DEFINITIONAL_REPRESENTATION('',(#13503),#13506);
#13503 = B_SPLINE_CURVE_WITH_KNOTS('',1,(#13504,#13505),.UNSPECIFIED.,
  .F.,.F.,(2,2),(31.,57.),.PIECEWISE_BEZIER_KNOTS.);
#13504 = CARTESIAN_POINT('',(0.,2.));
#13505 = CARTESIAN_POINT('',(26.,2.));
#13506 = ( GEOMETRIC_REPRESENTATION_CONTEXT(2) 
PARAMETRIC_REPRESENTATION_CONTEXT() REPRESENTATION_CONTEXT('2D SPACE',''
  ) );
#13507 = ORIENTED_EDGE('',*,*,#13508,.F.);
#13508 = EDGE_CURVE('',#13443,#13487,#13509,.T.);
#13509 = SURFACE_CURVE('',#13510,(#13514,#13521),.PCURVE_S1.);
#13510 = LINE('',#13511,#13512);
#13511 = CARTESIAN_POINT('',(13.,-47.,17.5));
#13512 = VECTOR('',#13513,1.);
#13513 = DIRECTION('',(0.,0.,-1.));
#13514 = PCURVE('',#3173,#13515);
#13515 = DEFINITIONAL_REPRESENTATION('',(#13516),#13520);
#13516 = LINE('',#13517,#13518);
#13517 = CARTESIAN_POINT('',(17.5,88.));
#13518 = VECTOR('',#13519,1.);
#13519 = DIRECTION('',(-1.,0.));
#13520 = ( GEOMETRIC_REPRESENTATION_CONTEXT(2) 
PARAMETRIC_REPRESENTATION_CONTEXT() REPRESENTATION_CONTEXT('2D SPACE',''
  ) );
#13521 = PCURVE('',#6473,#13522);
#13522 = DEFINITIONAL_REPRESENTATION('',(#13523),#13526);
#13523 = B_SPLINE_CURVE_WITH_KNOTS('',1,(#13524,#13525),.UNSPECIFIED.,
  .F.,.F.,(2,2),(-36.5,-14.5),.PIECEWISE_BEZIER_KNOTS.);
#13524 = CARTESIAN_POINT('',(22.,-2.));
#13525 = CARTESIAN_POINT('',(0.,-2.));
#13526 = ( GEOMETRIC_REPRESENTATION_CONTEXT(2) 
PARAMETRIC_REPRESENTATION_CONTEXT() REPRESENTATION_CONTEXT('2D SPACE',''
  ) );
#13527 = FACE_BOUND('',#13528,.F.);
#13528 = EDGE_LOOP('',(#13529));
#13529 = ORIENTED_EDGE('',*,*,#13530,.F.);
#13530 = EDGE_CURVE('',#13531,#13531,#13533,.T.);
#13531 = VERTEX_POINT('',#13532);
#13532 = CARTESIAN_POINT('',(15.4,-47.,43.2));
#13533 = SURFACE_CURVE('',#13534,(#13539,#13546),.PCURVE_S1.);
#13534 = CIRCLE('',#13535,1.2);
#13535 = AXIS2_PLACEMENT_3D('',#13536,#13537,#13538);
#13536 = CARTESIAN_POINT('',(15.4,-47.,42.));
#13537 = DIRECTION('',(0.,1.,0.));
#13538 = DIRECTION('',(0.,-0.,1.));
#13539 = PCURVE('',#3173,#13540);
#13540 = DEFINITIONAL_REPRESENTATION('',(#13541),#13545);
#13541 = CIRCLE('',#13542,1.2);
#13542 = AXIS2_PLACEMENT_2D('',#13543,#13544);
#13543 = CARTESIAN_POINT('',(42.,90.4));
#13544 = DIRECTION('',(1.,0.));
#13545 = ( GEOMETRIC_REPRESENTATION_CONTEXT(2) 
PARAMETRIC_REPRESENTATION_CONTEXT() REPRESENTATION_CONTEXT('2D SPACE',''
  ) );
#13546 = PCURVE('',#6503,#13547);
#13547 = DEFINITIONAL_REPRESENTATION('',(#13548),#13552);
#13548 = LINE('',#13549,#13550);
#13549 = CARTESIAN_POINT('',(0.,4.5));
#13550 = VECTOR('',#13551,1.);
#13551 = DIRECTION('',(1.,0.));
#13552 = ( GEOMETRIC_REPRESENTATION_CONTEXT(2) 
PARAMETRIC_REPRESENTATION_CONTEXT() REPRESENTATION_CONTEXT('2D SPACE',''
  ) );
#13553 = FACE_BOUND('',#13554,.F.);
#13554 = EDGE_LOOP('',(#13555,#13579,#13601,#13623));
#13555 = ORIENTED_EDGE('',*,*,#13556,.F.);
#13556 = EDGE_CURVE('',#13557,#13559,#13561,.T.);
#13557 = VERTEX_POINT('',#13558);
#13558 = CARTESIAN_POINT('',(17.5,-47.,48.3));
#13559 = VERTEX_POINT('',#13560);
#13560 = CARTESIAN_POINT('',(41.1,-47.,48.3));
#13561 = SURFACE_CURVE('',#13562,(#13566,#13573),.PCURVE_S1.);
#13562 = LINE('',#13563,#13564);
#13563 = CARTESIAN_POINT('',(-28.75,-47.,48.3));
#13564 = VECTOR('',#13565,1.);
#13565 = DIRECTION('',(1.,0.,0.));
#13566 = PCURVE('',#3173,#13567);
#13567 = DEFINITIONAL_REPRESENTATION('',(#13568),#13572);
#13568 = LINE('',#13569,#13570);
#13569 = CARTESIAN_POINT('',(48.3,46.25));
#13570 = VECTOR('',#13571,1.);
#13571 = DIRECTION('',(0.,1.));
#13572 = ( GEOMETRIC_REPRESENTATION_CONTEXT(2) 
PARAMETRIC_REPRESENTATION_CONTEXT() REPRESENTATION_CONTEXT('2D SPACE',''
  ) );
#13573 = PCURVE('',#6534,#13574);
#13574 = DEFINITIONAL_REPRESENTATION('',(#13575),#13578);
#13575 = B_SPLINE_CURVE_WITH_KNOTS('',1,(#13576,#13577),.UNSPECIFIED.,
  .F.,.F.,(2,2),(46.25,69.85),.PIECEWISE_BEZIER_KNOTS.);
#13576 = CARTESIAN_POINT('',(0.,3.));
#13577 = CARTESIAN_POINT('',(23.6,3.));
#13578 = ( GEOMETRIC_REPRESENTATION_CONTEXT(2) 
PARAMETRIC_REPRESENTATION_CONTEXT() REPRESENTATION_CONTEXT('2D SPACE',''
  ) );
#13579 = ORIENTED_EDGE('',*,*,#13580,.T.);
#13580 = EDGE_CURVE('',#13557,#13581,#13583,.T.);
#13581 = VERTEX_POINT('',#13582);
#13582 = CARTESIAN_POINT('',(17.5,-47.,35.7));
#13583 = SURFACE_CURVE('',#13584,(#13588,#13595),.PCURVE_S1.);
#13584 = LINE('',#13585,#13586);
#13585 = CARTESIAN_POINT('',(17.5,-47.,19.35));
#13586 = VECTOR('',#13587,1.);
#13587 = DIRECTION('',(0.,0.,-1.));
#13588 = PCURVE('',#3173,#13589);
#13589 = DEFINITIONAL_REPRESENTATION('',(#13590),#13594);
#13590 = LINE('',#13591,#13592);
#13591 = CARTESIAN_POINT('',(19.35,92.5));
#13592 = VECTOR('',#13593,1.);
#13593 = DIRECTION('',(-1.,0.));
#13594 = ( GEOMETRIC_REPRESENTATION_CONTEXT(2) 
PARAMETRIC_REPRESENTATION_CONTEXT() REPRESENTATION_CONTEXT('2D SPACE',''
  ) );
#13595 = PCURVE('',#6560,#13596);
#13596 = DEFINITIONAL_REPRESENTATION('',(#13597),#13600);
#13597 = B_SPLINE_CURVE_WITH_KNOTS('',1,(#13598,#13599),.UNSPECIFIED.,
  .F.,.F.,(2,2),(-28.95,-16.35),.PIECEWISE_BEZIER_KNOTS.);
#13598 = CARTESIAN_POINT('',(12.6,-3.));
#13599 = CARTESIAN_POINT('',(0.,-3.));
#13600 = ( GEOMETRIC_REPRESENTATION_CONTEXT(2) 
PARAMETRIC_REPRESENTATION_CONTEXT() REPRESENTATION_CONTEXT('2D SPACE',''
  ) );
#13601 = ORIENTED_EDGE('',*,*,#13602,.T.);
#13602 = EDGE_CURVE('',#13581,#13603,#13605,.T.);
#13603 = VERTEX_POINT('',#13604);
#13604 = CARTESIAN_POINT('',(41.1,-47.,35.7));
#13605 = SURFACE_CURVE('',#13606,(#13610,#13617),.PCURVE_S1.);
#13606 = LINE('',#13607,#13608);
#13607 = CARTESIAN_POINT('',(-28.75,-47.,35.7));
#13608 = VECTOR('',#13609,1.);
#13609 = DIRECTION('',(1.,0.,0.));
#13610 = PCURVE('',#3173,#13611);
#13611 = DEFINITIONAL_REPRESENTATION('',(#13612),#13616);
#13612 = LINE('',#13613,#13614);
#13613 = CARTESIAN_POINT('',(35.7,46.25));
#13614 = VECTOR('',#13615,1.);
#13615 = DIRECTION('',(0.,1.));
#13616 = ( GEOMETRIC_REPRESENTATION_CONTEXT(2) 
PARAMETRIC_REPRESENTATION_CONTEXT() REPRESENTATION_CONTEXT('2D SPACE',''
  ) );
#13617 = PCURVE('',#6586,#13618);
#13618 = DEFINITIONAL_REPRESENTATION('',(#13619),#13622);
#13619 = B_SPLINE_CURVE_WITH_KNOTS('',1,(#13620,#13621),.UNSPECIFIED.,
  .F.,.F.,(2,2),(46.25,69.85),.PIECEWISE_BEZIER_KNOTS.);
#13620 = CARTESIAN_POINT('',(0.,3.));
#13621 = CARTESIAN_POINT('',(23.6,3.));
#13622 = ( GEOMETRIC_REPRESENTATION_CONTEXT(2) 
PARAMETRIC_REPRESENTATION_CONTEXT() REPRESENTATION_CONTEXT('2D SPACE',''
  ) );
#13623 = ORIENTED_EDGE('',*,*,#13624,.F.);
#13624 = EDGE_CURVE('',#13559,#13603,#13625,.T.);
#13625 = SURFACE_CURVE('',#13626,(#13630,#13637),.PCURVE_S1.);
#13626 = LINE('',#13627,#13628);
#13627 = CARTESIAN_POINT('',(41.1,-47.,19.35));
#13628 = VECTOR('',#13629,1.);
#13629 = DIRECTION('',(0.,0.,-1.));
#13630 = PCURVE('',#3173,#13631);
#13631 = DEFINITIONAL_REPRESENTATION('',(#13632),#13636);
#13632 = LINE('',#13633,#13634);
#13633 = CARTESIAN_POINT('',(19.35,116.1));
#13634 = VECTOR('',#13635,1.);
#13635 = DIRECTION('',(-1.,0.));
#13636 = ( GEOMETRIC_REPRESENTATION_CONTEXT(2) 
PARAMETRIC_REPRESENTATION_CONTEXT() REPRESENTATION_CONTEXT('2D SPACE',''
  ) );
#13637 = PCURVE('',#6610,#13638);
#13638 = DEFINITIONAL_REPRESENTATION('',(#13639),#13642);
#13639 = B_SPLINE_CURVE_WITH_KNOTS('',1,(#13640,#13641),.UNSPECIFIED.,
  .F.,.F.,(2,2),(-28.95,-16.35),.PIECEWISE_BEZIER_KNOTS.);
#13640 = CARTESIAN_POINT('',(12.6,-3.));
#13641 = CARTESIAN_POINT('',(0.,-3.));
#13642 = ( GEOMETRIC_REPRESENTATION_CONTEXT(2) 
PARAMETRIC_REPRESENTATION_CONTEXT() REPRESENTATION_CONTEXT('2D SPACE',''
  ) );
#13643 = FACE_BOUND('',#13644,.F.);
#13644 = EDGE_LOOP('',(#13645));
#13645 = ORIENTED_EDGE('',*,*,#13646,.F.);
#13646 = EDGE_CURVE('',#13647,#13647,#13649,.T.);
#13647 = VERTEX_POINT('',#13648);
#13648 = CARTESIAN_POINT('',(43.2,-47.,43.2));
#13649 = SURFACE_CURVE('',#13650,(#13655,#13662),.PCURVE_S1.);
#13650 = CIRCLE('',#13651,1.2);
#13651 = AXIS2_PLACEMENT_3D('',#13652,#13653,#13654);
#13652 = CARTESIAN_POINT('',(43.2,-47.,42.));
#13653 = DIRECTION('',(0.,1.,0.));
#13654 = DIRECTION('',(0.,-0.,1.));
#13655 = PCURVE('',#3173,#13656);
#13656 = DEFINITIONAL_REPRESENTATION('',(#13657),#13661);
#13657 = CIRCLE('',#13658,1.2);
#13658 = AXIS2_PLACEMENT_2D('',#13659,#13660);
#13659 = CARTESIAN_POINT('',(42.,118.2));
#13660 = DIRECTION('',(1.,0.));
#13661 = ( GEOMETRIC_REPRESENTATION_CONTEXT(2) 
PARAMETRIC_REPRESENTATION_CONTEXT() REPRESENTATION_CONTEXT('2D SPACE',''
  ) );
#13662 = PCURVE('',#6640,#13663);
#13663 = DEFINITIONAL_REPRESENTATION('',(#13664),#13668);
#13664 = LINE('',#13665,#13666);
#13665 = CARTESIAN_POINT('',(0.,4.5));
#13666 = VECTOR('',#13667,1.);
#13667 = DIRECTION('',(1.,0.));
#13668 = ( GEOMETRIC_REPRESENTATION_CONTEXT(2) 
PARAMETRIC_REPRESENTATION_CONTEXT() REPRESENTATION_CONTEXT('2D SPACE',''
  ) );
#13669 = FACE_BOUND('',#13670,.F.);
#13670 = EDGE_LOOP('',(#13671));
#13671 = ORIENTED_EDGE('',*,*,#13672,.F.);
#13672 = EDGE_CURVE('',#13673,#13673,#13675,.T.);
#13673 = VERTEX_POINT('',#13674);
#13674 = CARTESIAN_POINT('',(53.,-47.,59.65));
#13675 = SURFACE_CURVE('',#13676,(#13681,#13688),.PCURVE_S1.);
#13676 = CIRCLE('',#13677,1.65);
#13677 = AXIS2_PLACEMENT_3D('',#13678,#13679,#13680);
#13678 = CARTESIAN_POINT('',(53.,-47.,58.));
#13679 = DIRECTION('',(0.,1.,0.));
#13680 = DIRECTION('',(0.,-0.,1.));
#13681 = PCURVE('',#3173,#13682);
#13682 = DEFINITIONAL_REPRESENTATION('',(#13683),#13687);
#13683 = CIRCLE('',#13684,1.65);
#13684 = AXIS2_PLACEMENT_2D('',#13685,#13686);
#13685 = CARTESIAN_POINT('',(58.,128.));
#13686 = DIRECTION('',(1.,0.));
#13687 = ( GEOMETRIC_REPRESENTATION_CONTEXT(2) 
PARAMETRIC_REPRESENTATION_CONTEXT() REPRESENTATION_CONTEXT('2D SPACE',''
  ) );
#13688 = PCURVE('',#6671,#13689);
#13689 = DEFINITIONAL_REPRESENTATION('',(#13690),#13694);
#13690 = LINE('',#13691,#13692);
#13691 = CARTESIAN_POINT('',(0.,4.5));
#13692 = VECTOR('',#13693,1.);
#13693 = DIRECTION('',(1.,0.));
#13694 = ( GEOMETRIC_REPRESENTATION_CONTEXT(2) 
PARAMETRIC_REPRESENTATION_CONTEXT() REPRESENTATION_CONTEXT('2D SPACE',''
  ) );
#13695 = ADVANCED_FACE('',(#13696),#3200,.F.);
#13696 = FACE_BOUND('',#13697,.F.);
#13697 = EDGE_LOOP('',(#13698,#13699,#13720,#13721));
#13698 = ORIENTED_EDGE('',*,*,#5358,.F.);
#13699 = ORIENTED_EDGE('',*,*,#13700,.F.);
#13700 = EDGE_CURVE('',#12731,#5359,#13701,.T.);
#13701 = SURFACE_CURVE('',#13702,(#13706,#13713),.PCURVE_S1.);
#13702 = LINE('',#13703,#13704);
#13703 = CARTESIAN_POINT('',(-75.,-47.,3.));
#13704 = VECTOR('',#13705,1.);
#13705 = DIRECTION('',(0.,1.,0.));
#13706 = PCURVE('',#3200,#13707);
#13707 = DEFINITIONAL_REPRESENTATION('',(#13708),#13712);
#13708 = LINE('',#13709,#13710);
#13709 = CARTESIAN_POINT('',(0.,0.));
#13710 = VECTOR('',#13711,1.);
#13711 = DIRECTION('',(0.,1.));
#13712 = ( GEOMETRIC_REPRESENTATION_CONTEXT(2) 
PARAMETRIC_REPRESENTATION_CONTEXT() REPRESENTATION_CONTEXT('2D SPACE',''
  ) );
#13713 = PCURVE('',#5397,#13714);
#13714 = DEFINITIONAL_REPRESENTATION('',(#13715),#13719);
#13715 = LINE('',#13716,#13717);
#13716 = CARTESIAN_POINT('',(0.,91.));
#13717 = VECTOR('',#13718,1.);
#13718 = DIRECTION('',(0.,-1.));
#13719 = ( GEOMETRIC_REPRESENTATION_CONTEXT(2) 
PARAMETRIC_REPRESENTATION_CONTEXT() REPRESENTATION_CONTEXT('2D SPACE',''
  ) );
#13720 = ORIENTED_EDGE('',*,*,#12730,.T.);
#13721 = ORIENTED_EDGE('',*,*,#3185,.F.);
#13722 = ADVANCED_FACE('',(#13723,#13841,#13867,#13893,#13919,#14009,
    #14035,#14061,#14087,#14177,#14203,#14293,#14383,#14409,#14435,
    #14525,#14551,#14641,#14667),#3261,.T.);
#13723 = FACE_BOUND('',#13724,.T.);
#13724 = EDGE_LOOP('',(#13725,#13726,#13727,#13750,#13773,#13796,#13819,
    #13840));
#13725 = ORIENTED_EDGE('',*,*,#3409,.F.);
#13726 = ORIENTED_EDGE('',*,*,#3245,.T.);
#13727 = ORIENTED_EDGE('',*,*,#13728,.F.);
#13728 = EDGE_CURVE('',#13729,#3246,#13731,.T.);
#13729 = VERTEX_POINT('',#13730);
#13730 = CARTESIAN_POINT('',(-75.,47.,3.));
#13731 = SURFACE_CURVE('',#13732,(#13736,#13743),.PCURVE_S1.);
#13732 = LINE('',#13733,#13734);
#13733 = CARTESIAN_POINT('',(-75.,47.,3.));
#13734 = VECTOR('',#13735,1.);
#13735 = DIRECTION('',(1.,0.,0.));
#13736 = PCURVE('',#3261,#13737);
#13737 = DEFINITIONAL_REPRESENTATION('',(#13738),#13742);
#13738 = LINE('',#13739,#13740);
#13739 = CARTESIAN_POINT('',(3.,0.));
#13740 = VECTOR('',#13741,1.);
#13741 = DIRECTION('',(0.,1.));
#13742 = ( GEOMETRIC_REPRESENTATION_CONTEXT(2) 
PARAMETRIC_REPRESENTATION_CONTEXT() REPRESENTATION_CONTEXT('2D SPACE',''
  ) );
#13743 = PCURVE('',#3288,#13744);
#13744 = DEFINITIONAL_REPRESENTATION('',(#13745),#13749);
#13745 = LINE('',#13746,#13747);
#13746 = CARTESIAN_POINT('',(0.,3.));
#13747 = VECTOR('',#13748,1.);
#13748 = DIRECTION('',(1.,0.));
#13749 = ( GEOMETRIC_REPRESENTATION_CONTEXT(2) 
PARAMETRIC_REPRESENTATION_CONTEXT() REPRESENTATION_CONTEXT('2D SPACE',''
  ) );
#13750 = ORIENTED_EDGE('',*,*,#13751,.T.);
#13751 = EDGE_CURVE('',#13729,#13752,#13754,.T.);
#13752 = VERTEX_POINT('',#13753);
#13753 = CARTESIAN_POINT('',(-75.,47.,65.));
#13754 = SURFACE_CURVE('',#13755,(#13759,#13766),.PCURVE_S1.);
#13755 = LINE('',#13756,#13757);
#13756 = CARTESIAN_POINT('',(-75.,47.,3.));
#13757 = VECTOR('',#13758,1.);
#13758 = DIRECTION('',(0.,0.,1.));
#13759 = PCURVE('',#3261,#13760);
#13760 = DEFINITIONAL_REPRESENTATION('',(#13761),#13765);
#13761 = LINE('',#13762,#13763);
#13762 = CARTESIAN_POINT('',(3.,0.));
#13763 = VECTOR('',#13764,1.);
#13764 = DIRECTION('',(1.,0.));
#13765 = ( GEOMETRIC_REPRESENTATION_CONTEXT(2) 
PARAMETRIC_REPRESENTATION_CONTEXT() REPRESENTATION_CONTEXT('2D SPACE',''
  ) );
#13766 = PCURVE('',#5397,#13767);
#13767 = DEFINITIONAL_REPRESENTATION('',(#13768),#13772);
#13768 = LINE('',#13769,#13770);
#13769 = CARTESIAN_POINT('',(0.,-3.));
#13770 = VECTOR('',#13771,1.);
#13771 = DIRECTION('',(1.,0.));
#13772 = ( GEOMETRIC_REPRESENTATION_CONTEXT(2) 
PARAMETRIC_REPRESENTATION_CONTEXT() REPRESENTATION_CONTEXT('2D SPACE',''
  ) );
#13773 = ORIENTED_EDGE('',*,*,#13774,.T.);
#13774 = EDGE_CURVE('',#13752,#13775,#13777,.T.);
#13775 = VERTEX_POINT('',#13776);
#13776 = CARTESIAN_POINT('',(75.,47.,65.));
#13777 = SURFACE_CURVE('',#13778,(#13782,#13789),.PCURVE_S1.);
#13778 = LINE('',#13779,#13780);
#13779 = CARTESIAN_POINT('',(-75.,47.,65.));
#13780 = VECTOR('',#13781,1.);
#13781 = DIRECTION('',(1.,0.,0.));
#13782 = PCURVE('',#3261,#13783);
#13783 = DEFINITIONAL_REPRESENTATION('',(#13784),#13788);
#13784 = LINE('',#13785,#13786);
#13785 = CARTESIAN_POINT('',(65.,0.));
#13786 = VECTOR('',#13787,1.);
#13787 = DIRECTION('',(0.,1.));
#13788 = ( GEOMETRIC_REPRESENTATION_CONTEXT(2) 
PARAMETRIC_REPRESENTATION_CONTEXT() REPRESENTATION_CONTEXT('2D SPACE',''
  ) );
#13789 = PCURVE('',#6876,#13790);
#13790 = DEFINITIONAL_REPRESENTATION('',(#13791),#13795);
#13791 = LINE('',#13792,#13793);
#13792 = CARTESIAN_POINT('',(0.,3.));
#13793 = VECTOR('',#13794,1.);
#13794 = DIRECTION('',(1.,0.));
#13795 = ( GEOMETRIC_REPRESENTATION_CONTEXT(2) 
PARAMETRIC_REPRESENTATION_CONTEXT() REPRESENTATION_CONTEXT('2D SPACE',''
  ) );
#13796 = ORIENTED_EDGE('',*,*,#13797,.F.);
#13797 = EDGE_CURVE('',#13798,#13775,#13800,.T.);
#13798 = VERTEX_POINT('',#13799);
#13799 = CARTESIAN_POINT('',(75.,47.,3.));
#13800 = SURFACE_CURVE('',#13801,(#13805,#13812),.PCURVE_S1.);
#13801 = LINE('',#13802,#13803);
#13802 = CARTESIAN_POINT('',(75.,47.,3.));
#13803 = VECTOR('',#13804,1.);
#13804 = DIRECTION('',(0.,0.,1.));
#13805 = PCURVE('',#3261,#13806);
#13806 = DEFINITIONAL_REPRESENTATION('',(#13807),#13811);
#13807 = LINE('',#13808,#13809);
#13808 = CARTESIAN_POINT('',(3.,150.));
#13809 = VECTOR('',#13810,1.);
#13810 = DIRECTION('',(1.,0.));
#13811 = ( GEOMETRIC_REPRESENTATION_CONTEXT(2) 
PARAMETRIC_REPRESENTATION_CONTEXT() REPRESENTATION_CONTEXT('2D SPACE',''
  ) );
#13812 = PCURVE('',#5560,#13813);
#13813 = DEFINITIONAL_REPRESENTATION('',(#13814),#13818);
#13814 = LINE('',#13815,#13816);
#13815 = CARTESIAN_POINT('',(0.,-3.));
#13816 = VECTOR('',#13817,1.);
#13817 = DIRECTION('',(1.,0.));
#13818 = ( GEOMETRIC_REPRESENTATION_CONTEXT(2) 
PARAMETRIC_REPRESENTATION_CONTEXT() REPRESENTATION_CONTEXT('2D SPACE',''
  ) );
#13819 = ORIENTED_EDGE('',*,*,#13820,.F.);
#13820 = EDGE_CURVE('',#8128,#13798,#13821,.T.);
#13821 = SURFACE_CURVE('',#13822,(#13826,#13833),.PCURVE_S1.);
#13822 = LINE('',#13823,#13824);
#13823 = CARTESIAN_POINT('',(-75.,47.,3.));
#13824 = VECTOR('',#13825,1.);
#13825 = DIRECTION('',(1.,0.,0.));
#13826 = PCURVE('',#3261,#13827);
#13827 = DEFINITIONAL_REPRESENTATION('',(#13828),#13832);
#13828 = LINE('',#13829,#13830);
#13829 = CARTESIAN_POINT('',(3.,0.));
#13830 = VECTOR('',#13831,1.);
#13831 = DIRECTION('',(0.,1.));
#13832 = ( GEOMETRIC_REPRESENTATION_CONTEXT(2) 
PARAMETRIC_REPRESENTATION_CONTEXT() REPRESENTATION_CONTEXT('2D SPACE',''
  ) );
#13833 = PCURVE('',#7027,#13834);
#13834 = DEFINITIONAL_REPRESENTATION('',(#13835),#13839);
#13835 = LINE('',#13836,#13837);
#13836 = CARTESIAN_POINT('',(0.,3.));
#13837 = VECTOR('',#13838,1.);
#13838 = DIRECTION('',(1.,0.));
#13839 = ( GEOMETRIC_REPRESENTATION_CONTEXT(2) 
PARAMETRIC_REPRESENTATION_CONTEXT() REPRESENTATION_CONTEXT('2D SPACE',''
  ) );
#13840 = ORIENTED_EDGE('',*,*,#8127,.F.);
#13841 = FACE_BOUND('',#13842,.T.);
#13842 = EDGE_LOOP('',(#13843));
#13843 = ORIENTED_EDGE('',*,*,#13844,.F.);
#13844 = EDGE_CURVE('',#13845,#13845,#13847,.T.);
#13845 = VERTEX_POINT('',#13846);
#13846 = CARTESIAN_POINT('',(67.,47.,59.65));
#13847 = SURFACE_CURVE('',#13848,(#13853,#13860),.PCURVE_S1.);
#13848 = CIRCLE('',#13849,1.65);
#13849 = AXIS2_PLACEMENT_3D('',#13850,#13851,#13852);
#13850 = CARTESIAN_POINT('',(67.,47.,58.));
#13851 = DIRECTION('',(0.,1.,0.));
#13852 = DIRECTION('',(0.,-0.,1.));
#13853 = PCURVE('',#3261,#13854);
#13854 = DEFINITIONAL_REPRESENTATION('',(#13855),#13859);
#13855 = CIRCLE('',#13856,1.65);
#13856 = AXIS2_PLACEMENT_2D('',#13857,#13858);
#13857 = CARTESIAN_POINT('',(58.,142.));
#13858 = DIRECTION('',(1.,0.));
#13859 = ( GEOMETRIC_REPRESENTATION_CONTEXT(2) 
PARAMETRIC_REPRESENTATION_CONTEXT() REPRESENTATION_CONTEXT('2D SPACE',''
  ) );
#13860 = PCURVE('',#8036,#13861);
#13861 = DEFINITIONAL_REPRESENTATION('',(#13862),#13866);
#13862 = LINE('',#13863,#13864);
#13863 = CARTESIAN_POINT('',(0.,7.5));
#13864 = VECTOR('',#13865,1.);
#13865 = DIRECTION('',(1.,0.));
#13866 = ( GEOMETRIC_REPRESENTATION_CONTEXT(2) 
PARAMETRIC_REPRESENTATION_CONTEXT() REPRESENTATION_CONTEXT('2D SPACE',''
  ) );
#13867 = FACE_BOUND('',#13868,.T.);
#13868 = EDGE_LOOP('',(#13869));
#13869 = ORIENTED_EDGE('',*,*,#13870,.F.);
#13870 = EDGE_CURVE('',#13871,#13871,#13873,.T.);
#13871 = VERTEX_POINT('',#13872);
#13872 = CARTESIAN_POINT('',(-67.,47.,28.65));
#13873 = SURFACE_CURVE('',#13874,(#13879,#13886),.PCURVE_S1.);
#13874 = CIRCLE('',#13875,1.65);
#13875 = AXIS2_PLACEMENT_3D('',#13876,#13877,#13878);
#13876 = CARTESIAN_POINT('',(-67.,47.,27.));
#13877 = DIRECTION('',(0.,1.,0.));
#13878 = DIRECTION('',(0.,-0.,1.));
#13879 = PCURVE('',#3261,#13880);
#13880 = DEFINITIONAL_REPRESENTATION('',(#13881),#13885);
#13881 = CIRCLE('',#13882,1.65);
#13882 = AXIS2_PLACEMENT_2D('',#13883,#13884);
#13883 = CARTESIAN_POINT('',(27.,8.));
#13884 = DIRECTION('',(1.,0.));
#13885 = ( GEOMETRIC_REPRESENTATION_CONTEXT(2) 
PARAMETRIC_REPRESENTATION_CONTEXT() REPRESENTATION_CONTEXT('2D SPACE',''
  ) );
#13886 = PCURVE('',#7059,#13887);
#13887 = DEFINITIONAL_REPRESENTATION('',(#13888),#13892);
#13888 = LINE('',#13889,#13890);
#13889 = CARTESIAN_POINT('',(0.,7.5));
#13890 = VECTOR('',#13891,1.);
#13891 = DIRECTION('',(1.,0.));
#13892 = ( GEOMETRIC_REPRESENTATION_CONTEXT(2) 
PARAMETRIC_REPRESENTATION_CONTEXT() REPRESENTATION_CONTEXT('2D SPACE',''
  ) );
#13893 = FACE_BOUND('',#13894,.T.);
#13894 = EDGE_LOOP('',(#13895));
#13895 = ORIENTED_EDGE('',*,*,#13896,.F.);
#13896 = EDGE_CURVE('',#13897,#13897,#13899,.T.);
#13897 = VERTEX_POINT('',#13898);
#13898 = CARTESIAN_POINT('',(-53.,47.,28.65));
#13899 = SURFACE_CURVE('',#13900,(#13905,#13912),.PCURVE_S1.);
#13900 = CIRCLE('',#13901,1.65);
#13901 = AXIS2_PLACEMENT_3D('',#13902,#13903,#13904);
#13902 = CARTESIAN_POINT('',(-53.,47.,27.));
#13903 = DIRECTION('',(0.,1.,0.));
#13904 = DIRECTION('',(0.,-0.,1.));
#13905 = PCURVE('',#3261,#13906);
#13906 = DEFINITIONAL_REPRESENTATION('',(#13907),#13911);
#13907 = CIRCLE('',#13908,1.65);
#13908 = AXIS2_PLACEMENT_2D('',#13909,#13910);
#13909 = CARTESIAN_POINT('',(27.,22.));
#13910 = DIRECTION('',(1.,0.));
#13911 = ( GEOMETRIC_REPRESENTATION_CONTEXT(2) 
PARAMETRIC_REPRESENTATION_CONTEXT() REPRESENTATION_CONTEXT('2D SPACE',''
  ) );
#13912 = PCURVE('',#7090,#13913);
#13913 = DEFINITIONAL_REPRESENTATION('',(#13914),#13918);
#13914 = LINE('',#13915,#13916);
#13915 = CARTESIAN_POINT('',(0.,7.5));
#13916 = VECTOR('',#13917,1.);
#13917 = DIRECTION('',(1.,0.));
#13918 = ( GEOMETRIC_REPRESENTATION_CONTEXT(2) 
PARAMETRIC_REPRESENTATION_CONTEXT() REPRESENTATION_CONTEXT('2D SPACE',''
  ) );
#13919 = FACE_BOUND('',#13920,.T.);
#13920 = EDGE_LOOP('',(#13921,#13945,#13967,#13989));
#13921 = ORIENTED_EDGE('',*,*,#13922,.F.);
#13922 = EDGE_CURVE('',#13923,#13925,#13927,.T.);
#13923 = VERTEX_POINT('',#13924);
#13924 = CARTESIAN_POINT('',(-41.5,47.,23.));
#13925 = VERTEX_POINT('',#13926);
#13926 = CARTESIAN_POINT('',(-22.5,47.,23.));
#13927 = SURFACE_CURVE('',#13928,(#13932,#13939),.PCURVE_S1.);
#13928 = LINE('',#13929,#13930);
#13929 = CARTESIAN_POINT('',(-58.25,47.,23.));
#13930 = VECTOR('',#13931,1.);
#13931 = DIRECTION('',(1.,0.,0.));
#13932 = PCURVE('',#3261,#13933);
#13933 = DEFINITIONAL_REPRESENTATION('',(#13934),#13938);
#13934 = LINE('',#13935,#13936);
#13935 = CARTESIAN_POINT('',(23.,16.75));
#13936 = VECTOR('',#13937,1.);
#13937 = DIRECTION('',(0.,1.));
#13938 = ( GEOMETRIC_REPRESENTATION_CONTEXT(2) 
PARAMETRIC_REPRESENTATION_CONTEXT() REPRESENTATION_CONTEXT('2D SPACE',''
  ) );
#13939 = PCURVE('',#7121,#13940);
#13940 = DEFINITIONAL_REPRESENTATION('',(#13941),#13944);
#13941 = B_SPLINE_CURVE_WITH_KNOTS('',1,(#13942,#13943),.UNSPECIFIED.,
  .F.,.F.,(2,2),(16.75,35.75),.PIECEWISE_BEZIER_KNOTS.);
#13942 = CARTESIAN_POINT('',(0.,5.));
#13943 = CARTESIAN_POINT('',(19.,5.));
#13944 = ( GEOMETRIC_REPRESENTATION_CONTEXT(2) 
PARAMETRIC_REPRESENTATION_CONTEXT() REPRESENTATION_CONTEXT('2D SPACE',''
  ) );
#13945 = ORIENTED_EDGE('',*,*,#13946,.T.);
#13946 = EDGE_CURVE('',#13923,#13947,#13949,.T.);
#13947 = VERTEX_POINT('',#13948);
#13948 = CARTESIAN_POINT('',(-41.5,47.,7.));
#13949 = SURFACE_CURVE('',#13950,(#13954,#13961),.PCURVE_S1.);
#13950 = LINE('',#13951,#13952);
#13951 = CARTESIAN_POINT('',(-41.5,47.,5.));
#13952 = VECTOR('',#13953,1.);
#13953 = DIRECTION('',(0.,0.,-1.));
#13954 = PCURVE('',#3261,#13955);
#13955 = DEFINITIONAL_REPRESENTATION('',(#13956),#13960);
#13956 = LINE('',#13957,#13958);
#13957 = CARTESIAN_POINT('',(5.,33.5));
#13958 = VECTOR('',#13959,1.);
#13959 = DIRECTION('',(-1.,0.));
#13960 = ( GEOMETRIC_REPRESENTATION_CONTEXT(2) 
PARAMETRIC_REPRESENTATION_CONTEXT() REPRESENTATION_CONTEXT('2D SPACE',''
  ) );
#13961 = PCURVE('',#7147,#13962);
#13962 = DEFINITIONAL_REPRESENTATION('',(#13963),#13966);
#13963 = B_SPLINE_CURVE_WITH_KNOTS('',1,(#13964,#13965),.UNSPECIFIED.,
  .F.,.F.,(2,2),(-18.,-2.),.PIECEWISE_BEZIER_KNOTS.);
#13964 = CARTESIAN_POINT('',(16.,-5.));
#13965 = CARTESIAN_POINT('',(0.,-5.));
#13966 = ( GEOMETRIC_REPRESENTATION_CONTEXT(2) 
PARAMETRIC_REPRESENTATION_CONTEXT() REPRESENTATION_CONTEXT('2D SPACE',''
  ) );
#13967 = ORIENTED_EDGE('',*,*,#13968,.T.);
#13968 = EDGE_CURVE('',#13947,#13969,#13971,.T.);
#13969 = VERTEX_POINT('',#13970);
#13970 = CARTESIAN_POINT('',(-22.5,47.,7.));
#13971 = SURFACE_CURVE('',#13972,(#13976,#13983),.PCURVE_S1.);
#13972 = LINE('',#13973,#13974);
#13973 = CARTESIAN_POINT('',(-58.25,47.,7.));
#13974 = VECTOR('',#13975,1.);
#13975 = DIRECTION('',(1.,0.,0.));
#13976 = PCURVE('',#3261,#13977);
#13977 = DEFINITIONAL_REPRESENTATION('',(#13978),#13982);
#13978 = LINE('',#13979,#13980);
#13979 = CARTESIAN_POINT('',(7.,16.75));
#13980 = VECTOR('',#13981,1.);
#13981 = DIRECTION('',(0.,1.));
#13982 = ( GEOMETRIC_REPRESENTATION_CONTEXT(2) 
PARAMETRIC_REPRESENTATION_CONTEXT() REPRESENTATION_CONTEXT('2D SPACE',''
  ) );
#13983 = PCURVE('',#7173,#13984);
#13984 = DEFINITIONAL_REPRESENTATION('',(#13985),#13988);
#13985 = B_SPLINE_CURVE_WITH_KNOTS('',1,(#13986,#13987),.UNSPECIFIED.,
  .F.,.F.,(2,2),(16.75,35.75),.PIECEWISE_BEZIER_KNOTS.);
#13986 = CARTESIAN_POINT('',(0.,5.));
#13987 = CARTESIAN_POINT('',(19.,5.));
#13988 = ( GEOMETRIC_REPRESENTATION_CONTEXT(2) 
PARAMETRIC_REPRESENTATION_CONTEXT() REPRESENTATION_CONTEXT('2D SPACE',''
  ) );
#13989 = ORIENTED_EDGE('',*,*,#13990,.F.);
#13990 = EDGE_CURVE('',#13925,#13969,#13991,.T.);
#13991 = SURFACE_CURVE('',#13992,(#13996,#14003),.PCURVE_S1.);
#13992 = LINE('',#13993,#13994);
#13993 = CARTESIAN_POINT('',(-22.5,47.,5.));
#13994 = VECTOR('',#13995,1.);
#13995 = DIRECTION('',(0.,0.,-1.));
#13996 = PCURVE('',#3261,#13997);
#13997 = DEFINITIONAL_REPRESENTATION('',(#13998),#14002);
#13998 = LINE('',#13999,#14000);
#13999 = CARTESIAN_POINT('',(5.,52.5));
#14000 = VECTOR('',#14001,1.);
#14001 = DIRECTION('',(-1.,0.));
#14002 = ( GEOMETRIC_REPRESENTATION_CONTEXT(2) 
PARAMETRIC_REPRESENTATION_CONTEXT() REPRESENTATION_CONTEXT('2D SPACE',''
  ) );
#14003 = PCURVE('',#7197,#14004);
#14004 = DEFINITIONAL_REPRESENTATION('',(#14005),#14008);
#14005 = B_SPLINE_CURVE_WITH_KNOTS('',1,(#14006,#14007),.UNSPECIFIED.,
  .F.,.F.,(2,2),(-18.,-2.),.PIECEWISE_BEZIER_KNOTS.);
#14006 = CARTESIAN_POINT('',(16.,-5.));
#14007 = CARTESIAN_POINT('',(0.,-5.));
#14008 = ( GEOMETRIC_REPRESENTATION_CONTEXT(2) 
PARAMETRIC_REPRESENTATION_CONTEXT() REPRESENTATION_CONTEXT('2D SPACE',''
  ) );
#14009 = FACE_BOUND('',#14010,.T.);
#14010 = EDGE_LOOP('',(#14011));
#14011 = ORIENTED_EDGE('',*,*,#14012,.F.);
#14012 = EDGE_CURVE('',#14013,#14013,#14015,.T.);
#14013 = VERTEX_POINT('',#14014);
#14014 = CARTESIAN_POINT('',(-43.2,47.,43.2));
#14015 = SURFACE_CURVE('',#14016,(#14021,#14028),.PCURVE_S1.);
#14016 = CIRCLE('',#14017,1.2);
#14017 = AXIS2_PLACEMENT_3D('',#14018,#14019,#14020);
#14018 = CARTESIAN_POINT('',(-43.2,47.,42.));
#14019 = DIRECTION('',(0.,1.,0.));
#14020 = DIRECTION('',(0.,-0.,1.));
#14021 = PCURVE('',#3261,#14022);
#14022 = DEFINITIONAL_REPRESENTATION('',(#14023),#14027);
#14023 = CIRCLE('',#14024,1.2);
#14024 = AXIS2_PLACEMENT_2D('',#14025,#14026);
#14025 = CARTESIAN_POINT('',(42.,31.8));
#14026 = DIRECTION('',(1.,0.));
#14027 = ( GEOMETRIC_REPRESENTATION_CONTEXT(2) 
PARAMETRIC_REPRESENTATION_CONTEXT() REPRESENTATION_CONTEXT('2D SPACE',''
  ) );
#14028 = PCURVE('',#7227,#14029);
#14029 = DEFINITIONAL_REPRESENTATION('',(#14030),#14034);
#14030 = LINE('',#14031,#14032);
#14031 = CARTESIAN_POINT('',(0.,7.5));
#14032 = VECTOR('',#14033,1.);
#14033 = DIRECTION('',(1.,0.));
#14034 = ( GEOMETRIC_REPRESENTATION_CONTEXT(2) 
PARAMETRIC_REPRESENTATION_CONTEXT() REPRESENTATION_CONTEXT('2D SPACE',''
  ) );
#14035 = FACE_BOUND('',#14036,.T.);
#14036 = EDGE_LOOP('',(#14037));
#14037 = ORIENTED_EDGE('',*,*,#14038,.F.);
#14038 = EDGE_CURVE('',#14039,#14039,#14041,.T.);
#14039 = VERTEX_POINT('',#14040);
#14040 = CARTESIAN_POINT('',(-67.,47.,59.65));
#14041 = SURFACE_CURVE('',#14042,(#14047,#14054),.PCURVE_S1.);
#14042 = CIRCLE('',#14043,1.65);
#14043 = AXIS2_PLACEMENT_3D('',#14044,#14045,#14046);
#14044 = CARTESIAN_POINT('',(-67.,47.,58.));
#14045 = DIRECTION('',(0.,1.,0.));
#14046 = DIRECTION('',(0.,-0.,1.));
#14047 = PCURVE('',#3261,#14048);
#14048 = DEFINITIONAL_REPRESENTATION('',(#14049),#14053);
#14049 = CIRCLE('',#14050,1.65);
#14050 = AXIS2_PLACEMENT_2D('',#14051,#14052);
#14051 = CARTESIAN_POINT('',(58.,8.));
#14052 = DIRECTION('',(1.,0.));
#14053 = ( GEOMETRIC_REPRESENTATION_CONTEXT(2) 
PARAMETRIC_REPRESENTATION_CONTEXT() REPRESENTATION_CONTEXT('2D SPACE',''
  ) );
#14054 = PCURVE('',#7258,#14055);
#14055 = DEFINITIONAL_REPRESENTATION('',(#14056),#14060);
#14056 = LINE('',#14057,#14058);
#14057 = CARTESIAN_POINT('',(0.,7.5));
#14058 = VECTOR('',#14059,1.);
#14059 = DIRECTION('',(1.,0.));
#14060 = ( GEOMETRIC_REPRESENTATION_CONTEXT(2) 
PARAMETRIC_REPRESENTATION_CONTEXT() REPRESENTATION_CONTEXT('2D SPACE',''
  ) );
#14061 = FACE_BOUND('',#14062,.T.);
#14062 = EDGE_LOOP('',(#14063));
#14063 = ORIENTED_EDGE('',*,*,#14064,.F.);
#14064 = EDGE_CURVE('',#14065,#14065,#14067,.T.);
#14065 = VERTEX_POINT('',#14066);
#14066 = CARTESIAN_POINT('',(-53.,47.,59.65));
#14067 = SURFACE_CURVE('',#14068,(#14073,#14080),.PCURVE_S1.);
#14068 = CIRCLE('',#14069,1.65);
#14069 = AXIS2_PLACEMENT_3D('',#14070,#14071,#14072);
#14070 = CARTESIAN_POINT('',(-53.,47.,58.));
#14071 = DIRECTION('',(0.,1.,0.));
#14072 = DIRECTION('',(0.,-0.,1.));
#14073 = PCURVE('',#3261,#14074);
#14074 = DEFINITIONAL_REPRESENTATION('',(#14075),#14079);
#14075 = CIRCLE('',#14076,1.65);
#14076 = AXIS2_PLACEMENT_2D('',#14077,#14078);
#14077 = CARTESIAN_POINT('',(58.,22.));
#14078 = DIRECTION('',(1.,0.));
#14079 = ( GEOMETRIC_REPRESENTATION_CONTEXT(2) 
PARAMETRIC_REPRESENTATION_CONTEXT() REPRESENTATION_CONTEXT('2D SPACE',''
  ) );
#14080 = PCURVE('',#7289,#14081);
#14081 = DEFINITIONAL_REPRESENTATION('',(#14082),#14086);
#14082 = LINE('',#14083,#14084);
#14083 = CARTESIAN_POINT('',(0.,7.5));
#14084 = VECTOR('',#14085,1.);
#14085 = DIRECTION('',(1.,0.));
#14086 = ( GEOMETRIC_REPRESENTATION_CONTEXT(2) 
PARAMETRIC_REPRESENTATION_CONTEXT() REPRESENTATION_CONTEXT('2D SPACE',''
  ) );
#14087 = FACE_BOUND('',#14088,.T.);
#14088 = EDGE_LOOP('',(#14089,#14113,#14135,#14157));
#14089 = ORIENTED_EDGE('',*,*,#14090,.F.);
#14090 = EDGE_CURVE('',#14091,#14093,#14095,.T.);
#14091 = VERTEX_POINT('',#14092);
#14092 = CARTESIAN_POINT('',(-41.1,47.,48.3));
#14093 = VERTEX_POINT('',#14094);
#14094 = CARTESIAN_POINT('',(-17.5,47.,48.3));
#14095 = SURFACE_CURVE('',#14096,(#14100,#14107),.PCURVE_S1.);
#14096 = LINE('',#14097,#14098);
#14097 = CARTESIAN_POINT('',(-58.05,47.,48.3));
#14098 = VECTOR('',#14099,1.);
#14099 = DIRECTION('',(1.,0.,0.));
#14100 = PCURVE('',#3261,#14101);
#14101 = DEFINITIONAL_REPRESENTATION('',(#14102),#14106);
#14102 = LINE('',#14103,#14104);
#14103 = CARTESIAN_POINT('',(48.3,16.95));
#14104 = VECTOR('',#14105,1.);
#14105 = DIRECTION('',(0.,1.));
#14106 = ( GEOMETRIC_REPRESENTATION_CONTEXT(2) 
PARAMETRIC_REPRESENTATION_CONTEXT() REPRESENTATION_CONTEXT('2D SPACE',''
  ) );
#14107 = PCURVE('',#7320,#14108);
#14108 = DEFINITIONAL_REPRESENTATION('',(#14109),#14112);
#14109 = B_SPLINE_CURVE_WITH_KNOTS('',1,(#14110,#14111),.UNSPECIFIED.,
  .F.,.F.,(2,2),(16.95,40.55),.PIECEWISE_BEZIER_KNOTS.);
#14110 = CARTESIAN_POINT('',(0.,6.));
#14111 = CARTESIAN_POINT('',(23.6,6.));
#14112 = ( GEOMETRIC_REPRESENTATION_CONTEXT(2) 
PARAMETRIC_REPRESENTATION_CONTEXT() REPRESENTATION_CONTEXT('2D SPACE',''
  ) );
#14113 = ORIENTED_EDGE('',*,*,#14114,.T.);
#14114 = EDGE_CURVE('',#14091,#14115,#14117,.T.);
#14115 = VERTEX_POINT('',#14116);
#14116 = CARTESIAN_POINT('',(-41.1,47.,35.7));
#14117 = SURFACE_CURVE('',#14118,(#14122,#14129),.PCURVE_S1.);
#14118 = LINE('',#14119,#14120);
#14119 = CARTESIAN_POINT('',(-41.1,47.,19.35));
#14120 = VECTOR('',#14121,1.);
#14121 = DIRECTION('',(0.,0.,-1.));
#14122 = PCURVE('',#3261,#14123);
#14123 = DEFINITIONAL_REPRESENTATION('',(#14124),#14128);
#14124 = LINE('',#14125,#14126);
#14125 = CARTESIAN_POINT('',(19.35,33.9));
#14126 = VECTOR('',#14127,1.);
#14127 = DIRECTION('',(-1.,0.));
#14128 = ( GEOMETRIC_REPRESENTATION_CONTEXT(2) 
PARAMETRIC_REPRESENTATION_CONTEXT() REPRESENTATION_CONTEXT('2D SPACE',''
  ) );
#14129 = PCURVE('',#7346,#14130);
#14130 = DEFINITIONAL_REPRESENTATION('',(#14131),#14134);
#14131 = B_SPLINE_CURVE_WITH_KNOTS('',1,(#14132,#14133),.UNSPECIFIED.,
  .F.,.F.,(2,2),(-28.95,-16.35),.PIECEWISE_BEZIER_KNOTS.);
#14132 = CARTESIAN_POINT('',(12.6,-6.));
#14133 = CARTESIAN_POINT('',(0.,-6.));
#14134 = ( GEOMETRIC_REPRESENTATION_CONTEXT(2) 
PARAMETRIC_REPRESENTATION_CONTEXT() REPRESENTATION_CONTEXT('2D SPACE',''
  ) );
#14135 = ORIENTED_EDGE('',*,*,#14136,.T.);
#14136 = EDGE_CURVE('',#14115,#14137,#14139,.T.);
#14137 = VERTEX_POINT('',#14138);
#14138 = CARTESIAN_POINT('',(-17.5,47.,35.7));
#14139 = SURFACE_CURVE('',#14140,(#14144,#14151),.PCURVE_S1.);
#14140 = LINE('',#14141,#14142);
#14141 = CARTESIAN_POINT('',(-58.05,47.,35.7));
#14142 = VECTOR('',#14143,1.);
#14143 = DIRECTION('',(1.,0.,0.));
#14144 = PCURVE('',#3261,#14145);
#14145 = DEFINITIONAL_REPRESENTATION('',(#14146),#14150);
#14146 = LINE('',#14147,#14148);
#14147 = CARTESIAN_POINT('',(35.7,16.95));
#14148 = VECTOR('',#14149,1.);
#14149 = DIRECTION('',(0.,1.));
#14150 = ( GEOMETRIC_REPRESENTATION_CONTEXT(2) 
PARAMETRIC_REPRESENTATION_CONTEXT() REPRESENTATION_CONTEXT('2D SPACE',''
  ) );
#14151 = PCURVE('',#7372,#14152);
#14152 = DEFINITIONAL_REPRESENTATION('',(#14153),#14156);
#14153 = B_SPLINE_CURVE_WITH_KNOTS('',1,(#14154,#14155),.UNSPECIFIED.,
  .F.,.F.,(2,2),(16.95,40.55),.PIECEWISE_BEZIER_KNOTS.);
#14154 = CARTESIAN_POINT('',(0.,6.));
#14155 = CARTESIAN_POINT('',(23.6,6.));
#14156 = ( GEOMETRIC_REPRESENTATION_CONTEXT(2) 
PARAMETRIC_REPRESENTATION_CONTEXT() REPRESENTATION_CONTEXT('2D SPACE',''
  ) );
#14157 = ORIENTED_EDGE('',*,*,#14158,.F.);
#14158 = EDGE_CURVE('',#14093,#14137,#14159,.T.);
#14159 = SURFACE_CURVE('',#14160,(#14164,#14171),.PCURVE_S1.);
#14160 = LINE('',#14161,#14162);
#14161 = CARTESIAN_POINT('',(-17.5,47.,19.35));
#14162 = VECTOR('',#14163,1.);
#14163 = DIRECTION('',(0.,0.,-1.));
#14164 = PCURVE('',#3261,#14165);
#14165 = DEFINITIONAL_REPRESENTATION('',(#14166),#14170);
#14166 = LINE('',#14167,#14168);
#14167 = CARTESIAN_POINT('',(19.35,57.5));
#14168 = VECTOR('',#14169,1.);
#14169 = DIRECTION('',(-1.,0.));
#14170 = ( GEOMETRIC_REPRESENTATION_CONTEXT(2) 
PARAMETRIC_REPRESENTATION_CONTEXT() REPRESENTATION_CONTEXT('2D SPACE',''
  ) );
#14171 = PCURVE('',#7396,#14172);
#14172 = DEFINITIONAL_REPRESENTATION('',(#14173),#14176);
#14173 = B_SPLINE_CURVE_WITH_KNOTS('',1,(#14174,#14175),.UNSPECIFIED.,
  .F.,.F.,(2,2),(-28.95,-16.35),.PIECEWISE_BEZIER_KNOTS.);
#14174 = CARTESIAN_POINT('',(12.6,-6.));
#14175 = CARTESIAN_POINT('',(0.,-6.));
#14176 = ( GEOMETRIC_REPRESENTATION_CONTEXT(2) 
PARAMETRIC_REPRESENTATION_CONTEXT() REPRESENTATION_CONTEXT('2D SPACE',''
  ) );
#14177 = FACE_BOUND('',#14178,.T.);
#14178 = EDGE_LOOP('',(#14179));
#14179 = ORIENTED_EDGE('',*,*,#14180,.F.);
#14180 = EDGE_CURVE('',#14181,#14181,#14183,.T.);
#14181 = VERTEX_POINT('',#14182);
#14182 = CARTESIAN_POINT('',(-15.4,47.,43.2));
#14183 = SURFACE_CURVE('',#14184,(#14189,#14196),.PCURVE_S1.);
#14184 = CIRCLE('',#14185,1.2);
#14185 = AXIS2_PLACEMENT_3D('',#14186,#14187,#14188);
#14186 = CARTESIAN_POINT('',(-15.4,47.,42.));
#14187 = DIRECTION('',(0.,1.,0.));
#14188 = DIRECTION('',(0.,-0.,1.));
#14189 = PCURVE('',#3261,#14190);
#14190 = DEFINITIONAL_REPRESENTATION('',(#14191),#14195);
#14191 = CIRCLE('',#14192,1.2);
#14192 = AXIS2_PLACEMENT_2D('',#14193,#14194);
#14193 = CARTESIAN_POINT('',(42.,59.6));
#14194 = DIRECTION('',(1.,0.));
#14195 = ( GEOMETRIC_REPRESENTATION_CONTEXT(2) 
PARAMETRIC_REPRESENTATION_CONTEXT() REPRESENTATION_CONTEXT('2D SPACE',''
  ) );
#14196 = PCURVE('',#7426,#14197);
#14197 = DEFINITIONAL_REPRESENTATION('',(#14198),#14202);
#14198 = LINE('',#14199,#14200);
#14199 = CARTESIAN_POINT('',(0.,7.5));
#14200 = VECTOR('',#14201,1.);
#14201 = DIRECTION('',(1.,0.));
#14202 = ( GEOMETRIC_REPRESENTATION_CONTEXT(2) 
PARAMETRIC_REPRESENTATION_CONTEXT() REPRESENTATION_CONTEXT('2D SPACE',''
  ) );
#14203 = FACE_BOUND('',#14204,.T.);
#14204 = EDGE_LOOP('',(#14205,#14229,#14251,#14273));
#14205 = ORIENTED_EDGE('',*,*,#14206,.F.);
#14206 = EDGE_CURVE('',#14207,#14209,#14211,.T.);
#14207 = VERTEX_POINT('',#14208);
#14208 = CARTESIAN_POINT('',(-9.5,47.,23.));
#14209 = VERTEX_POINT('',#14210);
#14210 = CARTESIAN_POINT('',(9.5,47.,23.));
#14211 = SURFACE_CURVE('',#14212,(#14216,#14223),.PCURVE_S1.);
#14212 = LINE('',#14213,#14214);
#14213 = CARTESIAN_POINT('',(-42.25,47.,23.));
#14214 = VECTOR('',#14215,1.);
#14215 = DIRECTION('',(1.,0.,0.));
#14216 = PCURVE('',#3261,#14217);
#14217 = DEFINITIONAL_REPRESENTATION('',(#14218),#14222);
#14218 = LINE('',#14219,#14220);
#14219 = CARTESIAN_POINT('',(23.,32.75));
#14220 = VECTOR('',#14221,1.);
#14221 = DIRECTION('',(0.,1.));
#14222 = ( GEOMETRIC_REPRESENTATION_CONTEXT(2) 
PARAMETRIC_REPRESENTATION_CONTEXT() REPRESENTATION_CONTEXT('2D SPACE',''
  ) );
#14223 = PCURVE('',#7457,#14224);
#14224 = DEFINITIONAL_REPRESENTATION('',(#14225),#14228);
#14225 = B_SPLINE_CURVE_WITH_KNOTS('',1,(#14226,#14227),.UNSPECIFIED.,
  .F.,.F.,(2,2),(32.75,51.75),.PIECEWISE_BEZIER_KNOTS.);
#14226 = CARTESIAN_POINT('',(0.,5.));
#14227 = CARTESIAN_POINT('',(19.,5.));
#14228 = ( GEOMETRIC_REPRESENTATION_CONTEXT(2) 
PARAMETRIC_REPRESENTATION_CONTEXT() REPRESENTATION_CONTEXT('2D SPACE',''
  ) );
#14229 = ORIENTED_EDGE('',*,*,#14230,.T.);
#14230 = EDGE_CURVE('',#14207,#14231,#14233,.T.);
#14231 = VERTEX_POINT('',#14232);
#14232 = CARTESIAN_POINT('',(-9.5,47.,7.));
#14233 = SURFACE_CURVE('',#14234,(#14238,#14245),.PCURVE_S1.);
#14234 = LINE('',#14235,#14236);
#14235 = CARTESIAN_POINT('',(-9.5,47.,5.));
#14236 = VECTOR('',#14237,1.);
#14237 = DIRECTION('',(0.,0.,-1.));
#14238 = PCURVE('',#3261,#14239);
#14239 = DEFINITIONAL_REPRESENTATION('',(#14240),#14244);
#14240 = LINE('',#14241,#14242);
#14241 = CARTESIAN_POINT('',(5.,65.5));
#14242 = VECTOR('',#14243,1.);
#14243 = DIRECTION('',(-1.,0.));
#14244 = ( GEOMETRIC_REPRESENTATION_CONTEXT(2) 
PARAMETRIC_REPRESENTATION_CONTEXT() REPRESENTATION_CONTEXT('2D SPACE',''
  ) );
#14245 = PCURVE('',#7483,#14246);
#14246 = DEFINITIONAL_REPRESENTATION('',(#14247),#14250);
#14247 = B_SPLINE_CURVE_WITH_KNOTS('',1,(#14248,#14249),.UNSPECIFIED.,
  .F.,.F.,(2,2),(-18.,-2.),.PIECEWISE_BEZIER_KNOTS.);
#14248 = CARTESIAN_POINT('',(16.,-5.));
#14249 = CARTESIAN_POINT('',(0.,-5.));
#14250 = ( GEOMETRIC_REPRESENTATION_CONTEXT(2) 
PARAMETRIC_REPRESENTATION_CONTEXT() REPRESENTATION_CONTEXT('2D SPACE',''
  ) );
#14251 = ORIENTED_EDGE('',*,*,#14252,.T.);
#14252 = EDGE_CURVE('',#14231,#14253,#14255,.T.);
#14253 = VERTEX_POINT('',#14254);
#14254 = CARTESIAN_POINT('',(9.5,47.,7.));
#14255 = SURFACE_CURVE('',#14256,(#14260,#14267),.PCURVE_S1.);
#14256 = LINE('',#14257,#14258);
#14257 = CARTESIAN_POINT('',(-42.25,47.,7.));
#14258 = VECTOR('',#14259,1.);
#14259 = DIRECTION('',(1.,0.,0.));
#14260 = PCURVE('',#3261,#14261);
#14261 = DEFINITIONAL_REPRESENTATION('',(#14262),#14266);
#14262 = LINE('',#14263,#14264);
#14263 = CARTESIAN_POINT('',(7.,32.75));
#14264 = VECTOR('',#14265,1.);
#14265 = DIRECTION('',(0.,1.));
#14266 = ( GEOMETRIC_REPRESENTATION_CONTEXT(2) 
PARAMETRIC_REPRESENTATION_CONTEXT() REPRESENTATION_CONTEXT('2D SPACE',''
  ) );
#14267 = PCURVE('',#7509,#14268);
#14268 = DEFINITIONAL_REPRESENTATION('',(#14269),#14272);
#14269 = B_SPLINE_CURVE_WITH_KNOTS('',1,(#14270,#14271),.UNSPECIFIED.,
  .F.,.F.,(2,2),(32.75,51.75),.PIECEWISE_BEZIER_KNOTS.);
#14270 = CARTESIAN_POINT('',(0.,5.));
#14271 = CARTESIAN_POINT('',(19.,5.));
#14272 = ( GEOMETRIC_REPRESENTATION_CONTEXT(2) 
PARAMETRIC_REPRESENTATION_CONTEXT() REPRESENTATION_CONTEXT('2D SPACE',''
  ) );
#14273 = ORIENTED_EDGE('',*,*,#14274,.F.);
#14274 = EDGE_CURVE('',#14209,#14253,#14275,.T.);
#14275 = SURFACE_CURVE('',#14276,(#14280,#14287),.PCURVE_S1.);
#14276 = LINE('',#14277,#14278);
#14277 = CARTESIAN_POINT('',(9.5,47.,5.));
#14278 = VECTOR('',#14279,1.);
#14279 = DIRECTION('',(0.,0.,-1.));
#14280 = PCURVE('',#3261,#14281);
#14281 = DEFINITIONAL_REPRESENTATION('',(#14282),#14286);
#14282 = LINE('',#14283,#14284);
#14283 = CARTESIAN_POINT('',(5.,84.5));
#14284 = VECTOR('',#14285,1.);
#14285 = DIRECTION('',(-1.,0.));
#14286 = ( GEOMETRIC_REPRESENTATION_CONTEXT(2) 
PARAMETRIC_REPRESENTATION_CONTEXT() REPRESENTATION_CONTEXT('2D SPACE',''
  ) );
#14287 = PCURVE('',#7533,#14288);
#14288 = DEFINITIONAL_REPRESENTATION('',(#14289),#14292);
#14289 = B_SPLINE_CURVE_WITH_KNOTS('',1,(#14290,#14291),.UNSPECIFIED.,
  .F.,.F.,(2,2),(-18.,-2.),.PIECEWISE_BEZIER_KNOTS.);
#14290 = CARTESIAN_POINT('',(16.,-5.));
#14291 = CARTESIAN_POINT('',(0.,-5.));
#14292 = ( GEOMETRIC_REPRESENTATION_CONTEXT(2) 
PARAMETRIC_REPRESENTATION_CONTEXT() REPRESENTATION_CONTEXT('2D SPACE',''
  ) );
#14293 = FACE_BOUND('',#14294,.T.);
#14294 = EDGE_LOOP('',(#14295,#14319,#14341,#14363));
#14295 = ORIENTED_EDGE('',*,*,#14296,.F.);
#14296 = EDGE_CURVE('',#14297,#14299,#14301,.T.);
#14297 = VERTEX_POINT('',#14298);
#14298 = CARTESIAN_POINT('',(22.5,47.,23.));
#14299 = VERTEX_POINT('',#14300);
#14300 = CARTESIAN_POINT('',(41.5,47.,23.));
#14301 = SURFACE_CURVE('',#14302,(#14306,#14313),.PCURVE_S1.);
#14302 = LINE('',#14303,#14304);
#14303 = CARTESIAN_POINT('',(-26.25,47.,23.));
#14304 = VECTOR('',#14305,1.);
#14305 = DIRECTION('',(1.,0.,0.));
#14306 = PCURVE('',#3261,#14307);
#14307 = DEFINITIONAL_REPRESENTATION('',(#14308),#14312);
#14308 = LINE('',#14309,#14310);
#14309 = CARTESIAN_POINT('',(23.,48.75));
#14310 = VECTOR('',#14311,1.);
#14311 = DIRECTION('',(0.,1.));
#14312 = ( GEOMETRIC_REPRESENTATION_CONTEXT(2) 
PARAMETRIC_REPRESENTATION_CONTEXT() REPRESENTATION_CONTEXT('2D SPACE',''
  ) );
#14313 = PCURVE('',#7563,#14314);
#14314 = DEFINITIONAL_REPRESENTATION('',(#14315),#14318);
#14315 = B_SPLINE_CURVE_WITH_KNOTS('',1,(#14316,#14317),.UNSPECIFIED.,
  .F.,.F.,(2,2),(48.75,67.75),.PIECEWISE_BEZIER_KNOTS.);
#14316 = CARTESIAN_POINT('',(0.,5.));
#14317 = CARTESIAN_POINT('',(19.,5.));
#14318 = ( GEOMETRIC_REPRESENTATION_CONTEXT(2) 
PARAMETRIC_REPRESENTATION_CONTEXT() REPRESENTATION_CONTEXT('2D SPACE',''
  ) );
#14319 = ORIENTED_EDGE('',*,*,#14320,.T.);
#14320 = EDGE_CURVE('',#14297,#14321,#14323,.T.);
#14321 = VERTEX_POINT('',#14322);
#14322 = CARTESIAN_POINT('',(22.5,47.,7.));
#14323 = SURFACE_CURVE('',#14324,(#14328,#14335),.PCURVE_S1.);
#14324 = LINE('',#14325,#14326);
#14325 = CARTESIAN_POINT('',(22.5,47.,5.));
#14326 = VECTOR('',#14327,1.);
#14327 = DIRECTION('',(0.,0.,-1.));
#14328 = PCURVE('',#3261,#14329);
#14329 = DEFINITIONAL_REPRESENTATION('',(#14330),#14334);
#14330 = LINE('',#14331,#14332);
#14331 = CARTESIAN_POINT('',(5.,97.5));
#14332 = VECTOR('',#14333,1.);
#14333 = DIRECTION('',(-1.,0.));
#14334 = ( GEOMETRIC_REPRESENTATION_CONTEXT(2) 
PARAMETRIC_REPRESENTATION_CONTEXT() REPRESENTATION_CONTEXT('2D SPACE',''
  ) );
#14335 = PCURVE('',#7589,#14336);
#14336 = DEFINITIONAL_REPRESENTATION('',(#14337),#14340);
#14337 = B_SPLINE_CURVE_WITH_KNOTS('',1,(#14338,#14339),.UNSPECIFIED.,
  .F.,.F.,(2,2),(-18.,-2.),.PIECEWISE_BEZIER_KNOTS.);
#14338 = CARTESIAN_POINT('',(16.,-5.));
#14339 = CARTESIAN_POINT('',(0.,-5.));
#14340 = ( GEOMETRIC_REPRESENTATION_CONTEXT(2) 
PARAMETRIC_REPRESENTATION_CONTEXT() REPRESENTATION_CONTEXT('2D SPACE',''
  ) );
#14341 = ORIENTED_EDGE('',*,*,#14342,.T.);
#14342 = EDGE_CURVE('',#14321,#14343,#14345,.T.);
#14343 = VERTEX_POINT('',#14344);
#14344 = CARTESIAN_POINT('',(41.5,47.,7.));
#14345 = SURFACE_CURVE('',#14346,(#14350,#14357),.PCURVE_S1.);
#14346 = LINE('',#14347,#14348);
#14347 = CARTESIAN_POINT('',(-26.25,47.,7.));
#14348 = VECTOR('',#14349,1.);
#14349 = DIRECTION('',(1.,0.,0.));
#14350 = PCURVE('',#3261,#14351);
#14351 = DEFINITIONAL_REPRESENTATION('',(#14352),#14356);
#14352 = LINE('',#14353,#14354);
#14353 = CARTESIAN_POINT('',(7.,48.75));
#14354 = VECTOR('',#14355,1.);
#14355 = DIRECTION('',(0.,1.));
#14356 = ( GEOMETRIC_REPRESENTATION_CONTEXT(2) 
PARAMETRIC_REPRESENTATION_CONTEXT() REPRESENTATION_CONTEXT('2D SPACE',''
  ) );
#14357 = PCURVE('',#7615,#14358);
#14358 = DEFINITIONAL_REPRESENTATION('',(#14359),#14362);
#14359 = B_SPLINE_CURVE_WITH_KNOTS('',1,(#14360,#14361),.UNSPECIFIED.,
  .F.,.F.,(2,2),(48.75,67.75),.PIECEWISE_BEZIER_KNOTS.);
#14360 = CARTESIAN_POINT('',(0.,5.));
#14361 = CARTESIAN_POINT('',(19.,5.));
#14362 = ( GEOMETRIC_REPRESENTATION_CONTEXT(2) 
PARAMETRIC_REPRESENTATION_CONTEXT() REPRESENTATION_CONTEXT('2D SPACE',''
  ) );
#14363 = ORIENTED_EDGE('',*,*,#14364,.F.);
#14364 = EDGE_CURVE('',#14299,#14343,#14365,.T.);
#14365 = SURFACE_CURVE('',#14366,(#14370,#14377),.PCURVE_S1.);
#14366 = LINE('',#14367,#14368);
#14367 = CARTESIAN_POINT('',(41.5,47.,5.));
#14368 = VECTOR('',#14369,1.);
#14369 = DIRECTION('',(0.,0.,-1.));
#14370 = PCURVE('',#3261,#14371);
#14371 = DEFINITIONAL_REPRESENTATION('',(#14372),#14376);
#14372 = LINE('',#14373,#14374);
#14373 = CARTESIAN_POINT('',(5.,116.5));
#14374 = VECTOR('',#14375,1.);
#14375 = DIRECTION('',(-1.,0.));
#14376 = ( GEOMETRIC_REPRESENTATION_CONTEXT(2) 
PARAMETRIC_REPRESENTATION_CONTEXT() REPRESENTATION_CONTEXT('2D SPACE',''
  ) );
#14377 = PCURVE('',#7639,#14378);
#14378 = DEFINITIONAL_REPRESENTATION('',(#14379),#14382);
#14379 = B_SPLINE_CURVE_WITH_KNOTS('',1,(#14380,#14381),.UNSPECIFIED.,
  .F.,.F.,(2,2),(-18.,-2.),.PIECEWISE_BEZIER_KNOTS.);
#14380 = CARTESIAN_POINT('',(16.,-5.));
#14381 = CARTESIAN_POINT('',(0.,-5.));
#14382 = ( GEOMETRIC_REPRESENTATION_CONTEXT(2) 
PARAMETRIC_REPRESENTATION_CONTEXT() REPRESENTATION_CONTEXT('2D SPACE',''
  ) );
#14383 = FACE_BOUND('',#14384,.T.);
#14384 = EDGE_LOOP('',(#14385));
#14385 = ORIENTED_EDGE('',*,*,#14386,.F.);
#14386 = EDGE_CURVE('',#14387,#14387,#14389,.T.);
#14387 = VERTEX_POINT('',#14388);
#14388 = CARTESIAN_POINT('',(53.,47.,28.65));
#14389 = SURFACE_CURVE('',#14390,(#14395,#14402),.PCURVE_S1.);
#14390 = CIRCLE('',#14391,1.65);
#14391 = AXIS2_PLACEMENT_3D('',#14392,#14393,#14394);
#14392 = CARTESIAN_POINT('',(53.,47.,27.));
#14393 = DIRECTION('',(0.,1.,0.));
#14394 = DIRECTION('',(0.,-0.,1.));
#14395 = PCURVE('',#3261,#14396);
#14396 = DEFINITIONAL_REPRESENTATION('',(#14397),#14401);
#14397 = CIRCLE('',#14398,1.65);
#14398 = AXIS2_PLACEMENT_2D('',#14399,#14400);
#14399 = CARTESIAN_POINT('',(27.,128.));
#14400 = DIRECTION('',(1.,0.));
#14401 = ( GEOMETRIC_REPRESENTATION_CONTEXT(2) 
PARAMETRIC_REPRESENTATION_CONTEXT() REPRESENTATION_CONTEXT('2D SPACE',''
  ) );
#14402 = PCURVE('',#7669,#14403);
#14403 = DEFINITIONAL_REPRESENTATION('',(#14404),#14408);
#14404 = LINE('',#14405,#14406);
#14405 = CARTESIAN_POINT('',(0.,7.5));
#14406 = VECTOR('',#14407,1.);
#14407 = DIRECTION('',(1.,0.));
#14408 = ( GEOMETRIC_REPRESENTATION_CONTEXT(2) 
PARAMETRIC_REPRESENTATION_CONTEXT() REPRESENTATION_CONTEXT('2D SPACE',''
  ) );
#14409 = FACE_BOUND('',#14410,.T.);
#14410 = EDGE_LOOP('',(#14411));
#14411 = ORIENTED_EDGE('',*,*,#14412,.F.);
#14412 = EDGE_CURVE('',#14413,#14413,#14415,.T.);
#14413 = VERTEX_POINT('',#14414);
#14414 = CARTESIAN_POINT('',(67.,47.,28.65));
#14415 = SURFACE_CURVE('',#14416,(#14421,#14428),.PCURVE_S1.);
#14416 = CIRCLE('',#14417,1.65);
#14417 = AXIS2_PLACEMENT_3D('',#14418,#14419,#14420);
#14418 = CARTESIAN_POINT('',(67.,47.,27.));
#14419 = DIRECTION('',(0.,1.,0.));
#14420 = DIRECTION('',(0.,-0.,1.));
#14421 = PCURVE('',#3261,#14422);
#14422 = DEFINITIONAL_REPRESENTATION('',(#14423),#14427);
#14423 = CIRCLE('',#14424,1.65);
#14424 = AXIS2_PLACEMENT_2D('',#14425,#14426);
#14425 = CARTESIAN_POINT('',(27.,142.));
#14426 = DIRECTION('',(1.,0.));
#14427 = ( GEOMETRIC_REPRESENTATION_CONTEXT(2) 
PARAMETRIC_REPRESENTATION_CONTEXT() REPRESENTATION_CONTEXT('2D SPACE',''
  ) );
#14428 = PCURVE('',#7700,#14429);
#14429 = DEFINITIONAL_REPRESENTATION('',(#14430),#14434);
#14430 = LINE('',#14431,#14432);
#14431 = CARTESIAN_POINT('',(0.,7.5));
#14432 = VECTOR('',#14433,1.);
#14433 = DIRECTION('',(1.,0.));
#14434 = ( GEOMETRIC_REPRESENTATION_CONTEXT(2) 
PARAMETRIC_REPRESENTATION_CONTEXT() REPRESENTATION_CONTEXT('2D SPACE',''
  ) );
#14435 = FACE_BOUND('',#14436,.T.);
#14436 = EDGE_LOOP('',(#14437,#14461,#14483,#14505));
#14437 = ORIENTED_EDGE('',*,*,#14438,.F.);
#14438 = EDGE_CURVE('',#14439,#14441,#14443,.T.);
#14439 = VERTEX_POINT('',#14440);
#14440 = CARTESIAN_POINT('',(-13.,47.,54.));
#14441 = VERTEX_POINT('',#14442);
#14442 = CARTESIAN_POINT('',(13.,47.,54.));
#14443 = SURFACE_CURVE('',#14444,(#14448,#14455),.PCURVE_S1.);
#14444 = LINE('',#14445,#14446);
#14445 = CARTESIAN_POINT('',(-44.,47.,54.));
#14446 = VECTOR('',#14447,1.);
#14447 = DIRECTION('',(1.,0.,0.));
#14448 = PCURVE('',#3261,#14449);
#14449 = DEFINITIONAL_REPRESENTATION('',(#14450),#14454);
#14450 = LINE('',#14451,#14452);
#14451 = CARTESIAN_POINT('',(54.,31.));
#14452 = VECTOR('',#14453,1.);
#14453 = DIRECTION('',(0.,1.));
#14454 = ( GEOMETRIC_REPRESENTATION_CONTEXT(2) 
PARAMETRIC_REPRESENTATION_CONTEXT() REPRESENTATION_CONTEXT('2D SPACE',''
  ) );
#14455 = PCURVE('',#7731,#14456);
#14456 = DEFINITIONAL_REPRESENTATION('',(#14457),#14460);
#14457 = B_SPLINE_CURVE_WITH_KNOTS('',1,(#14458,#14459),.UNSPECIFIED.,
  .F.,.F.,(2,2),(31.,57.),.PIECEWISE_BEZIER_KNOTS.);
#14458 = CARTESIAN_POINT('',(0.,5.));
#14459 = CARTESIAN_POINT('',(26.,5.));
#14460 = ( GEOMETRIC_REPRESENTATION_CONTEXT(2) 
PARAMETRIC_REPRESENTATION_CONTEXT() REPRESENTATION_CONTEXT('2D SPACE',''
  ) );
#14461 = ORIENTED_EDGE('',*,*,#14462,.T.);
#14462 = EDGE_CURVE('',#14439,#14463,#14465,.T.);
#14463 = VERTEX_POINT('',#14464);
#14464 = CARTESIAN_POINT('',(-13.,47.,32.));
#14465 = SURFACE_CURVE('',#14466,(#14470,#14477),.PCURVE_S1.);
#14466 = LINE('',#14467,#14468);
#14467 = CARTESIAN_POINT('',(-13.,47.,17.5));
#14468 = VECTOR('',#14469,1.);
#14469 = DIRECTION('',(0.,0.,-1.));
#14470 = PCURVE('',#3261,#14471);
#14471 = DEFINITIONAL_REPRESENTATION('',(#14472),#14476);
#14472 = LINE('',#14473,#14474);
#14473 = CARTESIAN_POINT('',(17.5,62.));
#14474 = VECTOR('',#14475,1.);
#14475 = DIRECTION('',(-1.,0.));
#14476 = ( GEOMETRIC_REPRESENTATION_CONTEXT(2) 
PARAMETRIC_REPRESENTATION_CONTEXT() REPRESENTATION_CONTEXT('2D SPACE',''
  ) );
#14477 = PCURVE('',#7757,#14478);
#14478 = DEFINITIONAL_REPRESENTATION('',(#14479),#14482);
#14479 = B_SPLINE_CURVE_WITH_KNOTS('',1,(#14480,#14481),.UNSPECIFIED.,
  .F.,.F.,(2,2),(-36.5,-14.5),.PIECEWISE_BEZIER_KNOTS.);
#14480 = CARTESIAN_POINT('',(22.,-5.));
#14481 = CARTESIAN_POINT('',(0.,-5.));
#14482 = ( GEOMETRIC_REPRESENTATION_CONTEXT(2) 
PARAMETRIC_REPRESENTATION_CONTEXT() REPRESENTATION_CONTEXT('2D SPACE',''
  ) );
#14483 = ORIENTED_EDGE('',*,*,#14484,.T.);
#14484 = EDGE_CURVE('',#14463,#14485,#14487,.T.);
#14485 = VERTEX_POINT('',#14486);
#14486 = CARTESIAN_POINT('',(13.,47.,32.));
#14487 = SURFACE_CURVE('',#14488,(#14492,#14499),.PCURVE_S1.);
#14488 = LINE('',#14489,#14490);
#14489 = CARTESIAN_POINT('',(-44.,47.,32.));
#14490 = VECTOR('',#14491,1.);
#14491 = DIRECTION('',(1.,0.,0.));
#14492 = PCURVE('',#3261,#14493);
#14493 = DEFINITIONAL_REPRESENTATION('',(#14494),#14498);
#14494 = LINE('',#14495,#14496);
#14495 = CARTESIAN_POINT('',(32.,31.));
#14496 = VECTOR('',#14497,1.);
#14497 = DIRECTION('',(0.,1.));
#14498 = ( GEOMETRIC_REPRESENTATION_CONTEXT(2) 
PARAMETRIC_REPRESENTATION_CONTEXT() REPRESENTATION_CONTEXT('2D SPACE',''
  ) );
#14499 = PCURVE('',#7783,#14500);
#14500 = DEFINITIONAL_REPRESENTATION('',(#14501),#14504);
#14501 = B_SPLINE_CURVE_WITH_KNOTS('',1,(#14502,#14503),.UNSPECIFIED.,
  .F.,.F.,(2,2),(31.,57.),.PIECEWISE_BEZIER_KNOTS.);
#14502 = CARTESIAN_POINT('',(0.,5.));
#14503 = CARTESIAN_POINT('',(26.,5.));
#14504 = ( GEOMETRIC_REPRESENTATION_CONTEXT(2) 
PARAMETRIC_REPRESENTATION_CONTEXT() REPRESENTATION_CONTEXT('2D SPACE',''
  ) );
#14505 = ORIENTED_EDGE('',*,*,#14506,.F.);
#14506 = EDGE_CURVE('',#14441,#14485,#14507,.T.);
#14507 = SURFACE_CURVE('',#14508,(#14512,#14519),.PCURVE_S1.);
#14508 = LINE('',#14509,#14510);
#14509 = CARTESIAN_POINT('',(13.,47.,17.5));
#14510 = VECTOR('',#14511,1.);
#14511 = DIRECTION('',(0.,0.,-1.));
#14512 = PCURVE('',#3261,#14513);
#14513 = DEFINITIONAL_REPRESENTATION('',(#14514),#14518);
#14514 = LINE('',#14515,#14516);
#14515 = CARTESIAN_POINT('',(17.5,88.));
#14516 = VECTOR('',#14517,1.);
#14517 = DIRECTION('',(-1.,0.));
#14518 = ( GEOMETRIC_REPRESENTATION_CONTEXT(2) 
PARAMETRIC_REPRESENTATION_CONTEXT() REPRESENTATION_CONTEXT('2D SPACE',''
  ) );
#14519 = PCURVE('',#7807,#14520);
#14520 = DEFINITIONAL_REPRESENTATION('',(#14521),#14524);
#14521 = B_SPLINE_CURVE_WITH_KNOTS('',1,(#14522,#14523),.UNSPECIFIED.,
  .F.,.F.,(2,2),(-36.5,-14.5),.PIECEWISE_BEZIER_KNOTS.);
#14522 = CARTESIAN_POINT('',(22.,-5.));
#14523 = CARTESIAN_POINT('',(0.,-5.));
#14524 = ( GEOMETRIC_REPRESENTATION_CONTEXT(2) 
PARAMETRIC_REPRESENTATION_CONTEXT() REPRESENTATION_CONTEXT('2D SPACE',''
  ) );
#14525 = FACE_BOUND('',#14526,.T.);
#14526 = EDGE_LOOP('',(#14527));
#14527 = ORIENTED_EDGE('',*,*,#14528,.F.);
#14528 = EDGE_CURVE('',#14529,#14529,#14531,.T.);
#14529 = VERTEX_POINT('',#14530);
#14530 = CARTESIAN_POINT('',(15.4,47.,43.2));
#14531 = SURFACE_CURVE('',#14532,(#14537,#14544),.PCURVE_S1.);
#14532 = CIRCLE('',#14533,1.2);
#14533 = AXIS2_PLACEMENT_3D('',#14534,#14535,#14536);
#14534 = CARTESIAN_POINT('',(15.4,47.,42.));
#14535 = DIRECTION('',(0.,1.,0.));
#14536 = DIRECTION('',(0.,-0.,1.));
#14537 = PCURVE('',#3261,#14538);
#14538 = DEFINITIONAL_REPRESENTATION('',(#14539),#14543);
#14539 = CIRCLE('',#14540,1.2);
#14540 = AXIS2_PLACEMENT_2D('',#14541,#14542);
#14541 = CARTESIAN_POINT('',(42.,90.4));
#14542 = DIRECTION('',(1.,0.));
#14543 = ( GEOMETRIC_REPRESENTATION_CONTEXT(2) 
PARAMETRIC_REPRESENTATION_CONTEXT() REPRESENTATION_CONTEXT('2D SPACE',''
  ) );
#14544 = PCURVE('',#7837,#14545);
#14545 = DEFINITIONAL_REPRESENTATION('',(#14546),#14550);
#14546 = LINE('',#14547,#14548);
#14547 = CARTESIAN_POINT('',(0.,7.5));
#14548 = VECTOR('',#14549,1.);
#14549 = DIRECTION('',(1.,0.));
#14550 = ( GEOMETRIC_REPRESENTATION_CONTEXT(2) 
PARAMETRIC_REPRESENTATION_CONTEXT() REPRESENTATION_CONTEXT('2D SPACE',''
  ) );
#14551 = FACE_BOUND('',#14552,.T.);
#14552 = EDGE_LOOP('',(#14553,#14577,#14599,#14621));
#14553 = ORIENTED_EDGE('',*,*,#14554,.F.);
#14554 = EDGE_CURVE('',#14555,#14557,#14559,.T.);
#14555 = VERTEX_POINT('',#14556);
#14556 = CARTESIAN_POINT('',(17.5,47.,48.3));
#14557 = VERTEX_POINT('',#14558);
#14558 = CARTESIAN_POINT('',(41.1,47.,48.3));
#14559 = SURFACE_CURVE('',#14560,(#14564,#14571),.PCURVE_S1.);
#14560 = LINE('',#14561,#14562);
#14561 = CARTESIAN_POINT('',(-28.75,47.,48.3));
#14562 = VECTOR('',#14563,1.);
#14563 = DIRECTION('',(1.,0.,0.));
#14564 = PCURVE('',#3261,#14565);
#14565 = DEFINITIONAL_REPRESENTATION('',(#14566),#14570);
#14566 = LINE('',#14567,#14568);
#14567 = CARTESIAN_POINT('',(48.3,46.25));
#14568 = VECTOR('',#14569,1.);
#14569 = DIRECTION('',(0.,1.));
#14570 = ( GEOMETRIC_REPRESENTATION_CONTEXT(2) 
PARAMETRIC_REPRESENTATION_CONTEXT() REPRESENTATION_CONTEXT('2D SPACE',''
  ) );
#14571 = PCURVE('',#7868,#14572);
#14572 = DEFINITIONAL_REPRESENTATION('',(#14573),#14576);
#14573 = B_SPLINE_CURVE_WITH_KNOTS('',1,(#14574,#14575),.UNSPECIFIED.,
  .F.,.F.,(2,2),(46.25,69.85),.PIECEWISE_BEZIER_KNOTS.);
#14574 = CARTESIAN_POINT('',(0.,6.));
#14575 = CARTESIAN_POINT('',(23.6,6.));
#14576 = ( GEOMETRIC_REPRESENTATION_CONTEXT(2) 
PARAMETRIC_REPRESENTATION_CONTEXT() REPRESENTATION_CONTEXT('2D SPACE',''
  ) );
#14577 = ORIENTED_EDGE('',*,*,#14578,.T.);
#14578 = EDGE_CURVE('',#14555,#14579,#14581,.T.);
#14579 = VERTEX_POINT('',#14580);
#14580 = CARTESIAN_POINT('',(17.5,47.,35.7));
#14581 = SURFACE_CURVE('',#14582,(#14586,#14593),.PCURVE_S1.);
#14582 = LINE('',#14583,#14584);
#14583 = CARTESIAN_POINT('',(17.5,47.,19.35));
#14584 = VECTOR('',#14585,1.);
#14585 = DIRECTION('',(0.,0.,-1.));
#14586 = PCURVE('',#3261,#14587);
#14587 = DEFINITIONAL_REPRESENTATION('',(#14588),#14592);
#14588 = LINE('',#14589,#14590);
#14589 = CARTESIAN_POINT('',(19.35,92.5));
#14590 = VECTOR('',#14591,1.);
#14591 = DIRECTION('',(-1.,0.));
#14592 = ( GEOMETRIC_REPRESENTATION_CONTEXT(2) 
PARAMETRIC_REPRESENTATION_CONTEXT() REPRESENTATION_CONTEXT('2D SPACE',''
  ) );
#14593 = PCURVE('',#7894,#14594);
#14594 = DEFINITIONAL_REPRESENTATION('',(#14595),#14598);
#14595 = B_SPLINE_CURVE_WITH_KNOTS('',1,(#14596,#14597),.UNSPECIFIED.,
  .F.,.F.,(2,2),(-28.95,-16.35),.PIECEWISE_BEZIER_KNOTS.);
#14596 = CARTESIAN_POINT('',(12.6,-6.));
#14597 = CARTESIAN_POINT('',(0.,-6.));
#14598 = ( GEOMETRIC_REPRESENTATION_CONTEXT(2) 
PARAMETRIC_REPRESENTATION_CONTEXT() REPRESENTATION_CONTEXT('2D SPACE',''
  ) );
#14599 = ORIENTED_EDGE('',*,*,#14600,.T.);
#14600 = EDGE_CURVE('',#14579,#14601,#14603,.T.);
#14601 = VERTEX_POINT('',#14602);
#14602 = CARTESIAN_POINT('',(41.1,47.,35.7));
#14603 = SURFACE_CURVE('',#14604,(#14608,#14615),.PCURVE_S1.);
#14604 = LINE('',#14605,#14606);
#14605 = CARTESIAN_POINT('',(-28.75,47.,35.7));
#14606 = VECTOR('',#14607,1.);
#14607 = DIRECTION('',(1.,0.,0.));
#14608 = PCURVE('',#3261,#14609);
#14609 = DEFINITIONAL_REPRESENTATION('',(#14610),#14614);
#14610 = LINE('',#14611,#14612);
#14611 = CARTESIAN_POINT('',(35.7,46.25));
#14612 = VECTOR('',#14613,1.);
#14613 = DIRECTION('',(0.,1.));
#14614 = ( GEOMETRIC_REPRESENTATION_CONTEXT(2) 
PARAMETRIC_REPRESENTATION_CONTEXT() REPRESENTATION_CONTEXT('2D SPACE',''
  ) );
#14615 = PCURVE('',#7920,#14616);
#14616 = DEFINITIONAL_REPRESENTATION('',(#14617),#14620);
#14617 = B_SPLINE_CURVE_WITH_KNOTS('',1,(#14618,#14619),.UNSPECIFIED.,
  .F.,.F.,(2,2),(46.25,69.85),.PIECEWISE_BEZIER_KNOTS.);
#14618 = CARTESIAN_POINT('',(0.,6.));
#14619 = CARTESIAN_POINT('',(23.6,6.));
#14620 = ( GEOMETRIC_REPRESENTATION_CONTEXT(2) 
PARAMETRIC_REPRESENTATION_CONTEXT() REPRESENTATION_CONTEXT('2D SPACE',''
  ) );
#14621 = ORIENTED_EDGE('',*,*,#14622,.F.);
#14622 = EDGE_CURVE('',#14557,#14601,#14623,.T.);
#14623 = SURFACE_CURVE('',#14624,(#14628,#14635),.PCURVE_S1.);
#14624 = LINE('',#14625,#14626);
#14625 = CARTESIAN_POINT('',(41.1,47.,19.35));
#14626 = VECTOR('',#14627,1.);
#14627 = DIRECTION('',(0.,0.,-1.));
#14628 = PCURVE('',#3261,#14629);
#14629 = DEFINITIONAL_REPRESENTATION('',(#14630),#14634);
#14630 = LINE('',#14631,#14632);
#14631 = CARTESIAN_POINT('',(19.35,116.1));
#14632 = VECTOR('',#14633,1.);
#14633 = DIRECTION('',(-1.,0.));
#14634 = ( GEOMETRIC_REPRESENTATION_CONTEXT(2) 
PARAMETRIC_REPRESENTATION_CONTEXT() REPRESENTATION_CONTEXT('2D SPACE',''
  ) );
#14635 = PCURVE('',#7944,#14636);
#14636 = DEFINITIONAL_REPRESENTATION('',(#14637),#14640);
#14637 = B_SPLINE_CURVE_WITH_KNOTS('',1,(#14638,#14639),.UNSPECIFIED.,
  .F.,.F.,(2,2),(-28.95,-16.35),.PIECEWISE_BEZIER_KNOTS.);
#14638 = CARTESIAN_POINT('',(12.6,-6.));
#14639 = CARTESIAN_POINT('',(0.,-6.));
#14640 = ( GEOMETRIC_REPRESENTATION_CONTEXT(2) 
PARAMETRIC_REPRESENTATION_CONTEXT() REPRESENTATION_CONTEXT('2D SPACE',''
  ) );
#14641 = FACE_BOUND('',#14642,.T.);
#14642 = EDGE_LOOP('',(#14643));
#14643 = ORIENTED_EDGE('',*,*,#14644,.F.);
#14644 = EDGE_CURVE('',#14645,#14645,#14647,.T.);
#14645 = VERTEX_POINT('',#14646);
#14646 = CARTESIAN_POINT('',(43.2,47.,43.2));
#14647 = SURFACE_CURVE('',#14648,(#14653,#14660),.PCURVE_S1.);
#14648 = CIRCLE('',#14649,1.2);
#14649 = AXIS2_PLACEMENT_3D('',#14650,#14651,#14652);
#14650 = CARTESIAN_POINT('',(43.2,47.,42.));
#14651 = DIRECTION('',(0.,1.,0.));
#14652 = DIRECTION('',(0.,-0.,1.));
#14653 = PCURVE('',#3261,#14654);
#14654 = DEFINITIONAL_REPRESENTATION('',(#14655),#14659);
#14655 = CIRCLE('',#14656,1.2);
#14656 = AXIS2_PLACEMENT_2D('',#14657,#14658);
#14657 = CARTESIAN_POINT('',(42.,118.2));
#14658 = DIRECTION('',(1.,0.));
#14659 = ( GEOMETRIC_REPRESENTATION_CONTEXT(2) 
PARAMETRIC_REPRESENTATION_CONTEXT() REPRESENTATION_CONTEXT('2D SPACE',''
  ) );
#14660 = PCURVE('',#7974,#14661);
#14661 = DEFINITIONAL_REPRESENTATION('',(#14662),#14666);
#14662 = LINE('',#14663,#14664);
#14663 = CARTESIAN_POINT('',(0.,7.5));
#14664 = VECTOR('',#14665,1.);
#14665 = DIRECTION('',(1.,0.));
#14666 = ( GEOMETRIC_REPRESENTATION_CONTEXT(2) 
PARAMETRIC_REPRESENTATION_CONTEXT() REPRESENTATION_CONTEXT('2D SPACE',''
  ) );
#14667 = FACE_BOUND('',#14668,.T.);
#14668 = EDGE_LOOP('',(#14669));
#14669 = ORIENTED_EDGE('',*,*,#14670,.F.);
#14670 = EDGE_CURVE('',#14671,#14671,#14673,.T.);
#14671 = VERTEX_POINT('',#14672);
#14672 = CARTESIAN_POINT('',(53.,47.,59.65));
#14673 = SURFACE_CURVE('',#14674,(#14679,#14686),.PCURVE_S1.);
#14674 = CIRCLE('',#14675,1.65);
#14675 = AXIS2_PLACEMENT_3D('',#14676,#14677,#14678);
#14676 = CARTESIAN_POINT('',(53.,47.,58.));
#14677 = DIRECTION('',(0.,1.,0.));
#14678 = DIRECTION('',(0.,-0.,1.));
#14679 = PCURVE('',#3261,#14680);
#14680 = DEFINITIONAL_REPRESENTATION('',(#14681),#14685);
#14681 = CIRCLE('',#14682,1.65);
#14682 = AXIS2_PLACEMENT_2D('',#14683,#14684);
#14683 = CARTESIAN_POINT('',(58.,128.));
#14684 = DIRECTION('',(1.,0.));
#14685 = ( GEOMETRIC_REPRESENTATION_CONTEXT(2) 
PARAMETRIC_REPRESENTATION_CONTEXT() REPRESENTATION_CONTEXT('2D SPACE',''
  ) );
#14686 = PCURVE('',#8005,#14687);
#14687 = DEFINITIONAL_REPRESENTATION('',(#14688),#14692);
#14688 = LINE('',#14689,#14690);
#14689 = CARTESIAN_POINT('',(0.,7.5));
#14690 = VECTOR('',#14691,1.);
#14691 = DIRECTION('',(1.,0.));
#14692 = ( GEOMETRIC_REPRESENTATION_CONTEXT(2) 
PARAMETRIC_REPRESENTATION_CONTEXT() REPRESENTATION_CONTEXT('2D SPACE',''
  ) );
#14693 = ADVANCED_FACE('',(#14694),#3288,.F.);
#14694 = FACE_BOUND('',#14695,.F.);
#14695 = EDGE_LOOP('',(#14696,#14697,#14718,#14719));
#14696 = ORIENTED_EDGE('',*,*,#13728,.F.);
#14697 = ORIENTED_EDGE('',*,*,#14698,.F.);
#14698 = EDGE_CURVE('',#6718,#13729,#14699,.T.);
#14699 = SURFACE_CURVE('',#14700,(#14704,#14711),.PCURVE_S1.);
#14700 = LINE('',#14701,#14702);
#14701 = CARTESIAN_POINT('',(-75.,44.,3.));
#14702 = VECTOR('',#14703,1.);
#14703 = DIRECTION('',(0.,1.,0.));
#14704 = PCURVE('',#3288,#14705);
#14705 = DEFINITIONAL_REPRESENTATION('',(#14706),#14710);
#14706 = LINE('',#14707,#14708);
#14707 = CARTESIAN_POINT('',(0.,0.));
#14708 = VECTOR('',#14709,1.);
#14709 = DIRECTION('',(0.,1.));
#14710 = ( GEOMETRIC_REPRESENTATION_CONTEXT(2) 
PARAMETRIC_REPRESENTATION_CONTEXT() REPRESENTATION_CONTEXT('2D SPACE',''
  ) );
#14711 = PCURVE('',#5397,#14712);
#14712 = DEFINITIONAL_REPRESENTATION('',(#14713),#14717);
#14713 = LINE('',#14714,#14715);
#14714 = CARTESIAN_POINT('',(0.,0.));
#14715 = VECTOR('',#14716,1.);
#14716 = DIRECTION('',(0.,-1.));
#14717 = ( GEOMETRIC_REPRESENTATION_CONTEXT(2) 
PARAMETRIC_REPRESENTATION_CONTEXT() REPRESENTATION_CONTEXT('2D SPACE',''
  ) );
#14718 = ORIENTED_EDGE('',*,*,#6717,.T.);
#14719 = ORIENTED_EDGE('',*,*,#3273,.T.);
#14720 = ADVANCED_FACE('',(#14721),#5693,.F.);
#14721 = FACE_BOUND('',#14722,.F.);
#14722 = EDGE_LOOP('',(#14723,#14724,#14725,#14726));
#14723 = ORIENTED_EDGE('',*,*,#5679,.F.);
#14724 = ORIENTED_EDGE('',*,*,#8075,.T.);
#14725 = ORIENTED_EDGE('',*,*,#12822,.T.);
#14726 = ORIENTED_EDGE('',*,*,#14727,.T.);
#14727 = EDGE_CURVE('',#12800,#5657,#14728,.T.);
#14728 = SURFACE_CURVE('',#14729,(#14733,#14740),.PCURVE_S1.);
#14729 = LINE('',#14730,#14731);
#14730 = CARTESIAN_POINT('',(75.,-47.,3.));
#14731 = VECTOR('',#14732,1.);
#14732 = DIRECTION('',(0.,1.,0.));
#14733 = PCURVE('',#5693,#14734);
#14734 = DEFINITIONAL_REPRESENTATION('',(#14735),#14739);
#14735 = LINE('',#14736,#14737);
#14736 = CARTESIAN_POINT('',(150.,0.));
#14737 = VECTOR('',#14738,1.);
#14738 = DIRECTION('',(0.,1.));
#14739 = ( GEOMETRIC_REPRESENTATION_CONTEXT(2) 
PARAMETRIC_REPRESENTATION_CONTEXT() REPRESENTATION_CONTEXT('2D SPACE',''
  ) );
#14740 = PCURVE('',#5560,#14741);
#14741 = DEFINITIONAL_REPRESENTATION('',(#14742),#14746);
#14742 = LINE('',#14743,#14744);
#14743 = CARTESIAN_POINT('',(0.,91.));
#14744 = VECTOR('',#14745,1.);
#14745 = DIRECTION('',(0.,-1.));
#14746 = ( GEOMETRIC_REPRESENTATION_CONTEXT(2) 
PARAMETRIC_REPRESENTATION_CONTEXT() REPRESENTATION_CONTEXT('2D SPACE',''
  ) );
#14747 = ADVANCED_FACE('',(#14748),#5560,.T.);
#14748 = FACE_BOUND('',#14749,.T.);
#14749 = EDGE_LOOP('',(#14750,#14751,#14772,#14773,#14794,#14795,#14816,
    #14817,#14838,#14839,#14840,#14841,#14864,#14897,#14925,#14958));
#14750 = ORIENTED_EDGE('',*,*,#6990,.F.);
#14751 = ORIENTED_EDGE('',*,*,#14752,.T.);
#14752 = EDGE_CURVE('',#6991,#13798,#14753,.T.);
#14753 = SURFACE_CURVE('',#14754,(#14758,#14765),.PCURVE_S1.);
#14754 = LINE('',#14755,#14756);
#14755 = CARTESIAN_POINT('',(75.,44.,3.));
#14756 = VECTOR('',#14757,1.);
#14757 = DIRECTION('',(0.,1.,0.));
#14758 = PCURVE('',#5560,#14759);
#14759 = DEFINITIONAL_REPRESENTATION('',(#14760),#14764);
#14760 = LINE('',#14761,#14762);
#14761 = CARTESIAN_POINT('',(0.,0.));
#14762 = VECTOR('',#14763,1.);
#14763 = DIRECTION('',(0.,-1.));
#14764 = ( GEOMETRIC_REPRESENTATION_CONTEXT(2) 
PARAMETRIC_REPRESENTATION_CONTEXT() REPRESENTATION_CONTEXT('2D SPACE',''
  ) );
#14765 = PCURVE('',#7027,#14766);
#14766 = DEFINITIONAL_REPRESENTATION('',(#14767),#14771);
#14767 = LINE('',#14768,#14769);
#14768 = CARTESIAN_POINT('',(150.,0.));
#14769 = VECTOR('',#14770,1.);
#14770 = DIRECTION('',(0.,1.));
#14771 = ( GEOMETRIC_REPRESENTATION_CONTEXT(2) 
PARAMETRIC_REPRESENTATION_CONTEXT() REPRESENTATION_CONTEXT('2D SPACE',''
  ) );
#14772 = ORIENTED_EDGE('',*,*,#13797,.T.);
#14773 = ORIENTED_EDGE('',*,*,#14774,.F.);
#14774 = EDGE_CURVE('',#6861,#13775,#14775,.T.);
#14775 = SURFACE_CURVE('',#14776,(#14780,#14787),.PCURVE_S1.);
#14776 = LINE('',#14777,#14778);
#14777 = CARTESIAN_POINT('',(75.,44.,65.));
#14778 = VECTOR('',#14779,1.);
#14779 = DIRECTION('',(0.,1.,0.));
#14780 = PCURVE('',#5560,#14781);
#14781 = DEFINITIONAL_REPRESENTATION('',(#14782),#14786);
#14782 = LINE('',#14783,#14784);
#14783 = CARTESIAN_POINT('',(62.,0.));
#14784 = VECTOR('',#14785,1.);
#14785 = DIRECTION('',(0.,-1.));
#14786 = ( GEOMETRIC_REPRESENTATION_CONTEXT(2) 
PARAMETRIC_REPRESENTATION_CONTEXT() REPRESENTATION_CONTEXT('2D SPACE',''
  ) );
#14787 = PCURVE('',#6876,#14788);
#14788 = DEFINITIONAL_REPRESENTATION('',(#14789),#14793);
#14789 = LINE('',#14790,#14791);
#14790 = CARTESIAN_POINT('',(150.,0.));
#14791 = VECTOR('',#14792,1.);
#14792 = DIRECTION('',(0.,1.));
#14793 = ( GEOMETRIC_REPRESENTATION_CONTEXT(2) 
PARAMETRIC_REPRESENTATION_CONTEXT() REPRESENTATION_CONTEXT('2D SPACE',''
  ) );
#14794 = ORIENTED_EDGE('',*,*,#6888,.F.);
#14795 = ORIENTED_EDGE('',*,*,#14796,.F.);
#14796 = EDGE_CURVE('',#5545,#6889,#14797,.T.);
#14797 = SURFACE_CURVE('',#14798,(#14802,#14809),.PCURVE_S1.);
#14798 = LINE('',#14799,#14800);
#14799 = CARTESIAN_POINT('',(75.,-44.,64.));
#14800 = VECTOR('',#14801,1.);
#14801 = DIRECTION('',(0.,1.,0.));
#14802 = PCURVE('',#5560,#14803);
#14803 = DEFINITIONAL_REPRESENTATION('',(#14804),#14808);
#14804 = LINE('',#14805,#14806);
#14805 = CARTESIAN_POINT('',(61.,88.));
#14806 = VECTOR('',#14807,1.);
#14807 = DIRECTION('',(0.,-1.));
#14808 = ( GEOMETRIC_REPRESENTATION_CONTEXT(2) 
PARAMETRIC_REPRESENTATION_CONTEXT() REPRESENTATION_CONTEXT('2D SPACE',''
  ) );
#14809 = PCURVE('',#5588,#14810);
#14810 = DEFINITIONAL_REPRESENTATION('',(#14811),#14815);
#14811 = LINE('',#14812,#14813);
#14812 = CARTESIAN_POINT('',(3.,0.));
#14813 = VECTOR('',#14814,1.);
#14814 = DIRECTION('',(0.,1.));
#14815 = ( GEOMETRIC_REPRESENTATION_CONTEXT(2) 
PARAMETRIC_REPRESENTATION_CONTEXT() REPRESENTATION_CONTEXT('2D SPACE',''
  ) );
#14816 = ORIENTED_EDGE('',*,*,#5544,.T.);
#14817 = ORIENTED_EDGE('',*,*,#14818,.F.);
#14818 = EDGE_CURVE('',#12777,#5517,#14819,.T.);
#14819 = SURFACE_CURVE('',#14820,(#14824,#14831),.PCURVE_S1.);
#14820 = LINE('',#14821,#14822);
#14821 = CARTESIAN_POINT('',(75.,-47.,65.));
#14822 = VECTOR('',#14823,1.);
#14823 = DIRECTION('',(0.,1.,0.));
#14824 = PCURVE('',#5560,#14825);
#14825 = DEFINITIONAL_REPRESENTATION('',(#14826),#14830);
#14826 = LINE('',#14827,#14828);
#14827 = CARTESIAN_POINT('',(62.,91.));
#14828 = VECTOR('',#14829,1.);
#14829 = DIRECTION('',(0.,-1.));
#14830 = ( GEOMETRIC_REPRESENTATION_CONTEXT(2) 
PARAMETRIC_REPRESENTATION_CONTEXT() REPRESENTATION_CONTEXT('2D SPACE',''
  ) );
#14831 = PCURVE('',#5532,#14832);
#14832 = DEFINITIONAL_REPRESENTATION('',(#14833),#14837);
#14833 = LINE('',#14834,#14835);
#14834 = CARTESIAN_POINT('',(150.,0.));
#14835 = VECTOR('',#14836,1.);
#14836 = DIRECTION('',(0.,1.));
#14837 = ( GEOMETRIC_REPRESENTATION_CONTEXT(2) 
PARAMETRIC_REPRESENTATION_CONTEXT() REPRESENTATION_CONTEXT('2D SPACE',''
  ) );
#14838 = ORIENTED_EDGE('',*,*,#12799,.F.);
#14839 = ORIENTED_EDGE('',*,*,#14727,.T.);
#14840 = ORIENTED_EDGE('',*,*,#5656,.T.);
#14841 = ORIENTED_EDGE('',*,*,#14842,.T.);
#14842 = EDGE_CURVE('',#5629,#14843,#14845,.T.);
#14843 = VERTEX_POINT('',#14844);
#14844 = CARTESIAN_POINT('',(75.,-28.31244047484,56.));
#14845 = SURFACE_CURVE('',#14846,(#14850,#14857),.PCURVE_S1.);
#14846 = LINE('',#14847,#14848);
#14847 = CARTESIAN_POINT('',(75.,-44.,56.));
#14848 = VECTOR('',#14849,1.);
#14849 = DIRECTION('',(0.,1.,0.));
#14850 = PCURVE('',#5560,#14851);
#14851 = DEFINITIONAL_REPRESENTATION('',(#14852),#14856);
#14852 = LINE('',#14853,#14854);
#14853 = CARTESIAN_POINT('',(53.,88.));
#14854 = VECTOR('',#14855,1.);
#14855 = DIRECTION('',(0.,-1.));
#14856 = ( GEOMETRIC_REPRESENTATION_CONTEXT(2) 
PARAMETRIC_REPRESENTATION_CONTEXT() REPRESENTATION_CONTEXT('2D SPACE',''
  ) );
#14857 = PCURVE('',#5644,#14858);
#14858 = DEFINITIONAL_REPRESENTATION('',(#14859),#14863);
#14859 = LINE('',#14860,#14861);
#14860 = CARTESIAN_POINT('',(3.,0.));
#14861 = VECTOR('',#14862,1.);
#14862 = DIRECTION('',(0.,1.));
#14863 = ( GEOMETRIC_REPRESENTATION_CONTEXT(2) 
PARAMETRIC_REPRESENTATION_CONTEXT() REPRESENTATION_CONTEXT('2D SPACE',''
  ) );
#14864 = ORIENTED_EDGE('',*,*,#14865,.T.);
#14865 = EDGE_CURVE('',#14843,#14866,#14868,.T.);
#14866 = VERTEX_POINT('',#14867);
#14867 = CARTESIAN_POINT('',(75.,-25.68755952515,56.));
#14868 = SURFACE_CURVE('',#14869,(#14874,#14885),.PCURVE_S1.);
#14869 = CIRCLE('',#14870,1.65);
#14870 = AXIS2_PLACEMENT_3D('',#14871,#14872,#14873);
#14871 = CARTESIAN_POINT('',(75.,-27.,57.));
#14872 = DIRECTION('',(-1.,-0.,0.));
#14873 = DIRECTION('',(0.,-0.7954184696,-0.606060606061));
#14874 = PCURVE('',#5560,#14875);
#14875 = DEFINITIONAL_REPRESENTATION('',(#14876),#14884);
#14876 = ( BOUNDED_CURVE() B_SPLINE_CURVE(2,(#14877,#14878,#14879,#14880
    ,#14881,#14882,#14883),.UNSPECIFIED.,.T.,.F.) 
B_SPLINE_CURVE_WITH_KNOTS((1,2,2,2,2,1),(-2.094395102393,0.,
    2.094395102393,4.188790204786,6.28318530718,8.377580409573),
.UNSPECIFIED.) CURVE() GEOMETRIC_REPRESENTATION_ITEM() 
RATIONAL_B_SPLINE_CURVE((1.,0.5,1.,0.5,1.,0.5,1.)) REPRESENTATION_ITEM(
  '') );
#14877 = CARTESIAN_POINT('',(53.,72.312440474841));
#14878 = CARTESIAN_POINT('',(55.273213584334,74.04449128241));
#14879 = CARTESIAN_POINT('',(55.636606792167,71.209805166364));
#14880 = CARTESIAN_POINT('',(56.,68.375119050319));
#14881 = CARTESIAN_POINT('',(53.363393207833,69.477754358795));
#14882 = CARTESIAN_POINT('',(50.726786415666,70.580389667272));
#14883 = CARTESIAN_POINT('',(53.,72.312440474841));
#14884 = ( GEOMETRIC_REPRESENTATION_CONTEXT(2) 
PARAMETRIC_REPRESENTATION_CONTEXT() REPRESENTATION_CONTEXT('2D SPACE',''
  ) );
#14885 = PCURVE('',#14886,#14891);
#14886 = CYLINDRICAL_SURFACE('',#14887,1.65);
#14887 = AXIS2_PLACEMENT_3D('',#14888,#14889,#14890);
#14888 = CARTESIAN_POINT('',(70.,-27.,57.));
#14889 = DIRECTION('',(1.,0.,0.));
#14890 = DIRECTION('',(-0.,0.,1.));
#14891 = DEFINITIONAL_REPRESENTATION('',(#14892),#14896);
#14892 = LINE('',#14893,#14894);
#14893 = CARTESIAN_POINT('',(8.505080218946,5.));
#14894 = VECTOR('',#14895,1.);
#14895 = DIRECTION('',(-1.,-0.));
#14896 = ( GEOMETRIC_REPRESENTATION_CONTEXT(2) 
PARAMETRIC_REPRESENTATION_CONTEXT() REPRESENTATION_CONTEXT('2D SPACE',''
  ) );
#14897 = ORIENTED_EDGE('',*,*,#14898,.T.);
#14898 = EDGE_CURVE('',#14866,#14899,#14901,.T.);
#14899 = VERTEX_POINT('',#14900);
#14900 = CARTESIAN_POINT('',(75.,25.687559525159,56.));
#14901 = SURFACE_CURVE('',#14902,(#14906,#14913),.PCURVE_S1.);
#14902 = LINE('',#14903,#14904);
#14903 = CARTESIAN_POINT('',(75.,-44.,56.));
#14904 = VECTOR('',#14905,1.);
#14905 = DIRECTION('',(0.,1.,0.));
#14906 = PCURVE('',#5560,#14907);
#14907 = DEFINITIONAL_REPRESENTATION('',(#14908),#14912);
#14908 = LINE('',#14909,#14910);
#14909 = CARTESIAN_POINT('',(53.,88.));
#14910 = VECTOR('',#14911,1.);
#14911 = DIRECTION('',(0.,-1.));
#14912 = ( GEOMETRIC_REPRESENTATION_CONTEXT(2) 
PARAMETRIC_REPRESENTATION_CONTEXT() REPRESENTATION_CONTEXT('2D SPACE',''
  ) );
#14913 = PCURVE('',#14914,#14919);
#14914 = PLANE('',#14915);
#14915 = AXIS2_PLACEMENT_3D('',#14916,#14917,#14918);
#14916 = CARTESIAN_POINT('',(72.,-44.,56.));
#14917 = DIRECTION('',(0.,0.,1.));
#14918 = DIRECTION('',(1.,0.,0.));
#14919 = DEFINITIONAL_REPRESENTATION('',(#14920),#14924);
#14920 = LINE('',#14921,#14922);
#14921 = CARTESIAN_POINT('',(3.,0.));
#14922 = VECTOR('',#14923,1.);
#14923 = DIRECTION('',(0.,1.));
#14924 = ( GEOMETRIC_REPRESENTATION_CONTEXT(2) 
PARAMETRIC_REPRESENTATION_CONTEXT() REPRESENTATION_CONTEXT('2D SPACE',''
  ) );
#14925 = ORIENTED_EDGE('',*,*,#14926,.T.);
#14926 = EDGE_CURVE('',#14899,#14927,#14929,.T.);
#14927 = VERTEX_POINT('',#14928);
#14928 = CARTESIAN_POINT('',(75.,28.312440474841,56.));
#14929 = SURFACE_CURVE('',#14930,(#14935,#14946),.PCURVE_S1.);
#14930 = CIRCLE('',#14931,1.65);
#14931 = AXIS2_PLACEMENT_3D('',#14932,#14933,#14934);
#14932 = CARTESIAN_POINT('',(75.,27.,57.));
#14933 = DIRECTION('',(-1.,-0.,0.));
#14934 = DIRECTION('',(0.,-0.7954184696,-0.606060606061));
#14935 = PCURVE('',#5560,#14936);
#14936 = DEFINITIONAL_REPRESENTATION('',(#14937),#14945);
#14937 = ( BOUNDED_CURVE() B_SPLINE_CURVE(2,(#14938,#14939,#14940,#14941
    ,#14942,#14943,#14944),.UNSPECIFIED.,.T.,.F.) 
B_SPLINE_CURVE_WITH_KNOTS((1,2,2,2,2,1),(-2.094395102393,0.,
    2.094395102393,4.188790204786,6.28318530718,8.377580409573),
.UNSPECIFIED.) CURVE() GEOMETRIC_REPRESENTATION_ITEM() 
RATIONAL_B_SPLINE_CURVE((1.,0.5,1.,0.5,1.,0.5,1.)) REPRESENTATION_ITEM(
  '') );
#14938 = CARTESIAN_POINT('',(53.,18.312440474841));
#14939 = CARTESIAN_POINT('',(55.273213584334,20.04449128241));
#14940 = CARTESIAN_POINT('',(55.636606792167,17.209805166364));
#14941 = CARTESIAN_POINT('',(56.,14.375119050319));
#14942 = CARTESIAN_POINT('',(53.363393207833,15.477754358795));
#14943 = CARTESIAN_POINT('',(50.726786415666,16.580389667272));
#14944 = CARTESIAN_POINT('',(53.,18.312440474841));
#14945 = ( GEOMETRIC_REPRESENTATION_CONTEXT(2) 
PARAMETRIC_REPRESENTATION_CONTEXT() REPRESENTATION_CONTEXT('2D SPACE',''
  ) );
#14946 = PCURVE('',#14947,#14952);
#14947 = CYLINDRICAL_SURFACE('',#14948,1.65);
#14948 = AXIS2_PLACEMENT_3D('',#14949,#14950,#14951);
#14949 = CARTESIAN_POINT('',(70.,27.,57.));
#14950 = DIRECTION('',(1.,0.,0.));
#14951 = DIRECTION('',(-0.,0.,1.));
#14952 = DEFINITIONAL_REPRESENTATION('',(#14953),#14957);
#14953 = LINE('',#14954,#14955);
#14954 = CARTESIAN_POINT('',(8.505080218946,5.));
#14955 = VECTOR('',#14956,1.);
#14956 = DIRECTION('',(-1.,-0.));
#14957 = ( GEOMETRIC_REPRESENTATION_CONTEXT(2) 
PARAMETRIC_REPRESENTATION_CONTEXT() REPRESENTATION_CONTEXT('2D SPACE',''
  ) );
#14958 = ORIENTED_EDGE('',*,*,#14959,.T.);
#14959 = EDGE_CURVE('',#14927,#6963,#14960,.T.);
#14960 = SURFACE_CURVE('',#14961,(#14965,#14972),.PCURVE_S1.);
#14961 = LINE('',#14962,#14963);
#14962 = CARTESIAN_POINT('',(75.,-44.,56.));
#14963 = VECTOR('',#14964,1.);
#14964 = DIRECTION('',(0.,1.,0.));
#14965 = PCURVE('',#5560,#14966);
#14966 = DEFINITIONAL_REPRESENTATION('',(#14967),#14971);
#14967 = LINE('',#14968,#14969);
#14968 = CARTESIAN_POINT('',(53.,88.));
#14969 = VECTOR('',#14970,1.);
#14970 = DIRECTION('',(0.,-1.));
#14971 = ( GEOMETRIC_REPRESENTATION_CONTEXT(2) 
PARAMETRIC_REPRESENTATION_CONTEXT() REPRESENTATION_CONTEXT('2D SPACE',''
  ) );
#14972 = PCURVE('',#6978,#14973);
#14973 = DEFINITIONAL_REPRESENTATION('',(#14974),#14978);
#14974 = LINE('',#14975,#14976);
#14975 = CARTESIAN_POINT('',(3.,0.));
#14976 = VECTOR('',#14977,1.);
#14977 = DIRECTION('',(0.,1.));
#14978 = ( GEOMETRIC_REPRESENTATION_CONTEXT(2) 
PARAMETRIC_REPRESENTATION_CONTEXT() REPRESENTATION_CONTEXT('2D SPACE',''
  ) );
#14979 = ADVANCED_FACE('',(#14980),#5644,.F.);
#14980 = FACE_BOUND('',#14981,.F.);
#14981 = EDGE_LOOP('',(#14982,#15003,#15004,#15005,#15026,#15054,#15073,
    #15074));
#14982 = ORIENTED_EDGE('',*,*,#14983,.F.);
#14983 = EDGE_CURVE('',#5601,#9912,#14984,.T.);
#14984 = SURFACE_CURVE('',#14985,(#14989,#14996),.PCURVE_S1.);
#14985 = LINE('',#14986,#14987);
#14986 = CARTESIAN_POINT('',(72.,-44.,56.));
#14987 = VECTOR('',#14988,1.);
#14988 = DIRECTION('',(0.,1.,0.));
#14989 = PCURVE('',#5644,#14990);
#14990 = DEFINITIONAL_REPRESENTATION('',(#14991),#14995);
#14991 = LINE('',#14992,#14993);
#14992 = CARTESIAN_POINT('',(0.,0.));
#14993 = VECTOR('',#14994,1.);
#14994 = DIRECTION('',(0.,1.));
#14995 = ( GEOMETRIC_REPRESENTATION_CONTEXT(2) 
PARAMETRIC_REPRESENTATION_CONTEXT() REPRESENTATION_CONTEXT('2D SPACE',''
  ) );
#14996 = PCURVE('',#5616,#14997);
#14997 = DEFINITIONAL_REPRESENTATION('',(#14998),#15002);
#14998 = LINE('',#14999,#15000);
#14999 = CARTESIAN_POINT('',(0.,0.));
#15000 = VECTOR('',#15001,1.);
#15001 = DIRECTION('',(0.,-1.));
#15002 = ( GEOMETRIC_REPRESENTATION_CONTEXT(2) 
PARAMETRIC_REPRESENTATION_CONTEXT() REPRESENTATION_CONTEXT('2D SPACE',''
  ) );
#15003 = ORIENTED_EDGE('',*,*,#5628,.T.);
#15004 = ORIENTED_EDGE('',*,*,#14842,.T.);
#15005 = ORIENTED_EDGE('',*,*,#15006,.F.);
#15006 = EDGE_CURVE('',#15007,#14843,#15009,.T.);
#15007 = VERTEX_POINT('',#15008);
#15008 = CARTESIAN_POINT('',(72.,-28.31244047484,56.));
#15009 = SURFACE_CURVE('',#15010,(#15014,#15020),.PCURVE_S1.);
#15010 = LINE('',#15011,#15012);
#15011 = CARTESIAN_POINT('',(70.,-28.31244047484,56.));
#15012 = VECTOR('',#15013,1.);
#15013 = DIRECTION('',(1.,0.,0.));
#15014 = PCURVE('',#5644,#15015);
#15015 = DEFINITIONAL_REPRESENTATION('',(#15016),#15019);
#15016 = B_SPLINE_CURVE_WITH_KNOTS('',1,(#15017,#15018),.UNSPECIFIED.,
  .F.,.F.,(2,2),(1.7,5.3),.PIECEWISE_BEZIER_KNOTS.);
#15017 = CARTESIAN_POINT('',(-0.3,15.687559525159));
#15018 = CARTESIAN_POINT('',(3.3,15.687559525159));
#15019 = ( GEOMETRIC_REPRESENTATION_CONTEXT(2) 
PARAMETRIC_REPRESENTATION_CONTEXT() REPRESENTATION_CONTEXT('2D SPACE',''
  ) );
#15020 = PCURVE('',#14886,#15021);
#15021 = DEFINITIONAL_REPRESENTATION('',(#15022),#15025);
#15022 = B_SPLINE_CURVE_WITH_KNOTS('',1,(#15023,#15024),.UNSPECIFIED.,
  .F.,.F.,(2,2),(2.,5.),.PIECEWISE_BEZIER_KNOTS.);
#15023 = CARTESIAN_POINT('',(8.505080218946,2.));
#15024 = CARTESIAN_POINT('',(8.505080218946,5.));
#15025 = ( GEOMETRIC_REPRESENTATION_CONTEXT(2) 
PARAMETRIC_REPRESENTATION_CONTEXT() REPRESENTATION_CONTEXT('2D SPACE',''
  ) );
#15026 = ORIENTED_EDGE('',*,*,#15027,.F.);
#15027 = EDGE_CURVE('',#15028,#15007,#15030,.T.);
#15028 = VERTEX_POINT('',#15029);
#15029 = CARTESIAN_POINT('',(72.,-29.5,56.));
#15030 = SURFACE_CURVE('',#15031,(#15035,#15042),.PCURVE_S1.);
#15031 = LINE('',#15032,#15033);
#15032 = CARTESIAN_POINT('',(72.,-44.,56.));
#15033 = VECTOR('',#15034,1.);
#15034 = DIRECTION('',(0.,1.,0.));
#15035 = PCURVE('',#5644,#15036);
#15036 = DEFINITIONAL_REPRESENTATION('',(#15037),#15041);
#15037 = LINE('',#15038,#15039);
#15038 = CARTESIAN_POINT('',(0.,0.));
#15039 = VECTOR('',#15040,1.);
#15040 = DIRECTION('',(0.,1.));
#15041 = ( GEOMETRIC_REPRESENTATION_CONTEXT(2) 
PARAMETRIC_REPRESENTATION_CONTEXT() REPRESENTATION_CONTEXT('2D SPACE',''
  ) );
#15042 = PCURVE('',#15043,#15048);
#15043 = PLANE('',#15044);
#15044 = AXIS2_PLACEMENT_3D('',#15045,#15046,#15047);
#15045 = CARTESIAN_POINT('',(72.,-44.,56.));
#15046 = DIRECTION('',(1.,0.,0.));
#15047 = DIRECTION('',(0.,0.,1.));
#15048 = DEFINITIONAL_REPRESENTATION('',(#15049),#15053);
#15049 = LINE('',#15050,#15051);
#15050 = CARTESIAN_POINT('',(0.,0.));
#15051 = VECTOR('',#15052,1.);
#15052 = DIRECTION('',(0.,-1.));
#15053 = ( GEOMETRIC_REPRESENTATION_CONTEXT(2) 
PARAMETRIC_REPRESENTATION_CONTEXT() REPRESENTATION_CONTEXT('2D SPACE',''
  ) );
#15054 = ORIENTED_EDGE('',*,*,#15055,.F.);
#15055 = EDGE_CURVE('',#10076,#15028,#15056,.T.);
#15056 = SURFACE_CURVE('',#15057,(#15061,#15067),.PCURVE_S1.);
#15057 = LINE('',#15058,#15059);
#15058 = CARTESIAN_POINT('',(67.75,-29.5,56.));
#15059 = VECTOR('',#15060,1.);
#15060 = DIRECTION('',(-1.,0.,0.));
#15061 = PCURVE('',#5644,#15062);
#15062 = DEFINITIONAL_REPRESENTATION('',(#15063),#15066);
#15063 = B_SPLINE_CURVE_WITH_KNOTS('',1,(#15064,#15065),.UNSPECIFIED.,
  .F.,.F.,(2,2),(-4.75,-4.25),.PIECEWISE_BEZIER_KNOTS.);
#15064 = CARTESIAN_POINT('',(0.5,14.5));
#15065 = CARTESIAN_POINT('',(0.,14.5));
#15066 = ( GEOMETRIC_REPRESENTATION_CONTEXT(2) 
PARAMETRIC_REPRESENTATION_CONTEXT() REPRESENTATION_CONTEXT('2D SPACE',''
  ) );
#15067 = PCURVE('',#9772,#15068);
#15068 = DEFINITIONAL_REPRESENTATION('',(#15069),#15072);
#15069 = B_SPLINE_CURVE_WITH_KNOTS('',1,(#15070,#15071),.UNSPECIFIED.,
  .F.,.F.,(2,2),(-4.75,-4.25),.PIECEWISE_BEZIER_KNOTS.);
#15070 = CARTESIAN_POINT('',(53.,9.));
#15071 = CARTESIAN_POINT('',(53.,8.5));
#15072 = ( GEOMETRIC_REPRESENTATION_CONTEXT(2) 
PARAMETRIC_REPRESENTATION_CONTEXT() REPRESENTATION_CONTEXT('2D SPACE',''
  ) );
#15073 = ORIENTED_EDGE('',*,*,#10098,.F.);
#15074 = ORIENTED_EDGE('',*,*,#9932,.T.);
#15075 = ADVANCED_FACE('',(#15076),#5616,.F.);
#15076 = FACE_BOUND('',#15077,.F.);
#15077 = EDGE_LOOP('',(#15078,#15099,#15100,#15101));
#15078 = ORIENTED_EDGE('',*,*,#15079,.F.);
#15079 = EDGE_CURVE('',#5573,#9891,#15080,.T.);
#15080 = SURFACE_CURVE('',#15081,(#15085,#15092),.PCURVE_S1.);
#15081 = LINE('',#15082,#15083);
#15082 = CARTESIAN_POINT('',(72.,-44.,64.));
#15083 = VECTOR('',#15084,1.);
#15084 = DIRECTION('',(0.,1.,0.));
#15085 = PCURVE('',#5616,#15086);
#15086 = DEFINITIONAL_REPRESENTATION('',(#15087),#15091);
#15087 = LINE('',#15088,#15089);
#15088 = CARTESIAN_POINT('',(8.,0.));
#15089 = VECTOR('',#15090,1.);
#15090 = DIRECTION('',(0.,-1.));
#15091 = ( GEOMETRIC_REPRESENTATION_CONTEXT(2) 
PARAMETRIC_REPRESENTATION_CONTEXT() REPRESENTATION_CONTEXT('2D SPACE',''
  ) );
#15092 = PCURVE('',#5588,#15093);
#15093 = DEFINITIONAL_REPRESENTATION('',(#15094),#15098);
#15094 = LINE('',#15095,#15096);
#15095 = CARTESIAN_POINT('',(0.,0.));
#15096 = VECTOR('',#15097,1.);
#15097 = DIRECTION('',(0.,1.));
#15098 = ( GEOMETRIC_REPRESENTATION_CONTEXT(2) 
PARAMETRIC_REPRESENTATION_CONTEXT() REPRESENTATION_CONTEXT('2D SPACE',''
  ) );
#15099 = ORIENTED_EDGE('',*,*,#5600,.F.);
#15100 = ORIENTED_EDGE('',*,*,#14983,.T.);
#15101 = ORIENTED_EDGE('',*,*,#9911,.T.);
#15102 = ADVANCED_FACE('',(#15103),#5588,.T.);
#15103 = FACE_BOUND('',#15104,.T.);
#15104 = EDGE_LOOP('',(#15105,#15106,#15107,#15108,#15109,#15130,#15131,
    #15152,#15173,#15196,#15217,#15236));
#15105 = ORIENTED_EDGE('',*,*,#15079,.F.);
#15106 = ORIENTED_EDGE('',*,*,#5572,.T.);
#15107 = ORIENTED_EDGE('',*,*,#14796,.T.);
#15108 = ORIENTED_EDGE('',*,*,#6911,.F.);
#15109 = ORIENTED_EDGE('',*,*,#15110,.F.);
#15110 = EDGE_CURVE('',#12479,#6912,#15111,.T.);
#15111 = SURFACE_CURVE('',#15112,(#15116,#15123),.PCURVE_S1.);
#15112 = LINE('',#15113,#15114);
#15113 = CARTESIAN_POINT('',(72.,-44.,64.));
#15114 = VECTOR('',#15115,1.);
#15115 = DIRECTION('',(0.,1.,0.));
#15116 = PCURVE('',#5588,#15117);
#15117 = DEFINITIONAL_REPRESENTATION('',(#15118),#15122);
#15118 = LINE('',#15119,#15120);
#15119 = CARTESIAN_POINT('',(0.,0.));
#15120 = VECTOR('',#15121,1.);
#15121 = DIRECTION('',(0.,1.));
#15122 = ( GEOMETRIC_REPRESENTATION_CONTEXT(2) 
PARAMETRIC_REPRESENTATION_CONTEXT() REPRESENTATION_CONTEXT('2D SPACE',''
  ) );
#15123 = PCURVE('',#6950,#15124);
#15124 = DEFINITIONAL_REPRESENTATION('',(#15125),#15129);
#15125 = LINE('',#15126,#15127);
#15126 = CARTESIAN_POINT('',(8.,0.));
#15127 = VECTOR('',#15128,1.);
#15128 = DIRECTION('',(0.,-1.));
#15129 = ( GEOMETRIC_REPRESENTATION_CONTEXT(2) 
PARAMETRIC_REPRESENTATION_CONTEXT() REPRESENTATION_CONTEXT('2D SPACE',''
  ) );
#15130 = ORIENTED_EDGE('',*,*,#12478,.F.);
#15131 = ORIENTED_EDGE('',*,*,#15132,.F.);
#15132 = EDGE_CURVE('',#15133,#12451,#15135,.T.);
#15133 = VERTEX_POINT('',#15134);
#15134 = CARTESIAN_POINT('',(72.5,29.5,64.));
#15135 = SURFACE_CURVE('',#15136,(#15140,#15146),.PCURVE_S1.);
#15136 = LINE('',#15137,#15138);
#15137 = CARTESIAN_POINT('',(72.5,-7.25,64.));
#15138 = VECTOR('',#15139,1.);
#15139 = DIRECTION('',(0.,1.,0.));
#15140 = PCURVE('',#5588,#15141);
#15141 = DEFINITIONAL_REPRESENTATION('',(#15142),#15145);
#15142 = B_SPLINE_CURVE_WITH_KNOTS('',1,(#15143,#15144),.UNSPECIFIED.,
  .F.,.F.,(2,2),(36.75,45.75),.PIECEWISE_BEZIER_KNOTS.);
#15143 = CARTESIAN_POINT('',(0.5,73.5));
#15144 = CARTESIAN_POINT('',(0.5,82.5));
#15145 = ( GEOMETRIC_REPRESENTATION_CONTEXT(2) 
PARAMETRIC_REPRESENTATION_CONTEXT() REPRESENTATION_CONTEXT('2D SPACE',''
  ) );
#15146 = PCURVE('',#12466,#15147);
#15147 = DEFINITIONAL_REPRESENTATION('',(#15148),#15151);
#15148 = B_SPLINE_CURVE_WITH_KNOTS('',1,(#15149,#15150),.UNSPECIFIED.,
  .F.,.F.,(2,2),(36.75,45.75),.PIECEWISE_BEZIER_KNOTS.);
#15149 = CARTESIAN_POINT('',(61.,0.));
#15150 = CARTESIAN_POINT('',(61.,-9.));
#15151 = ( GEOMETRIC_REPRESENTATION_CONTEXT(2) 
PARAMETRIC_REPRESENTATION_CONTEXT() REPRESENTATION_CONTEXT('2D SPACE',''
  ) );
#15152 = ORIENTED_EDGE('',*,*,#15153,.T.);
#15153 = EDGE_CURVE('',#15133,#15154,#15156,.T.);
#15154 = VERTEX_POINT('',#15155);
#15155 = CARTESIAN_POINT('',(72.,29.5,64.));
#15156 = SURFACE_CURVE('',#15157,(#15161,#15167),.PCURVE_S1.);
#15157 = LINE('',#15158,#15159);
#15158 = CARTESIAN_POINT('',(67.75,29.5,64.));
#15159 = VECTOR('',#15160,1.);
#15160 = DIRECTION('',(-1.,0.,0.));
#15161 = PCURVE('',#5588,#15162);
#15162 = DEFINITIONAL_REPRESENTATION('',(#15163),#15166);
#15163 = B_SPLINE_CURVE_WITH_KNOTS('',1,(#15164,#15165),.UNSPECIFIED.,
  .F.,.F.,(2,2),(-4.75,-4.25),.PIECEWISE_BEZIER_KNOTS.);
#15164 = CARTESIAN_POINT('',(0.5,73.5));
#15165 = CARTESIAN_POINT('',(0.,73.5));
#15166 = ( GEOMETRIC_REPRESENTATION_CONTEXT(2) 
PARAMETRIC_REPRESENTATION_CONTEXT() REPRESENTATION_CONTEXT('2D SPACE',''
  ) );
#15167 = PCURVE('',#12276,#15168);
#15168 = DEFINITIONAL_REPRESENTATION('',(#15169),#15172);
#15169 = B_SPLINE_CURVE_WITH_KNOTS('',1,(#15170,#15171),.UNSPECIFIED.,
  .F.,.F.,(2,2),(-4.75,-4.25),.PIECEWISE_BEZIER_KNOTS.);
#15170 = CARTESIAN_POINT('',(61.,9.));
#15171 = CARTESIAN_POINT('',(61.,8.5));
#15172 = ( GEOMETRIC_REPRESENTATION_CONTEXT(2) 
PARAMETRIC_REPRESENTATION_CONTEXT() REPRESENTATION_CONTEXT('2D SPACE',''
  ) );
#15173 = ORIENTED_EDGE('',*,*,#15174,.F.);
#15174 = EDGE_CURVE('',#15175,#15154,#15177,.T.);
#15175 = VERTEX_POINT('',#15176);
#15176 = CARTESIAN_POINT('',(72.,-29.5,64.));
#15177 = SURFACE_CURVE('',#15178,(#15182,#15189),.PCURVE_S1.);
#15178 = LINE('',#15179,#15180);
#15179 = CARTESIAN_POINT('',(72.,-44.,64.));
#15180 = VECTOR('',#15181,1.);
#15181 = DIRECTION('',(0.,1.,0.));
#15182 = PCURVE('',#5588,#15183);
#15183 = DEFINITIONAL_REPRESENTATION('',(#15184),#15188);
#15184 = LINE('',#15185,#15186);
#15185 = CARTESIAN_POINT('',(0.,0.));
#15186 = VECTOR('',#15187,1.);
#15187 = DIRECTION('',(0.,1.));
#15188 = ( GEOMETRIC_REPRESENTATION_CONTEXT(2) 
PARAMETRIC_REPRESENTATION_CONTEXT() REPRESENTATION_CONTEXT('2D SPACE',''
  ) );
#15189 = PCURVE('',#15043,#15190);
#15190 = DEFINITIONAL_REPRESENTATION('',(#15191),#15195);
#15191 = LINE('',#15192,#15193);
#15192 = CARTESIAN_POINT('',(8.,0.));
#15193 = VECTOR('',#15194,1.);
#15194 = DIRECTION('',(0.,-1.));
#15195 = ( GEOMETRIC_REPRESENTATION_CONTEXT(2) 
PARAMETRIC_REPRESENTATION_CONTEXT() REPRESENTATION_CONTEXT('2D SPACE',''
  ) );
#15196 = ORIENTED_EDGE('',*,*,#15197,.F.);
#15197 = EDGE_CURVE('',#15198,#15175,#15200,.T.);
#15198 = VERTEX_POINT('',#15199);
#15199 = CARTESIAN_POINT('',(72.5,-29.5,64.));
#15200 = SURFACE_CURVE('',#15201,(#15205,#15211),.PCURVE_S1.);
#15201 = LINE('',#15202,#15203);
#15202 = CARTESIAN_POINT('',(67.75,-29.5,64.));
#15203 = VECTOR('',#15204,1.);
#15204 = DIRECTION('',(-1.,0.,0.));
#15205 = PCURVE('',#5588,#15206);
#15206 = DEFINITIONAL_REPRESENTATION('',(#15207),#15210);
#15207 = B_SPLINE_CURVE_WITH_KNOTS('',1,(#15208,#15209),.UNSPECIFIED.,
  .F.,.F.,(2,2),(-4.75,-4.25),.PIECEWISE_BEZIER_KNOTS.);
#15208 = CARTESIAN_POINT('',(0.5,14.5));
#15209 = CARTESIAN_POINT('',(0.,14.5));
#15210 = ( GEOMETRIC_REPRESENTATION_CONTEXT(2) 
PARAMETRIC_REPRESENTATION_CONTEXT() REPRESENTATION_CONTEXT('2D SPACE',''
  ) );
#15211 = PCURVE('',#9772,#15212);
#15212 = DEFINITIONAL_REPRESENTATION('',(#15213),#15216);
#15213 = B_SPLINE_CURVE_WITH_KNOTS('',1,(#15214,#15215),.UNSPECIFIED.,
  .F.,.F.,(2,2),(-4.75,-4.25),.PIECEWISE_BEZIER_KNOTS.);
#15214 = CARTESIAN_POINT('',(61.,9.));
#15215 = CARTESIAN_POINT('',(61.,8.5));
#15216 = ( GEOMETRIC_REPRESENTATION_CONTEXT(2) 
PARAMETRIC_REPRESENTATION_CONTEXT() REPRESENTATION_CONTEXT('2D SPACE',''
  ) );
#15217 = ORIENTED_EDGE('',*,*,#15218,.F.);
#15218 = EDGE_CURVE('',#9863,#15198,#15219,.T.);
#15219 = SURFACE_CURVE('',#15220,(#15224,#15230),.PCURVE_S1.);
#15220 = LINE('',#15221,#15222);
#15221 = CARTESIAN_POINT('',(72.5,-41.25,64.));
#15222 = VECTOR('',#15223,1.);
#15223 = DIRECTION('',(0.,1.,0.));
#15224 = PCURVE('',#5588,#15225);
#15225 = DEFINITIONAL_REPRESENTATION('',(#15226),#15229);
#15226 = B_SPLINE_CURVE_WITH_KNOTS('',1,(#15227,#15228),.UNSPECIFIED.,
  .F.,.F.,(2,2),(2.75,11.75),.PIECEWISE_BEZIER_KNOTS.);
#15227 = CARTESIAN_POINT('',(0.5,5.5));
#15228 = CARTESIAN_POINT('',(0.5,14.5));
#15229 = ( GEOMETRIC_REPRESENTATION_CONTEXT(2) 
PARAMETRIC_REPRESENTATION_CONTEXT() REPRESENTATION_CONTEXT('2D SPACE',''
  ) );
#15230 = PCURVE('',#9878,#15231);
#15231 = DEFINITIONAL_REPRESENTATION('',(#15232),#15235);
#15232 = B_SPLINE_CURVE_WITH_KNOTS('',1,(#15233,#15234),.UNSPECIFIED.,
  .F.,.F.,(2,2),(2.75,11.75),.PIECEWISE_BEZIER_KNOTS.);
#15233 = CARTESIAN_POINT('',(61.,0.));
#15234 = CARTESIAN_POINT('',(61.,-9.));
#15235 = ( GEOMETRIC_REPRESENTATION_CONTEXT(2) 
PARAMETRIC_REPRESENTATION_CONTEXT() REPRESENTATION_CONTEXT('2D SPACE',''
  ) );
#15236 = ORIENTED_EDGE('',*,*,#9890,.T.);
#15237 = ADVANCED_FACE('',(#15238),#5532,.T.);
#15238 = FACE_BOUND('',#15239,.T.);
#15239 = EDGE_LOOP('',(#15240,#15261,#15262,#15263));
#15240 = ORIENTED_EDGE('',*,*,#15241,.F.);
#15241 = EDGE_CURVE('',#12754,#5494,#15242,.T.);
#15242 = SURFACE_CURVE('',#15243,(#15247,#15254),.PCURVE_S1.);
#15243 = LINE('',#15244,#15245);
#15244 = CARTESIAN_POINT('',(-75.,-47.,65.));
#15245 = VECTOR('',#15246,1.);
#15246 = DIRECTION('',(0.,1.,0.));
#15247 = PCURVE('',#5532,#15248);
#15248 = DEFINITIONAL_REPRESENTATION('',(#15249),#15253);
#15249 = LINE('',#15250,#15251);
#15250 = CARTESIAN_POINT('',(0.,0.));
#15251 = VECTOR('',#15252,1.);
#15252 = DIRECTION('',(0.,1.));
#15253 = ( GEOMETRIC_REPRESENTATION_CONTEXT(2) 
PARAMETRIC_REPRESENTATION_CONTEXT() REPRESENTATION_CONTEXT('2D SPACE',''
  ) );
#15254 = PCURVE('',#5397,#15255);
#15255 = DEFINITIONAL_REPRESENTATION('',(#15256),#15260);
#15256 = LINE('',#15257,#15258);
#15257 = CARTESIAN_POINT('',(62.,91.));
#15258 = VECTOR('',#15259,1.);
#15259 = DIRECTION('',(0.,-1.));
#15260 = ( GEOMETRIC_REPRESENTATION_CONTEXT(2) 
PARAMETRIC_REPRESENTATION_CONTEXT() REPRESENTATION_CONTEXT('2D SPACE',''
  ) );
#15261 = ORIENTED_EDGE('',*,*,#12776,.T.);
#15262 = ORIENTED_EDGE('',*,*,#14818,.T.);
#15263 = ORIENTED_EDGE('',*,*,#5516,.F.);
#15264 = ADVANCED_FACE('',(#15265,#15339,#15370),#5397,.F.);
#15265 = FACE_BOUND('',#15266,.F.);
#15266 = EDGE_LOOP('',(#15267,#15268,#15269,#15270,#15291,#15292,#15313,
    #15314,#15315,#15316,#15317,#15318));
#15267 = ORIENTED_EDGE('',*,*,#6740,.F.);
#15268 = ORIENTED_EDGE('',*,*,#14698,.T.);
#15269 = ORIENTED_EDGE('',*,*,#13751,.T.);
#15270 = ORIENTED_EDGE('',*,*,#15271,.F.);
#15271 = EDGE_CURVE('',#6838,#13752,#15272,.T.);
#15272 = SURFACE_CURVE('',#15273,(#15277,#15284),.PCURVE_S1.);
#15273 = LINE('',#15274,#15275);
#15274 = CARTESIAN_POINT('',(-75.,44.,65.));
#15275 = VECTOR('',#15276,1.);
#15276 = DIRECTION('',(0.,1.,0.));
#15277 = PCURVE('',#5397,#15278);
#15278 = DEFINITIONAL_REPRESENTATION('',(#15279),#15283);
#15279 = LINE('',#15280,#15281);
#15280 = CARTESIAN_POINT('',(62.,0.));
#15281 = VECTOR('',#15282,1.);
#15282 = DIRECTION('',(0.,-1.));
#15283 = ( GEOMETRIC_REPRESENTATION_CONTEXT(2) 
PARAMETRIC_REPRESENTATION_CONTEXT() REPRESENTATION_CONTEXT('2D SPACE',''
  ) );
#15284 = PCURVE('',#6876,#15285);
#15285 = DEFINITIONAL_REPRESENTATION('',(#15286),#15290);
#15286 = LINE('',#15287,#15288);
#15287 = CARTESIAN_POINT('',(0.,0.));
#15288 = VECTOR('',#15289,1.);
#15289 = DIRECTION('',(0.,1.));
#15290 = ( GEOMETRIC_REPRESENTATION_CONTEXT(2) 
PARAMETRIC_REPRESENTATION_CONTEXT() REPRESENTATION_CONTEXT('2D SPACE',''
  ) );
#15291 = ORIENTED_EDGE('',*,*,#6837,.F.);
#15292 = ORIENTED_EDGE('',*,*,#15293,.F.);
#15293 = EDGE_CURVE('',#5466,#6815,#15294,.T.);
#15294 = SURFACE_CURVE('',#15295,(#15299,#15306),.PCURVE_S1.);
#15295 = LINE('',#15296,#15297);
#15296 = CARTESIAN_POINT('',(-75.,-44.,64.));
#15297 = VECTOR('',#15298,1.);
#15298 = DIRECTION('',(0.,1.,0.));
#15299 = PCURVE('',#5397,#15300);
#15300 = DEFINITIONAL_REPRESENTATION('',(#15301),#15305);
#15301 = LINE('',#15302,#15303);
#15302 = CARTESIAN_POINT('',(61.,88.));
#15303 = VECTOR('',#15304,1.);
#15304 = DIRECTION('',(0.,-1.));
#15305 = ( GEOMETRIC_REPRESENTATION_CONTEXT(2) 
PARAMETRIC_REPRESENTATION_CONTEXT() REPRESENTATION_CONTEXT('2D SPACE',''
  ) );
#15306 = PCURVE('',#5481,#15307);
#15307 = DEFINITIONAL_REPRESENTATION('',(#15308),#15312);
#15308 = LINE('',#15309,#15310);
#15309 = CARTESIAN_POINT('',(0.,0.));
#15310 = VECTOR('',#15311,1.);
#15311 = DIRECTION('',(0.,1.));
#15312 = ( GEOMETRIC_REPRESENTATION_CONTEXT(2) 
PARAMETRIC_REPRESENTATION_CONTEXT() REPRESENTATION_CONTEXT('2D SPACE',''
  ) );
#15313 = ORIENTED_EDGE('',*,*,#5493,.T.);
#15314 = ORIENTED_EDGE('',*,*,#15241,.F.);
#15315 = ORIENTED_EDGE('',*,*,#12753,.F.);
#15316 = ORIENTED_EDGE('',*,*,#13700,.T.);
#15317 = ORIENTED_EDGE('',*,*,#5381,.T.);
#15318 = ORIENTED_EDGE('',*,*,#15319,.T.);
#15319 = EDGE_CURVE('',#5382,#6741,#15320,.T.);
#15320 = SURFACE_CURVE('',#15321,(#15325,#15332),.PCURVE_S1.);
#15321 = LINE('',#15322,#15323);
#15322 = CARTESIAN_POINT('',(-75.,-44.,56.));
#15323 = VECTOR('',#15324,1.);
#15324 = DIRECTION('',(0.,1.,0.));
#15325 = PCURVE('',#5397,#15326);
#15326 = DEFINITIONAL_REPRESENTATION('',(#15327),#15331);
#15327 = LINE('',#15328,#15329);
#15328 = CARTESIAN_POINT('',(53.,88.));
#15329 = VECTOR('',#15330,1.);
#15330 = DIRECTION('',(0.,-1.));
#15331 = ( GEOMETRIC_REPRESENTATION_CONTEXT(2) 
PARAMETRIC_REPRESENTATION_CONTEXT() REPRESENTATION_CONTEXT('2D SPACE',''
  ) );
#15332 = PCURVE('',#5425,#15333);
#15333 = DEFINITIONAL_REPRESENTATION('',(#15334),#15338);
#15334 = LINE('',#15335,#15336);
#15335 = CARTESIAN_POINT('',(0.,0.));
#15336 = VECTOR('',#15337,1.);
#15337 = DIRECTION('',(0.,1.));
#15338 = ( GEOMETRIC_REPRESENTATION_CONTEXT(2) 
PARAMETRIC_REPRESENTATION_CONTEXT() REPRESENTATION_CONTEXT('2D SPACE',''
  ) );
#15339 = FACE_BOUND('',#15340,.F.);
#15340 = EDGE_LOOP('',(#15341));
#15341 = ORIENTED_EDGE('',*,*,#15342,.F.);
#15342 = EDGE_CURVE('',#15343,#15343,#15345,.T.);
#15343 = VERTEX_POINT('',#15344);
#15344 = CARTESIAN_POINT('',(-75.,25.,60.65));
#15345 = SURFACE_CURVE('',#15346,(#15351,#15358),.PCURVE_S1.);
#15346 = CIRCLE('',#15347,1.65);
#15347 = AXIS2_PLACEMENT_3D('',#15348,#15349,#15350);
#15348 = CARTESIAN_POINT('',(-75.,25.,59.));
#15349 = DIRECTION('',(1.,0.,0.));
#15350 = DIRECTION('',(-0.,0.,1.));
#15351 = PCURVE('',#5397,#15352);
#15352 = DEFINITIONAL_REPRESENTATION('',(#15353),#15357);
#15353 = CIRCLE('',#15354,1.65);
#15354 = AXIS2_PLACEMENT_2D('',#15355,#15356);
#15355 = CARTESIAN_POINT('',(56.,19.));
#15356 = DIRECTION('',(1.,0.));
#15357 = ( GEOMETRIC_REPRESENTATION_CONTEXT(2) 
PARAMETRIC_REPRESENTATION_CONTEXT() REPRESENTATION_CONTEXT('2D SPACE',''
  ) );
#15358 = PCURVE('',#15359,#15364);
#15359 = CYLINDRICAL_SURFACE('',#15360,1.65);
#15360 = AXIS2_PLACEMENT_3D('',#15361,#15362,#15363);
#15361 = CARTESIAN_POINT('',(-78.,25.,59.));
#15362 = DIRECTION('',(1.,0.,0.));
#15363 = DIRECTION('',(-0.,0.,1.));
#15364 = DEFINITIONAL_REPRESENTATION('',(#15365),#15369);
#15365 = LINE('',#15366,#15367);
#15366 = CARTESIAN_POINT('',(0.,3.));
#15367 = VECTOR('',#15368,1.);
#15368 = DIRECTION('',(1.,0.));
#15369 = ( GEOMETRIC_REPRESENTATION_CONTEXT(2) 
PARAMETRIC_REPRESENTATION_CONTEXT() REPRESENTATION_CONTEXT('2D SPACE',''
  ) );
#15370 = FACE_BOUND('',#15371,.F.);
#15371 = EDGE_LOOP('',(#15372));
#15372 = ORIENTED_EDGE('',*,*,#15373,.F.);
#15373 = EDGE_CURVE('',#15374,#15374,#15376,.T.);
#15374 = VERTEX_POINT('',#15375);
#15375 = CARTESIAN_POINT('',(-75.,-25.,60.65));
#15376 = SURFACE_CURVE('',#15377,(#15382,#15389),.PCURVE_S1.);
#15377 = CIRCLE('',#15378,1.65);
#15378 = AXIS2_PLACEMENT_3D('',#15379,#15380,#15381);
#15379 = CARTESIAN_POINT('',(-75.,-25.,59.));
#15380 = DIRECTION('',(1.,0.,0.));
#15381 = DIRECTION('',(-0.,0.,1.));
#15382 = PCURVE('',#5397,#15383);
#15383 = DEFINITIONAL_REPRESENTATION('',(#15384),#15388);
#15384 = CIRCLE('',#15385,1.65);
#15385 = AXIS2_PLACEMENT_2D('',#15386,#15387);
#15386 = CARTESIAN_POINT('',(56.,69.));
#15387 = DIRECTION('',(1.,0.));
#15388 = ( GEOMETRIC_REPRESENTATION_CONTEXT(2) 
PARAMETRIC_REPRESENTATION_CONTEXT() REPRESENTATION_CONTEXT('2D SPACE',''
  ) );
#15389 = PCURVE('',#15390,#15395);
#15390 = CYLINDRICAL_SURFACE('',#15391,1.65);
#15391 = AXIS2_PLACEMENT_3D('',#15392,#15393,#15394);
#15392 = CARTESIAN_POINT('',(-78.,-25.,59.));
#15393 = DIRECTION('',(1.,0.,0.));
#15394 = DIRECTION('',(-0.,0.,1.));
#15395 = DEFINITIONAL_REPRESENTATION('',(#15396),#15400);
#15396 = LINE('',#15397,#15398);
#15397 = CARTESIAN_POINT('',(0.,3.));
#15398 = VECTOR('',#15399,1.);
#15399 = DIRECTION('',(1.,0.));
#15400 = ( GEOMETRIC_REPRESENTATION_CONTEXT(2) 
PARAMETRIC_REPRESENTATION_CONTEXT() REPRESENTATION_CONTEXT('2D SPACE',''
  ) );
#15401 = ADVANCED_FACE('',(#15402),#5481,.T.);
#15402 = FACE_BOUND('',#15403,.T.);
#15403 = EDGE_LOOP('',(#15404,#15425,#15426,#15427,#15428,#15449,#15450,
    #15471,#15492,#15520,#15541,#15560));
#15404 = ORIENTED_EDGE('',*,*,#15405,.T.);
#15405 = EDGE_CURVE('',#11028,#6787,#15406,.T.);
#15406 = SURFACE_CURVE('',#15407,(#15411,#15418),.PCURVE_S1.);
#15407 = LINE('',#15408,#15409);
#15408 = CARTESIAN_POINT('',(-72.,-44.,64.));
#15409 = VECTOR('',#15410,1.);
#15410 = DIRECTION('',(0.,1.,0.));
#15411 = PCURVE('',#5481,#15412);
#15412 = DEFINITIONAL_REPRESENTATION('',(#15413),#15417);
#15413 = LINE('',#15414,#15415);
#15414 = CARTESIAN_POINT('',(3.,0.));
#15415 = VECTOR('',#15416,1.);
#15416 = DIRECTION('',(0.,1.));
#15417 = ( GEOMETRIC_REPRESENTATION_CONTEXT(2) 
PARAMETRIC_REPRESENTATION_CONTEXT() REPRESENTATION_CONTEXT('2D SPACE',''
  ) );
#15418 = PCURVE('',#6802,#15419);
#15419 = DEFINITIONAL_REPRESENTATION('',(#15420),#15424);
#15420 = LINE('',#15421,#15422);
#15421 = CARTESIAN_POINT('',(8.,0.));
#15422 = VECTOR('',#15423,1.);
#15423 = DIRECTION('',(0.,-1.));
#15424 = ( GEOMETRIC_REPRESENTATION_CONTEXT(2) 
PARAMETRIC_REPRESENTATION_CONTEXT() REPRESENTATION_CONTEXT('2D SPACE',''
  ) );
#15425 = ORIENTED_EDGE('',*,*,#6814,.F.);
#15426 = ORIENTED_EDGE('',*,*,#15293,.F.);
#15427 = ORIENTED_EDGE('',*,*,#5465,.T.);
#15428 = ORIENTED_EDGE('',*,*,#15429,.T.);
#15429 = EDGE_CURVE('',#5438,#8658,#15430,.T.);
#15430 = SURFACE_CURVE('',#15431,(#15435,#15442),.PCURVE_S1.);
#15431 = LINE('',#15432,#15433);
#15432 = CARTESIAN_POINT('',(-72.,-44.,64.));
#15433 = VECTOR('',#15434,1.);
#15434 = DIRECTION('',(0.,1.,0.));
#15435 = PCURVE('',#5481,#15436);
#15436 = DEFINITIONAL_REPRESENTATION('',(#15437),#15441);
#15437 = LINE('',#15438,#15439);
#15438 = CARTESIAN_POINT('',(3.,0.));
#15439 = VECTOR('',#15440,1.);
#15440 = DIRECTION('',(0.,1.));
#15441 = ( GEOMETRIC_REPRESENTATION_CONTEXT(2) 
PARAMETRIC_REPRESENTATION_CONTEXT() REPRESENTATION_CONTEXT('2D SPACE',''
  ) );
#15442 = PCURVE('',#5453,#15443);
#15443 = DEFINITIONAL_REPRESENTATION('',(#15444),#15448);
#15444 = LINE('',#15445,#15446);
#15445 = CARTESIAN_POINT('',(8.,0.));
#15446 = VECTOR('',#15447,1.);
#15447 = DIRECTION('',(0.,-1.));
#15448 = ( GEOMETRIC_REPRESENTATION_CONTEXT(2) 
PARAMETRIC_REPRESENTATION_CONTEXT() REPRESENTATION_CONTEXT('2D SPACE',''
  ) );
#15449 = ORIENTED_EDGE('',*,*,#8678,.T.);
#15450 = ORIENTED_EDGE('',*,*,#15451,.T.);
#15451 = EDGE_CURVE('',#8679,#15452,#15454,.T.);
#15452 = VERTEX_POINT('',#15453);
#15453 = CARTESIAN_POINT('',(-72.5,-29.5,64.));
#15454 = SURFACE_CURVE('',#15455,(#15459,#15465),.PCURVE_S1.);
#15455 = LINE('',#15456,#15457);
#15456 = CARTESIAN_POINT('',(-72.5,-41.25,64.));
#15457 = VECTOR('',#15458,1.);
#15458 = DIRECTION('',(0.,1.,0.));
#15459 = PCURVE('',#5481,#15460);
#15460 = DEFINITIONAL_REPRESENTATION('',(#15461),#15464);
#15461 = B_SPLINE_CURVE_WITH_KNOTS('',1,(#15462,#15463),.UNSPECIFIED.,
  .F.,.F.,(2,2),(2.75,11.75),.PIECEWISE_BEZIER_KNOTS.);
#15462 = CARTESIAN_POINT('',(2.5,5.5));
#15463 = CARTESIAN_POINT('',(2.5,14.5));
#15464 = ( GEOMETRIC_REPRESENTATION_CONTEXT(2) 
PARAMETRIC_REPRESENTATION_CONTEXT() REPRESENTATION_CONTEXT('2D SPACE',''
  ) );
#15465 = PCURVE('',#8715,#15466);
#15466 = DEFINITIONAL_REPRESENTATION('',(#15467),#15470);
#15467 = B_SPLINE_CURVE_WITH_KNOTS('',1,(#15468,#15469),.UNSPECIFIED.,
  .F.,.F.,(2,2),(2.75,11.75),.PIECEWISE_BEZIER_KNOTS.);
#15468 = CARTESIAN_POINT('',(61.,0.));
#15469 = CARTESIAN_POINT('',(61.,-9.));
#15470 = ( GEOMETRIC_REPRESENTATION_CONTEXT(2) 
PARAMETRIC_REPRESENTATION_CONTEXT() REPRESENTATION_CONTEXT('2D SPACE',''
  ) );
#15471 = ORIENTED_EDGE('',*,*,#15472,.F.);
#15472 = EDGE_CURVE('',#15473,#15452,#15475,.T.);
#15473 = VERTEX_POINT('',#15474);
#15474 = CARTESIAN_POINT('',(-72.,-29.5,64.));
#15475 = SURFACE_CURVE('',#15476,(#15480,#15486),.PCURVE_S1.);
#15476 = LINE('',#15477,#15478);
#15477 = CARTESIAN_POINT('',(-73.75,-29.5,64.));
#15478 = VECTOR('',#15479,1.);
#15479 = DIRECTION('',(-1.,0.,0.));
#15480 = PCURVE('',#5481,#15481);
#15481 = DEFINITIONAL_REPRESENTATION('',(#15482),#15485);
#15482 = B_SPLINE_CURVE_WITH_KNOTS('',1,(#15483,#15484),.UNSPECIFIED.,
  .F.,.F.,(2,2),(-1.75,-1.25),.PIECEWISE_BEZIER_KNOTS.);
#15483 = CARTESIAN_POINT('',(3.,14.5));
#15484 = CARTESIAN_POINT('',(2.5,14.5));
#15485 = ( GEOMETRIC_REPRESENTATION_CONTEXT(2) 
PARAMETRIC_REPRESENTATION_CONTEXT() REPRESENTATION_CONTEXT('2D SPACE',''
  ) );
#15486 = PCURVE('',#8549,#15487);
#15487 = DEFINITIONAL_REPRESENTATION('',(#15488),#15491);
#15488 = B_SPLINE_CURVE_WITH_KNOTS('',1,(#15489,#15490),.UNSPECIFIED.,
  .F.,.F.,(2,2),(-1.75,-1.25),.PIECEWISE_BEZIER_KNOTS.);
#15489 = CARTESIAN_POINT('',(61.,0.5));
#15490 = CARTESIAN_POINT('',(61.,0.));
#15491 = ( GEOMETRIC_REPRESENTATION_CONTEXT(2) 
PARAMETRIC_REPRESENTATION_CONTEXT() REPRESENTATION_CONTEXT('2D SPACE',''
  ) );
#15492 = ORIENTED_EDGE('',*,*,#15493,.T.);
#15493 = EDGE_CURVE('',#15473,#15494,#15496,.T.);
#15494 = VERTEX_POINT('',#15495);
#15495 = CARTESIAN_POINT('',(-72.,29.5,64.));
#15496 = SURFACE_CURVE('',#15497,(#15501,#15508),.PCURVE_S1.);
#15497 = LINE('',#15498,#15499);
#15498 = CARTESIAN_POINT('',(-72.,-44.,64.));
#15499 = VECTOR('',#15500,1.);
#15500 = DIRECTION('',(0.,1.,0.));
#15501 = PCURVE('',#5481,#15502);
#15502 = DEFINITIONAL_REPRESENTATION('',(#15503),#15507);
#15503 = LINE('',#15504,#15505);
#15504 = CARTESIAN_POINT('',(3.,0.));
#15505 = VECTOR('',#15506,1.);
#15506 = DIRECTION('',(0.,1.));
#15507 = ( GEOMETRIC_REPRESENTATION_CONTEXT(2) 
PARAMETRIC_REPRESENTATION_CONTEXT() REPRESENTATION_CONTEXT('2D SPACE',''
  ) );
#15508 = PCURVE('',#15509,#15514);
#15509 = PLANE('',#15510);
#15510 = AXIS2_PLACEMENT_3D('',#15511,#15512,#15513);
#15511 = CARTESIAN_POINT('',(-72.,-44.,56.));
#15512 = DIRECTION('',(1.,0.,0.));
#15513 = DIRECTION('',(0.,0.,1.));
#15514 = DEFINITIONAL_REPRESENTATION('',(#15515),#15519);
#15515 = LINE('',#15516,#15517);
#15516 = CARTESIAN_POINT('',(8.,0.));
#15517 = VECTOR('',#15518,1.);
#15518 = DIRECTION('',(0.,-1.));
#15519 = ( GEOMETRIC_REPRESENTATION_CONTEXT(2) 
PARAMETRIC_REPRESENTATION_CONTEXT() REPRESENTATION_CONTEXT('2D SPACE',''
  ) );
#15520 = ORIENTED_EDGE('',*,*,#15521,.T.);
#15521 = EDGE_CURVE('',#15494,#15522,#15524,.T.);
#15522 = VERTEX_POINT('',#15523);
#15523 = CARTESIAN_POINT('',(-72.5,29.5,64.));
#15524 = SURFACE_CURVE('',#15525,(#15529,#15535),.PCURVE_S1.);
#15525 = LINE('',#15526,#15527);
#15526 = CARTESIAN_POINT('',(-73.75,29.5,64.));
#15527 = VECTOR('',#15528,1.);
#15528 = DIRECTION('',(-1.,0.,0.));
#15529 = PCURVE('',#5481,#15530);
#15530 = DEFINITIONAL_REPRESENTATION('',(#15531),#15534);
#15531 = B_SPLINE_CURVE_WITH_KNOTS('',1,(#15532,#15533),.UNSPECIFIED.,
  .F.,.F.,(2,2),(-1.75,-1.25),.PIECEWISE_BEZIER_KNOTS.);
#15532 = CARTESIAN_POINT('',(3.,73.5));
#15533 = CARTESIAN_POINT('',(2.5,73.5));
#15534 = ( GEOMETRIC_REPRESENTATION_CONTEXT(2) 
PARAMETRIC_REPRESENTATION_CONTEXT() REPRESENTATION_CONTEXT('2D SPACE',''
  ) );
#15535 = PCURVE('',#10862,#15536);
#15536 = DEFINITIONAL_REPRESENTATION('',(#15537),#15540);
#15537 = B_SPLINE_CURVE_WITH_KNOTS('',1,(#15538,#15539),.UNSPECIFIED.,
  .F.,.F.,(2,2),(-1.75,-1.25),.PIECEWISE_BEZIER_KNOTS.);
#15538 = CARTESIAN_POINT('',(61.,0.5));
#15539 = CARTESIAN_POINT('',(61.,0.));
#15540 = ( GEOMETRIC_REPRESENTATION_CONTEXT(2) 
PARAMETRIC_REPRESENTATION_CONTEXT() REPRESENTATION_CONTEXT('2D SPACE',''
  ) );
#15541 = ORIENTED_EDGE('',*,*,#15542,.T.);
#15542 = EDGE_CURVE('',#15522,#11049,#15543,.T.);
#15543 = SURFACE_CURVE('',#15544,(#15548,#15554),.PCURVE_S1.);
#15544 = LINE('',#15545,#15546);
#15545 = CARTESIAN_POINT('',(-72.5,-7.25,64.));
#15546 = VECTOR('',#15547,1.);
#15547 = DIRECTION('',(0.,1.,0.));
#15548 = PCURVE('',#5481,#15549);
#15549 = DEFINITIONAL_REPRESENTATION('',(#15550),#15553);
#15550 = B_SPLINE_CURVE_WITH_KNOTS('',1,(#15551,#15552),.UNSPECIFIED.,
  .F.,.F.,(2,2),(36.75,45.75),.PIECEWISE_BEZIER_KNOTS.);
#15551 = CARTESIAN_POINT('',(2.5,73.5));
#15552 = CARTESIAN_POINT('',(2.5,82.5));
#15553 = ( GEOMETRIC_REPRESENTATION_CONTEXT(2) 
PARAMETRIC_REPRESENTATION_CONTEXT() REPRESENTATION_CONTEXT('2D SPACE',''
  ) );
#15554 = PCURVE('',#11085,#15555);
#15555 = DEFINITIONAL_REPRESENTATION('',(#15556),#15559);
#15556 = B_SPLINE_CURVE_WITH_KNOTS('',1,(#15557,#15558),.UNSPECIFIED.,
  .F.,.F.,(2,2),(36.75,45.75),.PIECEWISE_BEZIER_KNOTS.);
#15557 = CARTESIAN_POINT('',(61.,0.));
#15558 = CARTESIAN_POINT('',(61.,-9.));
#15559 = ( GEOMETRIC_REPRESENTATION_CONTEXT(2) 
PARAMETRIC_REPRESENTATION_CONTEXT() REPRESENTATION_CONTEXT('2D SPACE',''
  ) );
#15560 = ORIENTED_EDGE('',*,*,#11048,.F.);
#15561 = ADVANCED_FACE('',(#15562),#5453,.T.);
#15562 = FACE_BOUND('',#15563,.T.);
#15563 = EDGE_LOOP('',(#15564,#15565,#15566,#15587));
#15564 = ORIENTED_EDGE('',*,*,#15429,.F.);
#15565 = ORIENTED_EDGE('',*,*,#5437,.F.);
#15566 = ORIENTED_EDGE('',*,*,#15567,.T.);
#15567 = EDGE_CURVE('',#5410,#8637,#15568,.T.);
#15568 = SURFACE_CURVE('',#15569,(#15573,#15580),.PCURVE_S1.);
#15569 = LINE('',#15570,#15571);
#15570 = CARTESIAN_POINT('',(-72.,-44.,56.));
#15571 = VECTOR('',#15572,1.);
#15572 = DIRECTION('',(0.,1.,0.));
#15573 = PCURVE('',#5453,#15574);
#15574 = DEFINITIONAL_REPRESENTATION('',(#15575),#15579);
#15575 = LINE('',#15576,#15577);
#15576 = CARTESIAN_POINT('',(0.,0.));
#15577 = VECTOR('',#15578,1.);
#15578 = DIRECTION('',(0.,-1.));
#15579 = ( GEOMETRIC_REPRESENTATION_CONTEXT(2) 
PARAMETRIC_REPRESENTATION_CONTEXT() REPRESENTATION_CONTEXT('2D SPACE',''
  ) );
#15580 = PCURVE('',#5425,#15581);
#15581 = DEFINITIONAL_REPRESENTATION('',(#15582),#15586);
#15582 = LINE('',#15583,#15584);
#15583 = CARTESIAN_POINT('',(3.,0.));
#15584 = VECTOR('',#15585,1.);
#15585 = DIRECTION('',(0.,1.));
#15586 = ( GEOMETRIC_REPRESENTATION_CONTEXT(2) 
PARAMETRIC_REPRESENTATION_CONTEXT() REPRESENTATION_CONTEXT('2D SPACE',''
  ) );
#15587 = ORIENTED_EDGE('',*,*,#8657,.T.);
#15588 = ADVANCED_FACE('',(#15589),#5425,.F.);
#15589 = FACE_BOUND('',#15590,.F.);
#15590 = EDGE_LOOP('',(#15591,#15612,#15613,#15614,#15615,#15616,#15617,
    #15618,#15639,#15662,#15681,#15682));
#15591 = ORIENTED_EDGE('',*,*,#15592,.T.);
#15592 = EDGE_CURVE('',#11007,#6764,#15593,.T.);
#15593 = SURFACE_CURVE('',#15594,(#15598,#15605),.PCURVE_S1.);
#15594 = LINE('',#15595,#15596);
#15595 = CARTESIAN_POINT('',(-72.,-44.,56.));
#15596 = VECTOR('',#15597,1.);
#15597 = DIRECTION('',(0.,1.,0.));
#15598 = PCURVE('',#5425,#15599);
#15599 = DEFINITIONAL_REPRESENTATION('',(#15600),#15604);
#15600 = LINE('',#15601,#15602);
#15601 = CARTESIAN_POINT('',(3.,0.));
#15602 = VECTOR('',#15603,1.);
#15603 = DIRECTION('',(0.,1.));
#15604 = ( GEOMETRIC_REPRESENTATION_CONTEXT(2) 
PARAMETRIC_REPRESENTATION_CONTEXT() REPRESENTATION_CONTEXT('2D SPACE',''
  ) );
#15605 = PCURVE('',#6802,#15606);
#15606 = DEFINITIONAL_REPRESENTATION('',(#15607),#15611);
#15607 = LINE('',#15608,#15609);
#15608 = CARTESIAN_POINT('',(0.,0.));
#15609 = VECTOR('',#15610,1.);
#15610 = DIRECTION('',(0.,-1.));
#15611 = ( GEOMETRIC_REPRESENTATION_CONTEXT(2) 
PARAMETRIC_REPRESENTATION_CONTEXT() REPRESENTATION_CONTEXT('2D SPACE',''
  ) );
#15612 = ORIENTED_EDGE('',*,*,#6763,.F.);
#15613 = ORIENTED_EDGE('',*,*,#15319,.F.);
#15614 = ORIENTED_EDGE('',*,*,#5409,.T.);
#15615 = ORIENTED_EDGE('',*,*,#15567,.T.);
#15616 = ORIENTED_EDGE('',*,*,#8636,.T.);
#15617 = ORIENTED_EDGE('',*,*,#8561,.T.);
#15618 = ORIENTED_EDGE('',*,*,#15619,.F.);
#15619 = EDGE_CURVE('',#15620,#8534,#15622,.T.);
#15620 = VERTEX_POINT('',#15621);
#15621 = CARTESIAN_POINT('',(-72.,-29.5,56.));
#15622 = SURFACE_CURVE('',#15623,(#15627,#15633),.PCURVE_S1.);
#15623 = LINE('',#15624,#15625);
#15624 = CARTESIAN_POINT('',(-73.75,-29.5,56.));
#15625 = VECTOR('',#15626,1.);
#15626 = DIRECTION('',(-1.,0.,0.));
#15627 = PCURVE('',#5425,#15628);
#15628 = DEFINITIONAL_REPRESENTATION('',(#15629),#15632);
#15629 = B_SPLINE_CURVE_WITH_KNOTS('',1,(#15630,#15631),.UNSPECIFIED.,
  .F.,.F.,(2,2),(-1.75,-1.25),.PIECEWISE_BEZIER_KNOTS.);
#15630 = CARTESIAN_POINT('',(3.,14.5));
#15631 = CARTESIAN_POINT('',(2.5,14.5));
#15632 = ( GEOMETRIC_REPRESENTATION_CONTEXT(2) 
PARAMETRIC_REPRESENTATION_CONTEXT() REPRESENTATION_CONTEXT('2D SPACE',''
  ) );
#15633 = PCURVE('',#8549,#15634);
#15634 = DEFINITIONAL_REPRESENTATION('',(#15635),#15638);
#15635 = B_SPLINE_CURVE_WITH_KNOTS('',1,(#15636,#15637),.UNSPECIFIED.,
  .F.,.F.,(2,2),(-1.75,-1.25),.PIECEWISE_BEZIER_KNOTS.);
#15636 = CARTESIAN_POINT('',(53.,0.5));
#15637 = CARTESIAN_POINT('',(53.,0.));
#15638 = ( GEOMETRIC_REPRESENTATION_CONTEXT(2) 
PARAMETRIC_REPRESENTATION_CONTEXT() REPRESENTATION_CONTEXT('2D SPACE',''
  ) );
#15639 = ORIENTED_EDGE('',*,*,#15640,.T.);
#15640 = EDGE_CURVE('',#15620,#15641,#15643,.T.);
#15641 = VERTEX_POINT('',#15642);
#15642 = CARTESIAN_POINT('',(-72.,29.5,56.));
#15643 = SURFACE_CURVE('',#15644,(#15648,#15655),.PCURVE_S1.);
#15644 = LINE('',#15645,#15646);
#15645 = CARTESIAN_POINT('',(-72.,-44.,56.));
#15646 = VECTOR('',#15647,1.);
#15647 = DIRECTION('',(0.,1.,0.));
#15648 = PCURVE('',#5425,#15649);
#15649 = DEFINITIONAL_REPRESENTATION('',(#15650),#15654);
#15650 = LINE('',#15651,#15652);
#15651 = CARTESIAN_POINT('',(3.,0.));
#15652 = VECTOR('',#15653,1.);
#15653 = DIRECTION('',(0.,1.));
#15654 = ( GEOMETRIC_REPRESENTATION_CONTEXT(2) 
PARAMETRIC_REPRESENTATION_CONTEXT() REPRESENTATION_CONTEXT('2D SPACE',''
  ) );
#15655 = PCURVE('',#15509,#15656);
#15656 = DEFINITIONAL_REPRESENTATION('',(#15657),#15661);
#15657 = LINE('',#15658,#15659);
#15658 = CARTESIAN_POINT('',(0.,0.));
#15659 = VECTOR('',#15660,1.);
#15660 = DIRECTION('',(0.,-1.));
#15661 = ( GEOMETRIC_REPRESENTATION_CONTEXT(2) 
PARAMETRIC_REPRESENTATION_CONTEXT() REPRESENTATION_CONTEXT('2D SPACE',''
  ) );
#15662 = ORIENTED_EDGE('',*,*,#15663,.T.);
#15663 = EDGE_CURVE('',#15641,#10825,#15664,.T.);
#15664 = SURFACE_CURVE('',#15665,(#15669,#15675),.PCURVE_S1.);
#15665 = LINE('',#15666,#15667);
#15666 = CARTESIAN_POINT('',(-73.75,29.5,56.));
#15667 = VECTOR('',#15668,1.);
#15668 = DIRECTION('',(-1.,0.,0.));
#15669 = PCURVE('',#5425,#15670);
#15670 = DEFINITIONAL_REPRESENTATION('',(#15671),#15674);
#15671 = B_SPLINE_CURVE_WITH_KNOTS('',1,(#15672,#15673),.UNSPECIFIED.,
  .F.,.F.,(2,2),(-1.75,-1.25),.PIECEWISE_BEZIER_KNOTS.);
#15672 = CARTESIAN_POINT('',(3.,73.5));
#15673 = CARTESIAN_POINT('',(2.5,73.5));
#15674 = ( GEOMETRIC_REPRESENTATION_CONTEXT(2) 
PARAMETRIC_REPRESENTATION_CONTEXT() REPRESENTATION_CONTEXT('2D SPACE',''
  ) );
#15675 = PCURVE('',#10862,#15676);
#15676 = DEFINITIONAL_REPRESENTATION('',(#15677),#15680);
#15677 = B_SPLINE_CURVE_WITH_KNOTS('',1,(#15678,#15679),.UNSPECIFIED.,
  .F.,.F.,(2,2),(-1.75,-1.25),.PIECEWISE_BEZIER_KNOTS.);
#15678 = CARTESIAN_POINT('',(53.,0.5));
#15679 = CARTESIAN_POINT('',(53.,0.));
#15680 = ( GEOMETRIC_REPRESENTATION_CONTEXT(2) 
PARAMETRIC_REPRESENTATION_CONTEXT() REPRESENTATION_CONTEXT('2D SPACE',''
  ) );
#15681 = ORIENTED_EDGE('',*,*,#10824,.T.);
#15682 = ORIENTED_EDGE('',*,*,#11006,.F.);
#15683 = ADVANCED_FACE('',(#15684),#5725,.F.);
#15684 = FACE_BOUND('',#15685,.F.);
#15685 = EDGE_LOOP('',(#15686,#15687,#15708,#15709));
#15686 = ORIENTED_EDGE('',*,*,#5708,.F.);
#15687 = ORIENTED_EDGE('',*,*,#15688,.F.);
#15688 = EDGE_CURVE('',#12873,#5709,#15689,.T.);
#15689 = SEAM_CURVE('',#15690,(#15694,#15701),.PCURVE_S1.);
#15690 = LINE('',#15691,#15692);
#15691 = CARTESIAN_POINT('',(-67.,-51.5,28.65));
#15692 = VECTOR('',#15693,1.);
#15693 = DIRECTION('',(0.,1.,0.));
#15694 = PCURVE('',#5725,#15695);
#15695 = DEFINITIONAL_REPRESENTATION('',(#15696),#15700);
#15696 = LINE('',#15697,#15698);
#15697 = CARTESIAN_POINT('',(6.28318530718,-0.));
#15698 = VECTOR('',#15699,1.);
#15699 = DIRECTION('',(0.,1.));
#15700 = ( GEOMETRIC_REPRESENTATION_CONTEXT(2) 
PARAMETRIC_REPRESENTATION_CONTEXT() REPRESENTATION_CONTEXT('2D SPACE',''
  ) );
#15701 = PCURVE('',#5725,#15702);
#15702 = DEFINITIONAL_REPRESENTATION('',(#15703),#15707);
#15703 = LINE('',#15704,#15705);
#15704 = CARTESIAN_POINT('',(0.,-0.));
#15705 = VECTOR('',#15706,1.);
#15706 = DIRECTION('',(0.,1.));
#15707 = ( GEOMETRIC_REPRESENTATION_CONTEXT(2) 
PARAMETRIC_REPRESENTATION_CONTEXT() REPRESENTATION_CONTEXT('2D SPACE',''
  ) );
#15708 = ORIENTED_EDGE('',*,*,#12872,.T.);
#15709 = ORIENTED_EDGE('',*,*,#15688,.T.);
#15710 = ADVANCED_FACE('',(#15711),#5756,.F.);
#15711 = FACE_BOUND('',#15712,.F.);
#15712 = EDGE_LOOP('',(#15713,#15714,#15735,#15736));
#15713 = ORIENTED_EDGE('',*,*,#5739,.F.);
#15714 = ORIENTED_EDGE('',*,*,#15715,.F.);
#15715 = EDGE_CURVE('',#12899,#5740,#15716,.T.);
#15716 = SEAM_CURVE('',#15717,(#15721,#15728),.PCURVE_S1.);
#15717 = LINE('',#15718,#15719);
#15718 = CARTESIAN_POINT('',(-53.,-51.5,28.65));
#15719 = VECTOR('',#15720,1.);
#15720 = DIRECTION('',(0.,1.,0.));
#15721 = PCURVE('',#5756,#15722);
#15722 = DEFINITIONAL_REPRESENTATION('',(#15723),#15727);
#15723 = LINE('',#15724,#15725);
#15724 = CARTESIAN_POINT('',(6.28318530718,-0.));
#15725 = VECTOR('',#15726,1.);
#15726 = DIRECTION('',(0.,1.));
#15727 = ( GEOMETRIC_REPRESENTATION_CONTEXT(2) 
PARAMETRIC_REPRESENTATION_CONTEXT() REPRESENTATION_CONTEXT('2D SPACE',''
  ) );
#15728 = PCURVE('',#5756,#15729);
#15729 = DEFINITIONAL_REPRESENTATION('',(#15730),#15734);
#15730 = LINE('',#15731,#15732);
#15731 = CARTESIAN_POINT('',(0.,-0.));
#15732 = VECTOR('',#15733,1.);
#15733 = DIRECTION('',(0.,1.));
#15734 = ( GEOMETRIC_REPRESENTATION_CONTEXT(2) 
PARAMETRIC_REPRESENTATION_CONTEXT() REPRESENTATION_CONTEXT('2D SPACE',''
  ) );
#15735 = ORIENTED_EDGE('',*,*,#12898,.T.);
#15736 = ORIENTED_EDGE('',*,*,#15715,.T.);
#15737 = ADVANCED_FACE('',(#15738),#5787,.F.);
#15738 = FACE_BOUND('',#15739,.F.);
#15739 = EDGE_LOOP('',(#15740,#15761,#15762,#15783));
#15740 = ORIENTED_EDGE('',*,*,#15741,.F.);
#15741 = EDGE_CURVE('',#12925,#5771,#15742,.T.);
#15742 = SURFACE_CURVE('',#15743,(#15747,#15754),.PCURVE_S1.);
#15743 = LINE('',#15744,#15745);
#15744 = CARTESIAN_POINT('',(-41.5,-49.,23.));
#15745 = VECTOR('',#15746,1.);
#15746 = DIRECTION('',(0.,1.,0.));
#15747 = PCURVE('',#5787,#15748);
#15748 = DEFINITIONAL_REPRESENTATION('',(#15749),#15753);
#15749 = LINE('',#15750,#15751);
#15750 = CARTESIAN_POINT('',(0.,0.));
#15751 = VECTOR('',#15752,1.);
#15752 = DIRECTION('',(0.,1.));
#15753 = ( GEOMETRIC_REPRESENTATION_CONTEXT(2) 
PARAMETRIC_REPRESENTATION_CONTEXT() REPRESENTATION_CONTEXT('2D SPACE',''
  ) );
#15754 = PCURVE('',#5813,#15755);
#15755 = DEFINITIONAL_REPRESENTATION('',(#15756),#15760);
#15756 = LINE('',#15757,#15758);
#15757 = CARTESIAN_POINT('',(16.,0.));
#15758 = VECTOR('',#15759,1.);
#15759 = DIRECTION('',(0.,-1.));
#15760 = ( GEOMETRIC_REPRESENTATION_CONTEXT(2) 
PARAMETRIC_REPRESENTATION_CONTEXT() REPRESENTATION_CONTEXT('2D SPACE',''
  ) );
#15761 = ORIENTED_EDGE('',*,*,#12924,.T.);
#15762 = ORIENTED_EDGE('',*,*,#15763,.T.);
#15763 = EDGE_CURVE('',#12927,#5773,#15764,.T.);
#15764 = SURFACE_CURVE('',#15765,(#15769,#15776),.PCURVE_S1.);
#15765 = LINE('',#15766,#15767);
#15766 = CARTESIAN_POINT('',(-22.5,-49.,23.));
#15767 = VECTOR('',#15768,1.);
#15768 = DIRECTION('',(0.,1.,0.));
#15769 = PCURVE('',#5787,#15770);
#15770 = DEFINITIONAL_REPRESENTATION('',(#15771),#15775);
#15771 = LINE('',#15772,#15773);
#15772 = CARTESIAN_POINT('',(19.,0.));
#15773 = VECTOR('',#15774,1.);
#15774 = DIRECTION('',(0.,1.));
#15775 = ( GEOMETRIC_REPRESENTATION_CONTEXT(2) 
PARAMETRIC_REPRESENTATION_CONTEXT() REPRESENTATION_CONTEXT('2D SPACE',''
  ) );
#15776 = PCURVE('',#5863,#15777);
#15777 = DEFINITIONAL_REPRESENTATION('',(#15778),#15782);
#15778 = LINE('',#15779,#15780);
#15779 = CARTESIAN_POINT('',(16.,0.));
#15780 = VECTOR('',#15781,1.);
#15781 = DIRECTION('',(0.,-1.));
#15782 = ( GEOMETRIC_REPRESENTATION_CONTEXT(2) 
PARAMETRIC_REPRESENTATION_CONTEXT() REPRESENTATION_CONTEXT('2D SPACE',''
  ) );
#15783 = ORIENTED_EDGE('',*,*,#5770,.F.);
#15784 = ADVANCED_FACE('',(#15785),#5813,.T.);
#15785 = FACE_BOUND('',#15786,.T.);
#15786 = EDGE_LOOP('',(#15787,#15788,#15789,#15810));
#15787 = ORIENTED_EDGE('',*,*,#15741,.F.);
#15788 = ORIENTED_EDGE('',*,*,#12948,.T.);
#15789 = ORIENTED_EDGE('',*,*,#15790,.T.);
#15790 = EDGE_CURVE('',#12949,#5799,#15791,.T.);
#15791 = SURFACE_CURVE('',#15792,(#15796,#15803),.PCURVE_S1.);
#15792 = LINE('',#15793,#15794);
#15793 = CARTESIAN_POINT('',(-41.5,-49.,7.));
#15794 = VECTOR('',#15795,1.);
#15795 = DIRECTION('',(0.,1.,0.));
#15796 = PCURVE('',#5813,#15797);
#15797 = DEFINITIONAL_REPRESENTATION('',(#15798),#15802);
#15798 = LINE('',#15799,#15800);
#15799 = CARTESIAN_POINT('',(0.,0.));
#15800 = VECTOR('',#15801,1.);
#15801 = DIRECTION('',(0.,-1.));
#15802 = ( GEOMETRIC_REPRESENTATION_CONTEXT(2) 
PARAMETRIC_REPRESENTATION_CONTEXT() REPRESENTATION_CONTEXT('2D SPACE',''
  ) );
#15803 = PCURVE('',#5839,#15804);
#15804 = DEFINITIONAL_REPRESENTATION('',(#15805),#15809);
#15805 = LINE('',#15806,#15807);
#15806 = CARTESIAN_POINT('',(0.,0.));
#15807 = VECTOR('',#15808,1.);
#15808 = DIRECTION('',(0.,1.));
#15809 = ( GEOMETRIC_REPRESENTATION_CONTEXT(2) 
PARAMETRIC_REPRESENTATION_CONTEXT() REPRESENTATION_CONTEXT('2D SPACE',''
  ) );
#15810 = ORIENTED_EDGE('',*,*,#5798,.F.);
#15811 = ADVANCED_FACE('',(#15812),#5863,.F.);
#15812 = FACE_BOUND('',#15813,.F.);
#15813 = EDGE_LOOP('',(#15814,#15815,#15816,#15837));
#15814 = ORIENTED_EDGE('',*,*,#15763,.F.);
#15815 = ORIENTED_EDGE('',*,*,#12992,.T.);
#15816 = ORIENTED_EDGE('',*,*,#15817,.T.);
#15817 = EDGE_CURVE('',#12971,#5825,#15818,.T.);
#15818 = SURFACE_CURVE('',#15819,(#15823,#15830),.PCURVE_S1.);
#15819 = LINE('',#15820,#15821);
#15820 = CARTESIAN_POINT('',(-22.5,-49.,7.));
#15821 = VECTOR('',#15822,1.);
#15822 = DIRECTION('',(0.,1.,0.));
#15823 = PCURVE('',#5863,#15824);
#15824 = DEFINITIONAL_REPRESENTATION('',(#15825),#15829);
#15825 = LINE('',#15826,#15827);
#15826 = CARTESIAN_POINT('',(0.,0.));
#15827 = VECTOR('',#15828,1.);
#15828 = DIRECTION('',(0.,-1.));
#15829 = ( GEOMETRIC_REPRESENTATION_CONTEXT(2) 
PARAMETRIC_REPRESENTATION_CONTEXT() REPRESENTATION_CONTEXT('2D SPACE',''
  ) );
#15830 = PCURVE('',#5839,#15831);
#15831 = DEFINITIONAL_REPRESENTATION('',(#15832),#15836);
#15832 = LINE('',#15833,#15834);
#15833 = CARTESIAN_POINT('',(19.,0.));
#15834 = VECTOR('',#15835,1.);
#15835 = DIRECTION('',(0.,1.));
#15836 = ( GEOMETRIC_REPRESENTATION_CONTEXT(2) 
PARAMETRIC_REPRESENTATION_CONTEXT() REPRESENTATION_CONTEXT('2D SPACE',''
  ) );
#15837 = ORIENTED_EDGE('',*,*,#5850,.F.);
#15838 = ADVANCED_FACE('',(#15839),#5839,.T.);
#15839 = FACE_BOUND('',#15840,.T.);
#15840 = EDGE_LOOP('',(#15841,#15842,#15843,#15844));
#15841 = ORIENTED_EDGE('',*,*,#15790,.F.);
#15842 = ORIENTED_EDGE('',*,*,#12970,.T.);
#15843 = ORIENTED_EDGE('',*,*,#15817,.T.);
#15844 = ORIENTED_EDGE('',*,*,#5824,.F.);
#15845 = ADVANCED_FACE('',(#15846),#5893,.F.);
#15846 = FACE_BOUND('',#15847,.F.);
#15847 = EDGE_LOOP('',(#15848,#15849,#15870,#15871));
#15848 = ORIENTED_EDGE('',*,*,#5876,.F.);
#15849 = ORIENTED_EDGE('',*,*,#15850,.F.);
#15850 = EDGE_CURVE('',#13015,#5877,#15851,.T.);
#15851 = SEAM_CURVE('',#15852,(#15856,#15863),.PCURVE_S1.);
#15852 = LINE('',#15853,#15854);
#15853 = CARTESIAN_POINT('',(-43.2,-51.5,43.2));
#15854 = VECTOR('',#15855,1.);
#15855 = DIRECTION('',(0.,1.,0.));
#15856 = PCURVE('',#5893,#15857);
#15857 = DEFINITIONAL_REPRESENTATION('',(#15858),#15862);
#15858 = LINE('',#15859,#15860);
#15859 = CARTESIAN_POINT('',(6.28318530718,-0.));
#15860 = VECTOR('',#15861,1.);
#15861 = DIRECTION('',(0.,1.));
#15862 = ( GEOMETRIC_REPRESENTATION_CONTEXT(2) 
PARAMETRIC_REPRESENTATION_CONTEXT() REPRESENTATION_CONTEXT('2D SPACE',''
  ) );
#15863 = PCURVE('',#5893,#15864);
#15864 = DEFINITIONAL_REPRESENTATION('',(#15865),#15869);
#15865 = LINE('',#15866,#15867);
#15866 = CARTESIAN_POINT('',(0.,-0.));
#15867 = VECTOR('',#15868,1.);
#15868 = DIRECTION('',(0.,1.));
#15869 = ( GEOMETRIC_REPRESENTATION_CONTEXT(2) 
PARAMETRIC_REPRESENTATION_CONTEXT() REPRESENTATION_CONTEXT('2D SPACE',''
  ) );
#15870 = ORIENTED_EDGE('',*,*,#13014,.T.);
#15871 = ORIENTED_EDGE('',*,*,#15850,.T.);
#15872 = ADVANCED_FACE('',(#15873),#5924,.F.);
#15873 = FACE_BOUND('',#15874,.F.);
#15874 = EDGE_LOOP('',(#15875,#15876,#15897,#15898));
#15875 = ORIENTED_EDGE('',*,*,#5907,.F.);
#15876 = ORIENTED_EDGE('',*,*,#15877,.F.);
#15877 = EDGE_CURVE('',#13041,#5908,#15878,.T.);
#15878 = SEAM_CURVE('',#15879,(#15883,#15890),.PCURVE_S1.);
#15879 = LINE('',#15880,#15881);
#15880 = CARTESIAN_POINT('',(-67.,-51.5,59.65));
#15881 = VECTOR('',#15882,1.);
#15882 = DIRECTION('',(0.,1.,0.));
#15883 = PCURVE('',#5924,#15884);
#15884 = DEFINITIONAL_REPRESENTATION('',(#15885),#15889);
#15885 = LINE('',#15886,#15887);
#15886 = CARTESIAN_POINT('',(6.28318530718,-0.));
#15887 = VECTOR('',#15888,1.);
#15888 = DIRECTION('',(0.,1.));
#15889 = ( GEOMETRIC_REPRESENTATION_CONTEXT(2) 
PARAMETRIC_REPRESENTATION_CONTEXT() REPRESENTATION_CONTEXT('2D SPACE',''
  ) );
#15890 = PCURVE('',#5924,#15891);
#15891 = DEFINITIONAL_REPRESENTATION('',(#15892),#15896);
#15892 = LINE('',#15893,#15894);
#15893 = CARTESIAN_POINT('',(0.,-0.));
#15894 = VECTOR('',#15895,1.);
#15895 = DIRECTION('',(0.,1.));
#15896 = ( GEOMETRIC_REPRESENTATION_CONTEXT(2) 
PARAMETRIC_REPRESENTATION_CONTEXT() REPRESENTATION_CONTEXT('2D SPACE',''
  ) );
#15897 = ORIENTED_EDGE('',*,*,#13040,.T.);
#15898 = ORIENTED_EDGE('',*,*,#15877,.T.);
#15899 = ADVANCED_FACE('',(#15900),#5955,.F.);
#15900 = FACE_BOUND('',#15901,.F.);
#15901 = EDGE_LOOP('',(#15902,#15903,#15924,#15925));
#15902 = ORIENTED_EDGE('',*,*,#5938,.F.);
#15903 = ORIENTED_EDGE('',*,*,#15904,.F.);
#15904 = EDGE_CURVE('',#13067,#5939,#15905,.T.);
#15905 = SEAM_CURVE('',#15906,(#15910,#15917),.PCURVE_S1.);
#15906 = LINE('',#15907,#15908);
#15907 = CARTESIAN_POINT('',(-53.,-51.5,59.65));
#15908 = VECTOR('',#15909,1.);
#15909 = DIRECTION('',(0.,1.,0.));
#15910 = PCURVE('',#5955,#15911);
#15911 = DEFINITIONAL_REPRESENTATION('',(#15912),#15916);
#15912 = LINE('',#15913,#15914);
#15913 = CARTESIAN_POINT('',(6.28318530718,-0.));
#15914 = VECTOR('',#15915,1.);
#15915 = DIRECTION('',(0.,1.));
#15916 = ( GEOMETRIC_REPRESENTATION_CONTEXT(2) 
PARAMETRIC_REPRESENTATION_CONTEXT() REPRESENTATION_CONTEXT('2D SPACE',''
  ) );
#15917 = PCURVE('',#5955,#15918);
#15918 = DEFINITIONAL_REPRESENTATION('',(#15919),#15923);
#15919 = LINE('',#15920,#15921);
#15920 = CARTESIAN_POINT('',(0.,-0.));
#15921 = VECTOR('',#15922,1.);
#15922 = DIRECTION('',(0.,1.));
#15923 = ( GEOMETRIC_REPRESENTATION_CONTEXT(2) 
PARAMETRIC_REPRESENTATION_CONTEXT() REPRESENTATION_CONTEXT('2D SPACE',''
  ) );
#15924 = ORIENTED_EDGE('',*,*,#13066,.T.);
#15925 = ORIENTED_EDGE('',*,*,#15904,.T.);
#15926 = ADVANCED_FACE('',(#15927),#5986,.F.);
#15927 = FACE_BOUND('',#15928,.F.);
#15928 = EDGE_LOOP('',(#15929,#15950,#15951,#15972));
#15929 = ORIENTED_EDGE('',*,*,#15930,.F.);
#15930 = EDGE_CURVE('',#13093,#5970,#15931,.T.);
#15931 = SURFACE_CURVE('',#15932,(#15936,#15943),.PCURVE_S1.);
#15932 = LINE('',#15933,#15934);
#15933 = CARTESIAN_POINT('',(-41.1,-50.,48.3));
#15934 = VECTOR('',#15935,1.);
#15935 = DIRECTION('',(0.,1.,0.));
#15936 = PCURVE('',#5986,#15937);
#15937 = DEFINITIONAL_REPRESENTATION('',(#15938),#15942);
#15938 = LINE('',#15939,#15940);
#15939 = CARTESIAN_POINT('',(0.,0.));
#15940 = VECTOR('',#15941,1.);
#15941 = DIRECTION('',(0.,1.));
#15942 = ( GEOMETRIC_REPRESENTATION_CONTEXT(2) 
PARAMETRIC_REPRESENTATION_CONTEXT() REPRESENTATION_CONTEXT('2D SPACE',''
  ) );
#15943 = PCURVE('',#6012,#15944);
#15944 = DEFINITIONAL_REPRESENTATION('',(#15945),#15949);
#15945 = LINE('',#15946,#15947);
#15946 = CARTESIAN_POINT('',(12.6,0.));
#15947 = VECTOR('',#15948,1.);
#15948 = DIRECTION('',(0.,-1.));
#15949 = ( GEOMETRIC_REPRESENTATION_CONTEXT(2) 
PARAMETRIC_REPRESENTATION_CONTEXT() REPRESENTATION_CONTEXT('2D SPACE',''
  ) );
#15950 = ORIENTED_EDGE('',*,*,#13092,.T.);
#15951 = ORIENTED_EDGE('',*,*,#15952,.T.);
#15952 = EDGE_CURVE('',#13095,#5972,#15953,.T.);
#15953 = SURFACE_CURVE('',#15954,(#15958,#15965),.PCURVE_S1.);
#15954 = LINE('',#15955,#15956);
#15955 = CARTESIAN_POINT('',(-17.5,-50.,48.3));
#15956 = VECTOR('',#15957,1.);
#15957 = DIRECTION('',(0.,1.,0.));
#15958 = PCURVE('',#5986,#15959);
#15959 = DEFINITIONAL_REPRESENTATION('',(#15960),#15964);
#15960 = LINE('',#15961,#15962);
#15961 = CARTESIAN_POINT('',(23.6,0.));
#15962 = VECTOR('',#15963,1.);
#15963 = DIRECTION('',(0.,1.));
#15964 = ( GEOMETRIC_REPRESENTATION_CONTEXT(2) 
PARAMETRIC_REPRESENTATION_CONTEXT() REPRESENTATION_CONTEXT('2D SPACE',''
  ) );
#15965 = PCURVE('',#6062,#15966);
#15966 = DEFINITIONAL_REPRESENTATION('',(#15967),#15971);
#15967 = LINE('',#15968,#15969);
#15968 = CARTESIAN_POINT('',(12.6,0.));
#15969 = VECTOR('',#15970,1.);
#15970 = DIRECTION('',(0.,-1.));
#15971 = ( GEOMETRIC_REPRESENTATION_CONTEXT(2) 
PARAMETRIC_REPRESENTATION_CONTEXT() REPRESENTATION_CONTEXT('2D SPACE',''
  ) );
#15972 = ORIENTED_EDGE('',*,*,#5969,.F.);
#15973 = ADVANCED_FACE('',(#15974),#6012,.T.);
#15974 = FACE_BOUND('',#15975,.T.);
#15975 = EDGE_LOOP('',(#15976,#15977,#15978,#15999));
#15976 = ORIENTED_EDGE('',*,*,#15930,.F.);
#15977 = ORIENTED_EDGE('',*,*,#13116,.T.);
#15978 = ORIENTED_EDGE('',*,*,#15979,.T.);
#15979 = EDGE_CURVE('',#13117,#5998,#15980,.T.);
#15980 = SURFACE_CURVE('',#15981,(#15985,#15992),.PCURVE_S1.);
#15981 = LINE('',#15982,#15983);
#15982 = CARTESIAN_POINT('',(-41.1,-50.,35.7));
#15983 = VECTOR('',#15984,1.);
#15984 = DIRECTION('',(0.,1.,0.));
#15985 = PCURVE('',#6012,#15986);
#15986 = DEFINITIONAL_REPRESENTATION('',(#15987),#15991);
#15987 = LINE('',#15988,#15989);
#15988 = CARTESIAN_POINT('',(0.,0.));
#15989 = VECTOR('',#15990,1.);
#15990 = DIRECTION('',(0.,-1.));
#15991 = ( GEOMETRIC_REPRESENTATION_CONTEXT(2) 
PARAMETRIC_REPRESENTATION_CONTEXT() REPRESENTATION_CONTEXT('2D SPACE',''
  ) );
#15992 = PCURVE('',#6038,#15993);
#15993 = DEFINITIONAL_REPRESENTATION('',(#15994),#15998);
#15994 = LINE('',#15995,#15996);
#15995 = CARTESIAN_POINT('',(0.,0.));
#15996 = VECTOR('',#15997,1.);
#15997 = DIRECTION('',(0.,1.));
#15998 = ( GEOMETRIC_REPRESENTATION_CONTEXT(2) 
PARAMETRIC_REPRESENTATION_CONTEXT() REPRESENTATION_CONTEXT('2D SPACE',''
  ) );
#15999 = ORIENTED_EDGE('',*,*,#5997,.F.);
#16000 = ADVANCED_FACE('',(#16001),#6062,.F.);
#16001 = FACE_BOUND('',#16002,.F.);
#16002 = EDGE_LOOP('',(#16003,#16004,#16005,#16026));
#16003 = ORIENTED_EDGE('',*,*,#15952,.F.);
#16004 = ORIENTED_EDGE('',*,*,#13160,.T.);
#16005 = ORIENTED_EDGE('',*,*,#16006,.T.);
#16006 = EDGE_CURVE('',#13139,#6024,#16007,.T.);
#16007 = SURFACE_CURVE('',#16008,(#16012,#16019),.PCURVE_S1.);
#16008 = LINE('',#16009,#16010);
#16009 = CARTESIAN_POINT('',(-17.5,-50.,35.7));
#16010 = VECTOR('',#16011,1.);
#16011 = DIRECTION('',(0.,1.,0.));
#16012 = PCURVE('',#6062,#16013);
#16013 = DEFINITIONAL_REPRESENTATION('',(#16014),#16018);
#16014 = LINE('',#16015,#16016);
#16015 = CARTESIAN_POINT('',(0.,0.));
#16016 = VECTOR('',#16017,1.);
#16017 = DIRECTION('',(0.,-1.));
#16018 = ( GEOMETRIC_REPRESENTATION_CONTEXT(2) 
PARAMETRIC_REPRESENTATION_CONTEXT() REPRESENTATION_CONTEXT('2D SPACE',''
  ) );
#16019 = PCURVE('',#6038,#16020);
#16020 = DEFINITIONAL_REPRESENTATION('',(#16021),#16025);
#16021 = LINE('',#16022,#16023);
#16022 = CARTESIAN_POINT('',(23.6,0.));
#16023 = VECTOR('',#16024,1.);
#16024 = DIRECTION('',(0.,1.));
#16025 = ( GEOMETRIC_REPRESENTATION_CONTEXT(2) 
PARAMETRIC_REPRESENTATION_CONTEXT() REPRESENTATION_CONTEXT('2D SPACE',''
  ) );
#16026 = ORIENTED_EDGE('',*,*,#6049,.F.);
#16027 = ADVANCED_FACE('',(#16028),#6038,.T.);
#16028 = FACE_BOUND('',#16029,.T.);
#16029 = EDGE_LOOP('',(#16030,#16031,#16032,#16033));
#16030 = ORIENTED_EDGE('',*,*,#15979,.F.);
#16031 = ORIENTED_EDGE('',*,*,#13138,.T.);
#16032 = ORIENTED_EDGE('',*,*,#16006,.T.);
#16033 = ORIENTED_EDGE('',*,*,#6023,.F.);
#16034 = ADVANCED_FACE('',(#16035),#6092,.F.);
#16035 = FACE_BOUND('',#16036,.F.);
#16036 = EDGE_LOOP('',(#16037,#16038,#16059,#16060));
#16037 = ORIENTED_EDGE('',*,*,#6075,.F.);
#16038 = ORIENTED_EDGE('',*,*,#16039,.F.);
#16039 = EDGE_CURVE('',#13183,#6076,#16040,.T.);
#16040 = SEAM_CURVE('',#16041,(#16045,#16052),.PCURVE_S1.);
#16041 = LINE('',#16042,#16043);
#16042 = CARTESIAN_POINT('',(-15.4,-51.5,43.2));
#16043 = VECTOR('',#16044,1.);
#16044 = DIRECTION('',(0.,1.,0.));
#16045 = PCURVE('',#6092,#16046);
#16046 = DEFINITIONAL_REPRESENTATION('',(#16047),#16051);
#16047 = LINE('',#16048,#16049);
#16048 = CARTESIAN_POINT('',(6.28318530718,-0.));
#16049 = VECTOR('',#16050,1.);
#16050 = DIRECTION('',(0.,1.));
#16051 = ( GEOMETRIC_REPRESENTATION_CONTEXT(2) 
PARAMETRIC_REPRESENTATION_CONTEXT() REPRESENTATION_CONTEXT('2D SPACE',''
  ) );
#16052 = PCURVE('',#6092,#16053);
#16053 = DEFINITIONAL_REPRESENTATION('',(#16054),#16058);
#16054 = LINE('',#16055,#16056);
#16055 = CARTESIAN_POINT('',(0.,-0.));
#16056 = VECTOR('',#16057,1.);
#16057 = DIRECTION('',(0.,1.));
#16058 = ( GEOMETRIC_REPRESENTATION_CONTEXT(2) 
PARAMETRIC_REPRESENTATION_CONTEXT() REPRESENTATION_CONTEXT('2D SPACE',''
  ) );
#16059 = ORIENTED_EDGE('',*,*,#13182,.T.);
#16060 = ORIENTED_EDGE('',*,*,#16039,.T.);
#16061 = ADVANCED_FACE('',(#16062),#6123,.F.);
#16062 = FACE_BOUND('',#16063,.F.);
#16063 = EDGE_LOOP('',(#16064,#16085,#16086,#16107));
#16064 = ORIENTED_EDGE('',*,*,#16065,.F.);
#16065 = EDGE_CURVE('',#13209,#6107,#16066,.T.);
#16066 = SURFACE_CURVE('',#16067,(#16071,#16078),.PCURVE_S1.);
#16067 = LINE('',#16068,#16069);
#16068 = CARTESIAN_POINT('',(-9.5,-49.,23.));
#16069 = VECTOR('',#16070,1.);
#16070 = DIRECTION('',(0.,1.,0.));
#16071 = PCURVE('',#6123,#16072);
#16072 = DEFINITIONAL_REPRESENTATION('',(#16073),#16077);
#16073 = LINE('',#16074,#16075);
#16074 = CARTESIAN_POINT('',(0.,0.));
#16075 = VECTOR('',#16076,1.);
#16076 = DIRECTION('',(0.,1.));
#16077 = ( GEOMETRIC_REPRESENTATION_CONTEXT(2) 
PARAMETRIC_REPRESENTATION_CONTEXT() REPRESENTATION_CONTEXT('2D SPACE',''
  ) );
#16078 = PCURVE('',#6149,#16079);
#16079 = DEFINITIONAL_REPRESENTATION('',(#16080),#16084);
#16080 = LINE('',#16081,#16082);
#16081 = CARTESIAN_POINT('',(16.,0.));
#16082 = VECTOR('',#16083,1.);
#16083 = DIRECTION('',(0.,-1.));
#16084 = ( GEOMETRIC_REPRESENTATION_CONTEXT(2) 
PARAMETRIC_REPRESENTATION_CONTEXT() REPRESENTATION_CONTEXT('2D SPACE',''
  ) );
#16085 = ORIENTED_EDGE('',*,*,#13208,.T.);
#16086 = ORIENTED_EDGE('',*,*,#16087,.T.);
#16087 = EDGE_CURVE('',#13211,#6109,#16088,.T.);
#16088 = SURFACE_CURVE('',#16089,(#16093,#16100),.PCURVE_S1.);
#16089 = LINE('',#16090,#16091);
#16090 = CARTESIAN_POINT('',(9.5,-49.,23.));
#16091 = VECTOR('',#16092,1.);
#16092 = DIRECTION('',(0.,1.,0.));
#16093 = PCURVE('',#6123,#16094);
#16094 = DEFINITIONAL_REPRESENTATION('',(#16095),#16099);
#16095 = LINE('',#16096,#16097);
#16096 = CARTESIAN_POINT('',(19.,0.));
#16097 = VECTOR('',#16098,1.);
#16098 = DIRECTION('',(0.,1.));
#16099 = ( GEOMETRIC_REPRESENTATION_CONTEXT(2) 
PARAMETRIC_REPRESENTATION_CONTEXT() REPRESENTATION_CONTEXT('2D SPACE',''
  ) );
#16100 = PCURVE('',#6199,#16101);
#16101 = DEFINITIONAL_REPRESENTATION('',(#16102),#16106);
#16102 = LINE('',#16103,#16104);
#16103 = CARTESIAN_POINT('',(16.,0.));
#16104 = VECTOR('',#16105,1.);
#16105 = DIRECTION('',(0.,-1.));
#16106 = ( GEOMETRIC_REPRESENTATION_CONTEXT(2) 
PARAMETRIC_REPRESENTATION_CONTEXT() REPRESENTATION_CONTEXT('2D SPACE',''
  ) );
#16107 = ORIENTED_EDGE('',*,*,#6106,.F.);
#16108 = ADVANCED_FACE('',(#16109),#6149,.T.);
#16109 = FACE_BOUND('',#16110,.T.);
#16110 = EDGE_LOOP('',(#16111,#16112,#16113,#16134));
#16111 = ORIENTED_EDGE('',*,*,#16065,.F.);
#16112 = ORIENTED_EDGE('',*,*,#13232,.T.);
#16113 = ORIENTED_EDGE('',*,*,#16114,.T.);
#16114 = EDGE_CURVE('',#13233,#6135,#16115,.T.);
#16115 = SURFACE_CURVE('',#16116,(#16120,#16127),.PCURVE_S1.);
#16116 = LINE('',#16117,#16118);
#16117 = CARTESIAN_POINT('',(-9.5,-49.,7.));
#16118 = VECTOR('',#16119,1.);
#16119 = DIRECTION('',(0.,1.,0.));
#16120 = PCURVE('',#6149,#16121);
#16121 = DEFINITIONAL_REPRESENTATION('',(#16122),#16126);
#16122 = LINE('',#16123,#16124);
#16123 = CARTESIAN_POINT('',(0.,0.));
#16124 = VECTOR('',#16125,1.);
#16125 = DIRECTION('',(0.,-1.));
#16126 = ( GEOMETRIC_REPRESENTATION_CONTEXT(2) 
PARAMETRIC_REPRESENTATION_CONTEXT() REPRESENTATION_CONTEXT('2D SPACE',''
  ) );
#16127 = PCURVE('',#6175,#16128);
#16128 = DEFINITIONAL_REPRESENTATION('',(#16129),#16133);
#16129 = LINE('',#16130,#16131);
#16130 = CARTESIAN_POINT('',(0.,0.));
#16131 = VECTOR('',#16132,1.);
#16132 = DIRECTION('',(0.,1.));
#16133 = ( GEOMETRIC_REPRESENTATION_CONTEXT(2) 
PARAMETRIC_REPRESENTATION_CONTEXT() REPRESENTATION_CONTEXT('2D SPACE',''
  ) );
#16134 = ORIENTED_EDGE('',*,*,#6134,.F.);
#16135 = ADVANCED_FACE('',(#16136),#6199,.F.);
#16136 = FACE_BOUND('',#16137,.F.);
#16137 = EDGE_LOOP('',(#16138,#16139,#16140,#16161));
#16138 = ORIENTED_EDGE('',*,*,#16087,.F.);
#16139 = ORIENTED_EDGE('',*,*,#13276,.T.);
#16140 = ORIENTED_EDGE('',*,*,#16141,.T.);
#16141 = EDGE_CURVE('',#13255,#6161,#16142,.T.);
#16142 = SURFACE_CURVE('',#16143,(#16147,#16154),.PCURVE_S1.);
#16143 = LINE('',#16144,#16145);
#16144 = CARTESIAN_POINT('',(9.5,-49.,7.));
#16145 = VECTOR('',#16146,1.);
#16146 = DIRECTION('',(0.,1.,0.));
#16147 = PCURVE('',#6199,#16148);
#16148 = DEFINITIONAL_REPRESENTATION('',(#16149),#16153);
#16149 = LINE('',#16150,#16151);
#16150 = CARTESIAN_POINT('',(0.,0.));
#16151 = VECTOR('',#16152,1.);
#16152 = DIRECTION('',(0.,-1.));
#16153 = ( GEOMETRIC_REPRESENTATION_CONTEXT(2) 
PARAMETRIC_REPRESENTATION_CONTEXT() REPRESENTATION_CONTEXT('2D SPACE',''
  ) );
#16154 = PCURVE('',#6175,#16155);
#16155 = DEFINITIONAL_REPRESENTATION('',(#16156),#16160);
#16156 = LINE('',#16157,#16158);
#16157 = CARTESIAN_POINT('',(19.,0.));
#16158 = VECTOR('',#16159,1.);
#16159 = DIRECTION('',(0.,1.));
#16160 = ( GEOMETRIC_REPRESENTATION_CONTEXT(2) 
PARAMETRIC_REPRESENTATION_CONTEXT() REPRESENTATION_CONTEXT('2D SPACE',''
  ) );
#16161 = ORIENTED_EDGE('',*,*,#6186,.F.);
#16162 = ADVANCED_FACE('',(#16163),#6175,.T.);
#16163 = FACE_BOUND('',#16164,.T.);
#16164 = EDGE_LOOP('',(#16165,#16166,#16167,#16168));
#16165 = ORIENTED_EDGE('',*,*,#16114,.F.);
#16166 = ORIENTED_EDGE('',*,*,#13254,.T.);
#16167 = ORIENTED_EDGE('',*,*,#16141,.T.);
#16168 = ORIENTED_EDGE('',*,*,#6160,.F.);
#16169 = ADVANCED_FACE('',(#16170),#6229,.F.);
#16170 = FACE_BOUND('',#16171,.F.);
#16171 = EDGE_LOOP('',(#16172,#16193,#16194,#16215));
#16172 = ORIENTED_EDGE('',*,*,#16173,.F.);
#16173 = EDGE_CURVE('',#13299,#6213,#16174,.T.);
#16174 = SURFACE_CURVE('',#16175,(#16179,#16186),.PCURVE_S1.);
#16175 = LINE('',#16176,#16177);
#16176 = CARTESIAN_POINT('',(22.5,-49.,23.));
#16177 = VECTOR('',#16178,1.);
#16178 = DIRECTION('',(0.,1.,0.));
#16179 = PCURVE('',#6229,#16180);
#16180 = DEFINITIONAL_REPRESENTATION('',(#16181),#16185);
#16181 = LINE('',#16182,#16183);
#16182 = CARTESIAN_POINT('',(0.,0.));
#16183 = VECTOR('',#16184,1.);
#16184 = DIRECTION('',(0.,1.));
#16185 = ( GEOMETRIC_REPRESENTATION_CONTEXT(2) 
PARAMETRIC_REPRESENTATION_CONTEXT() REPRESENTATION_CONTEXT('2D SPACE',''
  ) );
#16186 = PCURVE('',#6255,#16187);
#16187 = DEFINITIONAL_REPRESENTATION('',(#16188),#16192);
#16188 = LINE('',#16189,#16190);
#16189 = CARTESIAN_POINT('',(16.,0.));
#16190 = VECTOR('',#16191,1.);
#16191 = DIRECTION('',(0.,-1.));
#16192 = ( GEOMETRIC_REPRESENTATION_CONTEXT(2) 
PARAMETRIC_REPRESENTATION_CONTEXT() REPRESENTATION_CONTEXT('2D SPACE',''
  ) );
#16193 = ORIENTED_EDGE('',*,*,#13298,.T.);
#16194 = ORIENTED_EDGE('',*,*,#16195,.T.);
#16195 = EDGE_CURVE('',#13301,#6215,#16196,.T.);
#16196 = SURFACE_CURVE('',#16197,(#16201,#16208),.PCURVE_S1.);
#16197 = LINE('',#16198,#16199);
#16198 = CARTESIAN_POINT('',(41.5,-49.,23.));
#16199 = VECTOR('',#16200,1.);
#16200 = DIRECTION('',(0.,1.,0.));
#16201 = PCURVE('',#6229,#16202);
#16202 = DEFINITIONAL_REPRESENTATION('',(#16203),#16207);
#16203 = LINE('',#16204,#16205);
#16204 = CARTESIAN_POINT('',(19.,0.));
#16205 = VECTOR('',#16206,1.);
#16206 = DIRECTION('',(0.,1.));
#16207 = ( GEOMETRIC_REPRESENTATION_CONTEXT(2) 
PARAMETRIC_REPRESENTATION_CONTEXT() REPRESENTATION_CONTEXT('2D SPACE',''
  ) );
#16208 = PCURVE('',#6305,#16209);
#16209 = DEFINITIONAL_REPRESENTATION('',(#16210),#16214);
#16210 = LINE('',#16211,#16212);
#16211 = CARTESIAN_POINT('',(16.,0.));
#16212 = VECTOR('',#16213,1.);
#16213 = DIRECTION('',(0.,-1.));
#16214 = ( GEOMETRIC_REPRESENTATION_CONTEXT(2) 
PARAMETRIC_REPRESENTATION_CONTEXT() REPRESENTATION_CONTEXT('2D SPACE',''
  ) );
#16215 = ORIENTED_EDGE('',*,*,#6212,.F.);
#16216 = ADVANCED_FACE('',(#16217),#6255,.T.);
#16217 = FACE_BOUND('',#16218,.T.);
#16218 = EDGE_LOOP('',(#16219,#16220,#16221,#16242));
#16219 = ORIENTED_EDGE('',*,*,#16173,.F.);
#16220 = ORIENTED_EDGE('',*,*,#13322,.T.);
#16221 = ORIENTED_EDGE('',*,*,#16222,.T.);
#16222 = EDGE_CURVE('',#13323,#6241,#16223,.T.);
#16223 = SURFACE_CURVE('',#16224,(#16228,#16235),.PCURVE_S1.);
#16224 = LINE('',#16225,#16226);
#16225 = CARTESIAN_POINT('',(22.5,-49.,7.));
#16226 = VECTOR('',#16227,1.);
#16227 = DIRECTION('',(0.,1.,0.));
#16228 = PCURVE('',#6255,#16229);
#16229 = DEFINITIONAL_REPRESENTATION('',(#16230),#16234);
#16230 = LINE('',#16231,#16232);
#16231 = CARTESIAN_POINT('',(0.,0.));
#16232 = VECTOR('',#16233,1.);
#16233 = DIRECTION('',(0.,-1.));
#16234 = ( GEOMETRIC_REPRESENTATION_CONTEXT(2) 
PARAMETRIC_REPRESENTATION_CONTEXT() REPRESENTATION_CONTEXT('2D SPACE',''
  ) );
#16235 = PCURVE('',#6281,#16236);
#16236 = DEFINITIONAL_REPRESENTATION('',(#16237),#16241);
#16237 = LINE('',#16238,#16239);
#16238 = CARTESIAN_POINT('',(0.,0.));
#16239 = VECTOR('',#16240,1.);
#16240 = DIRECTION('',(0.,1.));
#16241 = ( GEOMETRIC_REPRESENTATION_CONTEXT(2) 
PARAMETRIC_REPRESENTATION_CONTEXT() REPRESENTATION_CONTEXT('2D SPACE',''
  ) );
#16242 = ORIENTED_EDGE('',*,*,#6240,.F.);
#16243 = ADVANCED_FACE('',(#16244),#6305,.F.);
#16244 = FACE_BOUND('',#16245,.F.);
#16245 = EDGE_LOOP('',(#16246,#16247,#16248,#16269));
#16246 = ORIENTED_EDGE('',*,*,#16195,.F.);
#16247 = ORIENTED_EDGE('',*,*,#13366,.T.);
#16248 = ORIENTED_EDGE('',*,*,#16249,.T.);
#16249 = EDGE_CURVE('',#13345,#6267,#16250,.T.);
#16250 = SURFACE_CURVE('',#16251,(#16255,#16262),.PCURVE_S1.);
#16251 = LINE('',#16252,#16253);
#16252 = CARTESIAN_POINT('',(41.5,-49.,7.));
#16253 = VECTOR('',#16254,1.);
#16254 = DIRECTION('',(0.,1.,0.));
#16255 = PCURVE('',#6305,#16256);
#16256 = DEFINITIONAL_REPRESENTATION('',(#16257),#16261);
#16257 = LINE('',#16258,#16259);
#16258 = CARTESIAN_POINT('',(0.,0.));
#16259 = VECTOR('',#16260,1.);
#16260 = DIRECTION('',(0.,-1.));
#16261 = ( GEOMETRIC_REPRESENTATION_CONTEXT(2) 
PARAMETRIC_REPRESENTATION_CONTEXT() REPRESENTATION_CONTEXT('2D SPACE',''
  ) );
#16262 = PCURVE('',#6281,#16263);
#16263 = DEFINITIONAL_REPRESENTATION('',(#16264),#16268);
#16264 = LINE('',#16265,#16266);
#16265 = CARTESIAN_POINT('',(19.,0.));
#16266 = VECTOR('',#16267,1.);
#16267 = DIRECTION('',(0.,1.));
#16268 = ( GEOMETRIC_REPRESENTATION_CONTEXT(2) 
PARAMETRIC_REPRESENTATION_CONTEXT() REPRESENTATION_CONTEXT('2D SPACE',''
  ) );
#16269 = ORIENTED_EDGE('',*,*,#6292,.F.);
#16270 = ADVANCED_FACE('',(#16271),#6281,.T.);
#16271 = FACE_BOUND('',#16272,.T.);
#16272 = EDGE_LOOP('',(#16273,#16274,#16275,#16276));
#16273 = ORIENTED_EDGE('',*,*,#16222,.F.);
#16274 = ORIENTED_EDGE('',*,*,#13344,.T.);
#16275 = ORIENTED_EDGE('',*,*,#16249,.T.);
#16276 = ORIENTED_EDGE('',*,*,#6266,.F.);
#16277 = ADVANCED_FACE('',(#16278),#6335,.F.);
#16278 = FACE_BOUND('',#16279,.F.);
#16279 = EDGE_LOOP('',(#16280,#16281,#16302,#16303));
#16280 = ORIENTED_EDGE('',*,*,#6318,.F.);
#16281 = ORIENTED_EDGE('',*,*,#16282,.F.);
#16282 = EDGE_CURVE('',#13389,#6319,#16283,.T.);
#16283 = SEAM_CURVE('',#16284,(#16288,#16295),.PCURVE_S1.);
#16284 = LINE('',#16285,#16286);
#16285 = CARTESIAN_POINT('',(53.,-51.5,28.65));
#16286 = VECTOR('',#16287,1.);
#16287 = DIRECTION('',(0.,1.,0.));
#16288 = PCURVE('',#6335,#16289);
#16289 = DEFINITIONAL_REPRESENTATION('',(#16290),#16294);
#16290 = LINE('',#16291,#16292);
#16291 = CARTESIAN_POINT('',(6.28318530718,-0.));
#16292 = VECTOR('',#16293,1.);
#16293 = DIRECTION('',(0.,1.));
#16294 = ( GEOMETRIC_REPRESENTATION_CONTEXT(2) 
PARAMETRIC_REPRESENTATION_CONTEXT() REPRESENTATION_CONTEXT('2D SPACE',''
  ) );
#16295 = PCURVE('',#6335,#16296);
#16296 = DEFINITIONAL_REPRESENTATION('',(#16297),#16301);
#16297 = LINE('',#16298,#16299);
#16298 = CARTESIAN_POINT('',(0.,-0.));
#16299 = VECTOR('',#16300,1.);
#16300 = DIRECTION('',(0.,1.));
#16301 = ( GEOMETRIC_REPRESENTATION_CONTEXT(2) 
PARAMETRIC_REPRESENTATION_CONTEXT() REPRESENTATION_CONTEXT('2D SPACE',''
  ) );
#16302 = ORIENTED_EDGE('',*,*,#13388,.T.);
#16303 = ORIENTED_EDGE('',*,*,#16282,.T.);
#16304 = ADVANCED_FACE('',(#16305),#6366,.F.);
#16305 = FACE_BOUND('',#16306,.F.);
#16306 = EDGE_LOOP('',(#16307,#16308,#16329,#16330));
#16307 = ORIENTED_EDGE('',*,*,#6349,.F.);
#16308 = ORIENTED_EDGE('',*,*,#16309,.F.);
#16309 = EDGE_CURVE('',#13415,#6350,#16310,.T.);
#16310 = SEAM_CURVE('',#16311,(#16315,#16322),.PCURVE_S1.);
#16311 = LINE('',#16312,#16313);
#16312 = CARTESIAN_POINT('',(67.,-51.5,28.65));
#16313 = VECTOR('',#16314,1.);
#16314 = DIRECTION('',(0.,1.,0.));
#16315 = PCURVE('',#6366,#16316);
#16316 = DEFINITIONAL_REPRESENTATION('',(#16317),#16321);
#16317 = LINE('',#16318,#16319);
#16318 = CARTESIAN_POINT('',(6.28318530718,-0.));
#16319 = VECTOR('',#16320,1.);
#16320 = DIRECTION('',(0.,1.));
#16321 = ( GEOMETRIC_REPRESENTATION_CONTEXT(2) 
PARAMETRIC_REPRESENTATION_CONTEXT() REPRESENTATION_CONTEXT('2D SPACE',''
  ) );
#16322 = PCURVE('',#6366,#16323);
#16323 = DEFINITIONAL_REPRESENTATION('',(#16324),#16328);
#16324 = LINE('',#16325,#16326);
#16325 = CARTESIAN_POINT('',(0.,-0.));
#16326 = VECTOR('',#16327,1.);
#16327 = DIRECTION('',(0.,1.));
#16328 = ( GEOMETRIC_REPRESENTATION_CONTEXT(2) 
PARAMETRIC_REPRESENTATION_CONTEXT() REPRESENTATION_CONTEXT('2D SPACE',''
  ) );
#16329 = ORIENTED_EDGE('',*,*,#13414,.T.);
#16330 = ORIENTED_EDGE('',*,*,#16309,.T.);
#16331 = ADVANCED_FACE('',(#16332),#6397,.F.);
#16332 = FACE_BOUND('',#16333,.F.);
#16333 = EDGE_LOOP('',(#16334,#16355,#16356,#16377));
#16334 = ORIENTED_EDGE('',*,*,#16335,.F.);
#16335 = EDGE_CURVE('',#13441,#6381,#16336,.T.);
#16336 = SURFACE_CURVE('',#16337,(#16341,#16348),.PCURVE_S1.);
#16337 = LINE('',#16338,#16339);
#16338 = CARTESIAN_POINT('',(-13.,-49.,54.));
#16339 = VECTOR('',#16340,1.);
#16340 = DIRECTION('',(0.,1.,0.));
#16341 = PCURVE('',#6397,#16342);
#16342 = DEFINITIONAL_REPRESENTATION('',(#16343),#16347);
#16343 = LINE('',#16344,#16345);
#16344 = CARTESIAN_POINT('',(0.,0.));
#16345 = VECTOR('',#16346,1.);
#16346 = DIRECTION('',(0.,1.));
#16347 = ( GEOMETRIC_REPRESENTATION_CONTEXT(2) 
PARAMETRIC_REPRESENTATION_CONTEXT() REPRESENTATION_CONTEXT('2D SPACE',''
  ) );
#16348 = PCURVE('',#6423,#16349);
#16349 = DEFINITIONAL_REPRESENTATION('',(#16350),#16354);
#16350 = LINE('',#16351,#16352);
#16351 = CARTESIAN_POINT('',(22.,0.));
#16352 = VECTOR('',#16353,1.);
#16353 = DIRECTION('',(0.,-1.));
#16354 = ( GEOMETRIC_REPRESENTATION_CONTEXT(2) 
PARAMETRIC_REPRESENTATION_CONTEXT() REPRESENTATION_CONTEXT('2D SPACE',''
  ) );
#16355 = ORIENTED_EDGE('',*,*,#13440,.T.);
#16356 = ORIENTED_EDGE('',*,*,#16357,.T.);
#16357 = EDGE_CURVE('',#13443,#6383,#16358,.T.);
#16358 = SURFACE_CURVE('',#16359,(#16363,#16370),.PCURVE_S1.);
#16359 = LINE('',#16360,#16361);
#16360 = CARTESIAN_POINT('',(13.,-49.,54.));
#16361 = VECTOR('',#16362,1.);
#16362 = DIRECTION('',(0.,1.,0.));
#16363 = PCURVE('',#6397,#16364);
#16364 = DEFINITIONAL_REPRESENTATION('',(#16365),#16369);
#16365 = LINE('',#16366,#16367);
#16366 = CARTESIAN_POINT('',(26.,0.));
#16367 = VECTOR('',#16368,1.);
#16368 = DIRECTION('',(0.,1.));
#16369 = ( GEOMETRIC_REPRESENTATION_CONTEXT(2) 
PARAMETRIC_REPRESENTATION_CONTEXT() REPRESENTATION_CONTEXT('2D SPACE',''
  ) );
#16370 = PCURVE('',#6473,#16371);
#16371 = DEFINITIONAL_REPRESENTATION('',(#16372),#16376);
#16372 = LINE('',#16373,#16374);
#16373 = CARTESIAN_POINT('',(22.,0.));
#16374 = VECTOR('',#16375,1.);
#16375 = DIRECTION('',(0.,-1.));
#16376 = ( GEOMETRIC_REPRESENTATION_CONTEXT(2) 
PARAMETRIC_REPRESENTATION_CONTEXT() REPRESENTATION_CONTEXT('2D SPACE',''
  ) );
#16377 = ORIENTED_EDGE('',*,*,#6380,.F.);
#16378 = ADVANCED_FACE('',(#16379),#6423,.T.);
#16379 = FACE_BOUND('',#16380,.T.);
#16380 = EDGE_LOOP('',(#16381,#16382,#16383,#16404));
#16381 = ORIENTED_EDGE('',*,*,#16335,.F.);
#16382 = ORIENTED_EDGE('',*,*,#13464,.T.);
#16383 = ORIENTED_EDGE('',*,*,#16384,.T.);
#16384 = EDGE_CURVE('',#13465,#6409,#16385,.T.);
#16385 = SURFACE_CURVE('',#16386,(#16390,#16397),.PCURVE_S1.);
#16386 = LINE('',#16387,#16388);
#16387 = CARTESIAN_POINT('',(-13.,-49.,32.));
#16388 = VECTOR('',#16389,1.);
#16389 = DIRECTION('',(0.,1.,0.));
#16390 = PCURVE('',#6423,#16391);
#16391 = DEFINITIONAL_REPRESENTATION('',(#16392),#16396);
#16392 = LINE('',#16393,#16394);
#16393 = CARTESIAN_POINT('',(0.,0.));
#16394 = VECTOR('',#16395,1.);
#16395 = DIRECTION('',(0.,-1.));
#16396 = ( GEOMETRIC_REPRESENTATION_CONTEXT(2) 
PARAMETRIC_REPRESENTATION_CONTEXT() REPRESENTATION_CONTEXT('2D SPACE',''
  ) );
#16397 = PCURVE('',#6449,#16398);
#16398 = DEFINITIONAL_REPRESENTATION('',(#16399),#16403);
#16399 = LINE('',#16400,#16401);
#16400 = CARTESIAN_POINT('',(0.,0.));
#16401 = VECTOR('',#16402,1.);
#16402 = DIRECTION('',(0.,1.));
#16403 = ( GEOMETRIC_REPRESENTATION_CONTEXT(2) 
PARAMETRIC_REPRESENTATION_CONTEXT() REPRESENTATION_CONTEXT('2D SPACE',''
  ) );
#16404 = ORIENTED_EDGE('',*,*,#6408,.F.);
#16405 = ADVANCED_FACE('',(#16406),#6473,.F.);
#16406 = FACE_BOUND('',#16407,.F.);
#16407 = EDGE_LOOP('',(#16408,#16409,#16410,#16431));
#16408 = ORIENTED_EDGE('',*,*,#16357,.F.);
#16409 = ORIENTED_EDGE('',*,*,#13508,.T.);
#16410 = ORIENTED_EDGE('',*,*,#16411,.T.);
#16411 = EDGE_CURVE('',#13487,#6435,#16412,.T.);
#16412 = SURFACE_CURVE('',#16413,(#16417,#16424),.PCURVE_S1.);
#16413 = LINE('',#16414,#16415);
#16414 = CARTESIAN_POINT('',(13.,-49.,32.));
#16415 = VECTOR('',#16416,1.);
#16416 = DIRECTION('',(0.,1.,0.));
#16417 = PCURVE('',#6473,#16418);
#16418 = DEFINITIONAL_REPRESENTATION('',(#16419),#16423);
#16419 = LINE('',#16420,#16421);
#16420 = CARTESIAN_POINT('',(0.,0.));
#16421 = VECTOR('',#16422,1.);
#16422 = DIRECTION('',(0.,-1.));
#16423 = ( GEOMETRIC_REPRESENTATION_CONTEXT(2) 
PARAMETRIC_REPRESENTATION_CONTEXT() REPRESENTATION_CONTEXT('2D SPACE',''
  ) );
#16424 = PCURVE('',#6449,#16425);
#16425 = DEFINITIONAL_REPRESENTATION('',(#16426),#16430);
#16426 = LINE('',#16427,#16428);
#16427 = CARTESIAN_POINT('',(26.,0.));
#16428 = VECTOR('',#16429,1.);
#16429 = DIRECTION('',(0.,1.));
#16430 = ( GEOMETRIC_REPRESENTATION_CONTEXT(2) 
PARAMETRIC_REPRESENTATION_CONTEXT() REPRESENTATION_CONTEXT('2D SPACE',''
  ) );
#16431 = ORIENTED_EDGE('',*,*,#6460,.F.);
#16432 = ADVANCED_FACE('',(#16433),#6449,.T.);
#16433 = FACE_BOUND('',#16434,.T.);
#16434 = EDGE_LOOP('',(#16435,#16436,#16437,#16438));
#16435 = ORIENTED_EDGE('',*,*,#16384,.F.);
#16436 = ORIENTED_EDGE('',*,*,#13486,.T.);
#16437 = ORIENTED_EDGE('',*,*,#16411,.T.);
#16438 = ORIENTED_EDGE('',*,*,#6434,.F.);
#16439 = ADVANCED_FACE('',(#16440),#6503,.F.);
#16440 = FACE_BOUND('',#16441,.F.);
#16441 = EDGE_LOOP('',(#16442,#16443,#16464,#16465));
#16442 = ORIENTED_EDGE('',*,*,#6486,.F.);
#16443 = ORIENTED_EDGE('',*,*,#16444,.F.);
#16444 = EDGE_CURVE('',#13531,#6487,#16445,.T.);
#16445 = SEAM_CURVE('',#16446,(#16450,#16457),.PCURVE_S1.);
#16446 = LINE('',#16447,#16448);
#16447 = CARTESIAN_POINT('',(15.4,-51.5,43.2));
#16448 = VECTOR('',#16449,1.);
#16449 = DIRECTION('',(0.,1.,0.));
#16450 = PCURVE('',#6503,#16451);
#16451 = DEFINITIONAL_REPRESENTATION('',(#16452),#16456);
#16452 = LINE('',#16453,#16454);
#16453 = CARTESIAN_POINT('',(6.28318530718,-0.));
#16454 = VECTOR('',#16455,1.);
#16455 = DIRECTION('',(0.,1.));
#16456 = ( GEOMETRIC_REPRESENTATION_CONTEXT(2) 
PARAMETRIC_REPRESENTATION_CONTEXT() REPRESENTATION_CONTEXT('2D SPACE',''
  ) );
#16457 = PCURVE('',#6503,#16458);
#16458 = DEFINITIONAL_REPRESENTATION('',(#16459),#16463);
#16459 = LINE('',#16460,#16461);
#16460 = CARTESIAN_POINT('',(0.,-0.));
#16461 = VECTOR('',#16462,1.);
#16462 = DIRECTION('',(0.,1.));
#16463 = ( GEOMETRIC_REPRESENTATION_CONTEXT(2) 
PARAMETRIC_REPRESENTATION_CONTEXT() REPRESENTATION_CONTEXT('2D SPACE',''
  ) );
#16464 = ORIENTED_EDGE('',*,*,#13530,.T.);
#16465 = ORIENTED_EDGE('',*,*,#16444,.T.);
#16466 = ADVANCED_FACE('',(#16467),#6534,.F.);
#16467 = FACE_BOUND('',#16468,.F.);
#16468 = EDGE_LOOP('',(#16469,#16490,#16491,#16512));
#16469 = ORIENTED_EDGE('',*,*,#16470,.F.);
#16470 = EDGE_CURVE('',#13557,#6518,#16471,.T.);
#16471 = SURFACE_CURVE('',#16472,(#16476,#16483),.PCURVE_S1.);
#16472 = LINE('',#16473,#16474);
#16473 = CARTESIAN_POINT('',(17.5,-50.,48.3));
#16474 = VECTOR('',#16475,1.);
#16475 = DIRECTION('',(0.,1.,0.));
#16476 = PCURVE('',#6534,#16477);
#16477 = DEFINITIONAL_REPRESENTATION('',(#16478),#16482);
#16478 = LINE('',#16479,#16480);
#16479 = CARTESIAN_POINT('',(0.,0.));
#16480 = VECTOR('',#16481,1.);
#16481 = DIRECTION('',(0.,1.));
#16482 = ( GEOMETRIC_REPRESENTATION_CONTEXT(2) 
PARAMETRIC_REPRESENTATION_CONTEXT() REPRESENTATION_CONTEXT('2D SPACE',''
  ) );
#16483 = PCURVE('',#6560,#16484);
#16484 = DEFINITIONAL_REPRESENTATION('',(#16485),#16489);
#16485 = LINE('',#16486,#16487);
#16486 = CARTESIAN_POINT('',(12.6,0.));
#16487 = VECTOR('',#16488,1.);
#16488 = DIRECTION('',(0.,-1.));
#16489 = ( GEOMETRIC_REPRESENTATION_CONTEXT(2) 
PARAMETRIC_REPRESENTATION_CONTEXT() REPRESENTATION_CONTEXT('2D SPACE',''
  ) );
#16490 = ORIENTED_EDGE('',*,*,#13556,.T.);
#16491 = ORIENTED_EDGE('',*,*,#16492,.T.);
#16492 = EDGE_CURVE('',#13559,#6520,#16493,.T.);
#16493 = SURFACE_CURVE('',#16494,(#16498,#16505),.PCURVE_S1.);
#16494 = LINE('',#16495,#16496);
#16495 = CARTESIAN_POINT('',(41.1,-50.,48.3));
#16496 = VECTOR('',#16497,1.);
#16497 = DIRECTION('',(0.,1.,0.));
#16498 = PCURVE('',#6534,#16499);
#16499 = DEFINITIONAL_REPRESENTATION('',(#16500),#16504);
#16500 = LINE('',#16501,#16502);
#16501 = CARTESIAN_POINT('',(23.6,0.));
#16502 = VECTOR('',#16503,1.);
#16503 = DIRECTION('',(0.,1.));
#16504 = ( GEOMETRIC_REPRESENTATION_CONTEXT(2) 
PARAMETRIC_REPRESENTATION_CONTEXT() REPRESENTATION_CONTEXT('2D SPACE',''
  ) );
#16505 = PCURVE('',#6610,#16506);
#16506 = DEFINITIONAL_REPRESENTATION('',(#16507),#16511);
#16507 = LINE('',#16508,#16509);
#16508 = CARTESIAN_POINT('',(12.6,0.));
#16509 = VECTOR('',#16510,1.);
#16510 = DIRECTION('',(0.,-1.));
#16511 = ( GEOMETRIC_REPRESENTATION_CONTEXT(2) 
PARAMETRIC_REPRESENTATION_CONTEXT() REPRESENTATION_CONTEXT('2D SPACE',''
  ) );
#16512 = ORIENTED_EDGE('',*,*,#6517,.F.);
#16513 = ADVANCED_FACE('',(#16514),#6560,.T.);
#16514 = FACE_BOUND('',#16515,.T.);
#16515 = EDGE_LOOP('',(#16516,#16517,#16518,#16539));
#16516 = ORIENTED_EDGE('',*,*,#16470,.F.);
#16517 = ORIENTED_EDGE('',*,*,#13580,.T.);
#16518 = ORIENTED_EDGE('',*,*,#16519,.T.);
#16519 = EDGE_CURVE('',#13581,#6546,#16520,.T.);
#16520 = SURFACE_CURVE('',#16521,(#16525,#16532),.PCURVE_S1.);
#16521 = LINE('',#16522,#16523);
#16522 = CARTESIAN_POINT('',(17.5,-50.,35.7));
#16523 = VECTOR('',#16524,1.);
#16524 = DIRECTION('',(0.,1.,0.));
#16525 = PCURVE('',#6560,#16526);
#16526 = DEFINITIONAL_REPRESENTATION('',(#16527),#16531);
#16527 = LINE('',#16528,#16529);
#16528 = CARTESIAN_POINT('',(0.,0.));
#16529 = VECTOR('',#16530,1.);
#16530 = DIRECTION('',(0.,-1.));
#16531 = ( GEOMETRIC_REPRESENTATION_CONTEXT(2) 
PARAMETRIC_REPRESENTATION_CONTEXT() REPRESENTATION_CONTEXT('2D SPACE',''
  ) );
#16532 = PCURVE('',#6586,#16533);
#16533 = DEFINITIONAL_REPRESENTATION('',(#16534),#16538);
#16534 = LINE('',#16535,#16536);
#16535 = CARTESIAN_POINT('',(0.,0.));
#16536 = VECTOR('',#16537,1.);
#16537 = DIRECTION('',(0.,1.));
#16538 = ( GEOMETRIC_REPRESENTATION_CONTEXT(2) 
PARAMETRIC_REPRESENTATION_CONTEXT() REPRESENTATION_CONTEXT('2D SPACE',''
  ) );
#16539 = ORIENTED_EDGE('',*,*,#6545,.F.);
#16540 = ADVANCED_FACE('',(#16541),#6610,.F.);
#16541 = FACE_BOUND('',#16542,.F.);
#16542 = EDGE_LOOP('',(#16543,#16544,#16545,#16566));
#16543 = ORIENTED_EDGE('',*,*,#16492,.F.);
#16544 = ORIENTED_EDGE('',*,*,#13624,.T.);
#16545 = ORIENTED_EDGE('',*,*,#16546,.T.);
#16546 = EDGE_CURVE('',#13603,#6572,#16547,.T.);
#16547 = SURFACE_CURVE('',#16548,(#16552,#16559),.PCURVE_S1.);
#16548 = LINE('',#16549,#16550);
#16549 = CARTESIAN_POINT('',(41.1,-50.,35.7));
#16550 = VECTOR('',#16551,1.);
#16551 = DIRECTION('',(0.,1.,0.));
#16552 = PCURVE('',#6610,#16553);
#16553 = DEFINITIONAL_REPRESENTATION('',(#16554),#16558);
#16554 = LINE('',#16555,#16556);
#16555 = CARTESIAN_POINT('',(0.,0.));
#16556 = VECTOR('',#16557,1.);
#16557 = DIRECTION('',(0.,-1.));
#16558 = ( GEOMETRIC_REPRESENTATION_CONTEXT(2) 
PARAMETRIC_REPRESENTATION_CONTEXT() REPRESENTATION_CONTEXT('2D SPACE',''
  ) );
#16559 = PCURVE('',#6586,#16560);
#16560 = DEFINITIONAL_REPRESENTATION('',(#16561),#16565);
#16561 = LINE('',#16562,#16563);
#16562 = CARTESIAN_POINT('',(23.6,0.));
#16563 = VECTOR('',#16564,1.);
#16564 = DIRECTION('',(0.,1.));
#16565 = ( GEOMETRIC_REPRESENTATION_CONTEXT(2) 
PARAMETRIC_REPRESENTATION_CONTEXT() REPRESENTATION_CONTEXT('2D SPACE',''
  ) );
#16566 = ORIENTED_EDGE('',*,*,#6597,.F.);
#16567 = ADVANCED_FACE('',(#16568),#6586,.T.);
#16568 = FACE_BOUND('',#16569,.T.);
#16569 = EDGE_LOOP('',(#16570,#16571,#16572,#16573));
#16570 = ORIENTED_EDGE('',*,*,#16519,.F.);
#16571 = ORIENTED_EDGE('',*,*,#13602,.T.);
#16572 = ORIENTED_EDGE('',*,*,#16546,.T.);
#16573 = ORIENTED_EDGE('',*,*,#6571,.F.);
#16574 = ADVANCED_FACE('',(#16575),#6640,.F.);
#16575 = FACE_BOUND('',#16576,.F.);
#16576 = EDGE_LOOP('',(#16577,#16578,#16599,#16600));
#16577 = ORIENTED_EDGE('',*,*,#6623,.F.);
#16578 = ORIENTED_EDGE('',*,*,#16579,.F.);
#16579 = EDGE_CURVE('',#13647,#6624,#16580,.T.);
#16580 = SEAM_CURVE('',#16581,(#16585,#16592),.PCURVE_S1.);
#16581 = LINE('',#16582,#16583);
#16582 = CARTESIAN_POINT('',(43.2,-51.5,43.2));
#16583 = VECTOR('',#16584,1.);
#16584 = DIRECTION('',(0.,1.,0.));
#16585 = PCURVE('',#6640,#16586);
#16586 = DEFINITIONAL_REPRESENTATION('',(#16587),#16591);
#16587 = LINE('',#16588,#16589);
#16588 = CARTESIAN_POINT('',(6.28318530718,-0.));
#16589 = VECTOR('',#16590,1.);
#16590 = DIRECTION('',(0.,1.));
#16591 = ( GEOMETRIC_REPRESENTATION_CONTEXT(2) 
PARAMETRIC_REPRESENTATION_CONTEXT() REPRESENTATION_CONTEXT('2D SPACE',''
  ) );
#16592 = PCURVE('',#6640,#16593);
#16593 = DEFINITIONAL_REPRESENTATION('',(#16594),#16598);
#16594 = LINE('',#16595,#16596);
#16595 = CARTESIAN_POINT('',(0.,-0.));
#16596 = VECTOR('',#16597,1.);
#16597 = DIRECTION('',(0.,1.));
#16598 = ( GEOMETRIC_REPRESENTATION_CONTEXT(2) 
PARAMETRIC_REPRESENTATION_CONTEXT() REPRESENTATION_CONTEXT('2D SPACE',''
  ) );
#16599 = ORIENTED_EDGE('',*,*,#13646,.T.);
#16600 = ORIENTED_EDGE('',*,*,#16579,.T.);
#16601 = ADVANCED_FACE('',(#16602),#6671,.F.);
#16602 = FACE_BOUND('',#16603,.F.);
#16603 = EDGE_LOOP('',(#16604,#16605,#16626,#16627));
#16604 = ORIENTED_EDGE('',*,*,#6654,.F.);
#16605 = ORIENTED_EDGE('',*,*,#16606,.F.);
#16606 = EDGE_CURVE('',#13673,#6655,#16607,.T.);
#16607 = SEAM_CURVE('',#16608,(#16612,#16619),.PCURVE_S1.);
#16608 = LINE('',#16609,#16610);
#16609 = CARTESIAN_POINT('',(53.,-51.5,59.65));
#16610 = VECTOR('',#16611,1.);
#16611 = DIRECTION('',(0.,1.,0.));
#16612 = PCURVE('',#6671,#16613);
#16613 = DEFINITIONAL_REPRESENTATION('',(#16614),#16618);
#16614 = LINE('',#16615,#16616);
#16615 = CARTESIAN_POINT('',(6.28318530718,-0.));
#16616 = VECTOR('',#16617,1.);
#16617 = DIRECTION('',(0.,1.));
#16618 = ( GEOMETRIC_REPRESENTATION_CONTEXT(2) 
PARAMETRIC_REPRESENTATION_CONTEXT() REPRESENTATION_CONTEXT('2D SPACE',''
  ) );
#16619 = PCURVE('',#6671,#16620);
#16620 = DEFINITIONAL_REPRESENTATION('',(#16621),#16625);
#16621 = LINE('',#16622,#16623);
#16622 = CARTESIAN_POINT('',(0.,-0.));
#16623 = VECTOR('',#16624,1.);
#16624 = DIRECTION('',(0.,1.));
#16625 = ( GEOMETRIC_REPRESENTATION_CONTEXT(2) 
PARAMETRIC_REPRESENTATION_CONTEXT() REPRESENTATION_CONTEXT('2D SPACE',''
  ) );
#16626 = ORIENTED_EDGE('',*,*,#13672,.T.);
#16627 = ORIENTED_EDGE('',*,*,#16606,.T.);
#16628 = ADVANCED_FACE('',(#16629),#6702,.F.);
#16629 = FACE_BOUND('',#16630,.F.);
#16630 = EDGE_LOOP('',(#16631,#16632,#16653,#16654));
#16631 = ORIENTED_EDGE('',*,*,#6685,.F.);
#16632 = ORIENTED_EDGE('',*,*,#16633,.F.);
#16633 = EDGE_CURVE('',#12847,#6686,#16634,.T.);
#16634 = SEAM_CURVE('',#16635,(#16639,#16646),.PCURVE_S1.);
#16635 = LINE('',#16636,#16637);
#16636 = CARTESIAN_POINT('',(67.,-51.5,59.65));
#16637 = VECTOR('',#16638,1.);
#16638 = DIRECTION('',(0.,1.,0.));
#16639 = PCURVE('',#6702,#16640);
#16640 = DEFINITIONAL_REPRESENTATION('',(#16641),#16645);
#16641 = LINE('',#16642,#16643);
#16642 = CARTESIAN_POINT('',(6.28318530718,-0.));
#16643 = VECTOR('',#16644,1.);
#16644 = DIRECTION('',(0.,1.));
#16645 = ( GEOMETRIC_REPRESENTATION_CONTEXT(2) 
PARAMETRIC_REPRESENTATION_CONTEXT() REPRESENTATION_CONTEXT('2D SPACE',''
  ) );
#16646 = PCURVE('',#6702,#16647);
#16647 = DEFINITIONAL_REPRESENTATION('',(#16648),#16652);
#16648 = LINE('',#16649,#16650);
#16649 = CARTESIAN_POINT('',(0.,-0.));
#16650 = VECTOR('',#16651,1.);
#16651 = DIRECTION('',(0.,1.));
#16652 = ( GEOMETRIC_REPRESENTATION_CONTEXT(2) 
PARAMETRIC_REPRESENTATION_CONTEXT() REPRESENTATION_CONTEXT('2D SPACE',''
  ) );
#16653 = ORIENTED_EDGE('',*,*,#12846,.T.);
#16654 = ORIENTED_EDGE('',*,*,#16633,.T.);
#16655 = ADVANCED_FACE('',(#16656),#7027,.F.);
#16656 = FACE_BOUND('',#16657,.F.);
#16657 = EDGE_LOOP('',(#16658,#16659,#16660,#16661));
#16658 = ORIENTED_EDGE('',*,*,#13820,.F.);
#16659 = ORIENTED_EDGE('',*,*,#8150,.F.);
#16660 = ORIENTED_EDGE('',*,*,#7013,.T.);
#16661 = ORIENTED_EDGE('',*,*,#14752,.T.);
#16662 = ADVANCED_FACE('',(#16663),#6978,.F.);
#16663 = FACE_BOUND('',#16664,.F.);
#16664 = EDGE_LOOP('',(#16665,#16690,#16709,#16710,#16711,#16732,#16733,
    #16734));
#16665 = ORIENTED_EDGE('',*,*,#16666,.F.);
#16666 = EDGE_CURVE('',#16667,#16669,#16671,.T.);
#16667 = VERTEX_POINT('',#16668);
#16668 = CARTESIAN_POINT('',(72.,28.312440474841,56.));
#16669 = VERTEX_POINT('',#16670);
#16670 = CARTESIAN_POINT('',(72.,29.5,56.));
#16671 = SURFACE_CURVE('',#16672,(#16676,#16683),.PCURVE_S1.);
#16672 = LINE('',#16673,#16674);
#16673 = CARTESIAN_POINT('',(72.,-44.,56.));
#16674 = VECTOR('',#16675,1.);
#16675 = DIRECTION('',(0.,1.,0.));
#16676 = PCURVE('',#6978,#16677);
#16677 = DEFINITIONAL_REPRESENTATION('',(#16678),#16682);
#16678 = LINE('',#16679,#16680);
#16679 = CARTESIAN_POINT('',(0.,0.));
#16680 = VECTOR('',#16681,1.);
#16681 = DIRECTION('',(0.,1.));
#16682 = ( GEOMETRIC_REPRESENTATION_CONTEXT(2) 
PARAMETRIC_REPRESENTATION_CONTEXT() REPRESENTATION_CONTEXT('2D SPACE',''
  ) );
#16683 = PCURVE('',#15043,#16684);
#16684 = DEFINITIONAL_REPRESENTATION('',(#16685),#16689);
#16685 = LINE('',#16686,#16687);
#16686 = CARTESIAN_POINT('',(0.,0.));
#16687 = VECTOR('',#16688,1.);
#16688 = DIRECTION('',(0.,-1.));
#16689 = ( GEOMETRIC_REPRESENTATION_CONTEXT(2) 
PARAMETRIC_REPRESENTATION_CONTEXT() REPRESENTATION_CONTEXT('2D SPACE',''
  ) );
#16690 = ORIENTED_EDGE('',*,*,#16691,.T.);
#16691 = EDGE_CURVE('',#16667,#14927,#16692,.T.);
#16692 = SURFACE_CURVE('',#16693,(#16697,#16703),.PCURVE_S1.);
#16693 = LINE('',#16694,#16695);
#16694 = CARTESIAN_POINT('',(70.,28.312440474841,56.));
#16695 = VECTOR('',#16696,1.);
#16696 = DIRECTION('',(1.,0.,0.));
#16697 = PCURVE('',#6978,#16698);
#16698 = DEFINITIONAL_REPRESENTATION('',(#16699),#16702);
#16699 = B_SPLINE_CURVE_WITH_KNOTS('',1,(#16700,#16701),.UNSPECIFIED.,
  .F.,.F.,(2,2),(1.7,5.3),.PIECEWISE_BEZIER_KNOTS.);
#16700 = CARTESIAN_POINT('',(-0.3,72.312440474841));
#16701 = CARTESIAN_POINT('',(3.3,72.312440474841));
#16702 = ( GEOMETRIC_REPRESENTATION_CONTEXT(2) 
PARAMETRIC_REPRESENTATION_CONTEXT() REPRESENTATION_CONTEXT('2D SPACE',''
  ) );
#16703 = PCURVE('',#14947,#16704);
#16704 = DEFINITIONAL_REPRESENTATION('',(#16705),#16708);
#16705 = B_SPLINE_CURVE_WITH_KNOTS('',1,(#16706,#16707),.UNSPECIFIED.,
  .F.,.F.,(2,2),(2.,5.),.PIECEWISE_BEZIER_KNOTS.);
#16706 = CARTESIAN_POINT('',(4.061290395414,2.));
#16707 = CARTESIAN_POINT('',(4.061290395414,5.));
#16708 = ( GEOMETRIC_REPRESENTATION_CONTEXT(2) 
PARAMETRIC_REPRESENTATION_CONTEXT() REPRESENTATION_CONTEXT('2D SPACE',''
  ) );
#16709 = ORIENTED_EDGE('',*,*,#14959,.T.);
#16710 = ORIENTED_EDGE('',*,*,#6962,.F.);
#16711 = ORIENTED_EDGE('',*,*,#16712,.F.);
#16712 = EDGE_CURVE('',#12500,#6935,#16713,.T.);
#16713 = SURFACE_CURVE('',#16714,(#16718,#16725),.PCURVE_S1.);
#16714 = LINE('',#16715,#16716);
#16715 = CARTESIAN_POINT('',(72.,-44.,56.));
#16716 = VECTOR('',#16717,1.);
#16717 = DIRECTION('',(0.,1.,0.));
#16718 = PCURVE('',#6978,#16719);
#16719 = DEFINITIONAL_REPRESENTATION('',(#16720),#16724);
#16720 = LINE('',#16721,#16722);
#16721 = CARTESIAN_POINT('',(0.,0.));
#16722 = VECTOR('',#16723,1.);
#16723 = DIRECTION('',(0.,1.));
#16724 = ( GEOMETRIC_REPRESENTATION_CONTEXT(2) 
PARAMETRIC_REPRESENTATION_CONTEXT() REPRESENTATION_CONTEXT('2D SPACE',''
  ) );
#16725 = PCURVE('',#6950,#16726);
#16726 = DEFINITIONAL_REPRESENTATION('',(#16727),#16731);
#16727 = LINE('',#16728,#16729);
#16728 = CARTESIAN_POINT('',(0.,0.));
#16729 = VECTOR('',#16730,1.);
#16730 = DIRECTION('',(0.,-1.));
#16731 = ( GEOMETRIC_REPRESENTATION_CONTEXT(2) 
PARAMETRIC_REPRESENTATION_CONTEXT() REPRESENTATION_CONTEXT('2D SPACE',''
  ) );
#16732 = ORIENTED_EDGE('',*,*,#12520,.F.);
#16733 = ORIENTED_EDGE('',*,*,#12613,.F.);
#16734 = ORIENTED_EDGE('',*,*,#16735,.T.);
#16735 = EDGE_CURVE('',#12614,#16669,#16736,.T.);
#16736 = SURFACE_CURVE('',#16737,(#16741,#16747),.PCURVE_S1.);
#16737 = LINE('',#16738,#16739);
#16738 = CARTESIAN_POINT('',(67.75,29.5,56.));
#16739 = VECTOR('',#16740,1.);
#16740 = DIRECTION('',(-1.,0.,0.));
#16741 = PCURVE('',#6978,#16742);
#16742 = DEFINITIONAL_REPRESENTATION('',(#16743),#16746);
#16743 = B_SPLINE_CURVE_WITH_KNOTS('',1,(#16744,#16745),.UNSPECIFIED.,
  .F.,.F.,(2,2),(-4.75,-4.25),.PIECEWISE_BEZIER_KNOTS.);
#16744 = CARTESIAN_POINT('',(0.5,73.5));
#16745 = CARTESIAN_POINT('',(0.,73.5));
#16746 = ( GEOMETRIC_REPRESENTATION_CONTEXT(2) 
PARAMETRIC_REPRESENTATION_CONTEXT() REPRESENTATION_CONTEXT('2D SPACE',''
  ) );
#16747 = PCURVE('',#12276,#16748);
#16748 = DEFINITIONAL_REPRESENTATION('',(#16749),#16752);
#16749 = B_SPLINE_CURVE_WITH_KNOTS('',1,(#16750,#16751),.UNSPECIFIED.,
  .F.,.F.,(2,2),(-4.75,-4.25),.PIECEWISE_BEZIER_KNOTS.);
#16750 = CARTESIAN_POINT('',(53.,9.));
#16751 = CARTESIAN_POINT('',(53.,8.5));
#16752 = ( GEOMETRIC_REPRESENTATION_CONTEXT(2) 
PARAMETRIC_REPRESENTATION_CONTEXT() REPRESENTATION_CONTEXT('2D SPACE',''
  ) );
#16753 = ADVANCED_FACE('',(#16754),#6950,.F.);
#16754 = FACE_BOUND('',#16755,.F.);
#16755 = EDGE_LOOP('',(#16756,#16757,#16758,#16759));
#16756 = ORIENTED_EDGE('',*,*,#15110,.F.);
#16757 = ORIENTED_EDGE('',*,*,#12499,.F.);
#16758 = ORIENTED_EDGE('',*,*,#16712,.T.);
#16759 = ORIENTED_EDGE('',*,*,#6934,.T.);
#16760 = ADVANCED_FACE('',(#16761),#6876,.T.);
#16761 = FACE_BOUND('',#16762,.T.);
#16762 = EDGE_LOOP('',(#16763,#16764,#16765,#16766));
#16763 = ORIENTED_EDGE('',*,*,#15271,.F.);
#16764 = ORIENTED_EDGE('',*,*,#6860,.T.);
#16765 = ORIENTED_EDGE('',*,*,#14774,.T.);
#16766 = ORIENTED_EDGE('',*,*,#13774,.F.);
#16767 = ADVANCED_FACE('',(#16768),#6802,.T.);
#16768 = FACE_BOUND('',#16769,.T.);
#16769 = EDGE_LOOP('',(#16770,#16771,#16772,#16773));
#16770 = ORIENTED_EDGE('',*,*,#15405,.F.);
#16771 = ORIENTED_EDGE('',*,*,#11027,.F.);
#16772 = ORIENTED_EDGE('',*,*,#15592,.T.);
#16773 = ORIENTED_EDGE('',*,*,#6786,.T.);
#16774 = ADVANCED_FACE('',(#16775),#7059,.F.);
#16775 = FACE_BOUND('',#16776,.F.);
#16776 = EDGE_LOOP('',(#16777,#16778,#16799,#16800));
#16777 = ORIENTED_EDGE('',*,*,#13870,.F.);
#16778 = ORIENTED_EDGE('',*,*,#16779,.F.);
#16779 = EDGE_CURVE('',#7043,#13871,#16780,.T.);
#16780 = SEAM_CURVE('',#16781,(#16785,#16792),.PCURVE_S1.);
#16781 = LINE('',#16782,#16783);
#16782 = CARTESIAN_POINT('',(-67.,39.5,28.65));
#16783 = VECTOR('',#16784,1.);
#16784 = DIRECTION('',(0.,1.,0.));
#16785 = PCURVE('',#7059,#16786);
#16786 = DEFINITIONAL_REPRESENTATION('',(#16787),#16791);
#16787 = LINE('',#16788,#16789);
#16788 = CARTESIAN_POINT('',(6.28318530718,-0.));
#16789 = VECTOR('',#16790,1.);
#16790 = DIRECTION('',(0.,1.));
#16791 = ( GEOMETRIC_REPRESENTATION_CONTEXT(2) 
PARAMETRIC_REPRESENTATION_CONTEXT() REPRESENTATION_CONTEXT('2D SPACE',''
  ) );
#16792 = PCURVE('',#7059,#16793);
#16793 = DEFINITIONAL_REPRESENTATION('',(#16794),#16798);
#16794 = LINE('',#16795,#16796);
#16795 = CARTESIAN_POINT('',(0.,-0.));
#16796 = VECTOR('',#16797,1.);
#16797 = DIRECTION('',(0.,1.));
#16798 = ( GEOMETRIC_REPRESENTATION_CONTEXT(2) 
PARAMETRIC_REPRESENTATION_CONTEXT() REPRESENTATION_CONTEXT('2D SPACE',''
  ) );
#16799 = ORIENTED_EDGE('',*,*,#7042,.T.);
#16800 = ORIENTED_EDGE('',*,*,#16779,.T.);
#16801 = ADVANCED_FACE('',(#16802),#7090,.F.);
#16802 = FACE_BOUND('',#16803,.F.);
#16803 = EDGE_LOOP('',(#16804,#16805,#16826,#16827));
#16804 = ORIENTED_EDGE('',*,*,#13896,.F.);
#16805 = ORIENTED_EDGE('',*,*,#16806,.F.);
#16806 = EDGE_CURVE('',#7074,#13897,#16807,.T.);
#16807 = SEAM_CURVE('',#16808,(#16812,#16819),.PCURVE_S1.);
#16808 = LINE('',#16809,#16810);
#16809 = CARTESIAN_POINT('',(-53.,39.5,28.65));
#16810 = VECTOR('',#16811,1.);
#16811 = DIRECTION('',(0.,1.,0.));
#16812 = PCURVE('',#7090,#16813);
#16813 = DEFINITIONAL_REPRESENTATION('',(#16814),#16818);
#16814 = LINE('',#16815,#16816);
#16815 = CARTESIAN_POINT('',(6.28318530718,-0.));
#16816 = VECTOR('',#16817,1.);
#16817 = DIRECTION('',(0.,1.));
#16818 = ( GEOMETRIC_REPRESENTATION_CONTEXT(2) 
PARAMETRIC_REPRESENTATION_CONTEXT() REPRESENTATION_CONTEXT('2D SPACE',''
  ) );
#16819 = PCURVE('',#7090,#16820);
#16820 = DEFINITIONAL_REPRESENTATION('',(#16821),#16825);
#16821 = LINE('',#16822,#16823);
#16822 = CARTESIAN_POINT('',(0.,-0.));
#16823 = VECTOR('',#16824,1.);
#16824 = DIRECTION('',(0.,1.));
#16825 = ( GEOMETRIC_REPRESENTATION_CONTEXT(2) 
PARAMETRIC_REPRESENTATION_CONTEXT() REPRESENTATION_CONTEXT('2D SPACE',''
  ) );
#16826 = ORIENTED_EDGE('',*,*,#7073,.T.);
#16827 = ORIENTED_EDGE('',*,*,#16806,.T.);
#16828 = ADVANCED_FACE('',(#16829),#7121,.F.);
#16829 = FACE_BOUND('',#16830,.F.);
#16830 = EDGE_LOOP('',(#16831,#16852,#16853,#16874));
#16831 = ORIENTED_EDGE('',*,*,#16832,.F.);
#16832 = EDGE_CURVE('',#7105,#13923,#16833,.T.);
#16833 = SURFACE_CURVE('',#16834,(#16838,#16845),.PCURVE_S1.);
#16834 = LINE('',#16835,#16836);
#16835 = CARTESIAN_POINT('',(-41.5,42.,23.));
#16836 = VECTOR('',#16837,1.);
#16837 = DIRECTION('',(0.,1.,0.));
#16838 = PCURVE('',#7121,#16839);
#16839 = DEFINITIONAL_REPRESENTATION('',(#16840),#16844);
#16840 = LINE('',#16841,#16842);
#16841 = CARTESIAN_POINT('',(0.,0.));
#16842 = VECTOR('',#16843,1.);
#16843 = DIRECTION('',(0.,1.));
#16844 = ( GEOMETRIC_REPRESENTATION_CONTEXT(2) 
PARAMETRIC_REPRESENTATION_CONTEXT() REPRESENTATION_CONTEXT('2D SPACE',''
  ) );
#16845 = PCURVE('',#7147,#16846);
#16846 = DEFINITIONAL_REPRESENTATION('',(#16847),#16851);
#16847 = LINE('',#16848,#16849);
#16848 = CARTESIAN_POINT('',(16.,0.));
#16849 = VECTOR('',#16850,1.);
#16850 = DIRECTION('',(0.,-1.));
#16851 = ( GEOMETRIC_REPRESENTATION_CONTEXT(2) 
PARAMETRIC_REPRESENTATION_CONTEXT() REPRESENTATION_CONTEXT('2D SPACE',''
  ) );
#16852 = ORIENTED_EDGE('',*,*,#7104,.T.);
#16853 = ORIENTED_EDGE('',*,*,#16854,.T.);
#16854 = EDGE_CURVE('',#7107,#13925,#16855,.T.);
#16855 = SURFACE_CURVE('',#16856,(#16860,#16867),.PCURVE_S1.);
#16856 = LINE('',#16857,#16858);
#16857 = CARTESIAN_POINT('',(-22.5,42.,23.));
#16858 = VECTOR('',#16859,1.);
#16859 = DIRECTION('',(0.,1.,0.));
#16860 = PCURVE('',#7121,#16861);
#16861 = DEFINITIONAL_REPRESENTATION('',(#16862),#16866);
#16862 = LINE('',#16863,#16864);
#16863 = CARTESIAN_POINT('',(19.,0.));
#16864 = VECTOR('',#16865,1.);
#16865 = DIRECTION('',(0.,1.));
#16866 = ( GEOMETRIC_REPRESENTATION_CONTEXT(2) 
PARAMETRIC_REPRESENTATION_CONTEXT() REPRESENTATION_CONTEXT('2D SPACE',''
  ) );
#16867 = PCURVE('',#7197,#16868);
#16868 = DEFINITIONAL_REPRESENTATION('',(#16869),#16873);
#16869 = LINE('',#16870,#16871);
#16870 = CARTESIAN_POINT('',(16.,0.));
#16871 = VECTOR('',#16872,1.);
#16872 = DIRECTION('',(0.,-1.));
#16873 = ( GEOMETRIC_REPRESENTATION_CONTEXT(2) 
PARAMETRIC_REPRESENTATION_CONTEXT() REPRESENTATION_CONTEXT('2D SPACE',''
  ) );
#16874 = ORIENTED_EDGE('',*,*,#13922,.F.);
#16875 = ADVANCED_FACE('',(#16876),#7147,.T.);
#16876 = FACE_BOUND('',#16877,.T.);
#16877 = EDGE_LOOP('',(#16878,#16879,#16880,#16901));
#16878 = ORIENTED_EDGE('',*,*,#16832,.F.);
#16879 = ORIENTED_EDGE('',*,*,#7132,.T.);
#16880 = ORIENTED_EDGE('',*,*,#16881,.T.);
#16881 = EDGE_CURVE('',#7133,#13947,#16882,.T.);
#16882 = SURFACE_CURVE('',#16883,(#16887,#16894),.PCURVE_S1.);
#16883 = LINE('',#16884,#16885);
#16884 = CARTESIAN_POINT('',(-41.5,42.,7.));
#16885 = VECTOR('',#16886,1.);
#16886 = DIRECTION('',(0.,1.,0.));
#16887 = PCURVE('',#7147,#16888);
#16888 = DEFINITIONAL_REPRESENTATION('',(#16889),#16893);
#16889 = LINE('',#16890,#16891);
#16890 = CARTESIAN_POINT('',(0.,0.));
#16891 = VECTOR('',#16892,1.);
#16892 = DIRECTION('',(0.,-1.));
#16893 = ( GEOMETRIC_REPRESENTATION_CONTEXT(2) 
PARAMETRIC_REPRESENTATION_CONTEXT() REPRESENTATION_CONTEXT('2D SPACE',''
  ) );
#16894 = PCURVE('',#7173,#16895);
#16895 = DEFINITIONAL_REPRESENTATION('',(#16896),#16900);
#16896 = LINE('',#16897,#16898);
#16897 = CARTESIAN_POINT('',(0.,0.));
#16898 = VECTOR('',#16899,1.);
#16899 = DIRECTION('',(0.,1.));
#16900 = ( GEOMETRIC_REPRESENTATION_CONTEXT(2) 
PARAMETRIC_REPRESENTATION_CONTEXT() REPRESENTATION_CONTEXT('2D SPACE',''
  ) );
#16901 = ORIENTED_EDGE('',*,*,#13946,.F.);
#16902 = ADVANCED_FACE('',(#16903),#7197,.F.);
#16903 = FACE_BOUND('',#16904,.F.);
#16904 = EDGE_LOOP('',(#16905,#16906,#16907,#16928));
#16905 = ORIENTED_EDGE('',*,*,#16854,.F.);
#16906 = ORIENTED_EDGE('',*,*,#7184,.T.);
#16907 = ORIENTED_EDGE('',*,*,#16908,.T.);
#16908 = EDGE_CURVE('',#7159,#13969,#16909,.T.);
#16909 = SURFACE_CURVE('',#16910,(#16914,#16921),.PCURVE_S1.);
#16910 = LINE('',#16911,#16912);
#16911 = CARTESIAN_POINT('',(-22.5,42.,7.));
#16912 = VECTOR('',#16913,1.);
#16913 = DIRECTION('',(0.,1.,0.));
#16914 = PCURVE('',#7197,#16915);
#16915 = DEFINITIONAL_REPRESENTATION('',(#16916),#16920);
#16916 = LINE('',#16917,#16918);
#16917 = CARTESIAN_POINT('',(0.,0.));
#16918 = VECTOR('',#16919,1.);
#16919 = DIRECTION('',(0.,-1.));
#16920 = ( GEOMETRIC_REPRESENTATION_CONTEXT(2) 
PARAMETRIC_REPRESENTATION_CONTEXT() REPRESENTATION_CONTEXT('2D SPACE',''
  ) );
#16921 = PCURVE('',#7173,#16922);
#16922 = DEFINITIONAL_REPRESENTATION('',(#16923),#16927);
#16923 = LINE('',#16924,#16925);
#16924 = CARTESIAN_POINT('',(19.,0.));
#16925 = VECTOR('',#16926,1.);
#16926 = DIRECTION('',(0.,1.));
#16927 = ( GEOMETRIC_REPRESENTATION_CONTEXT(2) 
PARAMETRIC_REPRESENTATION_CONTEXT() REPRESENTATION_CONTEXT('2D SPACE',''
  ) );
#16928 = ORIENTED_EDGE('',*,*,#13990,.F.);
#16929 = ADVANCED_FACE('',(#16930),#7173,.T.);
#16930 = FACE_BOUND('',#16931,.T.);
#16931 = EDGE_LOOP('',(#16932,#16933,#16934,#16935));
#16932 = ORIENTED_EDGE('',*,*,#16881,.F.);
#16933 = ORIENTED_EDGE('',*,*,#7158,.T.);
#16934 = ORIENTED_EDGE('',*,*,#16908,.T.);
#16935 = ORIENTED_EDGE('',*,*,#13968,.F.);
#16936 = ADVANCED_FACE('',(#16937),#7227,.F.);
#16937 = FACE_BOUND('',#16938,.F.);
#16938 = EDGE_LOOP('',(#16939,#16940,#16961,#16962));
#16939 = ORIENTED_EDGE('',*,*,#14012,.F.);
#16940 = ORIENTED_EDGE('',*,*,#16941,.F.);
#16941 = EDGE_CURVE('',#7211,#14013,#16942,.T.);
#16942 = SEAM_CURVE('',#16943,(#16947,#16954),.PCURVE_S1.);
#16943 = LINE('',#16944,#16945);
#16944 = CARTESIAN_POINT('',(-43.2,39.5,43.2));
#16945 = VECTOR('',#16946,1.);
#16946 = DIRECTION('',(0.,1.,0.));
#16947 = PCURVE('',#7227,#16948);
#16948 = DEFINITIONAL_REPRESENTATION('',(#16949),#16953);
#16949 = LINE('',#16950,#16951);
#16950 = CARTESIAN_POINT('',(6.28318530718,-0.));
#16951 = VECTOR('',#16952,1.);
#16952 = DIRECTION('',(0.,1.));
#16953 = ( GEOMETRIC_REPRESENTATION_CONTEXT(2) 
PARAMETRIC_REPRESENTATION_CONTEXT() REPRESENTATION_CONTEXT('2D SPACE',''
  ) );
#16954 = PCURVE('',#7227,#16955);
#16955 = DEFINITIONAL_REPRESENTATION('',(#16956),#16960);
#16956 = LINE('',#16957,#16958);
#16957 = CARTESIAN_POINT('',(0.,-0.));
#16958 = VECTOR('',#16959,1.);
#16959 = DIRECTION('',(0.,1.));
#16960 = ( GEOMETRIC_REPRESENTATION_CONTEXT(2) 
PARAMETRIC_REPRESENTATION_CONTEXT() REPRESENTATION_CONTEXT('2D SPACE',''
  ) );
#16961 = ORIENTED_EDGE('',*,*,#7210,.T.);
#16962 = ORIENTED_EDGE('',*,*,#16941,.T.);
#16963 = ADVANCED_FACE('',(#16964),#7258,.F.);
#16964 = FACE_BOUND('',#16965,.F.);
#16965 = EDGE_LOOP('',(#16966,#16967,#16988,#16989));
#16966 = ORIENTED_EDGE('',*,*,#14038,.F.);
#16967 = ORIENTED_EDGE('',*,*,#16968,.F.);
#16968 = EDGE_CURVE('',#7242,#14039,#16969,.T.);
#16969 = SEAM_CURVE('',#16970,(#16974,#16981),.PCURVE_S1.);
#16970 = LINE('',#16971,#16972);
#16971 = CARTESIAN_POINT('',(-67.,39.5,59.65));
#16972 = VECTOR('',#16973,1.);
#16973 = DIRECTION('',(0.,1.,0.));
#16974 = PCURVE('',#7258,#16975);
#16975 = DEFINITIONAL_REPRESENTATION('',(#16976),#16980);
#16976 = LINE('',#16977,#16978);
#16977 = CARTESIAN_POINT('',(6.28318530718,-0.));
#16978 = VECTOR('',#16979,1.);
#16979 = DIRECTION('',(0.,1.));
#16980 = ( GEOMETRIC_REPRESENTATION_CONTEXT(2) 
PARAMETRIC_REPRESENTATION_CONTEXT() REPRESENTATION_CONTEXT('2D SPACE',''
  ) );
#16981 = PCURVE('',#7258,#16982);
#16982 = DEFINITIONAL_REPRESENTATION('',(#16983),#16987);
#16983 = LINE('',#16984,#16985);
#16984 = CARTESIAN_POINT('',(0.,-0.));
#16985 = VECTOR('',#16986,1.);
#16986 = DIRECTION('',(0.,1.));
#16987 = ( GEOMETRIC_REPRESENTATION_CONTEXT(2) 
PARAMETRIC_REPRESENTATION_CONTEXT() REPRESENTATION_CONTEXT('2D SPACE',''
  ) );
#16988 = ORIENTED_EDGE('',*,*,#7241,.T.);
#16989 = ORIENTED_EDGE('',*,*,#16968,.T.);
#16990 = ADVANCED_FACE('',(#16991),#7289,.F.);
#16991 = FACE_BOUND('',#16992,.F.);
#16992 = EDGE_LOOP('',(#16993,#16994,#17015,#17016));
#16993 = ORIENTED_EDGE('',*,*,#14064,.F.);
#16994 = ORIENTED_EDGE('',*,*,#16995,.F.);
#16995 = EDGE_CURVE('',#7273,#14065,#16996,.T.);
#16996 = SEAM_CURVE('',#16997,(#17001,#17008),.PCURVE_S1.);
#16997 = LINE('',#16998,#16999);
#16998 = CARTESIAN_POINT('',(-53.,39.5,59.65));
#16999 = VECTOR('',#17000,1.);
#17000 = DIRECTION('',(0.,1.,0.));
#17001 = PCURVE('',#7289,#17002);
#17002 = DEFINITIONAL_REPRESENTATION('',(#17003),#17007);
#17003 = LINE('',#17004,#17005);
#17004 = CARTESIAN_POINT('',(6.28318530718,-0.));
#17005 = VECTOR('',#17006,1.);
#17006 = DIRECTION('',(0.,1.));
#17007 = ( GEOMETRIC_REPRESENTATION_CONTEXT(2) 
PARAMETRIC_REPRESENTATION_CONTEXT() REPRESENTATION_CONTEXT('2D SPACE',''
  ) );
#17008 = PCURVE('',#7289,#17009);
#17009 = DEFINITIONAL_REPRESENTATION('',(#17010),#17014);
#17010 = LINE('',#17011,#17012);
#17011 = CARTESIAN_POINT('',(0.,-0.));
#17012 = VECTOR('',#17013,1.);
#17013 = DIRECTION('',(0.,1.));
#17014 = ( GEOMETRIC_REPRESENTATION_CONTEXT(2) 
PARAMETRIC_REPRESENTATION_CONTEXT() REPRESENTATION_CONTEXT('2D SPACE',''
  ) );
#17015 = ORIENTED_EDGE('',*,*,#7272,.T.);
#17016 = ORIENTED_EDGE('',*,*,#16995,.T.);
#17017 = ADVANCED_FACE('',(#17018),#7320,.F.);
#17018 = FACE_BOUND('',#17019,.F.);
#17019 = EDGE_LOOP('',(#17020,#17041,#17042,#17063));
#17020 = ORIENTED_EDGE('',*,*,#17021,.F.);
#17021 = EDGE_CURVE('',#7304,#14091,#17022,.T.);
#17022 = SURFACE_CURVE('',#17023,(#17027,#17034),.PCURVE_S1.);
#17023 = LINE('',#17024,#17025);
#17024 = CARTESIAN_POINT('',(-41.1,41.,48.3));
#17025 = VECTOR('',#17026,1.);
#17026 = DIRECTION('',(0.,1.,0.));
#17027 = PCURVE('',#7320,#17028);
#17028 = DEFINITIONAL_REPRESENTATION('',(#17029),#17033);
#17029 = LINE('',#17030,#17031);
#17030 = CARTESIAN_POINT('',(0.,0.));
#17031 = VECTOR('',#17032,1.);
#17032 = DIRECTION('',(0.,1.));
#17033 = ( GEOMETRIC_REPRESENTATION_CONTEXT(2) 
PARAMETRIC_REPRESENTATION_CONTEXT() REPRESENTATION_CONTEXT('2D SPACE',''
  ) );
#17034 = PCURVE('',#7346,#17035);
#17035 = DEFINITIONAL_REPRESENTATION('',(#17036),#17040);
#17036 = LINE('',#17037,#17038);
#17037 = CARTESIAN_POINT('',(12.6,0.));
#17038 = VECTOR('',#17039,1.);
#17039 = DIRECTION('',(0.,-1.));
#17040 = ( GEOMETRIC_REPRESENTATION_CONTEXT(2) 
PARAMETRIC_REPRESENTATION_CONTEXT() REPRESENTATION_CONTEXT('2D SPACE',''
  ) );
#17041 = ORIENTED_EDGE('',*,*,#7303,.T.);
#17042 = ORIENTED_EDGE('',*,*,#17043,.T.);
#17043 = EDGE_CURVE('',#7306,#14093,#17044,.T.);
#17044 = SURFACE_CURVE('',#17045,(#17049,#17056),.PCURVE_S1.);
#17045 = LINE('',#17046,#17047);
#17046 = CARTESIAN_POINT('',(-17.5,41.,48.3));
#17047 = VECTOR('',#17048,1.);
#17048 = DIRECTION('',(0.,1.,0.));
#17049 = PCURVE('',#7320,#17050);
#17050 = DEFINITIONAL_REPRESENTATION('',(#17051),#17055);
#17051 = LINE('',#17052,#17053);
#17052 = CARTESIAN_POINT('',(23.6,0.));
#17053 = VECTOR('',#17054,1.);
#17054 = DIRECTION('',(0.,1.));
#17055 = ( GEOMETRIC_REPRESENTATION_CONTEXT(2) 
PARAMETRIC_REPRESENTATION_CONTEXT() REPRESENTATION_CONTEXT('2D SPACE',''
  ) );
#17056 = PCURVE('',#7396,#17057);
#17057 = DEFINITIONAL_REPRESENTATION('',(#17058),#17062);
#17058 = LINE('',#17059,#17060);
#17059 = CARTESIAN_POINT('',(12.6,0.));
#17060 = VECTOR('',#17061,1.);
#17061 = DIRECTION('',(0.,-1.));
#17062 = ( GEOMETRIC_REPRESENTATION_CONTEXT(2) 
PARAMETRIC_REPRESENTATION_CONTEXT() REPRESENTATION_CONTEXT('2D SPACE',''
  ) );
#17063 = ORIENTED_EDGE('',*,*,#14090,.F.);
#17064 = ADVANCED_FACE('',(#17065),#7346,.T.);
#17065 = FACE_BOUND('',#17066,.T.);
#17066 = EDGE_LOOP('',(#17067,#17068,#17069,#17090));
#17067 = ORIENTED_EDGE('',*,*,#17021,.F.);
#17068 = ORIENTED_EDGE('',*,*,#7331,.T.);
#17069 = ORIENTED_EDGE('',*,*,#17070,.T.);
#17070 = EDGE_CURVE('',#7332,#14115,#17071,.T.);
#17071 = SURFACE_CURVE('',#17072,(#17076,#17083),.PCURVE_S1.);
#17072 = LINE('',#17073,#17074);
#17073 = CARTESIAN_POINT('',(-41.1,41.,35.7));
#17074 = VECTOR('',#17075,1.);
#17075 = DIRECTION('',(0.,1.,0.));
#17076 = PCURVE('',#7346,#17077);
#17077 = DEFINITIONAL_REPRESENTATION('',(#17078),#17082);
#17078 = LINE('',#17079,#17080);
#17079 = CARTESIAN_POINT('',(0.,0.));
#17080 = VECTOR('',#17081,1.);
#17081 = DIRECTION('',(0.,-1.));
#17082 = ( GEOMETRIC_REPRESENTATION_CONTEXT(2) 
PARAMETRIC_REPRESENTATION_CONTEXT() REPRESENTATION_CONTEXT('2D SPACE',''
  ) );
#17083 = PCURVE('',#7372,#17084);
#17084 = DEFINITIONAL_REPRESENTATION('',(#17085),#17089);
#17085 = LINE('',#17086,#17087);
#17086 = CARTESIAN_POINT('',(0.,0.));
#17087 = VECTOR('',#17088,1.);
#17088 = DIRECTION('',(0.,1.));
#17089 = ( GEOMETRIC_REPRESENTATION_CONTEXT(2) 
PARAMETRIC_REPRESENTATION_CONTEXT() REPRESENTATION_CONTEXT('2D SPACE',''
  ) );
#17090 = ORIENTED_EDGE('',*,*,#14114,.F.);
#17091 = ADVANCED_FACE('',(#17092),#7396,.F.);
#17092 = FACE_BOUND('',#17093,.F.);
#17093 = EDGE_LOOP('',(#17094,#17095,#17096,#17117));
#17094 = ORIENTED_EDGE('',*,*,#17043,.F.);
#17095 = ORIENTED_EDGE('',*,*,#7383,.T.);
#17096 = ORIENTED_EDGE('',*,*,#17097,.T.);
#17097 = EDGE_CURVE('',#7358,#14137,#17098,.T.);
#17098 = SURFACE_CURVE('',#17099,(#17103,#17110),.PCURVE_S1.);
#17099 = LINE('',#17100,#17101);
#17100 = CARTESIAN_POINT('',(-17.5,41.,35.7));
#17101 = VECTOR('',#17102,1.);
#17102 = DIRECTION('',(0.,1.,0.));
#17103 = PCURVE('',#7396,#17104);
#17104 = DEFINITIONAL_REPRESENTATION('',(#17105),#17109);
#17105 = LINE('',#17106,#17107);
#17106 = CARTESIAN_POINT('',(0.,0.));
#17107 = VECTOR('',#17108,1.);
#17108 = DIRECTION('',(0.,-1.));
#17109 = ( GEOMETRIC_REPRESENTATION_CONTEXT(2) 
PARAMETRIC_REPRESENTATION_CONTEXT() REPRESENTATION_CONTEXT('2D SPACE',''
  ) );
#17110 = PCURVE('',#7372,#17111);
#17111 = DEFINITIONAL_REPRESENTATION('',(#17112),#17116);
#17112 = LINE('',#17113,#17114);
#17113 = CARTESIAN_POINT('',(23.6,0.));
#17114 = VECTOR('',#17115,1.);
#17115 = DIRECTION('',(0.,1.));
#17116 = ( GEOMETRIC_REPRESENTATION_CONTEXT(2) 
PARAMETRIC_REPRESENTATION_CONTEXT() REPRESENTATION_CONTEXT('2D SPACE',''
  ) );
#17117 = ORIENTED_EDGE('',*,*,#14158,.F.);
#17118 = ADVANCED_FACE('',(#17119),#7372,.T.);
#17119 = FACE_BOUND('',#17120,.T.);
#17120 = EDGE_LOOP('',(#17121,#17122,#17123,#17124));
#17121 = ORIENTED_EDGE('',*,*,#17070,.F.);
#17122 = ORIENTED_EDGE('',*,*,#7357,.T.);
#17123 = ORIENTED_EDGE('',*,*,#17097,.T.);
#17124 = ORIENTED_EDGE('',*,*,#14136,.F.);
#17125 = ADVANCED_FACE('',(#17126),#7426,.F.);
#17126 = FACE_BOUND('',#17127,.F.);
#17127 = EDGE_LOOP('',(#17128,#17129,#17150,#17151));
#17128 = ORIENTED_EDGE('',*,*,#14180,.F.);
#17129 = ORIENTED_EDGE('',*,*,#17130,.F.);
#17130 = EDGE_CURVE('',#7410,#14181,#17131,.T.);
#17131 = SEAM_CURVE('',#17132,(#17136,#17143),.PCURVE_S1.);
#17132 = LINE('',#17133,#17134);
#17133 = CARTESIAN_POINT('',(-15.4,39.5,43.2));
#17134 = VECTOR('',#17135,1.);
#17135 = DIRECTION('',(0.,1.,0.));
#17136 = PCURVE('',#7426,#17137);
#17137 = DEFINITIONAL_REPRESENTATION('',(#17138),#17142);
#17138 = LINE('',#17139,#17140);
#17139 = CARTESIAN_POINT('',(6.28318530718,-0.));
#17140 = VECTOR('',#17141,1.);
#17141 = DIRECTION('',(0.,1.));
#17142 = ( GEOMETRIC_REPRESENTATION_CONTEXT(2) 
PARAMETRIC_REPRESENTATION_CONTEXT() REPRESENTATION_CONTEXT('2D SPACE',''
  ) );
#17143 = PCURVE('',#7426,#17144);
#17144 = DEFINITIONAL_REPRESENTATION('',(#17145),#17149);
#17145 = LINE('',#17146,#17147);
#17146 = CARTESIAN_POINT('',(0.,-0.));
#17147 = VECTOR('',#17148,1.);
#17148 = DIRECTION('',(0.,1.));
#17149 = ( GEOMETRIC_REPRESENTATION_CONTEXT(2) 
PARAMETRIC_REPRESENTATION_CONTEXT() REPRESENTATION_CONTEXT('2D SPACE',''
  ) );
#17150 = ORIENTED_EDGE('',*,*,#7409,.T.);
#17151 = ORIENTED_EDGE('',*,*,#17130,.T.);
#17152 = ADVANCED_FACE('',(#17153),#7457,.F.);
#17153 = FACE_BOUND('',#17154,.F.);
#17154 = EDGE_LOOP('',(#17155,#17176,#17177,#17198));
#17155 = ORIENTED_EDGE('',*,*,#17156,.F.);
#17156 = EDGE_CURVE('',#7441,#14207,#17157,.T.);
#17157 = SURFACE_CURVE('',#17158,(#17162,#17169),.PCURVE_S1.);
#17158 = LINE('',#17159,#17160);
#17159 = CARTESIAN_POINT('',(-9.5,42.,23.));
#17160 = VECTOR('',#17161,1.);
#17161 = DIRECTION('',(0.,1.,0.));
#17162 = PCURVE('',#7457,#17163);
#17163 = DEFINITIONAL_REPRESENTATION('',(#17164),#17168);
#17164 = LINE('',#17165,#17166);
#17165 = CARTESIAN_POINT('',(0.,0.));
#17166 = VECTOR('',#17167,1.);
#17167 = DIRECTION('',(0.,1.));
#17168 = ( GEOMETRIC_REPRESENTATION_CONTEXT(2) 
PARAMETRIC_REPRESENTATION_CONTEXT() REPRESENTATION_CONTEXT('2D SPACE',''
  ) );
#17169 = PCURVE('',#7483,#17170);
#17170 = DEFINITIONAL_REPRESENTATION('',(#17171),#17175);
#17171 = LINE('',#17172,#17173);
#17172 = CARTESIAN_POINT('',(16.,0.));
#17173 = VECTOR('',#17174,1.);
#17174 = DIRECTION('',(0.,-1.));
#17175 = ( GEOMETRIC_REPRESENTATION_CONTEXT(2) 
PARAMETRIC_REPRESENTATION_CONTEXT() REPRESENTATION_CONTEXT('2D SPACE',''
  ) );
#17176 = ORIENTED_EDGE('',*,*,#7440,.T.);
#17177 = ORIENTED_EDGE('',*,*,#17178,.T.);
#17178 = EDGE_CURVE('',#7443,#14209,#17179,.T.);
#17179 = SURFACE_CURVE('',#17180,(#17184,#17191),.PCURVE_S1.);
#17180 = LINE('',#17181,#17182);
#17181 = CARTESIAN_POINT('',(9.5,42.,23.));
#17182 = VECTOR('',#17183,1.);
#17183 = DIRECTION('',(0.,1.,0.));
#17184 = PCURVE('',#7457,#17185);
#17185 = DEFINITIONAL_REPRESENTATION('',(#17186),#17190);
#17186 = LINE('',#17187,#17188);
#17187 = CARTESIAN_POINT('',(19.,0.));
#17188 = VECTOR('',#17189,1.);
#17189 = DIRECTION('',(0.,1.));
#17190 = ( GEOMETRIC_REPRESENTATION_CONTEXT(2) 
PARAMETRIC_REPRESENTATION_CONTEXT() REPRESENTATION_CONTEXT('2D SPACE',''
  ) );
#17191 = PCURVE('',#7533,#17192);
#17192 = DEFINITIONAL_REPRESENTATION('',(#17193),#17197);
#17193 = LINE('',#17194,#17195);
#17194 = CARTESIAN_POINT('',(16.,0.));
#17195 = VECTOR('',#17196,1.);
#17196 = DIRECTION('',(0.,-1.));
#17197 = ( GEOMETRIC_REPRESENTATION_CONTEXT(2) 
PARAMETRIC_REPRESENTATION_CONTEXT() REPRESENTATION_CONTEXT('2D SPACE',''
  ) );
#17198 = ORIENTED_EDGE('',*,*,#14206,.F.);
#17199 = ADVANCED_FACE('',(#17200),#7483,.T.);
#17200 = FACE_BOUND('',#17201,.T.);
#17201 = EDGE_LOOP('',(#17202,#17203,#17204,#17225));
#17202 = ORIENTED_EDGE('',*,*,#17156,.F.);
#17203 = ORIENTED_EDGE('',*,*,#7468,.T.);
#17204 = ORIENTED_EDGE('',*,*,#17205,.T.);
#17205 = EDGE_CURVE('',#7469,#14231,#17206,.T.);
#17206 = SURFACE_CURVE('',#17207,(#17211,#17218),.PCURVE_S1.);
#17207 = LINE('',#17208,#17209);
#17208 = CARTESIAN_POINT('',(-9.5,42.,7.));
#17209 = VECTOR('',#17210,1.);
#17210 = DIRECTION('',(0.,1.,0.));
#17211 = PCURVE('',#7483,#17212);
#17212 = DEFINITIONAL_REPRESENTATION('',(#17213),#17217);
#17213 = LINE('',#17214,#17215);
#17214 = CARTESIAN_POINT('',(0.,0.));
#17215 = VECTOR('',#17216,1.);
#17216 = DIRECTION('',(0.,-1.));
#17217 = ( GEOMETRIC_REPRESENTATION_CONTEXT(2) 
PARAMETRIC_REPRESENTATION_CONTEXT() REPRESENTATION_CONTEXT('2D SPACE',''
  ) );
#17218 = PCURVE('',#7509,#17219);
#17219 = DEFINITIONAL_REPRESENTATION('',(#17220),#17224);
#17220 = LINE('',#17221,#17222);
#17221 = CARTESIAN_POINT('',(0.,0.));
#17222 = VECTOR('',#17223,1.);
#17223 = DIRECTION('',(0.,1.));
#17224 = ( GEOMETRIC_REPRESENTATION_CONTEXT(2) 
PARAMETRIC_REPRESENTATION_CONTEXT() REPRESENTATION_CONTEXT('2D SPACE',''
  ) );
#17225 = ORIENTED_EDGE('',*,*,#14230,.F.);
#17226 = ADVANCED_FACE('',(#17227),#7533,.F.);
#17227 = FACE_BOUND('',#17228,.F.);
#17228 = EDGE_LOOP('',(#17229,#17230,#17231,#17252));
#17229 = ORIENTED_EDGE('',*,*,#17178,.F.);
#17230 = ORIENTED_EDGE('',*,*,#7520,.T.);
#17231 = ORIENTED_EDGE('',*,*,#17232,.T.);
#17232 = EDGE_CURVE('',#7495,#14253,#17233,.T.);
#17233 = SURFACE_CURVE('',#17234,(#17238,#17245),.PCURVE_S1.);
#17234 = LINE('',#17235,#17236);
#17235 = CARTESIAN_POINT('',(9.5,42.,7.));
#17236 = VECTOR('',#17237,1.);
#17237 = DIRECTION('',(0.,1.,0.));
#17238 = PCURVE('',#7533,#17239);
#17239 = DEFINITIONAL_REPRESENTATION('',(#17240),#17244);
#17240 = LINE('',#17241,#17242);
#17241 = CARTESIAN_POINT('',(0.,0.));
#17242 = VECTOR('',#17243,1.);
#17243 = DIRECTION('',(0.,-1.));
#17244 = ( GEOMETRIC_REPRESENTATION_CONTEXT(2) 
PARAMETRIC_REPRESENTATION_CONTEXT() REPRESENTATION_CONTEXT('2D SPACE',''
  ) );
#17245 = PCURVE('',#7509,#17246);
#17246 = DEFINITIONAL_REPRESENTATION('',(#17247),#17251);
#17247 = LINE('',#17248,#17249);
#17248 = CARTESIAN_POINT('',(19.,0.));
#17249 = VECTOR('',#17250,1.);
#17250 = DIRECTION('',(0.,1.));
#17251 = ( GEOMETRIC_REPRESENTATION_CONTEXT(2) 
PARAMETRIC_REPRESENTATION_CONTEXT() REPRESENTATION_CONTEXT('2D SPACE',''
  ) );
#17252 = ORIENTED_EDGE('',*,*,#14274,.F.);
#17253 = ADVANCED_FACE('',(#17254),#7509,.T.);
#17254 = FACE_BOUND('',#17255,.T.);
#17255 = EDGE_LOOP('',(#17256,#17257,#17258,#17259));
#17256 = ORIENTED_EDGE('',*,*,#17205,.F.);
#17257 = ORIENTED_EDGE('',*,*,#7494,.T.);
#17258 = ORIENTED_EDGE('',*,*,#17232,.T.);
#17259 = ORIENTED_EDGE('',*,*,#14252,.F.);
#17260 = ADVANCED_FACE('',(#17261),#7563,.F.);
#17261 = FACE_BOUND('',#17262,.F.);
#17262 = EDGE_LOOP('',(#17263,#17284,#17285,#17306));
#17263 = ORIENTED_EDGE('',*,*,#17264,.F.);
#17264 = EDGE_CURVE('',#7547,#14297,#17265,.T.);
#17265 = SURFACE_CURVE('',#17266,(#17270,#17277),.PCURVE_S1.);
#17266 = LINE('',#17267,#17268);
#17267 = CARTESIAN_POINT('',(22.5,42.,23.));
#17268 = VECTOR('',#17269,1.);
#17269 = DIRECTION('',(0.,1.,0.));
#17270 = PCURVE('',#7563,#17271);
#17271 = DEFINITIONAL_REPRESENTATION('',(#17272),#17276);
#17272 = LINE('',#17273,#17274);
#17273 = CARTESIAN_POINT('',(0.,0.));
#17274 = VECTOR('',#17275,1.);
#17275 = DIRECTION('',(0.,1.));
#17276 = ( GEOMETRIC_REPRESENTATION_CONTEXT(2) 
PARAMETRIC_REPRESENTATION_CONTEXT() REPRESENTATION_CONTEXT('2D SPACE',''
  ) );
#17277 = PCURVE('',#7589,#17278);
#17278 = DEFINITIONAL_REPRESENTATION('',(#17279),#17283);
#17279 = LINE('',#17280,#17281);
#17280 = CARTESIAN_POINT('',(16.,0.));
#17281 = VECTOR('',#17282,1.);
#17282 = DIRECTION('',(0.,-1.));
#17283 = ( GEOMETRIC_REPRESENTATION_CONTEXT(2) 
PARAMETRIC_REPRESENTATION_CONTEXT() REPRESENTATION_CONTEXT('2D SPACE',''
  ) );
#17284 = ORIENTED_EDGE('',*,*,#7546,.T.);
#17285 = ORIENTED_EDGE('',*,*,#17286,.T.);
#17286 = EDGE_CURVE('',#7549,#14299,#17287,.T.);
#17287 = SURFACE_CURVE('',#17288,(#17292,#17299),.PCURVE_S1.);
#17288 = LINE('',#17289,#17290);
#17289 = CARTESIAN_POINT('',(41.5,42.,23.));
#17290 = VECTOR('',#17291,1.);
#17291 = DIRECTION('',(0.,1.,0.));
#17292 = PCURVE('',#7563,#17293);
#17293 = DEFINITIONAL_REPRESENTATION('',(#17294),#17298);
#17294 = LINE('',#17295,#17296);
#17295 = CARTESIAN_POINT('',(19.,0.));
#17296 = VECTOR('',#17297,1.);
#17297 = DIRECTION('',(0.,1.));
#17298 = ( GEOMETRIC_REPRESENTATION_CONTEXT(2) 
PARAMETRIC_REPRESENTATION_CONTEXT() REPRESENTATION_CONTEXT('2D SPACE',''
  ) );
#17299 = PCURVE('',#7639,#17300);
#17300 = DEFINITIONAL_REPRESENTATION('',(#17301),#17305);
#17301 = LINE('',#17302,#17303);
#17302 = CARTESIAN_POINT('',(16.,0.));
#17303 = VECTOR('',#17304,1.);
#17304 = DIRECTION('',(0.,-1.));
#17305 = ( GEOMETRIC_REPRESENTATION_CONTEXT(2) 
PARAMETRIC_REPRESENTATION_CONTEXT() REPRESENTATION_CONTEXT('2D SPACE',''
  ) );
#17306 = ORIENTED_EDGE('',*,*,#14296,.F.);
#17307 = ADVANCED_FACE('',(#17308),#7589,.T.);
#17308 = FACE_BOUND('',#17309,.T.);
#17309 = EDGE_LOOP('',(#17310,#17311,#17312,#17333));
#17310 = ORIENTED_EDGE('',*,*,#17264,.F.);
#17311 = ORIENTED_EDGE('',*,*,#7574,.T.);
#17312 = ORIENTED_EDGE('',*,*,#17313,.T.);
#17313 = EDGE_CURVE('',#7575,#14321,#17314,.T.);
#17314 = SURFACE_CURVE('',#17315,(#17319,#17326),.PCURVE_S1.);
#17315 = LINE('',#17316,#17317);
#17316 = CARTESIAN_POINT('',(22.5,42.,7.));
#17317 = VECTOR('',#17318,1.);
#17318 = DIRECTION('',(0.,1.,0.));
#17319 = PCURVE('',#7589,#17320);
#17320 = DEFINITIONAL_REPRESENTATION('',(#17321),#17325);
#17321 = LINE('',#17322,#17323);
#17322 = CARTESIAN_POINT('',(0.,0.));
#17323 = VECTOR('',#17324,1.);
#17324 = DIRECTION('',(0.,-1.));
#17325 = ( GEOMETRIC_REPRESENTATION_CONTEXT(2) 
PARAMETRIC_REPRESENTATION_CONTEXT() REPRESENTATION_CONTEXT('2D SPACE',''
  ) );
#17326 = PCURVE('',#7615,#17327);
#17327 = DEFINITIONAL_REPRESENTATION('',(#17328),#17332);
#17328 = LINE('',#17329,#17330);
#17329 = CARTESIAN_POINT('',(0.,0.));
#17330 = VECTOR('',#17331,1.);
#17331 = DIRECTION('',(0.,1.));
#17332 = ( GEOMETRIC_REPRESENTATION_CONTEXT(2) 
PARAMETRIC_REPRESENTATION_CONTEXT() REPRESENTATION_CONTEXT('2D SPACE',''
  ) );
#17333 = ORIENTED_EDGE('',*,*,#14320,.F.);
#17334 = ADVANCED_FACE('',(#17335),#7639,.F.);
#17335 = FACE_BOUND('',#17336,.F.);
#17336 = EDGE_LOOP('',(#17337,#17338,#17339,#17360));
#17337 = ORIENTED_EDGE('',*,*,#17286,.F.);
#17338 = ORIENTED_EDGE('',*,*,#7626,.T.);
#17339 = ORIENTED_EDGE('',*,*,#17340,.T.);
#17340 = EDGE_CURVE('',#7601,#14343,#17341,.T.);
#17341 = SURFACE_CURVE('',#17342,(#17346,#17353),.PCURVE_S1.);
#17342 = LINE('',#17343,#17344);
#17343 = CARTESIAN_POINT('',(41.5,42.,7.));
#17344 = VECTOR('',#17345,1.);
#17345 = DIRECTION('',(0.,1.,0.));
#17346 = PCURVE('',#7639,#17347);
#17347 = DEFINITIONAL_REPRESENTATION('',(#17348),#17352);
#17348 = LINE('',#17349,#17350);
#17349 = CARTESIAN_POINT('',(0.,0.));
#17350 = VECTOR('',#17351,1.);
#17351 = DIRECTION('',(0.,-1.));
#17352 = ( GEOMETRIC_REPRESENTATION_CONTEXT(2) 
PARAMETRIC_REPRESENTATION_CONTEXT() REPRESENTATION_CONTEXT('2D SPACE',''
  ) );
#17353 = PCURVE('',#7615,#17354);
#17354 = DEFINITIONAL_REPRESENTATION('',(#17355),#17359);
#17355 = LINE('',#17356,#17357);
#17356 = CARTESIAN_POINT('',(19.,0.));
#17357 = VECTOR('',#17358,1.);
#17358 = DIRECTION('',(0.,1.));
#17359 = ( GEOMETRIC_REPRESENTATION_CONTEXT(2) 
PARAMETRIC_REPRESENTATION_CONTEXT() REPRESENTATION_CONTEXT('2D SPACE',''
  ) );
#17360 = ORIENTED_EDGE('',*,*,#14364,.F.);
#17361 = ADVANCED_FACE('',(#17362),#7615,.T.);
#17362 = FACE_BOUND('',#17363,.T.);
#17363 = EDGE_LOOP('',(#17364,#17365,#17366,#17367));
#17364 = ORIENTED_EDGE('',*,*,#17313,.F.);
#17365 = ORIENTED_EDGE('',*,*,#7600,.T.);
#17366 = ORIENTED_EDGE('',*,*,#17340,.T.);
#17367 = ORIENTED_EDGE('',*,*,#14342,.F.);
#17368 = ADVANCED_FACE('',(#17369),#7669,.F.);
#17369 = FACE_BOUND('',#17370,.F.);
#17370 = EDGE_LOOP('',(#17371,#17372,#17393,#17394));
#17371 = ORIENTED_EDGE('',*,*,#14386,.F.);
#17372 = ORIENTED_EDGE('',*,*,#17373,.F.);
#17373 = EDGE_CURVE('',#7653,#14387,#17374,.T.);
#17374 = SEAM_CURVE('',#17375,(#17379,#17386),.PCURVE_S1.);
#17375 = LINE('',#17376,#17377);
#17376 = CARTESIAN_POINT('',(53.,39.5,28.65));
#17377 = VECTOR('',#17378,1.);
#17378 = DIRECTION('',(0.,1.,0.));
#17379 = PCURVE('',#7669,#17380);
#17380 = DEFINITIONAL_REPRESENTATION('',(#17381),#17385);
#17381 = LINE('',#17382,#17383);
#17382 = CARTESIAN_POINT('',(6.28318530718,-0.));
#17383 = VECTOR('',#17384,1.);
#17384 = DIRECTION('',(0.,1.));
#17385 = ( GEOMETRIC_REPRESENTATION_CONTEXT(2) 
PARAMETRIC_REPRESENTATION_CONTEXT() REPRESENTATION_CONTEXT('2D SPACE',''
  ) );
#17386 = PCURVE('',#7669,#17387);
#17387 = DEFINITIONAL_REPRESENTATION('',(#17388),#17392);
#17388 = LINE('',#17389,#17390);
#17389 = CARTESIAN_POINT('',(0.,-0.));
#17390 = VECTOR('',#17391,1.);
#17391 = DIRECTION('',(0.,1.));
#17392 = ( GEOMETRIC_REPRESENTATION_CONTEXT(2) 
PARAMETRIC_REPRESENTATION_CONTEXT() REPRESENTATION_CONTEXT('2D SPACE',''
  ) );
#17393 = ORIENTED_EDGE('',*,*,#7652,.T.);
#17394 = ORIENTED_EDGE('',*,*,#17373,.T.);
#17395 = ADVANCED_FACE('',(#17396),#7700,.F.);
#17396 = FACE_BOUND('',#17397,.F.);
#17397 = EDGE_LOOP('',(#17398,#17399,#17420,#17421));
#17398 = ORIENTED_EDGE('',*,*,#14412,.F.);
#17399 = ORIENTED_EDGE('',*,*,#17400,.F.);
#17400 = EDGE_CURVE('',#7684,#14413,#17401,.T.);
#17401 = SEAM_CURVE('',#17402,(#17406,#17413),.PCURVE_S1.);
#17402 = LINE('',#17403,#17404);
#17403 = CARTESIAN_POINT('',(67.,39.5,28.65));
#17404 = VECTOR('',#17405,1.);
#17405 = DIRECTION('',(0.,1.,0.));
#17406 = PCURVE('',#7700,#17407);
#17407 = DEFINITIONAL_REPRESENTATION('',(#17408),#17412);
#17408 = LINE('',#17409,#17410);
#17409 = CARTESIAN_POINT('',(6.28318530718,-0.));
#17410 = VECTOR('',#17411,1.);
#17411 = DIRECTION('',(0.,1.));
#17412 = ( GEOMETRIC_REPRESENTATION_CONTEXT(2) 
PARAMETRIC_REPRESENTATION_CONTEXT() REPRESENTATION_CONTEXT('2D SPACE',''
  ) );
#17413 = PCURVE('',#7700,#17414);
#17414 = DEFINITIONAL_REPRESENTATION('',(#17415),#17419);
#17415 = LINE('',#17416,#17417);
#17416 = CARTESIAN_POINT('',(0.,-0.));
#17417 = VECTOR('',#17418,1.);
#17418 = DIRECTION('',(0.,1.));
#17419 = ( GEOMETRIC_REPRESENTATION_CONTEXT(2) 
PARAMETRIC_REPRESENTATION_CONTEXT() REPRESENTATION_CONTEXT('2D SPACE',''
  ) );
#17420 = ORIENTED_EDGE('',*,*,#7683,.T.);
#17421 = ORIENTED_EDGE('',*,*,#17400,.T.);
#17422 = ADVANCED_FACE('',(#17423),#7731,.F.);
#17423 = FACE_BOUND('',#17424,.F.);
#17424 = EDGE_LOOP('',(#17425,#17446,#17447,#17468));
#17425 = ORIENTED_EDGE('',*,*,#17426,.F.);
#17426 = EDGE_CURVE('',#7715,#14439,#17427,.T.);
#17427 = SURFACE_CURVE('',#17428,(#17432,#17439),.PCURVE_S1.);
#17428 = LINE('',#17429,#17430);
#17429 = CARTESIAN_POINT('',(-13.,42.,54.));
#17430 = VECTOR('',#17431,1.);
#17431 = DIRECTION('',(0.,1.,0.));
#17432 = PCURVE('',#7731,#17433);
#17433 = DEFINITIONAL_REPRESENTATION('',(#17434),#17438);
#17434 = LINE('',#17435,#17436);
#17435 = CARTESIAN_POINT('',(0.,0.));
#17436 = VECTOR('',#17437,1.);
#17437 = DIRECTION('',(0.,1.));
#17438 = ( GEOMETRIC_REPRESENTATION_CONTEXT(2) 
PARAMETRIC_REPRESENTATION_CONTEXT() REPRESENTATION_CONTEXT('2D SPACE',''
  ) );
#17439 = PCURVE('',#7757,#17440);
#17440 = DEFINITIONAL_REPRESENTATION('',(#17441),#17445);
#17441 = LINE('',#17442,#17443);
#17442 = CARTESIAN_POINT('',(22.,0.));
#17443 = VECTOR('',#17444,1.);
#17444 = DIRECTION('',(0.,-1.));
#17445 = ( GEOMETRIC_REPRESENTATION_CONTEXT(2) 
PARAMETRIC_REPRESENTATION_CONTEXT() REPRESENTATION_CONTEXT('2D SPACE',''
  ) );
#17446 = ORIENTED_EDGE('',*,*,#7714,.T.);
#17447 = ORIENTED_EDGE('',*,*,#17448,.T.);
#17448 = EDGE_CURVE('',#7717,#14441,#17449,.T.);
#17449 = SURFACE_CURVE('',#17450,(#17454,#17461),.PCURVE_S1.);
#17450 = LINE('',#17451,#17452);
#17451 = CARTESIAN_POINT('',(13.,42.,54.));
#17452 = VECTOR('',#17453,1.);
#17453 = DIRECTION('',(0.,1.,0.));
#17454 = PCURVE('',#7731,#17455);
#17455 = DEFINITIONAL_REPRESENTATION('',(#17456),#17460);
#17456 = LINE('',#17457,#17458);
#17457 = CARTESIAN_POINT('',(26.,0.));
#17458 = VECTOR('',#17459,1.);
#17459 = DIRECTION('',(0.,1.));
#17460 = ( GEOMETRIC_REPRESENTATION_CONTEXT(2) 
PARAMETRIC_REPRESENTATION_CONTEXT() REPRESENTATION_CONTEXT('2D SPACE',''
  ) );
#17461 = PCURVE('',#7807,#17462);
#17462 = DEFINITIONAL_REPRESENTATION('',(#17463),#17467);
#17463 = LINE('',#17464,#17465);
#17464 = CARTESIAN_POINT('',(22.,0.));
#17465 = VECTOR('',#17466,1.);
#17466 = DIRECTION('',(0.,-1.));
#17467 = ( GEOMETRIC_REPRESENTATION_CONTEXT(2) 
PARAMETRIC_REPRESENTATION_CONTEXT() REPRESENTATION_CONTEXT('2D SPACE',''
  ) );
#17468 = ORIENTED_EDGE('',*,*,#14438,.F.);
#17469 = ADVANCED_FACE('',(#17470),#7757,.T.);
#17470 = FACE_BOUND('',#17471,.T.);
#17471 = EDGE_LOOP('',(#17472,#17473,#17474,#17495));
#17472 = ORIENTED_EDGE('',*,*,#17426,.F.);
#17473 = ORIENTED_EDGE('',*,*,#7742,.T.);
#17474 = ORIENTED_EDGE('',*,*,#17475,.T.);
#17475 = EDGE_CURVE('',#7743,#14463,#17476,.T.);
#17476 = SURFACE_CURVE('',#17477,(#17481,#17488),.PCURVE_S1.);
#17477 = LINE('',#17478,#17479);
#17478 = CARTESIAN_POINT('',(-13.,42.,32.));
#17479 = VECTOR('',#17480,1.);
#17480 = DIRECTION('',(0.,1.,0.));
#17481 = PCURVE('',#7757,#17482);
#17482 = DEFINITIONAL_REPRESENTATION('',(#17483),#17487);
#17483 = LINE('',#17484,#17485);
#17484 = CARTESIAN_POINT('',(0.,0.));
#17485 = VECTOR('',#17486,1.);
#17486 = DIRECTION('',(0.,-1.));
#17487 = ( GEOMETRIC_REPRESENTATION_CONTEXT(2) 
PARAMETRIC_REPRESENTATION_CONTEXT() REPRESENTATION_CONTEXT('2D SPACE',''
  ) );
#17488 = PCURVE('',#7783,#17489);
#17489 = DEFINITIONAL_REPRESENTATION('',(#17490),#17494);
#17490 = LINE('',#17491,#17492);
#17491 = CARTESIAN_POINT('',(0.,0.));
#17492 = VECTOR('',#17493,1.);
#17493 = DIRECTION('',(0.,1.));
#17494 = ( GEOMETRIC_REPRESENTATION_CONTEXT(2) 
PARAMETRIC_REPRESENTATION_CONTEXT() REPRESENTATION_CONTEXT('2D SPACE',''
  ) );
#17495 = ORIENTED_EDGE('',*,*,#14462,.F.);
#17496 = ADVANCED_FACE('',(#17497),#7807,.F.);
#17497 = FACE_BOUND('',#17498,.F.);
#17498 = EDGE_LOOP('',(#17499,#17500,#17501,#17522));
#17499 = ORIENTED_EDGE('',*,*,#17448,.F.);
#17500 = ORIENTED_EDGE('',*,*,#7794,.T.);
#17501 = ORIENTED_EDGE('',*,*,#17502,.T.);
#17502 = EDGE_CURVE('',#7769,#14485,#17503,.T.);
#17503 = SURFACE_CURVE('',#17504,(#17508,#17515),.PCURVE_S1.);
#17504 = LINE('',#17505,#17506);
#17505 = CARTESIAN_POINT('',(13.,42.,32.));
#17506 = VECTOR('',#17507,1.);
#17507 = DIRECTION('',(0.,1.,0.));
#17508 = PCURVE('',#7807,#17509);
#17509 = DEFINITIONAL_REPRESENTATION('',(#17510),#17514);
#17510 = LINE('',#17511,#17512);
#17511 = CARTESIAN_POINT('',(0.,0.));
#17512 = VECTOR('',#17513,1.);
#17513 = DIRECTION('',(0.,-1.));
#17514 = ( GEOMETRIC_REPRESENTATION_CONTEXT(2) 
PARAMETRIC_REPRESENTATION_CONTEXT() REPRESENTATION_CONTEXT('2D SPACE',''
  ) );
#17515 = PCURVE('',#7783,#17516);
#17516 = DEFINITIONAL_REPRESENTATION('',(#17517),#17521);
#17517 = LINE('',#17518,#17519);
#17518 = CARTESIAN_POINT('',(26.,0.));
#17519 = VECTOR('',#17520,1.);
#17520 = DIRECTION('',(0.,1.));
#17521 = ( GEOMETRIC_REPRESENTATION_CONTEXT(2) 
PARAMETRIC_REPRESENTATION_CONTEXT() REPRESENTATION_CONTEXT('2D SPACE',''
  ) );
#17522 = ORIENTED_EDGE('',*,*,#14506,.F.);
#17523 = ADVANCED_FACE('',(#17524),#7783,.T.);
#17524 = FACE_BOUND('',#17525,.T.);
#17525 = EDGE_LOOP('',(#17526,#17527,#17528,#17529));
#17526 = ORIENTED_EDGE('',*,*,#17475,.F.);
#17527 = ORIENTED_EDGE('',*,*,#7768,.T.);
#17528 = ORIENTED_EDGE('',*,*,#17502,.T.);
#17529 = ORIENTED_EDGE('',*,*,#14484,.F.);
#17530 = ADVANCED_FACE('',(#17531),#7837,.F.);
#17531 = FACE_BOUND('',#17532,.F.);
#17532 = EDGE_LOOP('',(#17533,#17534,#17555,#17556));
#17533 = ORIENTED_EDGE('',*,*,#14528,.F.);
#17534 = ORIENTED_EDGE('',*,*,#17535,.F.);
#17535 = EDGE_CURVE('',#7821,#14529,#17536,.T.);
#17536 = SEAM_CURVE('',#17537,(#17541,#17548),.PCURVE_S1.);
#17537 = LINE('',#17538,#17539);
#17538 = CARTESIAN_POINT('',(15.4,39.5,43.2));
#17539 = VECTOR('',#17540,1.);
#17540 = DIRECTION('',(0.,1.,0.));
#17541 = PCURVE('',#7837,#17542);
#17542 = DEFINITIONAL_REPRESENTATION('',(#17543),#17547);
#17543 = LINE('',#17544,#17545);
#17544 = CARTESIAN_POINT('',(6.28318530718,-0.));
#17545 = VECTOR('',#17546,1.);
#17546 = DIRECTION('',(0.,1.));
#17547 = ( GEOMETRIC_REPRESENTATION_CONTEXT(2) 
PARAMETRIC_REPRESENTATION_CONTEXT() REPRESENTATION_CONTEXT('2D SPACE',''
  ) );
#17548 = PCURVE('',#7837,#17549);
#17549 = DEFINITIONAL_REPRESENTATION('',(#17550),#17554);
#17550 = LINE('',#17551,#17552);
#17551 = CARTESIAN_POINT('',(0.,-0.));
#17552 = VECTOR('',#17553,1.);
#17553 = DIRECTION('',(0.,1.));
#17554 = ( GEOMETRIC_REPRESENTATION_CONTEXT(2) 
PARAMETRIC_REPRESENTATION_CONTEXT() REPRESENTATION_CONTEXT('2D SPACE',''
  ) );
#17555 = ORIENTED_EDGE('',*,*,#7820,.T.);
#17556 = ORIENTED_EDGE('',*,*,#17535,.T.);
#17557 = ADVANCED_FACE('',(#17558),#7868,.F.);
#17558 = FACE_BOUND('',#17559,.F.);
#17559 = EDGE_LOOP('',(#17560,#17581,#17582,#17603));
#17560 = ORIENTED_EDGE('',*,*,#17561,.F.);
#17561 = EDGE_CURVE('',#7852,#14555,#17562,.T.);
#17562 = SURFACE_CURVE('',#17563,(#17567,#17574),.PCURVE_S1.);
#17563 = LINE('',#17564,#17565);
#17564 = CARTESIAN_POINT('',(17.5,41.,48.3));
#17565 = VECTOR('',#17566,1.);
#17566 = DIRECTION('',(0.,1.,0.));
#17567 = PCURVE('',#7868,#17568);
#17568 = DEFINITIONAL_REPRESENTATION('',(#17569),#17573);
#17569 = LINE('',#17570,#17571);
#17570 = CARTESIAN_POINT('',(0.,0.));
#17571 = VECTOR('',#17572,1.);
#17572 = DIRECTION('',(0.,1.));
#17573 = ( GEOMETRIC_REPRESENTATION_CONTEXT(2) 
PARAMETRIC_REPRESENTATION_CONTEXT() REPRESENTATION_CONTEXT('2D SPACE',''
  ) );
#17574 = PCURVE('',#7894,#17575);
#17575 = DEFINITIONAL_REPRESENTATION('',(#17576),#17580);
#17576 = LINE('',#17577,#17578);
#17577 = CARTESIAN_POINT('',(12.6,0.));
#17578 = VECTOR('',#17579,1.);
#17579 = DIRECTION('',(0.,-1.));
#17580 = ( GEOMETRIC_REPRESENTATION_CONTEXT(2) 
PARAMETRIC_REPRESENTATION_CONTEXT() REPRESENTATION_CONTEXT('2D SPACE',''
  ) );
#17581 = ORIENTED_EDGE('',*,*,#7851,.T.);
#17582 = ORIENTED_EDGE('',*,*,#17583,.T.);
#17583 = EDGE_CURVE('',#7854,#14557,#17584,.T.);
#17584 = SURFACE_CURVE('',#17585,(#17589,#17596),.PCURVE_S1.);
#17585 = LINE('',#17586,#17587);
#17586 = CARTESIAN_POINT('',(41.1,41.,48.3));
#17587 = VECTOR('',#17588,1.);
#17588 = DIRECTION('',(0.,1.,0.));
#17589 = PCURVE('',#7868,#17590);
#17590 = DEFINITIONAL_REPRESENTATION('',(#17591),#17595);
#17591 = LINE('',#17592,#17593);
#17592 = CARTESIAN_POINT('',(23.6,0.));
#17593 = VECTOR('',#17594,1.);
#17594 = DIRECTION('',(0.,1.));
#17595 = ( GEOMETRIC_REPRESENTATION_CONTEXT(2) 
PARAMETRIC_REPRESENTATION_CONTEXT() REPRESENTATION_CONTEXT('2D SPACE',''
  ) );
#17596 = PCURVE('',#7944,#17597);
#17597 = DEFINITIONAL_REPRESENTATION('',(#17598),#17602);
#17598 = LINE('',#17599,#17600);
#17599 = CARTESIAN_POINT('',(12.6,0.));
#17600 = VECTOR('',#17601,1.);
#17601 = DIRECTION('',(0.,-1.));
#17602 = ( GEOMETRIC_REPRESENTATION_CONTEXT(2) 
PARAMETRIC_REPRESENTATION_CONTEXT() REPRESENTATION_CONTEXT('2D SPACE',''
  ) );
#17603 = ORIENTED_EDGE('',*,*,#14554,.F.);
#17604 = ADVANCED_FACE('',(#17605),#7894,.T.);
#17605 = FACE_BOUND('',#17606,.T.);
#17606 = EDGE_LOOP('',(#17607,#17608,#17609,#17630));
#17607 = ORIENTED_EDGE('',*,*,#17561,.F.);
#17608 = ORIENTED_EDGE('',*,*,#7879,.T.);
#17609 = ORIENTED_EDGE('',*,*,#17610,.T.);
#17610 = EDGE_CURVE('',#7880,#14579,#17611,.T.);
#17611 = SURFACE_CURVE('',#17612,(#17616,#17623),.PCURVE_S1.);
#17612 = LINE('',#17613,#17614);
#17613 = CARTESIAN_POINT('',(17.5,41.,35.7));
#17614 = VECTOR('',#17615,1.);
#17615 = DIRECTION('',(0.,1.,0.));
#17616 = PCURVE('',#7894,#17617);
#17617 = DEFINITIONAL_REPRESENTATION('',(#17618),#17622);
#17618 = LINE('',#17619,#17620);
#17619 = CARTESIAN_POINT('',(0.,0.));
#17620 = VECTOR('',#17621,1.);
#17621 = DIRECTION('',(0.,-1.));
#17622 = ( GEOMETRIC_REPRESENTATION_CONTEXT(2) 
PARAMETRIC_REPRESENTATION_CONTEXT() REPRESENTATION_CONTEXT('2D SPACE',''
  ) );
#17623 = PCURVE('',#7920,#17624);
#17624 = DEFINITIONAL_REPRESENTATION('',(#17625),#17629);
#17625 = LINE('',#17626,#17627);
#17626 = CARTESIAN_POINT('',(0.,0.));
#17627 = VECTOR('',#17628,1.);
#17628 = DIRECTION('',(0.,1.));
#17629 = ( GEOMETRIC_REPRESENTATION_CONTEXT(2) 
PARAMETRIC_REPRESENTATION_CONTEXT() REPRESENTATION_CONTEXT('2D SPACE',''
  ) );
#17630 = ORIENTED_EDGE('',*,*,#14578,.F.);
#17631 = ADVANCED_FACE('',(#17632),#7944,.F.);
#17632 = FACE_BOUND('',#17633,.F.);
#17633 = EDGE_LOOP('',(#17634,#17635,#17636,#17657));
#17634 = ORIENTED_EDGE('',*,*,#17583,.F.);
#17635 = ORIENTED_EDGE('',*,*,#7931,.T.);
#17636 = ORIENTED_EDGE('',*,*,#17637,.T.);
#17637 = EDGE_CURVE('',#7906,#14601,#17638,.T.);
#17638 = SURFACE_CURVE('',#17639,(#17643,#17650),.PCURVE_S1.);
#17639 = LINE('',#17640,#17641);
#17640 = CARTESIAN_POINT('',(41.1,41.,35.7));
#17641 = VECTOR('',#17642,1.);
#17642 = DIRECTION('',(0.,1.,0.));
#17643 = PCURVE('',#7944,#17644);
#17644 = DEFINITIONAL_REPRESENTATION('',(#17645),#17649);
#17645 = LINE('',#17646,#17647);
#17646 = CARTESIAN_POINT('',(0.,0.));
#17647 = VECTOR('',#17648,1.);
#17648 = DIRECTION('',(0.,-1.));
#17649 = ( GEOMETRIC_REPRESENTATION_CONTEXT(2) 
PARAMETRIC_REPRESENTATION_CONTEXT() REPRESENTATION_CONTEXT('2D SPACE',''
  ) );
#17650 = PCURVE('',#7920,#17651);
#17651 = DEFINITIONAL_REPRESENTATION('',(#17652),#17656);
#17652 = LINE('',#17653,#17654);
#17653 = CARTESIAN_POINT('',(23.6,0.));
#17654 = VECTOR('',#17655,1.);
#17655 = DIRECTION('',(0.,1.));
#17656 = ( GEOMETRIC_REPRESENTATION_CONTEXT(2) 
PARAMETRIC_REPRESENTATION_CONTEXT() REPRESENTATION_CONTEXT('2D SPACE',''
  ) );
#17657 = ORIENTED_EDGE('',*,*,#14622,.F.);
#17658 = ADVANCED_FACE('',(#17659),#7920,.T.);
#17659 = FACE_BOUND('',#17660,.T.);
#17660 = EDGE_LOOP('',(#17661,#17662,#17663,#17664));
#17661 = ORIENTED_EDGE('',*,*,#17610,.F.);
#17662 = ORIENTED_EDGE('',*,*,#7905,.T.);
#17663 = ORIENTED_EDGE('',*,*,#17637,.T.);
#17664 = ORIENTED_EDGE('',*,*,#14600,.F.);
#17665 = ADVANCED_FACE('',(#17666),#7974,.F.);
#17666 = FACE_BOUND('',#17667,.F.);
#17667 = EDGE_LOOP('',(#17668,#17669,#17690,#17691));
#17668 = ORIENTED_EDGE('',*,*,#14644,.F.);
#17669 = ORIENTED_EDGE('',*,*,#17670,.F.);
#17670 = EDGE_CURVE('',#7958,#14645,#17671,.T.);
#17671 = SEAM_CURVE('',#17672,(#17676,#17683),.PCURVE_S1.);
#17672 = LINE('',#17673,#17674);
#17673 = CARTESIAN_POINT('',(43.2,39.5,43.2));
#17674 = VECTOR('',#17675,1.);
#17675 = DIRECTION('',(0.,1.,0.));
#17676 = PCURVE('',#7974,#17677);
#17677 = DEFINITIONAL_REPRESENTATION('',(#17678),#17682);
#17678 = LINE('',#17679,#17680);
#17679 = CARTESIAN_POINT('',(6.28318530718,-0.));
#17680 = VECTOR('',#17681,1.);
#17681 = DIRECTION('',(0.,1.));
#17682 = ( GEOMETRIC_REPRESENTATION_CONTEXT(2) 
PARAMETRIC_REPRESENTATION_CONTEXT() REPRESENTATION_CONTEXT('2D SPACE',''
  ) );
#17683 = PCURVE('',#7974,#17684);
#17684 = DEFINITIONAL_REPRESENTATION('',(#17685),#17689);
#17685 = LINE('',#17686,#17687);
#17686 = CARTESIAN_POINT('',(0.,-0.));
#17687 = VECTOR('',#17688,1.);
#17688 = DIRECTION('',(0.,1.));
#17689 = ( GEOMETRIC_REPRESENTATION_CONTEXT(2) 
PARAMETRIC_REPRESENTATION_CONTEXT() REPRESENTATION_CONTEXT('2D SPACE',''
  ) );
#17690 = ORIENTED_EDGE('',*,*,#7957,.T.);
#17691 = ORIENTED_EDGE('',*,*,#17670,.T.);
#17692 = ADVANCED_FACE('',(#17693),#8005,.F.);
#17693 = FACE_BOUND('',#17694,.F.);
#17694 = EDGE_LOOP('',(#17695,#17696,#17717,#17718));
#17695 = ORIENTED_EDGE('',*,*,#14670,.F.);
#17696 = ORIENTED_EDGE('',*,*,#17697,.F.);
#17697 = EDGE_CURVE('',#7989,#14671,#17698,.T.);
#17698 = SEAM_CURVE('',#17699,(#17703,#17710),.PCURVE_S1.);
#17699 = LINE('',#17700,#17701);
#17700 = CARTESIAN_POINT('',(53.,39.5,59.65));
#17701 = VECTOR('',#17702,1.);
#17702 = DIRECTION('',(0.,1.,0.));
#17703 = PCURVE('',#8005,#17704);
#17704 = DEFINITIONAL_REPRESENTATION('',(#17705),#17709);
#17705 = LINE('',#17706,#17707);
#17706 = CARTESIAN_POINT('',(6.28318530718,-0.));
#17707 = VECTOR('',#17708,1.);
#17708 = DIRECTION('',(0.,1.));
#17709 = ( GEOMETRIC_REPRESENTATION_CONTEXT(2) 
PARAMETRIC_REPRESENTATION_CONTEXT() REPRESENTATION_CONTEXT('2D SPACE',''
  ) );
#17710 = PCURVE('',#8005,#17711);
#17711 = DEFINITIONAL_REPRESENTATION('',(#17712),#17716);
#17712 = LINE('',#17713,#17714);
#17713 = CARTESIAN_POINT('',(0.,-0.));
#17714 = VECTOR('',#17715,1.);
#17715 = DIRECTION('',(0.,1.));
#17716 = ( GEOMETRIC_REPRESENTATION_CONTEXT(2) 
PARAMETRIC_REPRESENTATION_CONTEXT() REPRESENTATION_CONTEXT('2D SPACE',''
  ) );
#17717 = ORIENTED_EDGE('',*,*,#7988,.T.);
#17718 = ORIENTED_EDGE('',*,*,#17697,.T.);
#17719 = ADVANCED_FACE('',(#17720),#8036,.F.);
#17720 = FACE_BOUND('',#17721,.F.);
#17721 = EDGE_LOOP('',(#17722,#17723,#17744,#17745));
#17722 = ORIENTED_EDGE('',*,*,#13844,.F.);
#17723 = ORIENTED_EDGE('',*,*,#17724,.F.);
#17724 = EDGE_CURVE('',#8020,#13845,#17725,.T.);
#17725 = SEAM_CURVE('',#17726,(#17730,#17737),.PCURVE_S1.);
#17726 = LINE('',#17727,#17728);
#17727 = CARTESIAN_POINT('',(67.,39.5,59.65));
#17728 = VECTOR('',#17729,1.);
#17729 = DIRECTION('',(0.,1.,0.));
#17730 = PCURVE('',#8036,#17731);
#17731 = DEFINITIONAL_REPRESENTATION('',(#17732),#17736);
#17732 = LINE('',#17733,#17734);
#17733 = CARTESIAN_POINT('',(6.28318530718,-0.));
#17734 = VECTOR('',#17735,1.);
#17735 = DIRECTION('',(0.,1.));
#17736 = ( GEOMETRIC_REPRESENTATION_CONTEXT(2) 
PARAMETRIC_REPRESENTATION_CONTEXT() REPRESENTATION_CONTEXT('2D SPACE',''
  ) );
#17737 = PCURVE('',#8036,#17738);
#17738 = DEFINITIONAL_REPRESENTATION('',(#17739),#17743);
#17739 = LINE('',#17740,#17741);
#17740 = CARTESIAN_POINT('',(0.,-0.));
#17741 = VECTOR('',#17742,1.);
#17742 = DIRECTION('',(0.,1.));
#17743 = ( GEOMETRIC_REPRESENTATION_CONTEXT(2) 
PARAMETRIC_REPRESENTATION_CONTEXT() REPRESENTATION_CONTEXT('2D SPACE',''
  ) );
#17744 = ORIENTED_EDGE('',*,*,#8019,.T.);
#17745 = ORIENTED_EDGE('',*,*,#17724,.T.);
#17746 = ADVANCED_FACE('',(#17747),#8262,.F.);
#17747 = FACE_BOUND('',#17748,.F.);
#17748 = EDGE_LOOP('',(#17749,#17750,#17751));
#17749 = ORIENTED_EDGE('',*,*,#8378,.F.);
#17750 = ORIENTED_EDGE('',*,*,#8247,.T.);
#17751 = ORIENTED_EDGE('',*,*,#8808,.T.);
#17752 = ADVANCED_FACE('',(#17753,#17779),#8344,.F.);
#17753 = FACE_BOUND('',#17754,.F.);
#17754 = EDGE_LOOP('',(#17755,#17756,#17757,#17758));
#17755 = ORIENTED_EDGE('',*,*,#8454,.F.);
#17756 = ORIENTED_EDGE('',*,*,#8329,.T.);
#17757 = ORIENTED_EDGE('',*,*,#8830,.T.);
#17758 = ORIENTED_EDGE('',*,*,#17759,.F.);
#17759 = EDGE_CURVE('',#8455,#8831,#17760,.T.);
#17760 = SURFACE_CURVE('',#17761,(#17765,#17772),.PCURVE_S1.);
#17761 = LINE('',#17762,#17763);
#17762 = CARTESIAN_POINT('',(-72.5,-23.,27.));
#17763 = VECTOR('',#17764,1.);
#17764 = DIRECTION('',(1.,0.,0.));
#17765 = PCURVE('',#8344,#17766);
#17766 = DEFINITIONAL_REPRESENTATION('',(#17767),#17771);
#17767 = LINE('',#17768,#17769);
#17768 = CARTESIAN_POINT('',(0.,10.));
#17769 = VECTOR('',#17770,1.);
#17770 = DIRECTION('',(1.,0.));
#17771 = ( GEOMETRIC_REPRESENTATION_CONTEXT(2) 
PARAMETRIC_REPRESENTATION_CONTEXT() REPRESENTATION_CONTEXT('2D SPACE',''
  ) );
#17772 = PCURVE('',#8493,#17773);
#17773 = DEFINITIONAL_REPRESENTATION('',(#17774),#17778);
#17774 = LINE('',#17775,#17776);
#17775 = CARTESIAN_POINT('',(0.,0.));
#17776 = VECTOR('',#17777,1.);
#17777 = DIRECTION('',(0.,1.));
#17778 = ( GEOMETRIC_REPRESENTATION_CONTEXT(2) 
PARAMETRIC_REPRESENTATION_CONTEXT() REPRESENTATION_CONTEXT('2D SPACE',''
  ) );
#17779 = FACE_BOUND('',#17780,.F.);
#17780 = EDGE_LOOP('',(#17781));
#17781 = ORIENTED_EDGE('',*,*,#17782,.F.);
#17782 = EDGE_CURVE('',#17783,#17783,#17785,.T.);
#17783 = VERTEX_POINT('',#17784);
#17784 = CARTESIAN_POINT('',(-66.35,-27.,27.));
#17785 = SURFACE_CURVE('',#17786,(#17791,#17798),.PCURVE_S1.);
#17786 = CIRCLE('',#17787,1.65);
#17787 = AXIS2_PLACEMENT_3D('',#17788,#17789,#17790);
#17788 = CARTESIAN_POINT('',(-68.,-27.,27.));
#17789 = DIRECTION('',(0.,0.,1.));
#17790 = DIRECTION('',(1.,0.,-0.));
#17791 = PCURVE('',#8344,#17792);
#17792 = DEFINITIONAL_REPRESENTATION('',(#17793),#17797);
#17793 = CIRCLE('',#17794,1.65);
#17794 = AXIS2_PLACEMENT_2D('',#17795,#17796);
#17795 = CARTESIAN_POINT('',(4.5,6.));
#17796 = DIRECTION('',(1.,0.));
#17797 = ( GEOMETRIC_REPRESENTATION_CONTEXT(2) 
PARAMETRIC_REPRESENTATION_CONTEXT() REPRESENTATION_CONTEXT('2D SPACE',''
  ) );
#17798 = PCURVE('',#17799,#17804);
#17799 = CYLINDRICAL_SURFACE('',#17800,1.65);
#17800 = AXIS2_PLACEMENT_3D('',#17801,#17802,#17803);
#17801 = CARTESIAN_POINT('',(-68.,-27.,25.));
#17802 = DIRECTION('',(0.,0.,1.));
#17803 = DIRECTION('',(1.,0.,-0.));
#17804 = DEFINITIONAL_REPRESENTATION('',(#17805),#17809);
#17805 = LINE('',#17806,#17807);
#17806 = CARTESIAN_POINT('',(0.,2.));
#17807 = VECTOR('',#17808,1.);
#17808 = DIRECTION('',(1.,0.));
#17809 = ( GEOMETRIC_REPRESENTATION_CONTEXT(2) 
PARAMETRIC_REPRESENTATION_CONTEXT() REPRESENTATION_CONTEXT('2D SPACE',''
  ) );
#17810 = ADVANCED_FACE('',(#17811),#8493,.T.);
#17811 = FACE_BOUND('',#17812,.T.);
#17812 = EDGE_LOOP('',(#17813,#17814,#17815,#17836));
#17813 = ORIENTED_EDGE('',*,*,#17759,.F.);
#17814 = ORIENTED_EDGE('',*,*,#8477,.T.);
#17815 = ORIENTED_EDGE('',*,*,#17816,.T.);
#17816 = EDGE_CURVE('',#8478,#8854,#17817,.T.);
#17817 = SURFACE_CURVE('',#17818,(#17822,#17829),.PCURVE_S1.);
#17818 = LINE('',#17819,#17820);
#17819 = CARTESIAN_POINT('',(-72.5,-23.,31.));
#17820 = VECTOR('',#17821,1.);
#17821 = DIRECTION('',(1.,0.,0.));
#17822 = PCURVE('',#8493,#17823);
#17823 = DEFINITIONAL_REPRESENTATION('',(#17824),#17828);
#17824 = LINE('',#17825,#17826);
#17825 = CARTESIAN_POINT('',(4.,0.));
#17826 = VECTOR('',#17827,1.);
#17827 = DIRECTION('',(0.,1.));
#17828 = ( GEOMETRIC_REPRESENTATION_CONTEXT(2) 
PARAMETRIC_REPRESENTATION_CONTEXT() REPRESENTATION_CONTEXT('2D SPACE',''
  ) );
#17829 = PCURVE('',#8521,#17830);
#17830 = DEFINITIONAL_REPRESENTATION('',(#17831),#17835);
#17831 = LINE('',#17832,#17833);
#17832 = CARTESIAN_POINT('',(0.,10.));
#17833 = VECTOR('',#17834,1.);
#17834 = DIRECTION('',(1.,0.));
#17835 = ( GEOMETRIC_REPRESENTATION_CONTEXT(2) 
PARAMETRIC_REPRESENTATION_CONTEXT() REPRESENTATION_CONTEXT('2D SPACE',''
  ) );
#17836 = ORIENTED_EDGE('',*,*,#8853,.F.);
#17837 = ADVANCED_FACE('',(#17838,#17862),#8521,.T.);
#17838 = FACE_BOUND('',#17839,.T.);
#17839 = EDGE_LOOP('',(#17840,#17841,#17860,#17861));
#17840 = ORIENTED_EDGE('',*,*,#8505,.F.);
#17841 = ORIENTED_EDGE('',*,*,#17842,.T.);
#17842 = EDGE_CURVE('',#8506,#8877,#17843,.T.);
#17843 = SURFACE_CURVE('',#17844,(#17848,#17854),.PCURVE_S1.);
#17844 = LINE('',#17845,#17846);
#17845 = CARTESIAN_POINT('',(-72.5,-29.5,31.));
#17846 = VECTOR('',#17847,1.);
#17847 = DIRECTION('',(1.,0.,0.));
#17848 = PCURVE('',#8521,#17849);
#17849 = DEFINITIONAL_REPRESENTATION('',(#17850),#17853);
#17850 = B_SPLINE_CURVE_WITH_KNOTS('',1,(#17851,#17852),.UNSPECIFIED.,
  .F.,.F.,(2,2),(0.,9.),.PIECEWISE_BEZIER_KNOTS.);
#17851 = CARTESIAN_POINT('',(0.,3.5));
#17852 = CARTESIAN_POINT('',(9.,3.5));
#17853 = ( GEOMETRIC_REPRESENTATION_CONTEXT(2) 
PARAMETRIC_REPRESENTATION_CONTEXT() REPRESENTATION_CONTEXT('2D SPACE',''
  ) );
#17854 = PCURVE('',#8549,#17855);
#17855 = DEFINITIONAL_REPRESENTATION('',(#17856),#17859);
#17856 = B_SPLINE_CURVE_WITH_KNOTS('',1,(#17857,#17858),.UNSPECIFIED.,
  .F.,.F.,(2,2),(0.,9.),.PIECEWISE_BEZIER_KNOTS.);
#17857 = CARTESIAN_POINT('',(28.,0.));
#17858 = CARTESIAN_POINT('',(28.,9.));
#17859 = ( GEOMETRIC_REPRESENTATION_CONTEXT(2) 
PARAMETRIC_REPRESENTATION_CONTEXT() REPRESENTATION_CONTEXT('2D SPACE',''
  ) );
#17860 = ORIENTED_EDGE('',*,*,#8876,.T.);
#17861 = ORIENTED_EDGE('',*,*,#17816,.F.);
#17862 = FACE_BOUND('',#17863,.T.);
#17863 = EDGE_LOOP('',(#17864));
#17864 = ORIENTED_EDGE('',*,*,#17865,.F.);
#17865 = EDGE_CURVE('',#17866,#17866,#17868,.T.);
#17866 = VERTEX_POINT('',#17867);
#17867 = CARTESIAN_POINT('',(-66.35,-27.,31.));
#17868 = SURFACE_CURVE('',#17869,(#17874,#17881),.PCURVE_S1.);
#17869 = CIRCLE('',#17870,1.65);
#17870 = AXIS2_PLACEMENT_3D('',#17871,#17872,#17873);
#17871 = CARTESIAN_POINT('',(-68.,-27.,31.));
#17872 = DIRECTION('',(0.,0.,1.));
#17873 = DIRECTION('',(1.,0.,-0.));
#17874 = PCURVE('',#8521,#17875);
#17875 = DEFINITIONAL_REPRESENTATION('',(#17876),#17880);
#17876 = CIRCLE('',#17877,1.65);
#17877 = AXIS2_PLACEMENT_2D('',#17878,#17879);
#17878 = CARTESIAN_POINT('',(4.5,6.));
#17879 = DIRECTION('',(1.,0.));
#17880 = ( GEOMETRIC_REPRESENTATION_CONTEXT(2) 
PARAMETRIC_REPRESENTATION_CONTEXT() REPRESENTATION_CONTEXT('2D SPACE',''
  ) );
#17881 = PCURVE('',#17799,#17882);
#17882 = DEFINITIONAL_REPRESENTATION('',(#17883),#17887);
#17883 = LINE('',#17884,#17885);
#17884 = CARTESIAN_POINT('',(0.,6.));
#17885 = VECTOR('',#17886,1.);
#17886 = DIRECTION('',(1.,0.));
#17887 = ( GEOMETRIC_REPRESENTATION_CONTEXT(2) 
PARAMETRIC_REPRESENTATION_CONTEXT() REPRESENTATION_CONTEXT('2D SPACE',''
  ) );
#17888 = ADVANCED_FACE('',(#17889),#8549,.T.);
#17889 = FACE_BOUND('',#17890,.T.);
#17890 = EDGE_LOOP('',(#17891,#17892,#17893,#17894,#17913,#17914,#17937,
    #17958));
#17891 = ORIENTED_EDGE('',*,*,#17842,.F.);
#17892 = ORIENTED_EDGE('',*,*,#8533,.T.);
#17893 = ORIENTED_EDGE('',*,*,#15619,.F.);
#17894 = ORIENTED_EDGE('',*,*,#17895,.T.);
#17895 = EDGE_CURVE('',#15620,#15473,#17896,.T.);
#17896 = SURFACE_CURVE('',#17897,(#17901,#17907),.PCURVE_S1.);
#17897 = LINE('',#17898,#17899);
#17898 = CARTESIAN_POINT('',(-72.,-29.5,29.5));
#17899 = VECTOR('',#17900,1.);
#17900 = DIRECTION('',(0.,0.,1.));
#17901 = PCURVE('',#8549,#17902);
#17902 = DEFINITIONAL_REPRESENTATION('',(#17903),#17906);
#17903 = B_SPLINE_CURVE_WITH_KNOTS('',1,(#17904,#17905),.UNSPECIFIED.,
  .F.,.F.,(2,2),(26.5,34.5),.PIECEWISE_BEZIER_KNOTS.);
#17904 = CARTESIAN_POINT('',(53.,0.5));
#17905 = CARTESIAN_POINT('',(61.,0.5));
#17906 = ( GEOMETRIC_REPRESENTATION_CONTEXT(2) 
PARAMETRIC_REPRESENTATION_CONTEXT() REPRESENTATION_CONTEXT('2D SPACE',''
  ) );
#17907 = PCURVE('',#15509,#17908);
#17908 = DEFINITIONAL_REPRESENTATION('',(#17909),#17912);
#17909 = B_SPLINE_CURVE_WITH_KNOTS('',1,(#17910,#17911),.UNSPECIFIED.,
  .F.,.F.,(2,2),(26.5,34.5),.PIECEWISE_BEZIER_KNOTS.);
#17910 = CARTESIAN_POINT('',(0.,-14.5));
#17911 = CARTESIAN_POINT('',(8.,-14.5));
#17912 = ( GEOMETRIC_REPRESENTATION_CONTEXT(2) 
PARAMETRIC_REPRESENTATION_CONTEXT() REPRESENTATION_CONTEXT('2D SPACE',''
  ) );
#17913 = ORIENTED_EDGE('',*,*,#15472,.T.);
#17914 = ORIENTED_EDGE('',*,*,#17915,.T.);
#17915 = EDGE_CURVE('',#15452,#17916,#17918,.T.);
#17916 = VERTEX_POINT('',#17917);
#17917 = CARTESIAN_POINT('',(-72.5,-29.5,65.));
#17918 = SURFACE_CURVE('',#17919,(#17923,#17930),.PCURVE_S1.);
#17919 = LINE('',#17920,#17921);
#17920 = CARTESIAN_POINT('',(-72.5,-29.5,3.));
#17921 = VECTOR('',#17922,1.);
#17922 = DIRECTION('',(0.,0.,1.));
#17923 = PCURVE('',#8549,#17924);
#17924 = DEFINITIONAL_REPRESENTATION('',(#17925),#17929);
#17925 = LINE('',#17926,#17927);
#17926 = CARTESIAN_POINT('',(0.,0.));
#17927 = VECTOR('',#17928,1.);
#17928 = DIRECTION('',(1.,0.));
#17929 = ( GEOMETRIC_REPRESENTATION_CONTEXT(2) 
PARAMETRIC_REPRESENTATION_CONTEXT() REPRESENTATION_CONTEXT('2D SPACE',''
  ) );
#17930 = PCURVE('',#8715,#17931);
#17931 = DEFINITIONAL_REPRESENTATION('',(#17932),#17936);
#17932 = LINE('',#17933,#17934);
#17933 = CARTESIAN_POINT('',(0.,-9.));
#17934 = VECTOR('',#17935,1.);
#17935 = DIRECTION('',(1.,0.));
#17936 = ( GEOMETRIC_REPRESENTATION_CONTEXT(2) 
PARAMETRIC_REPRESENTATION_CONTEXT() REPRESENTATION_CONTEXT('2D SPACE',''
  ) );
#17937 = ORIENTED_EDGE('',*,*,#17938,.T.);
#17938 = EDGE_CURVE('',#17916,#8784,#17939,.T.);
#17939 = SURFACE_CURVE('',#17940,(#17944,#17951),.PCURVE_S1.);
#17940 = LINE('',#17941,#17942);
#17941 = CARTESIAN_POINT('',(-72.5,-29.5,65.));
#17942 = VECTOR('',#17943,1.);
#17943 = DIRECTION('',(1.,0.,0.));
#17944 = PCURVE('',#8549,#17945);
#17945 = DEFINITIONAL_REPRESENTATION('',(#17946),#17950);
#17946 = LINE('',#17947,#17948);
#17947 = CARTESIAN_POINT('',(62.,0.));
#17948 = VECTOR('',#17949,1.);
#17949 = DIRECTION('',(0.,1.));
#17950 = ( GEOMETRIC_REPRESENTATION_CONTEXT(2) 
PARAMETRIC_REPRESENTATION_CONTEXT() REPRESENTATION_CONTEXT('2D SPACE',''
  ) );
#17951 = PCURVE('',#8741,#17952);
#17952 = DEFINITIONAL_REPRESENTATION('',(#17953),#17957);
#17953 = LINE('',#17954,#17955);
#17954 = CARTESIAN_POINT('',(0.,9.));
#17955 = VECTOR('',#17956,1.);
#17956 = DIRECTION('',(1.,0.));
#17957 = ( GEOMETRIC_REPRESENTATION_CONTEXT(2) 
PARAMETRIC_REPRESENTATION_CONTEXT() REPRESENTATION_CONTEXT('2D SPACE',''
  ) );
#17958 = ORIENTED_EDGE('',*,*,#8899,.F.);
#17959 = ADVANCED_FACE('',(#17960,#17986),#8741,.T.);
#17960 = FACE_BOUND('',#17961,.T.);
#17961 = EDGE_LOOP('',(#17962,#17983,#17984,#17985));
#17962 = ORIENTED_EDGE('',*,*,#17963,.F.);
#17963 = EDGE_CURVE('',#8700,#17916,#17964,.T.);
#17964 = SURFACE_CURVE('',#17965,(#17969,#17976),.PCURVE_S1.);
#17965 = LINE('',#17966,#17967);
#17966 = CARTESIAN_POINT('',(-72.5,-38.5,65.));
#17967 = VECTOR('',#17968,1.);
#17968 = DIRECTION('',(0.,1.,0.));
#17969 = PCURVE('',#8741,#17970);
#17970 = DEFINITIONAL_REPRESENTATION('',(#17971),#17975);
#17971 = LINE('',#17972,#17973);
#17972 = CARTESIAN_POINT('',(0.,0.));
#17973 = VECTOR('',#17974,1.);
#17974 = DIRECTION('',(0.,1.));
#17975 = ( GEOMETRIC_REPRESENTATION_CONTEXT(2) 
PARAMETRIC_REPRESENTATION_CONTEXT() REPRESENTATION_CONTEXT('2D SPACE',''
  ) );
#17976 = PCURVE('',#8715,#17977);
#17977 = DEFINITIONAL_REPRESENTATION('',(#17978),#17982);
#17978 = LINE('',#17979,#17980);
#17979 = CARTESIAN_POINT('',(62.,0.));
#17980 = VECTOR('',#17981,1.);
#17981 = DIRECTION('',(0.,-1.));
#17982 = ( GEOMETRIC_REPRESENTATION_CONTEXT(2) 
PARAMETRIC_REPRESENTATION_CONTEXT() REPRESENTATION_CONTEXT('2D SPACE',''
  ) );
#17983 = ORIENTED_EDGE('',*,*,#8727,.T.);
#17984 = ORIENTED_EDGE('',*,*,#8783,.T.);
#17985 = ORIENTED_EDGE('',*,*,#17938,.F.);
#17986 = FACE_BOUND('',#17987,.T.);
#17987 = EDGE_LOOP('',(#17988));
#17988 = ORIENTED_EDGE('',*,*,#17989,.F.);
#17989 = EDGE_CURVE('',#17990,#17990,#17992,.T.);
#17990 = VERTEX_POINT('',#17991);
#17991 = CARTESIAN_POINT('',(-66.35,-34.,65.));
#17992 = SURFACE_CURVE('',#17993,(#17998,#18005),.PCURVE_S1.);
#17993 = CIRCLE('',#17994,1.65);
#17994 = AXIS2_PLACEMENT_3D('',#17995,#17996,#17997);
#17995 = CARTESIAN_POINT('',(-68.,-34.,65.));
#17996 = DIRECTION('',(0.,0.,1.));
#17997 = DIRECTION('',(1.,0.,-0.));
#17998 = PCURVE('',#8741,#17999);
#17999 = DEFINITIONAL_REPRESENTATION('',(#18000),#18004);
#18000 = CIRCLE('',#18001,1.65);
#18001 = AXIS2_PLACEMENT_2D('',#18002,#18003);
#18002 = CARTESIAN_POINT('',(4.5,4.5));
#18003 = DIRECTION('',(1.,0.));
#18004 = ( GEOMETRIC_REPRESENTATION_CONTEXT(2) 
PARAMETRIC_REPRESENTATION_CONTEXT() REPRESENTATION_CONTEXT('2D SPACE',''
  ) );
#18005 = PCURVE('',#18006,#18011);
#18006 = CYLINDRICAL_SURFACE('',#18007,1.65);
#18007 = AXIS2_PLACEMENT_3D('',#18008,#18009,#18010);
#18008 = CARTESIAN_POINT('',(-68.,-34.,-1.));
#18009 = DIRECTION('',(0.,0.,1.));
#18010 = DIRECTION('',(1.,0.,-0.));
#18011 = DEFINITIONAL_REPRESENTATION('',(#18012),#18016);
#18012 = LINE('',#18013,#18014);
#18013 = CARTESIAN_POINT('',(0.,66.));
#18014 = VECTOR('',#18015,1.);
#18015 = DIRECTION('',(1.,0.));
#18016 = ( GEOMETRIC_REPRESENTATION_CONTEXT(2) 
PARAMETRIC_REPRESENTATION_CONTEXT() REPRESENTATION_CONTEXT('2D SPACE',''
  ) );
#18017 = ADVANCED_FACE('',(#18018),#8715,.F.);
#18018 = FACE_BOUND('',#18019,.F.);
#18019 = EDGE_LOOP('',(#18020,#18021,#18022,#18023));
#18020 = ORIENTED_EDGE('',*,*,#8699,.F.);
#18021 = ORIENTED_EDGE('',*,*,#15451,.T.);
#18022 = ORIENTED_EDGE('',*,*,#17915,.T.);
#18023 = ORIENTED_EDGE('',*,*,#17963,.F.);
#18024 = ADVANCED_FACE('',(#18025,#18073),#9589,.T.);
#18025 = FACE_BOUND('',#18026,.T.);
#18026 = EDGE_LOOP('',(#18027,#18028,#18029,#18052));
#18027 = ORIENTED_EDGE('',*,*,#9571,.F.);
#18028 = ORIENTED_EDGE('',*,*,#9839,.T.);
#18029 = ORIENTED_EDGE('',*,*,#18030,.T.);
#18030 = EDGE_CURVE('',#9840,#18031,#18033,.T.);
#18031 = VERTEX_POINT('',#18032);
#18032 = CARTESIAN_POINT('',(72.5,-29.5,65.));
#18033 = SURFACE_CURVE('',#18034,(#18038,#18045),.PCURVE_S1.);
#18034 = LINE('',#18035,#18036);
#18035 = CARTESIAN_POINT('',(72.5,-38.5,65.));
#18036 = VECTOR('',#18037,1.);
#18037 = DIRECTION('',(0.,1.,0.));
#18038 = PCURVE('',#9589,#18039);
#18039 = DEFINITIONAL_REPRESENTATION('',(#18040),#18044);
#18040 = LINE('',#18041,#18042);
#18041 = CARTESIAN_POINT('',(9.,0.));
#18042 = VECTOR('',#18043,1.);
#18043 = DIRECTION('',(0.,1.));
#18044 = ( GEOMETRIC_REPRESENTATION_CONTEXT(2) 
PARAMETRIC_REPRESENTATION_CONTEXT() REPRESENTATION_CONTEXT('2D SPACE',''
  ) );
#18045 = PCURVE('',#9878,#18046);
#18046 = DEFINITIONAL_REPRESENTATION('',(#18047),#18051);
#18047 = LINE('',#18048,#18049);
#18048 = CARTESIAN_POINT('',(62.,0.));
#18049 = VECTOR('',#18050,1.);
#18050 = DIRECTION('',(0.,-1.));
#18051 = ( GEOMETRIC_REPRESENTATION_CONTEXT(2) 
PARAMETRIC_REPRESENTATION_CONTEXT() REPRESENTATION_CONTEXT('2D SPACE',''
  ) );
#18052 = ORIENTED_EDGE('',*,*,#18053,.F.);
#18053 = EDGE_CURVE('',#9574,#18031,#18054,.T.);
#18054 = SURFACE_CURVE('',#18055,(#18059,#18066),.PCURVE_S1.);
#18055 = LINE('',#18056,#18057);
#18056 = CARTESIAN_POINT('',(63.5,-29.5,65.));
#18057 = VECTOR('',#18058,1.);
#18058 = DIRECTION('',(1.,0.,0.));
#18059 = PCURVE('',#9589,#18060);
#18060 = DEFINITIONAL_REPRESENTATION('',(#18061),#18065);
#18061 = LINE('',#18062,#18063);
#18062 = CARTESIAN_POINT('',(0.,9.));
#18063 = VECTOR('',#18064,1.);
#18064 = DIRECTION('',(1.,0.));
#18065 = ( GEOMETRIC_REPRESENTATION_CONTEXT(2) 
PARAMETRIC_REPRESENTATION_CONTEXT() REPRESENTATION_CONTEXT('2D SPACE',''
  ) );
#18066 = PCURVE('',#9772,#18067);
#18067 = DEFINITIONAL_REPRESENTATION('',(#18068),#18072);
#18068 = LINE('',#18069,#18070);
#18069 = CARTESIAN_POINT('',(62.,0.));
#18070 = VECTOR('',#18071,1.);
#18071 = DIRECTION('',(0.,1.));
#18072 = ( GEOMETRIC_REPRESENTATION_CONTEXT(2) 
PARAMETRIC_REPRESENTATION_CONTEXT() REPRESENTATION_CONTEXT('2D SPACE',''
  ) );
#18073 = FACE_BOUND('',#18074,.T.);
#18074 = EDGE_LOOP('',(#18075));
#18075 = ORIENTED_EDGE('',*,*,#18076,.F.);
#18076 = EDGE_CURVE('',#18077,#18077,#18079,.T.);
#18077 = VERTEX_POINT('',#18078);
#18078 = CARTESIAN_POINT('',(69.65,-34.,65.));
#18079 = SURFACE_CURVE('',#18080,(#18085,#18092),.PCURVE_S1.);
#18080 = CIRCLE('',#18081,1.65);
#18081 = AXIS2_PLACEMENT_3D('',#18082,#18083,#18084);
#18082 = CARTESIAN_POINT('',(68.,-34.,65.));
#18083 = DIRECTION('',(0.,0.,1.));
#18084 = DIRECTION('',(1.,0.,-0.));
#18085 = PCURVE('',#9589,#18086);
#18086 = DEFINITIONAL_REPRESENTATION('',(#18087),#18091);
#18087 = CIRCLE('',#18088,1.65);
#18088 = AXIS2_PLACEMENT_2D('',#18089,#18090);
#18089 = CARTESIAN_POINT('',(4.5,4.5));
#18090 = DIRECTION('',(1.,0.));
#18091 = ( GEOMETRIC_REPRESENTATION_CONTEXT(2) 
PARAMETRIC_REPRESENTATION_CONTEXT() REPRESENTATION_CONTEXT('2D SPACE',''
  ) );
#18092 = PCURVE('',#18093,#18098);
#18093 = CYLINDRICAL_SURFACE('',#18094,1.65);
#18094 = AXIS2_PLACEMENT_3D('',#18095,#18096,#18097);
#18095 = CARTESIAN_POINT('',(68.,-34.,-1.));
#18096 = DIRECTION('',(0.,0.,1.));
#18097 = DIRECTION('',(1.,0.,-0.));
#18098 = DEFINITIONAL_REPRESENTATION('',(#18099),#18103);
#18099 = LINE('',#18100,#18101);
#18100 = CARTESIAN_POINT('',(0.,66.));
#18101 = VECTOR('',#18102,1.);
#18102 = DIRECTION('',(1.,0.));
#18103 = ( GEOMETRIC_REPRESENTATION_CONTEXT(2) 
PARAMETRIC_REPRESENTATION_CONTEXT() REPRESENTATION_CONTEXT('2D SPACE',''
  ) );
#18104 = ADVANCED_FACE('',(#18105),#9639,.F.);
#18105 = FACE_BOUND('',#18106,.F.);
#18106 = EDGE_LOOP('',(#18107,#18108,#18109));
#18107 = ORIENTED_EDGE('',*,*,#9623,.F.);
#18108 = ORIENTED_EDGE('',*,*,#10197,.T.);
#18109 = ORIENTED_EDGE('',*,*,#10148,.F.);
#18110 = ADVANCED_FACE('',(#18111,#18137),#9690,.F.);
#18111 = FACE_BOUND('',#18112,.F.);
#18112 = EDGE_LOOP('',(#18113,#18114,#18115,#18116));
#18113 = ORIENTED_EDGE('',*,*,#9674,.F.);
#18114 = ORIENTED_EDGE('',*,*,#10170,.T.);
#18115 = ORIENTED_EDGE('',*,*,#10006,.T.);
#18116 = ORIENTED_EDGE('',*,*,#18117,.F.);
#18117 = EDGE_CURVE('',#9675,#10007,#18118,.T.);
#18118 = SURFACE_CURVE('',#18119,(#18123,#18130),.PCURVE_S1.);
#18119 = LINE('',#18120,#18121);
#18120 = CARTESIAN_POINT('',(63.5,-23.,27.));
#18121 = VECTOR('',#18122,1.);
#18122 = DIRECTION('',(1.,0.,0.));
#18123 = PCURVE('',#9690,#18124);
#18124 = DEFINITIONAL_REPRESENTATION('',(#18125),#18129);
#18125 = LINE('',#18126,#18127);
#18126 = CARTESIAN_POINT('',(0.,10.));
#18127 = VECTOR('',#18128,1.);
#18128 = DIRECTION('',(1.,0.));
#18129 = ( GEOMETRIC_REPRESENTATION_CONTEXT(2) 
PARAMETRIC_REPRESENTATION_CONTEXT() REPRESENTATION_CONTEXT('2D SPACE',''
  ) );
#18130 = PCURVE('',#9718,#18131);
#18131 = DEFINITIONAL_REPRESENTATION('',(#18132),#18136);
#18132 = LINE('',#18133,#18134);
#18133 = CARTESIAN_POINT('',(0.,0.));
#18134 = VECTOR('',#18135,1.);
#18135 = DIRECTION('',(0.,1.));
#18136 = ( GEOMETRIC_REPRESENTATION_CONTEXT(2) 
PARAMETRIC_REPRESENTATION_CONTEXT() REPRESENTATION_CONTEXT('2D SPACE',''
  ) );
#18137 = FACE_BOUND('',#18138,.F.);
#18138 = EDGE_LOOP('',(#18139));
#18139 = ORIENTED_EDGE('',*,*,#18140,.F.);
#18140 = EDGE_CURVE('',#18141,#18141,#18143,.T.);
#18141 = VERTEX_POINT('',#18142);
#18142 = CARTESIAN_POINT('',(69.65,-27.,27.));
#18143 = SURFACE_CURVE('',#18144,(#18149,#18156),.PCURVE_S1.);
#18144 = CIRCLE('',#18145,1.65);
#18145 = AXIS2_PLACEMENT_3D('',#18146,#18147,#18148);
#18146 = CARTESIAN_POINT('',(68.,-27.,27.));
#18147 = DIRECTION('',(0.,0.,1.));
#18148 = DIRECTION('',(1.,0.,-0.));
#18149 = PCURVE('',#9690,#18150);
#18150 = DEFINITIONAL_REPRESENTATION('',(#18151),#18155);
#18151 = CIRCLE('',#18152,1.65);
#18152 = AXIS2_PLACEMENT_2D('',#18153,#18154);
#18153 = CARTESIAN_POINT('',(4.5,6.));
#18154 = DIRECTION('',(1.,0.));
#18155 = ( GEOMETRIC_REPRESENTATION_CONTEXT(2) 
PARAMETRIC_REPRESENTATION_CONTEXT() REPRESENTATION_CONTEXT('2D SPACE',''
  ) );
#18156 = PCURVE('',#18157,#18162);
#18157 = CYLINDRICAL_SURFACE('',#18158,1.65);
#18158 = AXIS2_PLACEMENT_3D('',#18159,#18160,#18161);
#18159 = CARTESIAN_POINT('',(68.,-27.,25.));
#18160 = DIRECTION('',(0.,0.,1.));
#18161 = DIRECTION('',(1.,0.,-0.));
#18162 = DEFINITIONAL_REPRESENTATION('',(#18163),#18167);
#18163 = LINE('',#18164,#18165);
#18164 = CARTESIAN_POINT('',(0.,2.));
#18165 = VECTOR('',#18166,1.);
#18166 = DIRECTION('',(1.,0.));
#18167 = ( GEOMETRIC_REPRESENTATION_CONTEXT(2) 
PARAMETRIC_REPRESENTATION_CONTEXT() REPRESENTATION_CONTEXT('2D SPACE',''
  ) );
#18168 = ADVANCED_FACE('',(#18169),#9718,.T.);
#18169 = FACE_BOUND('',#18170,.T.);
#18170 = EDGE_LOOP('',(#18171,#18172,#18173,#18194));
#18171 = ORIENTED_EDGE('',*,*,#18117,.F.);
#18172 = ORIENTED_EDGE('',*,*,#9702,.T.);
#18173 = ORIENTED_EDGE('',*,*,#18174,.T.);
#18174 = EDGE_CURVE('',#9703,#10030,#18175,.T.);
#18175 = SURFACE_CURVE('',#18176,(#18180,#18187),.PCURVE_S1.);
#18176 = LINE('',#18177,#18178);
#18177 = CARTESIAN_POINT('',(63.5,-23.,31.));
#18178 = VECTOR('',#18179,1.);
#18179 = DIRECTION('',(1.,0.,0.));
#18180 = PCURVE('',#9718,#18181);
#18181 = DEFINITIONAL_REPRESENTATION('',(#18182),#18186);
#18182 = LINE('',#18183,#18184);
#18183 = CARTESIAN_POINT('',(4.,0.));
#18184 = VECTOR('',#18185,1.);
#18185 = DIRECTION('',(0.,1.));
#18186 = ( GEOMETRIC_REPRESENTATION_CONTEXT(2) 
PARAMETRIC_REPRESENTATION_CONTEXT() REPRESENTATION_CONTEXT('2D SPACE',''
  ) );
#18187 = PCURVE('',#9746,#18188);
#18188 = DEFINITIONAL_REPRESENTATION('',(#18189),#18193);
#18189 = LINE('',#18190,#18191);
#18190 = CARTESIAN_POINT('',(0.,10.));
#18191 = VECTOR('',#18192,1.);
#18192 = DIRECTION('',(1.,0.));
#18193 = ( GEOMETRIC_REPRESENTATION_CONTEXT(2) 
PARAMETRIC_REPRESENTATION_CONTEXT() REPRESENTATION_CONTEXT('2D SPACE',''
  ) );
#18194 = ORIENTED_EDGE('',*,*,#10029,.F.);
#18195 = ADVANCED_FACE('',(#18196,#18220),#9746,.T.);
#18196 = FACE_BOUND('',#18197,.T.);
#18197 = EDGE_LOOP('',(#18198,#18199,#18218,#18219));
#18198 = ORIENTED_EDGE('',*,*,#9730,.F.);
#18199 = ORIENTED_EDGE('',*,*,#18200,.T.);
#18200 = EDGE_CURVE('',#9731,#10053,#18201,.T.);
#18201 = SURFACE_CURVE('',#18202,(#18206,#18212),.PCURVE_S1.);
#18202 = LINE('',#18203,#18204);
#18203 = CARTESIAN_POINT('',(63.5,-29.5,31.));
#18204 = VECTOR('',#18205,1.);
#18205 = DIRECTION('',(1.,0.,0.));
#18206 = PCURVE('',#9746,#18207);
#18207 = DEFINITIONAL_REPRESENTATION('',(#18208),#18211);
#18208 = B_SPLINE_CURVE_WITH_KNOTS('',1,(#18209,#18210),.UNSPECIFIED.,
  .F.,.F.,(2,2),(0.,9.),.PIECEWISE_BEZIER_KNOTS.);
#18209 = CARTESIAN_POINT('',(0.,3.5));
#18210 = CARTESIAN_POINT('',(9.,3.5));
#18211 = ( GEOMETRIC_REPRESENTATION_CONTEXT(2) 
PARAMETRIC_REPRESENTATION_CONTEXT() REPRESENTATION_CONTEXT('2D SPACE',''
  ) );
#18212 = PCURVE('',#9772,#18213);
#18213 = DEFINITIONAL_REPRESENTATION('',(#18214),#18217);
#18214 = B_SPLINE_CURVE_WITH_KNOTS('',1,(#18215,#18216),.UNSPECIFIED.,
  .F.,.F.,(2,2),(0.,9.),.PIECEWISE_BEZIER_KNOTS.);
#18215 = CARTESIAN_POINT('',(28.,0.));
#18216 = CARTESIAN_POINT('',(28.,9.));
#18217 = ( GEOMETRIC_REPRESENTATION_CONTEXT(2) 
PARAMETRIC_REPRESENTATION_CONTEXT() REPRESENTATION_CONTEXT('2D SPACE',''
  ) );
#18218 = ORIENTED_EDGE('',*,*,#10052,.T.);
#18219 = ORIENTED_EDGE('',*,*,#18174,.F.);
#18220 = FACE_BOUND('',#18221,.T.);
#18221 = EDGE_LOOP('',(#18222));
#18222 = ORIENTED_EDGE('',*,*,#18223,.F.);
#18223 = EDGE_CURVE('',#18224,#18224,#18226,.T.);
#18224 = VERTEX_POINT('',#18225);
#18225 = CARTESIAN_POINT('',(69.65,-27.,31.));
#18226 = SURFACE_CURVE('',#18227,(#18232,#18239),.PCURVE_S1.);
#18227 = CIRCLE('',#18228,1.65);
#18228 = AXIS2_PLACEMENT_3D('',#18229,#18230,#18231);
#18229 = CARTESIAN_POINT('',(68.,-27.,31.));
#18230 = DIRECTION('',(0.,0.,1.));
#18231 = DIRECTION('',(1.,0.,-0.));
#18232 = PCURVE('',#9746,#18233);
#18233 = DEFINITIONAL_REPRESENTATION('',(#18234),#18238);
#18234 = CIRCLE('',#18235,1.65);
#18235 = AXIS2_PLACEMENT_2D('',#18236,#18237);
#18236 = CARTESIAN_POINT('',(4.5,6.));
#18237 = DIRECTION('',(1.,0.));
#18238 = ( GEOMETRIC_REPRESENTATION_CONTEXT(2) 
PARAMETRIC_REPRESENTATION_CONTEXT() REPRESENTATION_CONTEXT('2D SPACE',''
  ) );
#18239 = PCURVE('',#18157,#18240);
#18240 = DEFINITIONAL_REPRESENTATION('',(#18241),#18245);
#18241 = LINE('',#18242,#18243);
#18242 = CARTESIAN_POINT('',(0.,6.));
#18243 = VECTOR('',#18244,1.);
#18244 = DIRECTION('',(1.,0.));
#18245 = ( GEOMETRIC_REPRESENTATION_CONTEXT(2) 
PARAMETRIC_REPRESENTATION_CONTEXT() REPRESENTATION_CONTEXT('2D SPACE',''
  ) );
#18246 = ADVANCED_FACE('',(#18247),#9772,.T.);
#18247 = FACE_BOUND('',#18248,.T.);
#18248 = EDGE_LOOP('',(#18249,#18250,#18251,#18252,#18273,#18274,#18293,
    #18294));
#18249 = ORIENTED_EDGE('',*,*,#18200,.F.);
#18250 = ORIENTED_EDGE('',*,*,#9758,.T.);
#18251 = ORIENTED_EDGE('',*,*,#18053,.T.);
#18252 = ORIENTED_EDGE('',*,*,#18253,.F.);
#18253 = EDGE_CURVE('',#15198,#18031,#18254,.T.);
#18254 = SURFACE_CURVE('',#18255,(#18259,#18266),.PCURVE_S1.);
#18255 = LINE('',#18256,#18257);
#18256 = CARTESIAN_POINT('',(72.5,-29.5,3.));
#18257 = VECTOR('',#18258,1.);
#18258 = DIRECTION('',(0.,0.,1.));
#18259 = PCURVE('',#9772,#18260);
#18260 = DEFINITIONAL_REPRESENTATION('',(#18261),#18265);
#18261 = LINE('',#18262,#18263);
#18262 = CARTESIAN_POINT('',(0.,9.));
#18263 = VECTOR('',#18264,1.);
#18264 = DIRECTION('',(1.,0.));
#18265 = ( GEOMETRIC_REPRESENTATION_CONTEXT(2) 
PARAMETRIC_REPRESENTATION_CONTEXT() REPRESENTATION_CONTEXT('2D SPACE',''
  ) );
#18266 = PCURVE('',#9878,#18267);
#18267 = DEFINITIONAL_REPRESENTATION('',(#18268),#18272);
#18268 = LINE('',#18269,#18270);
#18269 = CARTESIAN_POINT('',(0.,-9.));
#18270 = VECTOR('',#18271,1.);
#18271 = DIRECTION('',(1.,0.));
#18272 = ( GEOMETRIC_REPRESENTATION_CONTEXT(2) 
PARAMETRIC_REPRESENTATION_CONTEXT() REPRESENTATION_CONTEXT('2D SPACE',''
  ) );
#18273 = ORIENTED_EDGE('',*,*,#15197,.T.);
#18274 = ORIENTED_EDGE('',*,*,#18275,.F.);
#18275 = EDGE_CURVE('',#15028,#15175,#18276,.T.);
#18276 = SURFACE_CURVE('',#18277,(#18281,#18287),.PCURVE_S1.);
#18277 = LINE('',#18278,#18279);
#18278 = CARTESIAN_POINT('',(72.,-29.5,29.5));
#18279 = VECTOR('',#18280,1.);
#18280 = DIRECTION('',(0.,0.,1.));
#18281 = PCURVE('',#9772,#18282);
#18282 = DEFINITIONAL_REPRESENTATION('',(#18283),#18286);
#18283 = B_SPLINE_CURVE_WITH_KNOTS('',1,(#18284,#18285),.UNSPECIFIED.,
  .F.,.F.,(2,2),(26.5,34.5),.PIECEWISE_BEZIER_KNOTS.);
#18284 = CARTESIAN_POINT('',(53.,8.5));
#18285 = CARTESIAN_POINT('',(61.,8.5));
#18286 = ( GEOMETRIC_REPRESENTATION_CONTEXT(2) 
PARAMETRIC_REPRESENTATION_CONTEXT() REPRESENTATION_CONTEXT('2D SPACE',''
  ) );
#18287 = PCURVE('',#15043,#18288);
#18288 = DEFINITIONAL_REPRESENTATION('',(#18289),#18292);
#18289 = B_SPLINE_CURVE_WITH_KNOTS('',1,(#18290,#18291),.UNSPECIFIED.,
  .F.,.F.,(2,2),(26.5,34.5),.PIECEWISE_BEZIER_KNOTS.);
#18290 = CARTESIAN_POINT('',(0.,-14.5));
#18291 = CARTESIAN_POINT('',(8.,-14.5));
#18292 = ( GEOMETRIC_REPRESENTATION_CONTEXT(2) 
PARAMETRIC_REPRESENTATION_CONTEXT() REPRESENTATION_CONTEXT('2D SPACE',''
  ) );
#18293 = ORIENTED_EDGE('',*,*,#15055,.F.);
#18294 = ORIENTED_EDGE('',*,*,#10075,.F.);
#18295 = ADVANCED_FACE('',(#18296),#9878,.T.);
#18296 = FACE_BOUND('',#18297,.T.);
#18297 = EDGE_LOOP('',(#18298,#18299,#18300,#18301));
#18298 = ORIENTED_EDGE('',*,*,#9862,.F.);
#18299 = ORIENTED_EDGE('',*,*,#15218,.T.);
#18300 = ORIENTED_EDGE('',*,*,#18253,.T.);
#18301 = ORIENTED_EDGE('',*,*,#18030,.F.);
#18302 = ADVANCED_FACE('',(#18303),#10632,.F.);
#18303 = FACE_BOUND('',#18304,.F.);
#18304 = EDGE_LOOP('',(#18305,#18306,#18307));
#18305 = ORIENTED_EDGE('',*,*,#10617,.T.);
#18306 = ORIENTED_EDGE('',*,*,#10748,.T.);
#18307 = ORIENTED_EDGE('',*,*,#11134,.T.);
#18308 = ADVANCED_FACE('',(#18309,#18335),#10714,.F.);
#18309 = FACE_BOUND('',#18310,.F.);
#18310 = EDGE_LOOP('',(#18311,#18312,#18333,#18334));
#18311 = ORIENTED_EDGE('',*,*,#10930,.F.);
#18312 = ORIENTED_EDGE('',*,*,#18313,.T.);
#18313 = EDGE_CURVE('',#10903,#11227,#18314,.T.);
#18314 = SURFACE_CURVE('',#18315,(#18319,#18326),.PCURVE_S1.);
#18315 = LINE('',#18316,#18317);
#18316 = CARTESIAN_POINT('',(-72.5,23.,27.));
#18317 = VECTOR('',#18318,1.);
#18318 = DIRECTION('',(1.,0.,0.));
#18319 = PCURVE('',#10714,#18320);
#18320 = DEFINITIONAL_REPRESENTATION('',(#18321),#18325);
#18321 = LINE('',#18322,#18323);
#18322 = CARTESIAN_POINT('',(0.,0.));
#18323 = VECTOR('',#18324,1.);
#18324 = DIRECTION('',(1.,0.));
#18325 = ( GEOMETRIC_REPRESENTATION_CONTEXT(2) 
PARAMETRIC_REPRESENTATION_CONTEXT() REPRESENTATION_CONTEXT('2D SPACE',''
  ) );
#18326 = PCURVE('',#10918,#18327);
#18327 = DEFINITIONAL_REPRESENTATION('',(#18328),#18332);
#18328 = LINE('',#18329,#18330);
#18329 = CARTESIAN_POINT('',(0.,0.));
#18330 = VECTOR('',#18331,1.);
#18331 = DIRECTION('',(0.,1.));
#18332 = ( GEOMETRIC_REPRESENTATION_CONTEXT(2) 
PARAMETRIC_REPRESENTATION_CONTEXT() REPRESENTATION_CONTEXT('2D SPACE',''
  ) );
#18333 = ORIENTED_EDGE('',*,*,#11249,.T.);
#18334 = ORIENTED_EDGE('',*,*,#10699,.F.);
#18335 = FACE_BOUND('',#18336,.F.);
#18336 = EDGE_LOOP('',(#18337));
#18337 = ORIENTED_EDGE('',*,*,#18338,.F.);
#18338 = EDGE_CURVE('',#18339,#18339,#18341,.T.);
#18339 = VERTEX_POINT('',#18340);
#18340 = CARTESIAN_POINT('',(-66.35,27.,27.));
#18341 = SURFACE_CURVE('',#18342,(#18347,#18354),.PCURVE_S1.);
#18342 = CIRCLE('',#18343,1.65);
#18343 = AXIS2_PLACEMENT_3D('',#18344,#18345,#18346);
#18344 = CARTESIAN_POINT('',(-68.,27.,27.));
#18345 = DIRECTION('',(0.,0.,1.));
#18346 = DIRECTION('',(1.,0.,-0.));
#18347 = PCURVE('',#10714,#18348);
#18348 = DEFINITIONAL_REPRESENTATION('',(#18349),#18353);
#18349 = CIRCLE('',#18350,1.65);
#18350 = AXIS2_PLACEMENT_2D('',#18351,#18352);
#18351 = CARTESIAN_POINT('',(4.5,4.));
#18352 = DIRECTION('',(1.,0.));
#18353 = ( GEOMETRIC_REPRESENTATION_CONTEXT(2) 
PARAMETRIC_REPRESENTATION_CONTEXT() REPRESENTATION_CONTEXT('2D SPACE',''
  ) );
#18354 = PCURVE('',#18355,#18360);
#18355 = CYLINDRICAL_SURFACE('',#18356,1.65);
#18356 = AXIS2_PLACEMENT_3D('',#18357,#18358,#18359);
#18357 = CARTESIAN_POINT('',(-68.,27.,25.));
#18358 = DIRECTION('',(0.,0.,1.));
#18359 = DIRECTION('',(1.,0.,-0.));
#18360 = DEFINITIONAL_REPRESENTATION('',(#18361),#18365);
#18361 = LINE('',#18362,#18363);
#18362 = CARTESIAN_POINT('',(0.,2.));
#18363 = VECTOR('',#18364,1.);
#18364 = DIRECTION('',(1.,0.));
#18365 = ( GEOMETRIC_REPRESENTATION_CONTEXT(2) 
PARAMETRIC_REPRESENTATION_CONTEXT() REPRESENTATION_CONTEXT('2D SPACE',''
  ) );
#18366 = ADVANCED_FACE('',(#18367),#10862,.F.);
#18367 = FACE_BOUND('',#18368,.F.);
#18368 = EDGE_LOOP('',(#18369,#18388,#18389,#18390,#18409,#18410,#18433,
    #18454));
#18369 = ORIENTED_EDGE('',*,*,#18370,.F.);
#18370 = EDGE_CURVE('',#10847,#11181,#18371,.T.);
#18371 = SURFACE_CURVE('',#18372,(#18376,#18382),.PCURVE_S1.);
#18372 = LINE('',#18373,#18374);
#18373 = CARTESIAN_POINT('',(-72.5,29.5,31.));
#18374 = VECTOR('',#18375,1.);
#18375 = DIRECTION('',(1.,0.,0.));
#18376 = PCURVE('',#10862,#18377);
#18377 = DEFINITIONAL_REPRESENTATION('',(#18378),#18381);
#18378 = B_SPLINE_CURVE_WITH_KNOTS('',1,(#18379,#18380),.UNSPECIFIED.,
  .F.,.F.,(2,2),(0.,9.),.PIECEWISE_BEZIER_KNOTS.);
#18379 = CARTESIAN_POINT('',(28.,0.));
#18380 = CARTESIAN_POINT('',(28.,9.));
#18381 = ( GEOMETRIC_REPRESENTATION_CONTEXT(2) 
PARAMETRIC_REPRESENTATION_CONTEXT() REPRESENTATION_CONTEXT('2D SPACE',''
  ) );
#18382 = PCURVE('',#10890,#18383);
#18383 = DEFINITIONAL_REPRESENTATION('',(#18384),#18387);
#18384 = B_SPLINE_CURVE_WITH_KNOTS('',1,(#18385,#18386),.UNSPECIFIED.,
  .F.,.F.,(2,2),(0.,9.),.PIECEWISE_BEZIER_KNOTS.);
#18385 = CARTESIAN_POINT('',(0.,6.5));
#18386 = CARTESIAN_POINT('',(9.,6.5));
#18387 = ( GEOMETRIC_REPRESENTATION_CONTEXT(2) 
PARAMETRIC_REPRESENTATION_CONTEXT() REPRESENTATION_CONTEXT('2D SPACE',''
  ) );
#18388 = ORIENTED_EDGE('',*,*,#10846,.T.);
#18389 = ORIENTED_EDGE('',*,*,#15663,.F.);
#18390 = ORIENTED_EDGE('',*,*,#18391,.T.);
#18391 = EDGE_CURVE('',#15641,#15494,#18392,.T.);
#18392 = SURFACE_CURVE('',#18393,(#18397,#18403),.PCURVE_S1.);
#18393 = LINE('',#18394,#18395);
#18394 = CARTESIAN_POINT('',(-72.,29.5,29.5));
#18395 = VECTOR('',#18396,1.);
#18396 = DIRECTION('',(0.,0.,1.));
#18397 = PCURVE('',#10862,#18398);
#18398 = DEFINITIONAL_REPRESENTATION('',(#18399),#18402);
#18399 = B_SPLINE_CURVE_WITH_KNOTS('',1,(#18400,#18401),.UNSPECIFIED.,
  .F.,.F.,(2,2),(26.5,34.5),.PIECEWISE_BEZIER_KNOTS.);
#18400 = CARTESIAN_POINT('',(53.,0.5));
#18401 = CARTESIAN_POINT('',(61.,0.5));
#18402 = ( GEOMETRIC_REPRESENTATION_CONTEXT(2) 
PARAMETRIC_REPRESENTATION_CONTEXT() REPRESENTATION_CONTEXT('2D SPACE',''
  ) );
#18403 = PCURVE('',#15509,#18404);
#18404 = DEFINITIONAL_REPRESENTATION('',(#18405),#18408);
#18405 = B_SPLINE_CURVE_WITH_KNOTS('',1,(#18406,#18407),.UNSPECIFIED.,
  .F.,.F.,(2,2),(26.5,34.5),.PIECEWISE_BEZIER_KNOTS.);
#18406 = CARTESIAN_POINT('',(0.,-73.5));
#18407 = CARTESIAN_POINT('',(8.,-73.5));
#18408 = ( GEOMETRIC_REPRESENTATION_CONTEXT(2) 
PARAMETRIC_REPRESENTATION_CONTEXT() REPRESENTATION_CONTEXT('2D SPACE',''
  ) );
#18409 = ORIENTED_EDGE('',*,*,#15521,.T.);
#18410 = ORIENTED_EDGE('',*,*,#18411,.T.);
#18411 = EDGE_CURVE('',#15522,#18412,#18414,.T.);
#18412 = VERTEX_POINT('',#18413);
#18413 = CARTESIAN_POINT('',(-72.5,29.5,65.));
#18414 = SURFACE_CURVE('',#18415,(#18419,#18426),.PCURVE_S1.);
#18415 = LINE('',#18416,#18417);
#18416 = CARTESIAN_POINT('',(-72.5,29.5,3.));
#18417 = VECTOR('',#18418,1.);
#18418 = DIRECTION('',(0.,0.,1.));
#18419 = PCURVE('',#10862,#18420);
#18420 = DEFINITIONAL_REPRESENTATION('',(#18421),#18425);
#18421 = LINE('',#18422,#18423);
#18422 = CARTESIAN_POINT('',(0.,0.));
#18423 = VECTOR('',#18424,1.);
#18424 = DIRECTION('',(1.,0.));
#18425 = ( GEOMETRIC_REPRESENTATION_CONTEXT(2) 
PARAMETRIC_REPRESENTATION_CONTEXT() REPRESENTATION_CONTEXT('2D SPACE',''
  ) );
#18426 = PCURVE('',#11085,#18427);
#18427 = DEFINITIONAL_REPRESENTATION('',(#18428),#18432);
#18428 = LINE('',#18429,#18430);
#18429 = CARTESIAN_POINT('',(0.,0.));
#18430 = VECTOR('',#18431,1.);
#18431 = DIRECTION('',(1.,0.));
#18432 = ( GEOMETRIC_REPRESENTATION_CONTEXT(2) 
PARAMETRIC_REPRESENTATION_CONTEXT() REPRESENTATION_CONTEXT('2D SPACE',''
  ) );
#18433 = ORIENTED_EDGE('',*,*,#18434,.T.);
#18434 = EDGE_CURVE('',#18412,#11158,#18435,.T.);
#18435 = SURFACE_CURVE('',#18436,(#18440,#18447),.PCURVE_S1.);
#18436 = LINE('',#18437,#18438);
#18437 = CARTESIAN_POINT('',(-72.5,29.5,65.));
#18438 = VECTOR('',#18439,1.);
#18439 = DIRECTION('',(1.,0.,0.));
#18440 = PCURVE('',#10862,#18441);
#18441 = DEFINITIONAL_REPRESENTATION('',(#18442),#18446);
#18442 = LINE('',#18443,#18444);
#18443 = CARTESIAN_POINT('',(62.,0.));
#18444 = VECTOR('',#18445,1.);
#18445 = DIRECTION('',(0.,1.));
#18446 = ( GEOMETRIC_REPRESENTATION_CONTEXT(2) 
PARAMETRIC_REPRESENTATION_CONTEXT() REPRESENTATION_CONTEXT('2D SPACE',''
  ) );
#18447 = PCURVE('',#11111,#18448);
#18448 = DEFINITIONAL_REPRESENTATION('',(#18449),#18453);
#18449 = LINE('',#18450,#18451);
#18450 = CARTESIAN_POINT('',(0.,0.));
#18451 = VECTOR('',#18452,1.);
#18452 = DIRECTION('',(1.,0.));
#18453 = ( GEOMETRIC_REPRESENTATION_CONTEXT(2) 
PARAMETRIC_REPRESENTATION_CONTEXT() REPRESENTATION_CONTEXT('2D SPACE',''
  ) );
#18454 = ORIENTED_EDGE('',*,*,#11180,.F.);
#18455 = ADVANCED_FACE('',(#18456,#18482),#10890,.T.);
#18456 = FACE_BOUND('',#18457,.T.);
#18457 = EDGE_LOOP('',(#18458,#18459,#18480,#18481));
#18458 = ORIENTED_EDGE('',*,*,#10874,.F.);
#18459 = ORIENTED_EDGE('',*,*,#18460,.T.);
#18460 = EDGE_CURVE('',#10875,#11204,#18461,.T.);
#18461 = SURFACE_CURVE('',#18462,(#18466,#18473),.PCURVE_S1.);
#18462 = LINE('',#18463,#18464);
#18463 = CARTESIAN_POINT('',(-72.5,23.,31.));
#18464 = VECTOR('',#18465,1.);
#18465 = DIRECTION('',(1.,0.,0.));
#18466 = PCURVE('',#10890,#18467);
#18467 = DEFINITIONAL_REPRESENTATION('',(#18468),#18472);
#18468 = LINE('',#18469,#18470);
#18469 = CARTESIAN_POINT('',(0.,0.));
#18470 = VECTOR('',#18471,1.);
#18471 = DIRECTION('',(1.,0.));
#18472 = ( GEOMETRIC_REPRESENTATION_CONTEXT(2) 
PARAMETRIC_REPRESENTATION_CONTEXT() REPRESENTATION_CONTEXT('2D SPACE',''
  ) );
#18473 = PCURVE('',#10918,#18474);
#18474 = DEFINITIONAL_REPRESENTATION('',(#18475),#18479);
#18475 = LINE('',#18476,#18477);
#18476 = CARTESIAN_POINT('',(4.,0.));
#18477 = VECTOR('',#18478,1.);
#18478 = DIRECTION('',(0.,1.));
#18479 = ( GEOMETRIC_REPRESENTATION_CONTEXT(2) 
PARAMETRIC_REPRESENTATION_CONTEXT() REPRESENTATION_CONTEXT('2D SPACE',''
  ) );
#18480 = ORIENTED_EDGE('',*,*,#11203,.T.);
#18481 = ORIENTED_EDGE('',*,*,#18370,.F.);
#18482 = FACE_BOUND('',#18483,.T.);
#18483 = EDGE_LOOP('',(#18484));
#18484 = ORIENTED_EDGE('',*,*,#18485,.F.);
#18485 = EDGE_CURVE('',#18486,#18486,#18488,.T.);
#18486 = VERTEX_POINT('',#18487);
#18487 = CARTESIAN_POINT('',(-66.35,27.,31.));
#18488 = SURFACE_CURVE('',#18489,(#18494,#18501),.PCURVE_S1.);
#18489 = CIRCLE('',#18490,1.65);
#18490 = AXIS2_PLACEMENT_3D('',#18491,#18492,#18493);
#18491 = CARTESIAN_POINT('',(-68.,27.,31.));
#18492 = DIRECTION('',(0.,0.,1.));
#18493 = DIRECTION('',(1.,0.,-0.));
#18494 = PCURVE('',#10890,#18495);
#18495 = DEFINITIONAL_REPRESENTATION('',(#18496),#18500);
#18496 = CIRCLE('',#18497,1.65);
#18497 = AXIS2_PLACEMENT_2D('',#18498,#18499);
#18498 = CARTESIAN_POINT('',(4.5,4.));
#18499 = DIRECTION('',(1.,0.));
#18500 = ( GEOMETRIC_REPRESENTATION_CONTEXT(2) 
PARAMETRIC_REPRESENTATION_CONTEXT() REPRESENTATION_CONTEXT('2D SPACE',''
  ) );
#18501 = PCURVE('',#18355,#18502);
#18502 = DEFINITIONAL_REPRESENTATION('',(#18503),#18507);
#18503 = LINE('',#18504,#18505);
#18504 = CARTESIAN_POINT('',(0.,6.));
#18505 = VECTOR('',#18506,1.);
#18506 = DIRECTION('',(1.,0.));
#18507 = ( GEOMETRIC_REPRESENTATION_CONTEXT(2) 
PARAMETRIC_REPRESENTATION_CONTEXT() REPRESENTATION_CONTEXT('2D SPACE',''
  ) );
#18508 = ADVANCED_FACE('',(#18509),#10918,.F.);
#18509 = FACE_BOUND('',#18510,.F.);
#18510 = EDGE_LOOP('',(#18511,#18512,#18513,#18514));
#18511 = ORIENTED_EDGE('',*,*,#18313,.F.);
#18512 = ORIENTED_EDGE('',*,*,#10902,.T.);
#18513 = ORIENTED_EDGE('',*,*,#18460,.T.);
#18514 = ORIENTED_EDGE('',*,*,#11226,.F.);
#18515 = ADVANCED_FACE('',(#18516,#18542),#11111,.T.);
#18516 = FACE_BOUND('',#18517,.T.);
#18517 = EDGE_LOOP('',(#18518,#18539,#18540,#18541));
#18518 = ORIENTED_EDGE('',*,*,#18519,.F.);
#18519 = EDGE_CURVE('',#18412,#11070,#18520,.T.);
#18520 = SURFACE_CURVE('',#18521,(#18525,#18532),.PCURVE_S1.);
#18521 = LINE('',#18522,#18523);
#18522 = CARTESIAN_POINT('',(-72.5,29.5,65.));
#18523 = VECTOR('',#18524,1.);
#18524 = DIRECTION('',(0.,1.,0.));
#18525 = PCURVE('',#11111,#18526);
#18526 = DEFINITIONAL_REPRESENTATION('',(#18527),#18531);
#18527 = LINE('',#18528,#18529);
#18528 = CARTESIAN_POINT('',(0.,0.));
#18529 = VECTOR('',#18530,1.);
#18530 = DIRECTION('',(0.,1.));
#18531 = ( GEOMETRIC_REPRESENTATION_CONTEXT(2) 
PARAMETRIC_REPRESENTATION_CONTEXT() REPRESENTATION_CONTEXT('2D SPACE',''
  ) );
#18532 = PCURVE('',#11085,#18533);
#18533 = DEFINITIONAL_REPRESENTATION('',(#18534),#18538);
#18534 = LINE('',#18535,#18536);
#18535 = CARTESIAN_POINT('',(62.,0.));
#18536 = VECTOR('',#18537,1.);
#18537 = DIRECTION('',(0.,-1.));
#18538 = ( GEOMETRIC_REPRESENTATION_CONTEXT(2) 
PARAMETRIC_REPRESENTATION_CONTEXT() REPRESENTATION_CONTEXT('2D SPACE',''
  ) );
#18539 = ORIENTED_EDGE('',*,*,#18434,.T.);
#18540 = ORIENTED_EDGE('',*,*,#11157,.T.);
#18541 = ORIENTED_EDGE('',*,*,#11097,.F.);
#18542 = FACE_BOUND('',#18543,.T.);
#18543 = EDGE_LOOP('',(#18544));
#18544 = ORIENTED_EDGE('',*,*,#18545,.F.);
#18545 = EDGE_CURVE('',#18546,#18546,#18548,.T.);
#18546 = VERTEX_POINT('',#18547);
#18547 = CARTESIAN_POINT('',(-66.35,34.,65.));
#18548 = SURFACE_CURVE('',#18549,(#18554,#18561),.PCURVE_S1.);
#18549 = CIRCLE('',#18550,1.65);
#18550 = AXIS2_PLACEMENT_3D('',#18551,#18552,#18553);
#18551 = CARTESIAN_POINT('',(-68.,34.,65.));
#18552 = DIRECTION('',(0.,0.,1.));
#18553 = DIRECTION('',(1.,0.,-0.));
#18554 = PCURVE('',#11111,#18555);
#18555 = DEFINITIONAL_REPRESENTATION('',(#18556),#18560);
#18556 = CIRCLE('',#18557,1.65);
#18557 = AXIS2_PLACEMENT_2D('',#18558,#18559);
#18558 = CARTESIAN_POINT('',(4.5,4.5));
#18559 = DIRECTION('',(1.,0.));
#18560 = ( GEOMETRIC_REPRESENTATION_CONTEXT(2) 
PARAMETRIC_REPRESENTATION_CONTEXT() REPRESENTATION_CONTEXT('2D SPACE',''
  ) );
#18561 = PCURVE('',#18562,#18567);
#18562 = CYLINDRICAL_SURFACE('',#18563,1.65);
#18563 = AXIS2_PLACEMENT_3D('',#18564,#18565,#18566);
#18564 = CARTESIAN_POINT('',(-68.,34.,-1.));
#18565 = DIRECTION('',(0.,0.,1.));
#18566 = DIRECTION('',(1.,0.,-0.));
#18567 = DEFINITIONAL_REPRESENTATION('',(#18568),#18572);
#18568 = LINE('',#18569,#18570);
#18569 = CARTESIAN_POINT('',(0.,66.));
#18570 = VECTOR('',#18571,1.);
#18571 = DIRECTION('',(1.,0.));
#18572 = ( GEOMETRIC_REPRESENTATION_CONTEXT(2) 
PARAMETRIC_REPRESENTATION_CONTEXT() REPRESENTATION_CONTEXT('2D SPACE',''
  ) );
#18573 = ADVANCED_FACE('',(#18574),#11085,.F.);
#18574 = FACE_BOUND('',#18575,.F.);
#18575 = EDGE_LOOP('',(#18576,#18577,#18578,#18579));
#18576 = ORIENTED_EDGE('',*,*,#18411,.F.);
#18577 = ORIENTED_EDGE('',*,*,#15542,.T.);
#18578 = ORIENTED_EDGE('',*,*,#11069,.T.);
#18579 = ORIENTED_EDGE('',*,*,#18519,.F.);
#18580 = ADVANCED_FACE('',(#18581),#12196,.F.);
#18581 = FACE_BOUND('',#18582,.F.);
#18582 = EDGE_LOOP('',(#18583,#18584,#18585));
#18583 = ORIENTED_EDGE('',*,*,#12182,.F.);
#18584 = ORIENTED_EDGE('',*,*,#12542,.T.);
#18585 = ORIENTED_EDGE('',*,*,#12376,.T.);
#18586 = ADVANCED_FACE('',(#18587,#18635),#12248,.T.);
#18587 = FACE_BOUND('',#18588,.T.);
#18588 = EDGE_LOOP('',(#18589,#18590,#18613,#18634));
#18589 = ORIENTED_EDGE('',*,*,#12232,.F.);
#18590 = ORIENTED_EDGE('',*,*,#18591,.T.);
#18591 = EDGE_CURVE('',#12233,#18592,#18594,.T.);
#18592 = VERTEX_POINT('',#18593);
#18593 = CARTESIAN_POINT('',(72.5,29.5,65.));
#18594 = SURFACE_CURVE('',#18595,(#18599,#18606),.PCURVE_S1.);
#18595 = LINE('',#18596,#18597);
#18596 = CARTESIAN_POINT('',(63.5,29.5,65.));
#18597 = VECTOR('',#18598,1.);
#18598 = DIRECTION('',(1.,0.,0.));
#18599 = PCURVE('',#12248,#18600);
#18600 = DEFINITIONAL_REPRESENTATION('',(#18601),#18605);
#18601 = LINE('',#18602,#18603);
#18602 = CARTESIAN_POINT('',(0.,0.));
#18603 = VECTOR('',#18604,1.);
#18604 = DIRECTION('',(1.,0.));
#18605 = ( GEOMETRIC_REPRESENTATION_CONTEXT(2) 
PARAMETRIC_REPRESENTATION_CONTEXT() REPRESENTATION_CONTEXT('2D SPACE',''
  ) );
#18606 = PCURVE('',#12276,#18607);
#18607 = DEFINITIONAL_REPRESENTATION('',(#18608),#18612);
#18608 = LINE('',#18609,#18610);
#18609 = CARTESIAN_POINT('',(62.,0.));
#18610 = VECTOR('',#18611,1.);
#18611 = DIRECTION('',(0.,1.));
#18612 = ( GEOMETRIC_REPRESENTATION_CONTEXT(2) 
PARAMETRIC_REPRESENTATION_CONTEXT() REPRESENTATION_CONTEXT('2D SPACE',''
  ) );
#18613 = ORIENTED_EDGE('',*,*,#18614,.T.);
#18614 = EDGE_CURVE('',#18592,#12428,#18615,.T.);
#18615 = SURFACE_CURVE('',#18616,(#18620,#18627),.PCURVE_S1.);
#18616 = LINE('',#18617,#18618);
#18617 = CARTESIAN_POINT('',(72.5,29.5,65.));
#18618 = VECTOR('',#18619,1.);
#18619 = DIRECTION('',(0.,1.,0.));
#18620 = PCURVE('',#12248,#18621);
#18621 = DEFINITIONAL_REPRESENTATION('',(#18622),#18626);
#18622 = LINE('',#18623,#18624);
#18623 = CARTESIAN_POINT('',(9.,0.));
#18624 = VECTOR('',#18625,1.);
#18625 = DIRECTION('',(0.,1.));
#18626 = ( GEOMETRIC_REPRESENTATION_CONTEXT(2) 
PARAMETRIC_REPRESENTATION_CONTEXT() REPRESENTATION_CONTEXT('2D SPACE',''
  ) );
#18627 = PCURVE('',#12466,#18628);
#18628 = DEFINITIONAL_REPRESENTATION('',(#18629),#18633);
#18629 = LINE('',#18630,#18631);
#18630 = CARTESIAN_POINT('',(62.,0.));
#18631 = VECTOR('',#18632,1.);
#18632 = DIRECTION('',(0.,-1.));
#18633 = ( GEOMETRIC_REPRESENTATION_CONTEXT(2) 
PARAMETRIC_REPRESENTATION_CONTEXT() REPRESENTATION_CONTEXT('2D SPACE',''
  ) );
#18634 = ORIENTED_EDGE('',*,*,#12427,.F.);
#18635 = FACE_BOUND('',#18636,.T.);
#18636 = EDGE_LOOP('',(#18637));
#18637 = ORIENTED_EDGE('',*,*,#18638,.F.);
#18638 = EDGE_CURVE('',#18639,#18639,#18641,.T.);
#18639 = VERTEX_POINT('',#18640);
#18640 = CARTESIAN_POINT('',(69.65,34.,65.));
#18641 = SURFACE_CURVE('',#18642,(#18647,#18654),.PCURVE_S1.);
#18642 = CIRCLE('',#18643,1.65);
#18643 = AXIS2_PLACEMENT_3D('',#18644,#18645,#18646);
#18644 = CARTESIAN_POINT('',(68.,34.,65.));
#18645 = DIRECTION('',(0.,0.,1.));
#18646 = DIRECTION('',(1.,0.,-0.));
#18647 = PCURVE('',#12248,#18648);
#18648 = DEFINITIONAL_REPRESENTATION('',(#18649),#18653);
#18649 = CIRCLE('',#18650,1.65);
#18650 = AXIS2_PLACEMENT_2D('',#18651,#18652);
#18651 = CARTESIAN_POINT('',(4.5,4.5));
#18652 = DIRECTION('',(1.,0.));
#18653 = ( GEOMETRIC_REPRESENTATION_CONTEXT(2) 
PARAMETRIC_REPRESENTATION_CONTEXT() REPRESENTATION_CONTEXT('2D SPACE',''
  ) );
#18654 = PCURVE('',#18655,#18660);
#18655 = CYLINDRICAL_SURFACE('',#18656,1.65);
#18656 = AXIS2_PLACEMENT_3D('',#18657,#18658,#18659);
#18657 = CARTESIAN_POINT('',(68.,34.,-1.));
#18658 = DIRECTION('',(0.,0.,1.));
#18659 = DIRECTION('',(1.,0.,-0.));
#18660 = DEFINITIONAL_REPRESENTATION('',(#18661),#18665);
#18661 = LINE('',#18662,#18663);
#18662 = CARTESIAN_POINT('',(0.,66.));
#18663 = VECTOR('',#18664,1.);
#18664 = DIRECTION('',(1.,0.));
#18665 = ( GEOMETRIC_REPRESENTATION_CONTEXT(2) 
PARAMETRIC_REPRESENTATION_CONTEXT() REPRESENTATION_CONTEXT('2D SPACE',''
  ) );
#18666 = ADVANCED_FACE('',(#18667),#12276,.F.);
#18667 = FACE_BOUND('',#18668,.F.);
#18668 = EDGE_LOOP('',(#18669,#18688,#18689,#18690,#18711,#18712,#18731,
    #18732));
#18669 = ORIENTED_EDGE('',*,*,#18670,.F.);
#18670 = EDGE_CURVE('',#12261,#12636,#18671,.T.);
#18671 = SURFACE_CURVE('',#18672,(#18676,#18682),.PCURVE_S1.);
#18672 = LINE('',#18673,#18674);
#18673 = CARTESIAN_POINT('',(63.5,29.5,31.));
#18674 = VECTOR('',#18675,1.);
#18675 = DIRECTION('',(1.,0.,0.));
#18676 = PCURVE('',#12276,#18677);
#18677 = DEFINITIONAL_REPRESENTATION('',(#18678),#18681);
#18678 = B_SPLINE_CURVE_WITH_KNOTS('',1,(#18679,#18680),.UNSPECIFIED.,
  .F.,.F.,(2,2),(0.,9.),.PIECEWISE_BEZIER_KNOTS.);
#18679 = CARTESIAN_POINT('',(28.,0.));
#18680 = CARTESIAN_POINT('',(28.,9.));
#18681 = ( GEOMETRIC_REPRESENTATION_CONTEXT(2) 
PARAMETRIC_REPRESENTATION_CONTEXT() REPRESENTATION_CONTEXT('2D SPACE',''
  ) );
#18682 = PCURVE('',#12304,#18683);
#18683 = DEFINITIONAL_REPRESENTATION('',(#18684),#18687);
#18684 = B_SPLINE_CURVE_WITH_KNOTS('',1,(#18685,#18686),.UNSPECIFIED.,
  .F.,.F.,(2,2),(0.,9.),.PIECEWISE_BEZIER_KNOTS.);
#18685 = CARTESIAN_POINT('',(0.,6.5));
#18686 = CARTESIAN_POINT('',(9.,6.5));
#18687 = ( GEOMETRIC_REPRESENTATION_CONTEXT(2) 
PARAMETRIC_REPRESENTATION_CONTEXT() REPRESENTATION_CONTEXT('2D SPACE',''
  ) );
#18688 = ORIENTED_EDGE('',*,*,#12260,.T.);
#18689 = ORIENTED_EDGE('',*,*,#18591,.T.);
#18690 = ORIENTED_EDGE('',*,*,#18691,.F.);
#18691 = EDGE_CURVE('',#15133,#18592,#18692,.T.);
#18692 = SURFACE_CURVE('',#18693,(#18697,#18704),.PCURVE_S1.);
#18693 = LINE('',#18694,#18695);
#18694 = CARTESIAN_POINT('',(72.5,29.5,3.));
#18695 = VECTOR('',#18696,1.);
#18696 = DIRECTION('',(0.,0.,1.));
#18697 = PCURVE('',#12276,#18698);
#18698 = DEFINITIONAL_REPRESENTATION('',(#18699),#18703);
#18699 = LINE('',#18700,#18701);
#18700 = CARTESIAN_POINT('',(0.,9.));
#18701 = VECTOR('',#18702,1.);
#18702 = DIRECTION('',(1.,0.));
#18703 = ( GEOMETRIC_REPRESENTATION_CONTEXT(2) 
PARAMETRIC_REPRESENTATION_CONTEXT() REPRESENTATION_CONTEXT('2D SPACE',''
  ) );
#18704 = PCURVE('',#12466,#18705);
#18705 = DEFINITIONAL_REPRESENTATION('',(#18706),#18710);
#18706 = LINE('',#18707,#18708);
#18707 = CARTESIAN_POINT('',(0.,0.));
#18708 = VECTOR('',#18709,1.);
#18709 = DIRECTION('',(1.,0.));
#18710 = ( GEOMETRIC_REPRESENTATION_CONTEXT(2) 
PARAMETRIC_REPRESENTATION_CONTEXT() REPRESENTATION_CONTEXT('2D SPACE',''
  ) );
#18711 = ORIENTED_EDGE('',*,*,#15153,.T.);
#18712 = ORIENTED_EDGE('',*,*,#18713,.F.);
#18713 = EDGE_CURVE('',#16669,#15154,#18714,.T.);
#18714 = SURFACE_CURVE('',#18715,(#18719,#18725),.PCURVE_S1.);
#18715 = LINE('',#18716,#18717);
#18716 = CARTESIAN_POINT('',(72.,29.5,29.5));
#18717 = VECTOR('',#18718,1.);
#18718 = DIRECTION('',(0.,0.,1.));
#18719 = PCURVE('',#12276,#18720);
#18720 = DEFINITIONAL_REPRESENTATION('',(#18721),#18724);
#18721 = B_SPLINE_CURVE_WITH_KNOTS('',1,(#18722,#18723),.UNSPECIFIED.,
  .F.,.F.,(2,2),(26.5,34.5),.PIECEWISE_BEZIER_KNOTS.);
#18722 = CARTESIAN_POINT('',(53.,8.5));
#18723 = CARTESIAN_POINT('',(61.,8.5));
#18724 = ( GEOMETRIC_REPRESENTATION_CONTEXT(2) 
PARAMETRIC_REPRESENTATION_CONTEXT() REPRESENTATION_CONTEXT('2D SPACE',''
  ) );
#18725 = PCURVE('',#15043,#18726);
#18726 = DEFINITIONAL_REPRESENTATION('',(#18727),#18730);
#18727 = B_SPLINE_CURVE_WITH_KNOTS('',1,(#18728,#18729),.UNSPECIFIED.,
  .F.,.F.,(2,2),(26.5,34.5),.PIECEWISE_BEZIER_KNOTS.);
#18728 = CARTESIAN_POINT('',(0.,-73.5));
#18729 = CARTESIAN_POINT('',(8.,-73.5));
#18730 = ( GEOMETRIC_REPRESENTATION_CONTEXT(2) 
PARAMETRIC_REPRESENTATION_CONTEXT() REPRESENTATION_CONTEXT('2D SPACE',''
  ) );
#18731 = ORIENTED_EDGE('',*,*,#16735,.F.);
#18732 = ORIENTED_EDGE('',*,*,#12635,.F.);
#18733 = ADVANCED_FACE('',(#18734,#18760),#12304,.T.);
#18734 = FACE_BOUND('',#18735,.T.);
#18735 = EDGE_LOOP('',(#18736,#18737,#18758,#18759));
#18736 = ORIENTED_EDGE('',*,*,#12288,.F.);
#18737 = ORIENTED_EDGE('',*,*,#18738,.T.);
#18738 = EDGE_CURVE('',#12289,#12659,#18739,.T.);
#18739 = SURFACE_CURVE('',#18740,(#18744,#18751),.PCURVE_S1.);
#18740 = LINE('',#18741,#18742);
#18741 = CARTESIAN_POINT('',(63.5,23.,31.));
#18742 = VECTOR('',#18743,1.);
#18743 = DIRECTION('',(1.,0.,0.));
#18744 = PCURVE('',#12304,#18745);
#18745 = DEFINITIONAL_REPRESENTATION('',(#18746),#18750);
#18746 = LINE('',#18747,#18748);
#18747 = CARTESIAN_POINT('',(0.,0.));
#18748 = VECTOR('',#18749,1.);
#18749 = DIRECTION('',(1.,0.));
#18750 = ( GEOMETRIC_REPRESENTATION_CONTEXT(2) 
PARAMETRIC_REPRESENTATION_CONTEXT() REPRESENTATION_CONTEXT('2D SPACE',''
  ) );
#18751 = PCURVE('',#12332,#18752);
#18752 = DEFINITIONAL_REPRESENTATION('',(#18753),#18757);
#18753 = LINE('',#18754,#18755);
#18754 = CARTESIAN_POINT('',(4.,0.));
#18755 = VECTOR('',#18756,1.);
#18756 = DIRECTION('',(0.,1.));
#18757 = ( GEOMETRIC_REPRESENTATION_CONTEXT(2) 
PARAMETRIC_REPRESENTATION_CONTEXT() REPRESENTATION_CONTEXT('2D SPACE',''
  ) );
#18758 = ORIENTED_EDGE('',*,*,#12658,.T.);
#18759 = ORIENTED_EDGE('',*,*,#18670,.F.);
#18760 = FACE_BOUND('',#18761,.T.);
#18761 = EDGE_LOOP('',(#18762));
#18762 = ORIENTED_EDGE('',*,*,#18763,.F.);
#18763 = EDGE_CURVE('',#18764,#18764,#18766,.T.);
#18764 = VERTEX_POINT('',#18765);
#18765 = CARTESIAN_POINT('',(69.65,27.,31.));
#18766 = SURFACE_CURVE('',#18767,(#18772,#18779),.PCURVE_S1.);
#18767 = CIRCLE('',#18768,1.65);
#18768 = AXIS2_PLACEMENT_3D('',#18769,#18770,#18771);
#18769 = CARTESIAN_POINT('',(68.,27.,31.));
#18770 = DIRECTION('',(0.,0.,1.));
#18771 = DIRECTION('',(1.,0.,-0.));
#18772 = PCURVE('',#12304,#18773);
#18773 = DEFINITIONAL_REPRESENTATION('',(#18774),#18778);
#18774 = CIRCLE('',#18775,1.65);
#18775 = AXIS2_PLACEMENT_2D('',#18776,#18777);
#18776 = CARTESIAN_POINT('',(4.5,4.));
#18777 = DIRECTION('',(1.,0.));
#18778 = ( GEOMETRIC_REPRESENTATION_CONTEXT(2) 
PARAMETRIC_REPRESENTATION_CONTEXT() REPRESENTATION_CONTEXT('2D SPACE',''
  ) );
#18779 = PCURVE('',#18780,#18785);
#18780 = CYLINDRICAL_SURFACE('',#18781,1.65);
#18781 = AXIS2_PLACEMENT_3D('',#18782,#18783,#18784);
#18782 = CARTESIAN_POINT('',(68.,27.,25.));
#18783 = DIRECTION('',(0.,0.,1.));
#18784 = DIRECTION('',(1.,0.,-0.));
#18785 = DEFINITIONAL_REPRESENTATION('',(#18786),#18790);
#18786 = LINE('',#18787,#18788);
#18787 = CARTESIAN_POINT('',(0.,6.));
#18788 = VECTOR('',#18789,1.);
#18789 = DIRECTION('',(1.,0.));
#18790 = ( GEOMETRIC_REPRESENTATION_CONTEXT(2) 
PARAMETRIC_REPRESENTATION_CONTEXT() REPRESENTATION_CONTEXT('2D SPACE',''
  ) );
#18791 = ADVANCED_FACE('',(#18792),#12332,.F.);
#18792 = FACE_BOUND('',#18793,.F.);
#18793 = EDGE_LOOP('',(#18794,#18815,#18816,#18817));
#18794 = ORIENTED_EDGE('',*,*,#18795,.F.);
#18795 = EDGE_CURVE('',#12317,#12682,#18796,.T.);
#18796 = SURFACE_CURVE('',#18797,(#18801,#18808),.PCURVE_S1.);
#18797 = LINE('',#18798,#18799);
#18798 = CARTESIAN_POINT('',(63.5,23.,27.));
#18799 = VECTOR('',#18800,1.);
#18800 = DIRECTION('',(1.,0.,0.));
#18801 = PCURVE('',#12332,#18802);
#18802 = DEFINITIONAL_REPRESENTATION('',(#18803),#18807);
#18803 = LINE('',#18804,#18805);
#18804 = CARTESIAN_POINT('',(0.,0.));
#18805 = VECTOR('',#18806,1.);
#18806 = DIRECTION('',(0.,1.));
#18807 = ( GEOMETRIC_REPRESENTATION_CONTEXT(2) 
PARAMETRIC_REPRESENTATION_CONTEXT() REPRESENTATION_CONTEXT('2D SPACE',''
  ) );
#18808 = PCURVE('',#12358,#18809);
#18809 = DEFINITIONAL_REPRESENTATION('',(#18810),#18814);
#18810 = LINE('',#18811,#18812);
#18811 = CARTESIAN_POINT('',(0.,0.));
#18812 = VECTOR('',#18813,1.);
#18813 = DIRECTION('',(1.,0.));
#18814 = ( GEOMETRIC_REPRESENTATION_CONTEXT(2) 
PARAMETRIC_REPRESENTATION_CONTEXT() REPRESENTATION_CONTEXT('2D SPACE',''
  ) );
#18815 = ORIENTED_EDGE('',*,*,#12316,.T.);
#18816 = ORIENTED_EDGE('',*,*,#18738,.T.);
#18817 = ORIENTED_EDGE('',*,*,#12681,.F.);
#18818 = ADVANCED_FACE('',(#18819,#18825),#12358,.F.);
#18819 = FACE_BOUND('',#18820,.F.);
#18820 = EDGE_LOOP('',(#18821,#18822,#18823,#18824));
#18821 = ORIENTED_EDGE('',*,*,#12344,.F.);
#18822 = ORIENTED_EDGE('',*,*,#18795,.T.);
#18823 = ORIENTED_EDGE('',*,*,#12704,.T.);
#18824 = ORIENTED_EDGE('',*,*,#12564,.F.);
#18825 = FACE_BOUND('',#18826,.F.);
#18826 = EDGE_LOOP('',(#18827));
#18827 = ORIENTED_EDGE('',*,*,#18828,.F.);
#18828 = EDGE_CURVE('',#18829,#18829,#18831,.T.);
#18829 = VERTEX_POINT('',#18830);
#18830 = CARTESIAN_POINT('',(69.65,27.,27.));
#18831 = SURFACE_CURVE('',#18832,(#18837,#18844),.PCURVE_S1.);
#18832 = CIRCLE('',#18833,1.65);
#18833 = AXIS2_PLACEMENT_3D('',#18834,#18835,#18836);
#18834 = CARTESIAN_POINT('',(68.,27.,27.));
#18835 = DIRECTION('',(0.,0.,1.));
#18836 = DIRECTION('',(1.,0.,-0.));
#18837 = PCURVE('',#12358,#18838);
#18838 = DEFINITIONAL_REPRESENTATION('',(#18839),#18843);
#18839 = CIRCLE('',#18840,1.65);
#18840 = AXIS2_PLACEMENT_2D('',#18841,#18842);
#18841 = CARTESIAN_POINT('',(4.5,4.));
#18842 = DIRECTION('',(1.,0.));
#18843 = ( GEOMETRIC_REPRESENTATION_CONTEXT(2) 
PARAMETRIC_REPRESENTATION_CONTEXT() REPRESENTATION_CONTEXT('2D SPACE',''
  ) );
#18844 = PCURVE('',#18780,#18845);
#18845 = DEFINITIONAL_REPRESENTATION('',(#18846),#18850);
#18846 = LINE('',#18847,#18848);
#18847 = CARTESIAN_POINT('',(0.,2.));
#18848 = VECTOR('',#18849,1.);
#18849 = DIRECTION('',(1.,0.));
#18850 = ( GEOMETRIC_REPRESENTATION_CONTEXT(2) 
PARAMETRIC_REPRESENTATION_CONTEXT() REPRESENTATION_CONTEXT('2D SPACE',''
  ) );
#18851 = ADVANCED_FACE('',(#18852),#12466,.T.);
#18852 = FACE_BOUND('',#18853,.T.);
#18853 = EDGE_LOOP('',(#18854,#18855,#18856,#18857));
#18854 = ORIENTED_EDGE('',*,*,#18691,.F.);
#18855 = ORIENTED_EDGE('',*,*,#15132,.T.);
#18856 = ORIENTED_EDGE('',*,*,#12450,.T.);
#18857 = ORIENTED_EDGE('',*,*,#18614,.F.);
#18858 = ADVANCED_FACE('',(#18859),#14947,.F.);
#18859 = FACE_BOUND('',#18860,.F.);
#18860 = EDGE_LOOP('',(#18861,#18889,#18908,#18909));
#18861 = ORIENTED_EDGE('',*,*,#18862,.F.);
#18862 = EDGE_CURVE('',#18863,#16667,#18865,.T.);
#18863 = VERTEX_POINT('',#18864);
#18864 = CARTESIAN_POINT('',(72.,25.687559525159,56.));
#18865 = SURFACE_CURVE('',#18866,(#18871,#18878),.PCURVE_S1.);
#18866 = CIRCLE('',#18867,1.65);
#18867 = AXIS2_PLACEMENT_3D('',#18868,#18869,#18870);
#18868 = CARTESIAN_POINT('',(72.,27.,57.));
#18869 = DIRECTION('',(-1.,-0.,0.));
#18870 = DIRECTION('',(0.,-0.7954184696,-0.606060606061));
#18871 = PCURVE('',#14947,#18872);
#18872 = DEFINITIONAL_REPRESENTATION('',(#18873),#18877);
#18873 = LINE('',#18874,#18875);
#18874 = CARTESIAN_POINT('',(8.505080218946,2.));
#18875 = VECTOR('',#18876,1.);
#18876 = DIRECTION('',(-1.,-0.));
#18877 = ( GEOMETRIC_REPRESENTATION_CONTEXT(2) 
PARAMETRIC_REPRESENTATION_CONTEXT() REPRESENTATION_CONTEXT('2D SPACE',''
  ) );
#18878 = PCURVE('',#15043,#18879);
#18879 = DEFINITIONAL_REPRESENTATION('',(#18880),#18888);
#18880 = ( BOUNDED_CURVE() B_SPLINE_CURVE(2,(#18881,#18882,#18883,#18884
    ,#18885,#18886,#18887),.UNSPECIFIED.,.T.,.F.) 
B_SPLINE_CURVE_WITH_KNOTS((1,2,2,2,2,1),(-2.094395102393,0.,
    2.094395102393,4.188790204786,6.28318530718,8.377580409573),
.UNSPECIFIED.) CURVE() GEOMETRIC_REPRESENTATION_ITEM() 
RATIONAL_B_SPLINE_CURVE((1.,0.5,1.,0.5,1.,0.5,1.)) REPRESENTATION_ITEM(
  '') );
#18881 = CARTESIAN_POINT('',(-2.775557561563E-14,-69.68755952515));
#18882 = CARTESIAN_POINT('',(2.273213584334,-67.95550871759));
#18883 = CARTESIAN_POINT('',(2.636606792167,-70.79019483363));
#18884 = CARTESIAN_POINT('',(3.,-73.62488094968));
#18885 = CARTESIAN_POINT('',(0.363393207833,-72.5222456412));
#18886 = CARTESIAN_POINT('',(-2.273213584334,-71.41961033272));
#18887 = CARTESIAN_POINT('',(-2.775557561563E-14,-69.68755952515));
#18888 = ( GEOMETRIC_REPRESENTATION_CONTEXT(2) 
PARAMETRIC_REPRESENTATION_CONTEXT() REPRESENTATION_CONTEXT('2D SPACE',''
  ) );
#18889 = ORIENTED_EDGE('',*,*,#18890,.T.);
#18890 = EDGE_CURVE('',#18863,#14899,#18891,.T.);
#18891 = SURFACE_CURVE('',#18892,(#18896,#18902),.PCURVE_S1.);
#18892 = LINE('',#18893,#18894);
#18893 = CARTESIAN_POINT('',(70.,25.687559525159,56.));
#18894 = VECTOR('',#18895,1.);
#18895 = DIRECTION('',(1.,0.,0.));
#18896 = PCURVE('',#14947,#18897);
#18897 = DEFINITIONAL_REPRESENTATION('',(#18898),#18901);
#18898 = B_SPLINE_CURVE_WITH_KNOTS('',1,(#18899,#18900),.UNSPECIFIED.,
  .F.,.F.,(2,2),(2.,5.),.PIECEWISE_BEZIER_KNOTS.);
#18899 = CARTESIAN_POINT('',(8.505080218946,2.));
#18900 = CARTESIAN_POINT('',(8.505080218946,5.));
#18901 = ( GEOMETRIC_REPRESENTATION_CONTEXT(2) 
PARAMETRIC_REPRESENTATION_CONTEXT() REPRESENTATION_CONTEXT('2D SPACE',''
  ) );
#18902 = PCURVE('',#14914,#18903);
#18903 = DEFINITIONAL_REPRESENTATION('',(#18904),#18907);
#18904 = B_SPLINE_CURVE_WITH_KNOTS('',1,(#18905,#18906),.UNSPECIFIED.,
  .F.,.F.,(2,2),(1.7,5.3),.PIECEWISE_BEZIER_KNOTS.);
#18905 = CARTESIAN_POINT('',(-0.3,69.687559525159));
#18906 = CARTESIAN_POINT('',(3.3,69.687559525159));
#18907 = ( GEOMETRIC_REPRESENTATION_CONTEXT(2) 
PARAMETRIC_REPRESENTATION_CONTEXT() REPRESENTATION_CONTEXT('2D SPACE',''
  ) );
#18908 = ORIENTED_EDGE('',*,*,#14926,.T.);
#18909 = ORIENTED_EDGE('',*,*,#16691,.F.);
#18910 = ADVANCED_FACE('',(#18911),#14914,.F.);
#18911 = FACE_BOUND('',#18912,.F.);
#18912 = EDGE_LOOP('',(#18913,#18936,#18955,#18956));
#18913 = ORIENTED_EDGE('',*,*,#18914,.F.);
#18914 = EDGE_CURVE('',#18915,#18863,#18917,.T.);
#18915 = VERTEX_POINT('',#18916);
#18916 = CARTESIAN_POINT('',(72.,-25.68755952515,56.));
#18917 = SURFACE_CURVE('',#18918,(#18922,#18929),.PCURVE_S1.);
#18918 = LINE('',#18919,#18920);
#18919 = CARTESIAN_POINT('',(72.,-44.,56.));
#18920 = VECTOR('',#18921,1.);
#18921 = DIRECTION('',(0.,1.,0.));
#18922 = PCURVE('',#14914,#18923);
#18923 = DEFINITIONAL_REPRESENTATION('',(#18924),#18928);
#18924 = LINE('',#18925,#18926);
#18925 = CARTESIAN_POINT('',(0.,0.));
#18926 = VECTOR('',#18927,1.);
#18927 = DIRECTION('',(0.,1.));
#18928 = ( GEOMETRIC_REPRESENTATION_CONTEXT(2) 
PARAMETRIC_REPRESENTATION_CONTEXT() REPRESENTATION_CONTEXT('2D SPACE',''
  ) );
#18929 = PCURVE('',#15043,#18930);
#18930 = DEFINITIONAL_REPRESENTATION('',(#18931),#18935);
#18931 = LINE('',#18932,#18933);
#18932 = CARTESIAN_POINT('',(0.,0.));
#18933 = VECTOR('',#18934,1.);
#18934 = DIRECTION('',(0.,-1.));
#18935 = ( GEOMETRIC_REPRESENTATION_CONTEXT(2) 
PARAMETRIC_REPRESENTATION_CONTEXT() REPRESENTATION_CONTEXT('2D SPACE',''
  ) );
#18936 = ORIENTED_EDGE('',*,*,#18937,.T.);
#18937 = EDGE_CURVE('',#18915,#14866,#18938,.T.);
#18938 = SURFACE_CURVE('',#18939,(#18943,#18949),.PCURVE_S1.);
#18939 = LINE('',#18940,#18941);
#18940 = CARTESIAN_POINT('',(70.,-25.68755952515,56.));
#18941 = VECTOR('',#18942,1.);
#18942 = DIRECTION('',(1.,0.,0.));
#18943 = PCURVE('',#14914,#18944);
#18944 = DEFINITIONAL_REPRESENTATION('',(#18945),#18948);
#18945 = B_SPLINE_CURVE_WITH_KNOTS('',1,(#18946,#18947),.UNSPECIFIED.,
  .F.,.F.,(2,2),(1.7,5.3),.PIECEWISE_BEZIER_KNOTS.);
#18946 = CARTESIAN_POINT('',(-0.3,18.312440474841));
#18947 = CARTESIAN_POINT('',(3.3,18.312440474841));
#18948 = ( GEOMETRIC_REPRESENTATION_CONTEXT(2) 
PARAMETRIC_REPRESENTATION_CONTEXT() REPRESENTATION_CONTEXT('2D SPACE',''
  ) );
#18949 = PCURVE('',#14886,#18950);
#18950 = DEFINITIONAL_REPRESENTATION('',(#18951),#18954);
#18951 = B_SPLINE_CURVE_WITH_KNOTS('',1,(#18952,#18953),.UNSPECIFIED.,
  .F.,.F.,(2,2),(2.,5.),.PIECEWISE_BEZIER_KNOTS.);
#18952 = CARTESIAN_POINT('',(4.061290395414,2.));
#18953 = CARTESIAN_POINT('',(4.061290395414,5.));
#18954 = ( GEOMETRIC_REPRESENTATION_CONTEXT(2) 
PARAMETRIC_REPRESENTATION_CONTEXT() REPRESENTATION_CONTEXT('2D SPACE',''
  ) );
#18955 = ORIENTED_EDGE('',*,*,#14898,.T.);
#18956 = ORIENTED_EDGE('',*,*,#18890,.F.);
#18957 = ADVANCED_FACE('',(#18958),#14886,.F.);
#18958 = FACE_BOUND('',#18959,.F.);
#18959 = EDGE_LOOP('',(#18960,#18986,#18987,#18988));
#18960 = ORIENTED_EDGE('',*,*,#18961,.F.);
#18961 = EDGE_CURVE('',#15007,#18915,#18962,.T.);
#18962 = SURFACE_CURVE('',#18963,(#18968,#18975),.PCURVE_S1.);
#18963 = CIRCLE('',#18964,1.65);
#18964 = AXIS2_PLACEMENT_3D('',#18965,#18966,#18967);
#18965 = CARTESIAN_POINT('',(72.,-27.,57.));
#18966 = DIRECTION('',(-1.,-0.,0.));
#18967 = DIRECTION('',(0.,-0.7954184696,-0.606060606061));
#18968 = PCURVE('',#14886,#18969);
#18969 = DEFINITIONAL_REPRESENTATION('',(#18970),#18974);
#18970 = LINE('',#18971,#18972);
#18971 = CARTESIAN_POINT('',(8.505080218946,2.));
#18972 = VECTOR('',#18973,1.);
#18973 = DIRECTION('',(-1.,-0.));
#18974 = ( GEOMETRIC_REPRESENTATION_CONTEXT(2) 
PARAMETRIC_REPRESENTATION_CONTEXT() REPRESENTATION_CONTEXT('2D SPACE',''
  ) );
#18975 = PCURVE('',#15043,#18976);
#18976 = DEFINITIONAL_REPRESENTATION('',(#18977),#18985);
#18977 = ( BOUNDED_CURVE() B_SPLINE_CURVE(2,(#18978,#18979,#18980,#18981
    ,#18982,#18983,#18984),.UNSPECIFIED.,.T.,.F.) 
B_SPLINE_CURVE_WITH_KNOTS((1,2,2,2,2,1),(-2.094395102393,0.,
    2.094395102393,4.188790204786,6.28318530718,8.377580409573),
.UNSPECIFIED.) CURVE() GEOMETRIC_REPRESENTATION_ITEM() 
RATIONAL_B_SPLINE_CURVE((1.,0.5,1.,0.5,1.,0.5,1.)) REPRESENTATION_ITEM(
  '') );
#18978 = CARTESIAN_POINT('',(-2.775557561563E-14,-15.68755952515));
#18979 = CARTESIAN_POINT('',(2.273213584334,-13.95550871759));
#18980 = CARTESIAN_POINT('',(2.636606792167,-16.79019483363));
#18981 = CARTESIAN_POINT('',(3.,-19.62488094968));
#18982 = CARTESIAN_POINT('',(0.363393207833,-18.5222456412));
#18983 = CARTESIAN_POINT('',(-2.273213584334,-17.41961033272));
#18984 = CARTESIAN_POINT('',(-2.775557561563E-14,-15.68755952515));
#18985 = ( GEOMETRIC_REPRESENTATION_CONTEXT(2) 
PARAMETRIC_REPRESENTATION_CONTEXT() REPRESENTATION_CONTEXT('2D SPACE',''
  ) );
#18986 = ORIENTED_EDGE('',*,*,#15006,.T.);
#18987 = ORIENTED_EDGE('',*,*,#14865,.T.);
#18988 = ORIENTED_EDGE('',*,*,#18937,.F.);
#18989 = ADVANCED_FACE('',(#18990),#15043,.F.);
#18990 = FACE_BOUND('',#18991,.F.);
#18991 = EDGE_LOOP('',(#18992,#18993,#18994,#18995,#18996,#18997,#18998,
    #18999));
#18992 = ORIENTED_EDGE('',*,*,#15174,.F.);
#18993 = ORIENTED_EDGE('',*,*,#18275,.F.);
#18994 = ORIENTED_EDGE('',*,*,#15027,.T.);
#18995 = ORIENTED_EDGE('',*,*,#18961,.T.);
#18996 = ORIENTED_EDGE('',*,*,#18914,.T.);
#18997 = ORIENTED_EDGE('',*,*,#18862,.T.);
#18998 = ORIENTED_EDGE('',*,*,#16666,.T.);
#18999 = ORIENTED_EDGE('',*,*,#18713,.T.);
#19000 = ADVANCED_FACE('',(#19001),#15359,.F.);
#19001 = FACE_BOUND('',#19002,.F.);
#19002 = EDGE_LOOP('',(#19003,#19027,#19048,#19049));
#19003 = ORIENTED_EDGE('',*,*,#19004,.F.);
#19004 = EDGE_CURVE('',#19005,#19005,#19007,.T.);
#19005 = VERTEX_POINT('',#19006);
#19006 = CARTESIAN_POINT('',(-72.,25.,60.65));
#19007 = SURFACE_CURVE('',#19008,(#19013,#19020),.PCURVE_S1.);
#19008 = CIRCLE('',#19009,1.65);
#19009 = AXIS2_PLACEMENT_3D('',#19010,#19011,#19012);
#19010 = CARTESIAN_POINT('',(-72.,25.,59.));
#19011 = DIRECTION('',(1.,0.,0.));
#19012 = DIRECTION('',(-0.,0.,1.));
#19013 = PCURVE('',#15359,#19014);
#19014 = DEFINITIONAL_REPRESENTATION('',(#19015),#19019);
#19015 = LINE('',#19016,#19017);
#19016 = CARTESIAN_POINT('',(0.,6.));
#19017 = VECTOR('',#19018,1.);
#19018 = DIRECTION('',(1.,0.));
#19019 = ( GEOMETRIC_REPRESENTATION_CONTEXT(2) 
PARAMETRIC_REPRESENTATION_CONTEXT() REPRESENTATION_CONTEXT('2D SPACE',''
  ) );
#19020 = PCURVE('',#15509,#19021);
#19021 = DEFINITIONAL_REPRESENTATION('',(#19022),#19026);
#19022 = CIRCLE('',#19023,1.65);
#19023 = AXIS2_PLACEMENT_2D('',#19024,#19025);
#19024 = CARTESIAN_POINT('',(3.,-69.));
#19025 = DIRECTION('',(1.,0.));
#19026 = ( GEOMETRIC_REPRESENTATION_CONTEXT(2) 
PARAMETRIC_REPRESENTATION_CONTEXT() REPRESENTATION_CONTEXT('2D SPACE',''
  ) );
#19027 = ORIENTED_EDGE('',*,*,#19028,.F.);
#19028 = EDGE_CURVE('',#15343,#19005,#19029,.T.);
#19029 = SEAM_CURVE('',#19030,(#19034,#19041),.PCURVE_S1.);
#19030 = LINE('',#19031,#19032);
#19031 = CARTESIAN_POINT('',(-78.,25.,60.65));
#19032 = VECTOR('',#19033,1.);
#19033 = DIRECTION('',(1.,0.,0.));
#19034 = PCURVE('',#15359,#19035);
#19035 = DEFINITIONAL_REPRESENTATION('',(#19036),#19040);
#19036 = LINE('',#19037,#19038);
#19037 = CARTESIAN_POINT('',(6.28318530718,-0.));
#19038 = VECTOR('',#19039,1.);
#19039 = DIRECTION('',(0.,1.));
#19040 = ( GEOMETRIC_REPRESENTATION_CONTEXT(2) 
PARAMETRIC_REPRESENTATION_CONTEXT() REPRESENTATION_CONTEXT('2D SPACE',''
  ) );
#19041 = PCURVE('',#15359,#19042);
#19042 = DEFINITIONAL_REPRESENTATION('',(#19043),#19047);
#19043 = LINE('',#19044,#19045);
#19044 = CARTESIAN_POINT('',(0.,-0.));
#19045 = VECTOR('',#19046,1.);
#19046 = DIRECTION('',(0.,1.));
#19047 = ( GEOMETRIC_REPRESENTATION_CONTEXT(2) 
PARAMETRIC_REPRESENTATION_CONTEXT() REPRESENTATION_CONTEXT('2D SPACE',''
  ) );
#19048 = ORIENTED_EDGE('',*,*,#15342,.T.);
#19049 = ORIENTED_EDGE('',*,*,#19028,.T.);
#19050 = ADVANCED_FACE('',(#19051),#15390,.F.);
#19051 = FACE_BOUND('',#19052,.F.);
#19052 = EDGE_LOOP('',(#19053,#19077,#19098,#19099));
#19053 = ORIENTED_EDGE('',*,*,#19054,.F.);
#19054 = EDGE_CURVE('',#19055,#19055,#19057,.T.);
#19055 = VERTEX_POINT('',#19056);
#19056 = CARTESIAN_POINT('',(-72.,-25.,60.65));
#19057 = SURFACE_CURVE('',#19058,(#19063,#19070),.PCURVE_S1.);
#19058 = CIRCLE('',#19059,1.65);
#19059 = AXIS2_PLACEMENT_3D('',#19060,#19061,#19062);
#19060 = CARTESIAN_POINT('',(-72.,-25.,59.));
#19061 = DIRECTION('',(1.,0.,0.));
#19062 = DIRECTION('',(-0.,0.,1.));
#19063 = PCURVE('',#15390,#19064);
#19064 = DEFINITIONAL_REPRESENTATION('',(#19065),#19069);
#19065 = LINE('',#19066,#19067);
#19066 = CARTESIAN_POINT('',(0.,6.));
#19067 = VECTOR('',#19068,1.);
#19068 = DIRECTION('',(1.,0.));
#19069 = ( GEOMETRIC_REPRESENTATION_CONTEXT(2) 
PARAMETRIC_REPRESENTATION_CONTEXT() REPRESENTATION_CONTEXT('2D SPACE',''
  ) );
#19070 = PCURVE('',#15509,#19071);
#19071 = DEFINITIONAL_REPRESENTATION('',(#19072),#19076);
#19072 = CIRCLE('',#19073,1.65);
#19073 = AXIS2_PLACEMENT_2D('',#19074,#19075);
#19074 = CARTESIAN_POINT('',(3.,-19.));
#19075 = DIRECTION('',(1.,0.));
#19076 = ( GEOMETRIC_REPRESENTATION_CONTEXT(2) 
PARAMETRIC_REPRESENTATION_CONTEXT() REPRESENTATION_CONTEXT('2D SPACE',''
  ) );
#19077 = ORIENTED_EDGE('',*,*,#19078,.F.);
#19078 = EDGE_CURVE('',#15374,#19055,#19079,.T.);
#19079 = SEAM_CURVE('',#19080,(#19084,#19091),.PCURVE_S1.);
#19080 = LINE('',#19081,#19082);
#19081 = CARTESIAN_POINT('',(-78.,-25.,60.65));
#19082 = VECTOR('',#19083,1.);
#19083 = DIRECTION('',(1.,0.,0.));
#19084 = PCURVE('',#15390,#19085);
#19085 = DEFINITIONAL_REPRESENTATION('',(#19086),#19090);
#19086 = LINE('',#19087,#19088);
#19087 = CARTESIAN_POINT('',(6.28318530718,-0.));
#19088 = VECTOR('',#19089,1.);
#19089 = DIRECTION('',(0.,1.));
#19090 = ( GEOMETRIC_REPRESENTATION_CONTEXT(2) 
PARAMETRIC_REPRESENTATION_CONTEXT() REPRESENTATION_CONTEXT('2D SPACE',''
  ) );
#19091 = PCURVE('',#15390,#19092);
#19092 = DEFINITIONAL_REPRESENTATION('',(#19093),#19097);
#19093 = LINE('',#19094,#19095);
#19094 = CARTESIAN_POINT('',(0.,-0.));
#19095 = VECTOR('',#19096,1.);
#19096 = DIRECTION('',(0.,1.));
#19097 = ( GEOMETRIC_REPRESENTATION_CONTEXT(2) 
PARAMETRIC_REPRESENTATION_CONTEXT() REPRESENTATION_CONTEXT('2D SPACE',''
  ) );
#19098 = ORIENTED_EDGE('',*,*,#15373,.T.);
#19099 = ORIENTED_EDGE('',*,*,#19078,.T.);
#19100 = ADVANCED_FACE('',(#19101,#19107,#19110),#15509,.T.);
#19101 = FACE_BOUND('',#19102,.T.);
#19102 = EDGE_LOOP('',(#19103,#19104,#19105,#19106));
#19103 = ORIENTED_EDGE('',*,*,#15493,.F.);
#19104 = ORIENTED_EDGE('',*,*,#17895,.F.);
#19105 = ORIENTED_EDGE('',*,*,#15640,.T.);
#19106 = ORIENTED_EDGE('',*,*,#18391,.T.);
#19107 = FACE_BOUND('',#19108,.T.);
#19108 = EDGE_LOOP('',(#19109));
#19109 = ORIENTED_EDGE('',*,*,#19004,.F.);
#19110 = FACE_BOUND('',#19111,.T.);
#19111 = EDGE_LOOP('',(#19112));
#19112 = ORIENTED_EDGE('',*,*,#19054,.F.);
#19113 = ADVANCED_FACE('',(#19114),#17799,.F.);
#19114 = FACE_BOUND('',#19115,.F.);
#19115 = EDGE_LOOP('',(#19116,#19117,#19138,#19139));
#19116 = ORIENTED_EDGE('',*,*,#17865,.F.);
#19117 = ORIENTED_EDGE('',*,*,#19118,.F.);
#19118 = EDGE_CURVE('',#17783,#17866,#19119,.T.);
#19119 = SEAM_CURVE('',#19120,(#19124,#19131),.PCURVE_S1.);
#19120 = LINE('',#19121,#19122);
#19121 = CARTESIAN_POINT('',(-66.35,-27.,25.));
#19122 = VECTOR('',#19123,1.);
#19123 = DIRECTION('',(0.,0.,1.));
#19124 = PCURVE('',#17799,#19125);
#19125 = DEFINITIONAL_REPRESENTATION('',(#19126),#19130);
#19126 = LINE('',#19127,#19128);
#19127 = CARTESIAN_POINT('',(6.28318530718,-0.));
#19128 = VECTOR('',#19129,1.);
#19129 = DIRECTION('',(0.,1.));
#19130 = ( GEOMETRIC_REPRESENTATION_CONTEXT(2) 
PARAMETRIC_REPRESENTATION_CONTEXT() REPRESENTATION_CONTEXT('2D SPACE',''
  ) );
#19131 = PCURVE('',#17799,#19132);
#19132 = DEFINITIONAL_REPRESENTATION('',(#19133),#19137);
#19133 = LINE('',#19134,#19135);
#19134 = CARTESIAN_POINT('',(0.,-0.));
#19135 = VECTOR('',#19136,1.);
#19136 = DIRECTION('',(0.,1.));
#19137 = ( GEOMETRIC_REPRESENTATION_CONTEXT(2) 
PARAMETRIC_REPRESENTATION_CONTEXT() REPRESENTATION_CONTEXT('2D SPACE',''
  ) );
#19138 = ORIENTED_EDGE('',*,*,#17782,.T.);
#19139 = ORIENTED_EDGE('',*,*,#19118,.T.);
#19140 = ADVANCED_FACE('',(#19141,#19195),#18006,.F.);
#19141 = FACE_BOUND('',#19142,.F.);
#19142 = EDGE_LOOP('',(#19143,#19166,#19167,#19168));
#19143 = ORIENTED_EDGE('',*,*,#19144,.T.);
#19144 = EDGE_CURVE('',#19145,#17990,#19147,.T.);
#19145 = VERTEX_POINT('',#19146);
#19146 = CARTESIAN_POINT('',(-66.35,-34.,3.));
#19147 = SEAM_CURVE('',#19148,(#19152,#19159),.PCURVE_S1.);
#19148 = LINE('',#19149,#19150);
#19149 = CARTESIAN_POINT('',(-66.35,-34.,-1.));
#19150 = VECTOR('',#19151,1.);
#19151 = DIRECTION('',(0.,0.,1.));
#19152 = PCURVE('',#18006,#19153);
#19153 = DEFINITIONAL_REPRESENTATION('',(#19154),#19158);
#19154 = LINE('',#19155,#19156);
#19155 = CARTESIAN_POINT('',(6.28318530718,-0.));
#19156 = VECTOR('',#19157,1.);
#19157 = DIRECTION('',(0.,1.));
#19158 = ( GEOMETRIC_REPRESENTATION_CONTEXT(2) 
PARAMETRIC_REPRESENTATION_CONTEXT() REPRESENTATION_CONTEXT('2D SPACE',''
  ) );
#19159 = PCURVE('',#18006,#19160);
#19160 = DEFINITIONAL_REPRESENTATION('',(#19161),#19165);
#19161 = LINE('',#19162,#19163);
#19162 = CARTESIAN_POINT('',(0.,-0.));
#19163 = VECTOR('',#19164,1.);
#19164 = DIRECTION('',(0.,1.));
#19165 = ( GEOMETRIC_REPRESENTATION_CONTEXT(2) 
PARAMETRIC_REPRESENTATION_CONTEXT() REPRESENTATION_CONTEXT('2D SPACE',''
  ) );
#19166 = ORIENTED_EDGE('',*,*,#17989,.F.);
#19167 = ORIENTED_EDGE('',*,*,#19144,.F.);
#19168 = ORIENTED_EDGE('',*,*,#19169,.T.);
#19169 = EDGE_CURVE('',#19145,#19145,#19170,.T.);
#19170 = SURFACE_CURVE('',#19171,(#19176,#19183),.PCURVE_S1.);
#19171 = CIRCLE('',#19172,1.65);
#19172 = AXIS2_PLACEMENT_3D('',#19173,#19174,#19175);
#19173 = CARTESIAN_POINT('',(-68.,-34.,3.));
#19174 = DIRECTION('',(0.,0.,1.));
#19175 = DIRECTION('',(1.,0.,-0.));
#19176 = PCURVE('',#18006,#19177);
#19177 = DEFINITIONAL_REPRESENTATION('',(#19178),#19182);
#19178 = LINE('',#19179,#19180);
#19179 = CARTESIAN_POINT('',(0.,4.));
#19180 = VECTOR('',#19181,1.);
#19181 = DIRECTION('',(1.,0.));
#19182 = ( GEOMETRIC_REPRESENTATION_CONTEXT(2) 
PARAMETRIC_REPRESENTATION_CONTEXT() REPRESENTATION_CONTEXT('2D SPACE',''
  ) );
#19183 = PCURVE('',#19184,#19189);
#19184 = PLANE('',#19185);
#19185 = AXIS2_PLACEMENT_3D('',#19186,#19187,#19188);
#19186 = CARTESIAN_POINT('',(-75.,-47.,3.));
#19187 = DIRECTION('',(0.,0.,1.));
#19188 = DIRECTION('',(1.,0.,0.));
#19189 = DEFINITIONAL_REPRESENTATION('',(#19190),#19194);
#19190 = CIRCLE('',#19191,1.65);
#19191 = AXIS2_PLACEMENT_2D('',#19192,#19193);
#19192 = CARTESIAN_POINT('',(7.,13.));
#19193 = DIRECTION('',(1.,0.));
#19194 = ( GEOMETRIC_REPRESENTATION_CONTEXT(2) 
PARAMETRIC_REPRESENTATION_CONTEXT() REPRESENTATION_CONTEXT('2D SPACE',''
  ) );
#19195 = FACE_BOUND('',#19196,.F.);
#19196 = EDGE_LOOP('',(#19197,#19228,#19254,#19283));
#19197 = ORIENTED_EDGE('',*,*,#19198,.F.);
#19198 = EDGE_CURVE('',#19199,#19201,#19203,.T.);
#19199 = VERTEX_POINT('',#19200);
#19200 = CARTESIAN_POINT('',(-66.68755952515,-33.,27.));
#19201 = VERTEX_POINT('',#19202);
#19202 = CARTESIAN_POINT('',(-69.31244047484,-33.,27.));
#19203 = SURFACE_CURVE('',#19204,(#19209,#19216),.PCURVE_S1.);
#19204 = CIRCLE('',#19205,1.65);
#19205 = AXIS2_PLACEMENT_3D('',#19206,#19207,#19208);
#19206 = CARTESIAN_POINT('',(-68.,-34.,27.));
#19207 = DIRECTION('',(0.,0.,1.));
#19208 = DIRECTION('',(1.,0.,-0.));
#19209 = PCURVE('',#18006,#19210);
#19210 = DEFINITIONAL_REPRESENTATION('',(#19211),#19215);
#19211 = LINE('',#19212,#19213);
#19212 = CARTESIAN_POINT('',(0.,28.));
#19213 = VECTOR('',#19214,1.);
#19214 = DIRECTION('',(1.,0.));
#19215 = ( GEOMETRIC_REPRESENTATION_CONTEXT(2) 
PARAMETRIC_REPRESENTATION_CONTEXT() REPRESENTATION_CONTEXT('2D SPACE',''
  ) );
#19216 = PCURVE('',#19217,#19222);
#19217 = PLANE('',#19218);
#19218 = AXIS2_PLACEMENT_3D('',#19219,#19220,#19221);
#19219 = CARTESIAN_POINT('',(-72.5,-33.,27.));
#19220 = DIRECTION('',(0.,0.,1.));
#19221 = DIRECTION('',(1.,0.,0.));
#19222 = DEFINITIONAL_REPRESENTATION('',(#19223),#19227);
#19223 = CIRCLE('',#19224,1.65);
#19224 = AXIS2_PLACEMENT_2D('',#19225,#19226);
#19225 = CARTESIAN_POINT('',(4.5,-1.));
#19226 = DIRECTION('',(1.,0.));
#19227 = ( GEOMETRIC_REPRESENTATION_CONTEXT(2) 
PARAMETRIC_REPRESENTATION_CONTEXT() REPRESENTATION_CONTEXT('2D SPACE',''
  ) );
#19228 = ORIENTED_EDGE('',*,*,#19229,.T.);
#19229 = EDGE_CURVE('',#19199,#19230,#19232,.T.);
#19230 = VERTEX_POINT('',#19231);
#19231 = CARTESIAN_POINT('',(-66.68755952515,-33.,31.));
#19232 = SURFACE_CURVE('',#19233,(#19237,#19243),.PCURVE_S1.);
#19233 = LINE('',#19234,#19235);
#19234 = CARTESIAN_POINT('',(-66.68755952515,-33.,-1.));
#19235 = VECTOR('',#19236,1.);
#19236 = DIRECTION('',(0.,0.,1.));
#19237 = PCURVE('',#18006,#19238);
#19238 = DEFINITIONAL_REPRESENTATION('',(#19239),#19242);
#19239 = B_SPLINE_CURVE_WITH_KNOTS('',1,(#19240,#19241),.UNSPECIFIED.,
  .F.,.F.,(2,2),(27.6,32.4),.PIECEWISE_BEZIER_KNOTS.);
#19240 = CARTESIAN_POINT('',(0.651098584971,27.6));
#19241 = CARTESIAN_POINT('',(0.651098584971,32.4));
#19242 = ( GEOMETRIC_REPRESENTATION_CONTEXT(2) 
PARAMETRIC_REPRESENTATION_CONTEXT() REPRESENTATION_CONTEXT('2D SPACE',''
  ) );
#19243 = PCURVE('',#19244,#19249);
#19244 = PLANE('',#19245);
#19245 = AXIS2_PLACEMENT_3D('',#19246,#19247,#19248);
#19246 = CARTESIAN_POINT('',(-72.5,-33.,27.));
#19247 = DIRECTION('',(0.,1.,0.));
#19248 = DIRECTION('',(0.,0.,1.));
#19249 = DEFINITIONAL_REPRESENTATION('',(#19250),#19253);
#19250 = B_SPLINE_CURVE_WITH_KNOTS('',1,(#19251,#19252),.UNSPECIFIED.,
  .F.,.F.,(2,2),(27.6,32.4),.PIECEWISE_BEZIER_KNOTS.);
#19251 = CARTESIAN_POINT('',(-0.4,5.812440474841));
#19252 = CARTESIAN_POINT('',(4.4,5.812440474841));
#19253 = ( GEOMETRIC_REPRESENTATION_CONTEXT(2) 
PARAMETRIC_REPRESENTATION_CONTEXT() REPRESENTATION_CONTEXT('2D SPACE',''
  ) );
#19254 = ORIENTED_EDGE('',*,*,#19255,.T.);
#19255 = EDGE_CURVE('',#19230,#19256,#19258,.T.);
#19256 = VERTEX_POINT('',#19257);
#19257 = CARTESIAN_POINT('',(-69.31244047484,-33.,31.));
#19258 = SURFACE_CURVE('',#19259,(#19264,#19271),.PCURVE_S1.);
#19259 = CIRCLE('',#19260,1.65);
#19260 = AXIS2_PLACEMENT_3D('',#19261,#19262,#19263);
#19261 = CARTESIAN_POINT('',(-68.,-34.,31.));
#19262 = DIRECTION('',(0.,0.,1.));
#19263 = DIRECTION('',(1.,0.,-0.));
#19264 = PCURVE('',#18006,#19265);
#19265 = DEFINITIONAL_REPRESENTATION('',(#19266),#19270);
#19266 = LINE('',#19267,#19268);
#19267 = CARTESIAN_POINT('',(0.,32.));
#19268 = VECTOR('',#19269,1.);
#19269 = DIRECTION('',(1.,0.));
#19270 = ( GEOMETRIC_REPRESENTATION_CONTEXT(2) 
PARAMETRIC_REPRESENTATION_CONTEXT() REPRESENTATION_CONTEXT('2D SPACE',''
  ) );
#19271 = PCURVE('',#19272,#19277);
#19272 = PLANE('',#19273);
#19273 = AXIS2_PLACEMENT_3D('',#19274,#19275,#19276);
#19274 = CARTESIAN_POINT('',(-72.5,-33.,31.));
#19275 = DIRECTION('',(0.,0.,1.));
#19276 = DIRECTION('',(1.,0.,0.));
#19277 = DEFINITIONAL_REPRESENTATION('',(#19278),#19282);
#19278 = CIRCLE('',#19279,1.65);
#19279 = AXIS2_PLACEMENT_2D('',#19280,#19281);
#19280 = CARTESIAN_POINT('',(4.5,-1.));
#19281 = DIRECTION('',(1.,0.));
#19282 = ( GEOMETRIC_REPRESENTATION_CONTEXT(2) 
PARAMETRIC_REPRESENTATION_CONTEXT() REPRESENTATION_CONTEXT('2D SPACE',''
  ) );
#19283 = ORIENTED_EDGE('',*,*,#19284,.F.);
#19284 = EDGE_CURVE('',#19201,#19256,#19285,.T.);
#19285 = SURFACE_CURVE('',#19286,(#19290,#19296),.PCURVE_S1.);
#19286 = LINE('',#19287,#19288);
#19287 = CARTESIAN_POINT('',(-69.31244047484,-33.,-1.));
#19288 = VECTOR('',#19289,1.);
#19289 = DIRECTION('',(0.,0.,1.));
#19290 = PCURVE('',#18006,#19291);
#19291 = DEFINITIONAL_REPRESENTATION('',(#19292),#19295);
#19292 = B_SPLINE_CURVE_WITH_KNOTS('',1,(#19293,#19294),.UNSPECIFIED.,
  .F.,.F.,(2,2),(27.6,32.4),.PIECEWISE_BEZIER_KNOTS.);
#19293 = CARTESIAN_POINT('',(2.490494068619,27.6));
#19294 = CARTESIAN_POINT('',(2.490494068619,32.4));
#19295 = ( GEOMETRIC_REPRESENTATION_CONTEXT(2) 
PARAMETRIC_REPRESENTATION_CONTEXT() REPRESENTATION_CONTEXT('2D SPACE',''
  ) );
#19296 = PCURVE('',#19244,#19297);
#19297 = DEFINITIONAL_REPRESENTATION('',(#19298),#19301);
#19298 = B_SPLINE_CURVE_WITH_KNOTS('',1,(#19299,#19300),.UNSPECIFIED.,
  .F.,.F.,(2,2),(27.6,32.4),.PIECEWISE_BEZIER_KNOTS.);
#19299 = CARTESIAN_POINT('',(-0.4,3.187559525159));
#19300 = CARTESIAN_POINT('',(4.4,3.187559525159));
#19301 = ( GEOMETRIC_REPRESENTATION_CONTEXT(2) 
PARAMETRIC_REPRESENTATION_CONTEXT() REPRESENTATION_CONTEXT('2D SPACE',''
  ) );
#19302 = ADVANCED_FACE('',(#19303,#19357),#18093,.F.);
#19303 = FACE_BOUND('',#19304,.F.);
#19304 = EDGE_LOOP('',(#19305,#19328,#19329,#19330));
#19305 = ORIENTED_EDGE('',*,*,#19306,.T.);
#19306 = EDGE_CURVE('',#19307,#18077,#19309,.T.);
#19307 = VERTEX_POINT('',#19308);
#19308 = CARTESIAN_POINT('',(69.65,-34.,3.));
#19309 = SEAM_CURVE('',#19310,(#19314,#19321),.PCURVE_S1.);
#19310 = LINE('',#19311,#19312);
#19311 = CARTESIAN_POINT('',(69.65,-34.,-1.));
#19312 = VECTOR('',#19313,1.);
#19313 = DIRECTION('',(0.,0.,1.));
#19314 = PCURVE('',#18093,#19315);
#19315 = DEFINITIONAL_REPRESENTATION('',(#19316),#19320);
#19316 = LINE('',#19317,#19318);
#19317 = CARTESIAN_POINT('',(6.28318530718,-0.));
#19318 = VECTOR('',#19319,1.);
#19319 = DIRECTION('',(0.,1.));
#19320 = ( GEOMETRIC_REPRESENTATION_CONTEXT(2) 
PARAMETRIC_REPRESENTATION_CONTEXT() REPRESENTATION_CONTEXT('2D SPACE',''
  ) );
#19321 = PCURVE('',#18093,#19322);
#19322 = DEFINITIONAL_REPRESENTATION('',(#19323),#19327);
#19323 = LINE('',#19324,#19325);
#19324 = CARTESIAN_POINT('',(0.,-0.));
#19325 = VECTOR('',#19326,1.);
#19326 = DIRECTION('',(0.,1.));
#19327 = ( GEOMETRIC_REPRESENTATION_CONTEXT(2) 
PARAMETRIC_REPRESENTATION_CONTEXT() REPRESENTATION_CONTEXT('2D SPACE',''
  ) );
#19328 = ORIENTED_EDGE('',*,*,#18076,.F.);
#19329 = ORIENTED_EDGE('',*,*,#19306,.F.);
#19330 = ORIENTED_EDGE('',*,*,#19331,.T.);
#19331 = EDGE_CURVE('',#19307,#19307,#19332,.T.);
#19332 = SURFACE_CURVE('',#19333,(#19338,#19345),.PCURVE_S1.);
#19333 = CIRCLE('',#19334,1.65);
#19334 = AXIS2_PLACEMENT_3D('',#19335,#19336,#19337);
#19335 = CARTESIAN_POINT('',(68.,-34.,3.));
#19336 = DIRECTION('',(0.,0.,1.));
#19337 = DIRECTION('',(1.,0.,-0.));
#19338 = PCURVE('',#18093,#19339);
#19339 = DEFINITIONAL_REPRESENTATION('',(#19340),#19344);
#19340 = LINE('',#19341,#19342);
#19341 = CARTESIAN_POINT('',(0.,4.));
#19342 = VECTOR('',#19343,1.);
#19343 = DIRECTION('',(1.,0.));
#19344 = ( GEOMETRIC_REPRESENTATION_CONTEXT(2) 
PARAMETRIC_REPRESENTATION_CONTEXT() REPRESENTATION_CONTEXT('2D SPACE',''
  ) );
#19345 = PCURVE('',#19346,#19351);
#19346 = PLANE('',#19347);
#19347 = AXIS2_PLACEMENT_3D('',#19348,#19349,#19350);
#19348 = CARTESIAN_POINT('',(-75.,-47.,3.));
#19349 = DIRECTION('',(0.,0.,1.));
#19350 = DIRECTION('',(1.,0.,0.));
#19351 = DEFINITIONAL_REPRESENTATION('',(#19352),#19356);
#19352 = CIRCLE('',#19353,1.65);
#19353 = AXIS2_PLACEMENT_2D('',#19354,#19355);
#19354 = CARTESIAN_POINT('',(143.,13.));
#19355 = DIRECTION('',(1.,0.));
#19356 = ( GEOMETRIC_REPRESENTATION_CONTEXT(2) 
PARAMETRIC_REPRESENTATION_CONTEXT() REPRESENTATION_CONTEXT('2D SPACE',''
  ) );
#19357 = FACE_BOUND('',#19358,.F.);
#19358 = EDGE_LOOP('',(#19359,#19390,#19416,#19445));
#19359 = ORIENTED_EDGE('',*,*,#19360,.F.);
#19360 = EDGE_CURVE('',#19361,#19363,#19365,.T.);
#19361 = VERTEX_POINT('',#19362);
#19362 = CARTESIAN_POINT('',(69.312440474841,-33.,27.));
#19363 = VERTEX_POINT('',#19364);
#19364 = CARTESIAN_POINT('',(66.687559525159,-33.,27.));
#19365 = SURFACE_CURVE('',#19366,(#19371,#19378),.PCURVE_S1.);
#19366 = CIRCLE('',#19367,1.65);
#19367 = AXIS2_PLACEMENT_3D('',#19368,#19369,#19370);
#19368 = CARTESIAN_POINT('',(68.,-34.,27.));
#19369 = DIRECTION('',(0.,0.,1.));
#19370 = DIRECTION('',(1.,0.,-0.));
#19371 = PCURVE('',#18093,#19372);
#19372 = DEFINITIONAL_REPRESENTATION('',(#19373),#19377);
#19373 = LINE('',#19374,#19375);
#19374 = CARTESIAN_POINT('',(0.,28.));
#19375 = VECTOR('',#19376,1.);
#19376 = DIRECTION('',(1.,0.));
#19377 = ( GEOMETRIC_REPRESENTATION_CONTEXT(2) 
PARAMETRIC_REPRESENTATION_CONTEXT() REPRESENTATION_CONTEXT('2D SPACE',''
  ) );
#19378 = PCURVE('',#19379,#19384);
#19379 = PLANE('',#19380);
#19380 = AXIS2_PLACEMENT_3D('',#19381,#19382,#19383);
#19381 = CARTESIAN_POINT('',(63.5,-33.,27.));
#19382 = DIRECTION('',(0.,0.,1.));
#19383 = DIRECTION('',(1.,0.,0.));
#19384 = DEFINITIONAL_REPRESENTATION('',(#19385),#19389);
#19385 = CIRCLE('',#19386,1.65);
#19386 = AXIS2_PLACEMENT_2D('',#19387,#19388);
#19387 = CARTESIAN_POINT('',(4.5,-1.));
#19388 = DIRECTION('',(1.,0.));
#19389 = ( GEOMETRIC_REPRESENTATION_CONTEXT(2) 
PARAMETRIC_REPRESENTATION_CONTEXT() REPRESENTATION_CONTEXT('2D SPACE',''
  ) );
#19390 = ORIENTED_EDGE('',*,*,#19391,.T.);
#19391 = EDGE_CURVE('',#19361,#19392,#19394,.T.);
#19392 = VERTEX_POINT('',#19393);
#19393 = CARTESIAN_POINT('',(69.312440474841,-33.,31.));
#19394 = SURFACE_CURVE('',#19395,(#19399,#19405),.PCURVE_S1.);
#19395 = LINE('',#19396,#19397);
#19396 = CARTESIAN_POINT('',(69.312440474841,-33.,-1.));
#19397 = VECTOR('',#19398,1.);
#19398 = DIRECTION('',(0.,0.,1.));
#19399 = PCURVE('',#18093,#19400);
#19400 = DEFINITIONAL_REPRESENTATION('',(#19401),#19404);
#19401 = B_SPLINE_CURVE_WITH_KNOTS('',1,(#19402,#19403),.UNSPECIFIED.,
  .F.,.F.,(2,2),(27.6,32.4),.PIECEWISE_BEZIER_KNOTS.);
#19402 = CARTESIAN_POINT('',(0.651098584971,27.6));
#19403 = CARTESIAN_POINT('',(0.651098584971,32.4));
#19404 = ( GEOMETRIC_REPRESENTATION_CONTEXT(2) 
PARAMETRIC_REPRESENTATION_CONTEXT() REPRESENTATION_CONTEXT('2D SPACE',''
  ) );
#19405 = PCURVE('',#19406,#19411);
#19406 = PLANE('',#19407);
#19407 = AXIS2_PLACEMENT_3D('',#19408,#19409,#19410);
#19408 = CARTESIAN_POINT('',(63.5,-33.,27.));
#19409 = DIRECTION('',(0.,1.,0.));
#19410 = DIRECTION('',(0.,0.,1.));
#19411 = DEFINITIONAL_REPRESENTATION('',(#19412),#19415);
#19412 = B_SPLINE_CURVE_WITH_KNOTS('',1,(#19413,#19414),.UNSPECIFIED.,
  .F.,.F.,(2,2),(27.6,32.4),.PIECEWISE_BEZIER_KNOTS.);
#19413 = CARTESIAN_POINT('',(-0.4,5.812440474841));
#19414 = CARTESIAN_POINT('',(4.4,5.812440474841));
#19415 = ( GEOMETRIC_REPRESENTATION_CONTEXT(2) 
PARAMETRIC_REPRESENTATION_CONTEXT() REPRESENTATION_CONTEXT('2D SPACE',''
  ) );
#19416 = ORIENTED_EDGE('',*,*,#19417,.T.);
#19417 = EDGE_CURVE('',#19392,#19418,#19420,.T.);
#19418 = VERTEX_POINT('',#19419);
#19419 = CARTESIAN_POINT('',(66.687559525159,-33.,31.));
#19420 = SURFACE_CURVE('',#19421,(#19426,#19433),.PCURVE_S1.);
#19421 = CIRCLE('',#19422,1.65);
#19422 = AXIS2_PLACEMENT_3D('',#19423,#19424,#19425);
#19423 = CARTESIAN_POINT('',(68.,-34.,31.));
#19424 = DIRECTION('',(0.,0.,1.));
#19425 = DIRECTION('',(1.,0.,-0.));
#19426 = PCURVE('',#18093,#19427);
#19427 = DEFINITIONAL_REPRESENTATION('',(#19428),#19432);
#19428 = LINE('',#19429,#19430);
#19429 = CARTESIAN_POINT('',(0.,32.));
#19430 = VECTOR('',#19431,1.);
#19431 = DIRECTION('',(1.,0.));
#19432 = ( GEOMETRIC_REPRESENTATION_CONTEXT(2) 
PARAMETRIC_REPRESENTATION_CONTEXT() REPRESENTATION_CONTEXT('2D SPACE',''
  ) );
#19433 = PCURVE('',#19434,#19439);
#19434 = PLANE('',#19435);
#19435 = AXIS2_PLACEMENT_3D('',#19436,#19437,#19438);
#19436 = CARTESIAN_POINT('',(63.5,-33.,31.));
#19437 = DIRECTION('',(0.,0.,1.));
#19438 = DIRECTION('',(1.,0.,0.));
#19439 = DEFINITIONAL_REPRESENTATION('',(#19440),#19444);
#19440 = CIRCLE('',#19441,1.65);
#19441 = AXIS2_PLACEMENT_2D('',#19442,#19443);
#19442 = CARTESIAN_POINT('',(4.5,-1.));
#19443 = DIRECTION('',(1.,0.));
#19444 = ( GEOMETRIC_REPRESENTATION_CONTEXT(2) 
PARAMETRIC_REPRESENTATION_CONTEXT() REPRESENTATION_CONTEXT('2D SPACE',''
  ) );
#19445 = ORIENTED_EDGE('',*,*,#19446,.F.);
#19446 = EDGE_CURVE('',#19363,#19418,#19447,.T.);
#19447 = SURFACE_CURVE('',#19448,(#19452,#19458),.PCURVE_S1.);
#19448 = LINE('',#19449,#19450);
#19449 = CARTESIAN_POINT('',(66.687559525159,-33.,-1.));
#19450 = VECTOR('',#19451,1.);
#19451 = DIRECTION('',(0.,0.,1.));
#19452 = PCURVE('',#18093,#19453);
#19453 = DEFINITIONAL_REPRESENTATION('',(#19454),#19457);
#19454 = B_SPLINE_CURVE_WITH_KNOTS('',1,(#19455,#19456),.UNSPECIFIED.,
  .F.,.F.,(2,2),(27.6,32.4),.PIECEWISE_BEZIER_KNOTS.);
#19455 = CARTESIAN_POINT('',(2.490494068619,27.6));
#19456 = CARTESIAN_POINT('',(2.490494068619,32.4));
#19457 = ( GEOMETRIC_REPRESENTATION_CONTEXT(2) 
PARAMETRIC_REPRESENTATION_CONTEXT() REPRESENTATION_CONTEXT('2D SPACE',''
  ) );
#19458 = PCURVE('',#19406,#19459);
#19459 = DEFINITIONAL_REPRESENTATION('',(#19460),#19463);
#19460 = B_SPLINE_CURVE_WITH_KNOTS('',1,(#19461,#19462),.UNSPECIFIED.,
  .F.,.F.,(2,2),(27.6,32.4),.PIECEWISE_BEZIER_KNOTS.);
#19461 = CARTESIAN_POINT('',(-0.4,3.187559525159));
#19462 = CARTESIAN_POINT('',(4.4,3.187559525159));
#19463 = ( GEOMETRIC_REPRESENTATION_CONTEXT(2) 
PARAMETRIC_REPRESENTATION_CONTEXT() REPRESENTATION_CONTEXT('2D SPACE',''
  ) );
#19464 = ADVANCED_FACE('',(#19465),#18157,.F.);
#19465 = FACE_BOUND('',#19466,.F.);
#19466 = EDGE_LOOP('',(#19467,#19468,#19489,#19490));
#19467 = ORIENTED_EDGE('',*,*,#18223,.F.);
#19468 = ORIENTED_EDGE('',*,*,#19469,.F.);
#19469 = EDGE_CURVE('',#18141,#18224,#19470,.T.);
#19470 = SEAM_CURVE('',#19471,(#19475,#19482),.PCURVE_S1.);
#19471 = LINE('',#19472,#19473);
#19472 = CARTESIAN_POINT('',(69.65,-27.,25.));
#19473 = VECTOR('',#19474,1.);
#19474 = DIRECTION('',(0.,0.,1.));
#19475 = PCURVE('',#18157,#19476);
#19476 = DEFINITIONAL_REPRESENTATION('',(#19477),#19481);
#19477 = LINE('',#19478,#19479);
#19478 = CARTESIAN_POINT('',(6.28318530718,-0.));
#19479 = VECTOR('',#19480,1.);
#19480 = DIRECTION('',(0.,1.));
#19481 = ( GEOMETRIC_REPRESENTATION_CONTEXT(2) 
PARAMETRIC_REPRESENTATION_CONTEXT() REPRESENTATION_CONTEXT('2D SPACE',''
  ) );
#19482 = PCURVE('',#18157,#19483);
#19483 = DEFINITIONAL_REPRESENTATION('',(#19484),#19488);
#19484 = LINE('',#19485,#19486);
#19485 = CARTESIAN_POINT('',(0.,-0.));
#19486 = VECTOR('',#19487,1.);
#19487 = DIRECTION('',(0.,1.));
#19488 = ( GEOMETRIC_REPRESENTATION_CONTEXT(2) 
PARAMETRIC_REPRESENTATION_CONTEXT() REPRESENTATION_CONTEXT('2D SPACE',''
  ) );
#19489 = ORIENTED_EDGE('',*,*,#18140,.T.);
#19490 = ORIENTED_EDGE('',*,*,#19469,.T.);
#19491 = ADVANCED_FACE('',(#19492),#18355,.F.);
#19492 = FACE_BOUND('',#19493,.F.);
#19493 = EDGE_LOOP('',(#19494,#19495,#19516,#19517));
#19494 = ORIENTED_EDGE('',*,*,#18485,.F.);
#19495 = ORIENTED_EDGE('',*,*,#19496,.F.);
#19496 = EDGE_CURVE('',#18339,#18486,#19497,.T.);
#19497 = SEAM_CURVE('',#19498,(#19502,#19509),.PCURVE_S1.);
#19498 = LINE('',#19499,#19500);
#19499 = CARTESIAN_POINT('',(-66.35,27.,25.));
#19500 = VECTOR('',#19501,1.);
#19501 = DIRECTION('',(0.,0.,1.));
#19502 = PCURVE('',#18355,#19503);
#19503 = DEFINITIONAL_REPRESENTATION('',(#19504),#19508);
#19504 = LINE('',#19505,#19506);
#19505 = CARTESIAN_POINT('',(6.28318530718,-0.));
#19506 = VECTOR('',#19507,1.);
#19507 = DIRECTION('',(0.,1.));
#19508 = ( GEOMETRIC_REPRESENTATION_CONTEXT(2) 
PARAMETRIC_REPRESENTATION_CONTEXT() REPRESENTATION_CONTEXT('2D SPACE',''
  ) );
#19509 = PCURVE('',#18355,#19510);
#19510 = DEFINITIONAL_REPRESENTATION('',(#19511),#19515);
#19511 = LINE('',#19512,#19513);
#19512 = CARTESIAN_POINT('',(0.,-0.));
#19513 = VECTOR('',#19514,1.);
#19514 = DIRECTION('',(0.,1.));
#19515 = ( GEOMETRIC_REPRESENTATION_CONTEXT(2) 
PARAMETRIC_REPRESENTATION_CONTEXT() REPRESENTATION_CONTEXT('2D SPACE',''
  ) );
#19516 = ORIENTED_EDGE('',*,*,#18338,.T.);
#19517 = ORIENTED_EDGE('',*,*,#19496,.T.);
#19518 = ADVANCED_FACE('',(#19519,#19573),#18562,.F.);
#19519 = FACE_BOUND('',#19520,.F.);
#19520 = EDGE_LOOP('',(#19521,#19544,#19545,#19546));
#19521 = ORIENTED_EDGE('',*,*,#19522,.T.);
#19522 = EDGE_CURVE('',#19523,#18546,#19525,.T.);
#19523 = VERTEX_POINT('',#19524);
#19524 = CARTESIAN_POINT('',(-66.35,34.,3.));
#19525 = SEAM_CURVE('',#19526,(#19530,#19537),.PCURVE_S1.);
#19526 = LINE('',#19527,#19528);
#19527 = CARTESIAN_POINT('',(-66.35,34.,-1.));
#19528 = VECTOR('',#19529,1.);
#19529 = DIRECTION('',(0.,0.,1.));
#19530 = PCURVE('',#18562,#19531);
#19531 = DEFINITIONAL_REPRESENTATION('',(#19532),#19536);
#19532 = LINE('',#19533,#19534);
#19533 = CARTESIAN_POINT('',(6.28318530718,-0.));
#19534 = VECTOR('',#19535,1.);
#19535 = DIRECTION('',(0.,1.));
#19536 = ( GEOMETRIC_REPRESENTATION_CONTEXT(2) 
PARAMETRIC_REPRESENTATION_CONTEXT() REPRESENTATION_CONTEXT('2D SPACE',''
  ) );
#19537 = PCURVE('',#18562,#19538);
#19538 = DEFINITIONAL_REPRESENTATION('',(#19539),#19543);
#19539 = LINE('',#19540,#19541);
#19540 = CARTESIAN_POINT('',(0.,-0.));
#19541 = VECTOR('',#19542,1.);
#19542 = DIRECTION('',(0.,1.));
#19543 = ( GEOMETRIC_REPRESENTATION_CONTEXT(2) 
PARAMETRIC_REPRESENTATION_CONTEXT() REPRESENTATION_CONTEXT('2D SPACE',''
  ) );
#19544 = ORIENTED_EDGE('',*,*,#18545,.F.);
#19545 = ORIENTED_EDGE('',*,*,#19522,.F.);
#19546 = ORIENTED_EDGE('',*,*,#19547,.T.);
#19547 = EDGE_CURVE('',#19523,#19523,#19548,.T.);
#19548 = SURFACE_CURVE('',#19549,(#19554,#19561),.PCURVE_S1.);
#19549 = CIRCLE('',#19550,1.65);
#19550 = AXIS2_PLACEMENT_3D('',#19551,#19552,#19553);
#19551 = CARTESIAN_POINT('',(-68.,34.,3.));
#19552 = DIRECTION('',(0.,0.,1.));
#19553 = DIRECTION('',(1.,0.,-0.));
#19554 = PCURVE('',#18562,#19555);
#19555 = DEFINITIONAL_REPRESENTATION('',(#19556),#19560);
#19556 = LINE('',#19557,#19558);
#19557 = CARTESIAN_POINT('',(0.,4.));
#19558 = VECTOR('',#19559,1.);
#19559 = DIRECTION('',(1.,0.));
#19560 = ( GEOMETRIC_REPRESENTATION_CONTEXT(2) 
PARAMETRIC_REPRESENTATION_CONTEXT() REPRESENTATION_CONTEXT('2D SPACE',''
  ) );
#19561 = PCURVE('',#19562,#19567);
#19562 = PLANE('',#19563);
#19563 = AXIS2_PLACEMENT_3D('',#19564,#19565,#19566);
#19564 = CARTESIAN_POINT('',(-75.,-47.,3.));
#19565 = DIRECTION('',(0.,0.,1.));
#19566 = DIRECTION('',(1.,0.,0.));
#19567 = DEFINITIONAL_REPRESENTATION('',(#19568),#19572);
#19568 = CIRCLE('',#19569,1.65);
#19569 = AXIS2_PLACEMENT_2D('',#19570,#19571);
#19570 = CARTESIAN_POINT('',(7.,81.));
#19571 = DIRECTION('',(1.,0.));
#19572 = ( GEOMETRIC_REPRESENTATION_CONTEXT(2) 
PARAMETRIC_REPRESENTATION_CONTEXT() REPRESENTATION_CONTEXT('2D SPACE',''
  ) );
#19573 = FACE_BOUND('',#19574,.F.);
#19574 = EDGE_LOOP('',(#19575,#19603,#19632,#19653));
#19575 = ORIENTED_EDGE('',*,*,#19576,.T.);
#19576 = EDGE_CURVE('',#19577,#19579,#19581,.T.);
#19577 = VERTEX_POINT('',#19578);
#19578 = CARTESIAN_POINT('',(-69.31244047484,33.,27.));
#19579 = VERTEX_POINT('',#19580);
#19580 = CARTESIAN_POINT('',(-69.31244047484,33.,31.));
#19581 = SURFACE_CURVE('',#19582,(#19586,#19592),.PCURVE_S1.);
#19582 = LINE('',#19583,#19584);
#19583 = CARTESIAN_POINT('',(-69.31244047484,33.,-1.));
#19584 = VECTOR('',#19585,1.);
#19585 = DIRECTION('',(0.,0.,1.));
#19586 = PCURVE('',#18562,#19587);
#19587 = DEFINITIONAL_REPRESENTATION('',(#19588),#19591);
#19588 = B_SPLINE_CURVE_WITH_KNOTS('',1,(#19589,#19590),.UNSPECIFIED.,
  .F.,.F.,(2,2),(27.6,32.4),.PIECEWISE_BEZIER_KNOTS.);
#19589 = CARTESIAN_POINT('',(3.792691238561,27.6));
#19590 = CARTESIAN_POINT('',(3.792691238561,32.4));
#19591 = ( GEOMETRIC_REPRESENTATION_CONTEXT(2) 
PARAMETRIC_REPRESENTATION_CONTEXT() REPRESENTATION_CONTEXT('2D SPACE',''
  ) );
#19592 = PCURVE('',#19593,#19598);
#19593 = PLANE('',#19594);
#19594 = AXIS2_PLACEMENT_3D('',#19595,#19596,#19597);
#19595 = CARTESIAN_POINT('',(-72.5,33.,27.));
#19596 = DIRECTION('',(0.,1.,0.));
#19597 = DIRECTION('',(0.,0.,1.));
#19598 = DEFINITIONAL_REPRESENTATION('',(#19599),#19602);
#19599 = B_SPLINE_CURVE_WITH_KNOTS('',1,(#19600,#19601),.UNSPECIFIED.,
  .F.,.F.,(2,2),(27.6,32.4),.PIECEWISE_BEZIER_KNOTS.);
#19600 = CARTESIAN_POINT('',(-0.4,3.187559525159));
#19601 = CARTESIAN_POINT('',(4.4,3.187559525159));
#19602 = ( GEOMETRIC_REPRESENTATION_CONTEXT(2) 
PARAMETRIC_REPRESENTATION_CONTEXT() REPRESENTATION_CONTEXT('2D SPACE',''
  ) );
#19603 = ORIENTED_EDGE('',*,*,#19604,.T.);
#19604 = EDGE_CURVE('',#19579,#19605,#19607,.T.);
#19605 = VERTEX_POINT('',#19606);
#19606 = CARTESIAN_POINT('',(-66.68755952515,33.,31.));
#19607 = SURFACE_CURVE('',#19608,(#19613,#19620),.PCURVE_S1.);
#19608 = CIRCLE('',#19609,1.65);
#19609 = AXIS2_PLACEMENT_3D('',#19610,#19611,#19612);
#19610 = CARTESIAN_POINT('',(-68.,34.,31.));
#19611 = DIRECTION('',(0.,0.,1.));
#19612 = DIRECTION('',(1.,0.,-0.));
#19613 = PCURVE('',#18562,#19614);
#19614 = DEFINITIONAL_REPRESENTATION('',(#19615),#19619);
#19615 = LINE('',#19616,#19617);
#19616 = CARTESIAN_POINT('',(0.,32.));
#19617 = VECTOR('',#19618,1.);
#19618 = DIRECTION('',(1.,0.));
#19619 = ( GEOMETRIC_REPRESENTATION_CONTEXT(2) 
PARAMETRIC_REPRESENTATION_CONTEXT() REPRESENTATION_CONTEXT('2D SPACE',''
  ) );
#19620 = PCURVE('',#19621,#19626);
#19621 = PLANE('',#19622);
#19622 = AXIS2_PLACEMENT_3D('',#19623,#19624,#19625);
#19623 = CARTESIAN_POINT('',(-72.5,23.,31.));
#19624 = DIRECTION('',(0.,0.,1.));
#19625 = DIRECTION('',(1.,0.,0.));
#19626 = DEFINITIONAL_REPRESENTATION('',(#19627),#19631);
#19627 = CIRCLE('',#19628,1.65);
#19628 = AXIS2_PLACEMENT_2D('',#19629,#19630);
#19629 = CARTESIAN_POINT('',(4.5,11.));
#19630 = DIRECTION('',(1.,0.));
#19631 = ( GEOMETRIC_REPRESENTATION_CONTEXT(2) 
PARAMETRIC_REPRESENTATION_CONTEXT() REPRESENTATION_CONTEXT('2D SPACE',''
  ) );
#19632 = ORIENTED_EDGE('',*,*,#19633,.F.);
#19633 = EDGE_CURVE('',#19634,#19605,#19636,.T.);
#19634 = VERTEX_POINT('',#19635);
#19635 = CARTESIAN_POINT('',(-66.68755952515,33.,27.));
#19636 = SURFACE_CURVE('',#19637,(#19641,#19647),.PCURVE_S1.);
#19637 = LINE('',#19638,#19639);
#19638 = CARTESIAN_POINT('',(-66.68755952515,33.,-1.));
#19639 = VECTOR('',#19640,1.);
#19640 = DIRECTION('',(0.,0.,1.));
#19641 = PCURVE('',#18562,#19642);
#19642 = DEFINITIONAL_REPRESENTATION('',(#19643),#19646);
#19643 = B_SPLINE_CURVE_WITH_KNOTS('',1,(#19644,#19645),.UNSPECIFIED.,
  .F.,.F.,(2,2),(27.6,32.4),.PIECEWISE_BEZIER_KNOTS.);
#19644 = CARTESIAN_POINT('',(5.632086722208,27.6));
#19645 = CARTESIAN_POINT('',(5.632086722208,32.4));
#19646 = ( GEOMETRIC_REPRESENTATION_CONTEXT(2) 
PARAMETRIC_REPRESENTATION_CONTEXT() REPRESENTATION_CONTEXT('2D SPACE',''
  ) );
#19647 = PCURVE('',#19593,#19648);
#19648 = DEFINITIONAL_REPRESENTATION('',(#19649),#19652);
#19649 = B_SPLINE_CURVE_WITH_KNOTS('',1,(#19650,#19651),.UNSPECIFIED.,
  .F.,.F.,(2,2),(27.6,32.4),.PIECEWISE_BEZIER_KNOTS.);
#19650 = CARTESIAN_POINT('',(-0.4,5.812440474841));
#19651 = CARTESIAN_POINT('',(4.4,5.812440474841));
#19652 = ( GEOMETRIC_REPRESENTATION_CONTEXT(2) 
PARAMETRIC_REPRESENTATION_CONTEXT() REPRESENTATION_CONTEXT('2D SPACE',''
  ) );
#19653 = ORIENTED_EDGE('',*,*,#19654,.F.);
#19654 = EDGE_CURVE('',#19577,#19634,#19655,.T.);
#19655 = SURFACE_CURVE('',#19656,(#19661,#19668),.PCURVE_S1.);
#19656 = CIRCLE('',#19657,1.65);
#19657 = AXIS2_PLACEMENT_3D('',#19658,#19659,#19660);
#19658 = CARTESIAN_POINT('',(-68.,34.,27.));
#19659 = DIRECTION('',(0.,0.,1.));
#19660 = DIRECTION('',(1.,0.,-0.));
#19661 = PCURVE('',#18562,#19662);
#19662 = DEFINITIONAL_REPRESENTATION('',(#19663),#19667);
#19663 = LINE('',#19664,#19665);
#19664 = CARTESIAN_POINT('',(0.,28.));
#19665 = VECTOR('',#19666,1.);
#19666 = DIRECTION('',(1.,0.));
#19667 = ( GEOMETRIC_REPRESENTATION_CONTEXT(2) 
PARAMETRIC_REPRESENTATION_CONTEXT() REPRESENTATION_CONTEXT('2D SPACE',''
  ) );
#19668 = PCURVE('',#19669,#19674);
#19669 = PLANE('',#19670);
#19670 = AXIS2_PLACEMENT_3D('',#19671,#19672,#19673);
#19671 = CARTESIAN_POINT('',(-72.5,23.,27.));
#19672 = DIRECTION('',(0.,0.,1.));
#19673 = DIRECTION('',(1.,0.,0.));
#19674 = DEFINITIONAL_REPRESENTATION('',(#19675),#19679);
#19675 = CIRCLE('',#19676,1.65);
#19676 = AXIS2_PLACEMENT_2D('',#19677,#19678);
#19677 = CARTESIAN_POINT('',(4.5,11.));
#19678 = DIRECTION('',(1.,0.));
#19679 = ( GEOMETRIC_REPRESENTATION_CONTEXT(2) 
PARAMETRIC_REPRESENTATION_CONTEXT() REPRESENTATION_CONTEXT('2D SPACE',''
  ) );
#19680 = ADVANCED_FACE('',(#19681,#19735),#18655,.F.);
#19681 = FACE_BOUND('',#19682,.F.);
#19682 = EDGE_LOOP('',(#19683,#19706,#19707,#19708));
#19683 = ORIENTED_EDGE('',*,*,#19684,.T.);
#19684 = EDGE_CURVE('',#19685,#18639,#19687,.T.);
#19685 = VERTEX_POINT('',#19686);
#19686 = CARTESIAN_POINT('',(69.65,34.,3.));
#19687 = SEAM_CURVE('',#19688,(#19692,#19699),.PCURVE_S1.);
#19688 = LINE('',#19689,#19690);
#19689 = CARTESIAN_POINT('',(69.65,34.,-1.));
#19690 = VECTOR('',#19691,1.);
#19691 = DIRECTION('',(0.,0.,1.));
#19692 = PCURVE('',#18655,#19693);
#19693 = DEFINITIONAL_REPRESENTATION('',(#19694),#19698);
#19694 = LINE('',#19695,#19696);
#19695 = CARTESIAN_POINT('',(6.28318530718,-0.));
#19696 = VECTOR('',#19697,1.);
#19697 = DIRECTION('',(0.,1.));
#19698 = ( GEOMETRIC_REPRESENTATION_CONTEXT(2) 
PARAMETRIC_REPRESENTATION_CONTEXT() REPRESENTATION_CONTEXT('2D SPACE',''
  ) );
#19699 = PCURVE('',#18655,#19700);
#19700 = DEFINITIONAL_REPRESENTATION('',(#19701),#19705);
#19701 = LINE('',#19702,#19703);
#19702 = CARTESIAN_POINT('',(0.,-0.));
#19703 = VECTOR('',#19704,1.);
#19704 = DIRECTION('',(0.,1.));
#19705 = ( GEOMETRIC_REPRESENTATION_CONTEXT(2) 
PARAMETRIC_REPRESENTATION_CONTEXT() REPRESENTATION_CONTEXT('2D SPACE',''
  ) );
#19706 = ORIENTED_EDGE('',*,*,#18638,.F.);
#19707 = ORIENTED_EDGE('',*,*,#19684,.F.);
#19708 = ORIENTED_EDGE('',*,*,#19709,.T.);
#19709 = EDGE_CURVE('',#19685,#19685,#19710,.T.);
#19710 = SURFACE_CURVE('',#19711,(#19716,#19723),.PCURVE_S1.);
#19711 = CIRCLE('',#19712,1.65);
#19712 = AXIS2_PLACEMENT_3D('',#19713,#19714,#19715);
#19713 = CARTESIAN_POINT('',(68.,34.,3.));
#19714 = DIRECTION('',(0.,0.,1.));
#19715 = DIRECTION('',(1.,0.,-0.));
#19716 = PCURVE('',#18655,#19717);
#19717 = DEFINITIONAL_REPRESENTATION('',(#19718),#19722);
#19718 = LINE('',#19719,#19720);
#19719 = CARTESIAN_POINT('',(0.,4.));
#19720 = VECTOR('',#19721,1.);
#19721 = DIRECTION('',(1.,0.));
#19722 = ( GEOMETRIC_REPRESENTATION_CONTEXT(2) 
PARAMETRIC_REPRESENTATION_CONTEXT() REPRESENTATION_CONTEXT('2D SPACE',''
  ) );
#19723 = PCURVE('',#19724,#19729);
#19724 = PLANE('',#19725);
#19725 = AXIS2_PLACEMENT_3D('',#19726,#19727,#19728);
#19726 = CARTESIAN_POINT('',(-75.,-47.,3.));
#19727 = DIRECTION('',(0.,0.,1.));
#19728 = DIRECTION('',(1.,0.,0.));
#19729 = DEFINITIONAL_REPRESENTATION('',(#19730),#19734);
#19730 = CIRCLE('',#19731,1.65);
#19731 = AXIS2_PLACEMENT_2D('',#19732,#19733);
#19732 = CARTESIAN_POINT('',(143.,81.));
#19733 = DIRECTION('',(1.,0.));
#19734 = ( GEOMETRIC_REPRESENTATION_CONTEXT(2) 
PARAMETRIC_REPRESENTATION_CONTEXT() REPRESENTATION_CONTEXT('2D SPACE',''
  ) );
#19735 = FACE_BOUND('',#19736,.F.);
#19736 = EDGE_LOOP('',(#19737,#19765,#19794,#19815));
#19737 = ORIENTED_EDGE('',*,*,#19738,.T.);
#19738 = EDGE_CURVE('',#19739,#19741,#19743,.T.);
#19739 = VERTEX_POINT('',#19740);
#19740 = CARTESIAN_POINT('',(66.687559525159,33.,27.));
#19741 = VERTEX_POINT('',#19742);
#19742 = CARTESIAN_POINT('',(66.687559525159,33.,31.));
#19743 = SURFACE_CURVE('',#19744,(#19748,#19754),.PCURVE_S1.);
#19744 = LINE('',#19745,#19746);
#19745 = CARTESIAN_POINT('',(66.687559525159,33.,-1.));
#19746 = VECTOR('',#19747,1.);
#19747 = DIRECTION('',(0.,0.,1.));
#19748 = PCURVE('',#18655,#19749);
#19749 = DEFINITIONAL_REPRESENTATION('',(#19750),#19753);
#19750 = B_SPLINE_CURVE_WITH_KNOTS('',1,(#19751,#19752),.UNSPECIFIED.,
  .F.,.F.,(2,2),(27.6,32.4),.PIECEWISE_BEZIER_KNOTS.);
#19751 = CARTESIAN_POINT('',(3.792691238561,27.6));
#19752 = CARTESIAN_POINT('',(3.792691238561,32.4));
#19753 = ( GEOMETRIC_REPRESENTATION_CONTEXT(2) 
PARAMETRIC_REPRESENTATION_CONTEXT() REPRESENTATION_CONTEXT('2D SPACE',''
  ) );
#19754 = PCURVE('',#19755,#19760);
#19755 = PLANE('',#19756);
#19756 = AXIS2_PLACEMENT_3D('',#19757,#19758,#19759);
#19757 = CARTESIAN_POINT('',(63.5,33.,27.));
#19758 = DIRECTION('',(0.,1.,0.));
#19759 = DIRECTION('',(0.,0.,1.));
#19760 = DEFINITIONAL_REPRESENTATION('',(#19761),#19764);
#19761 = B_SPLINE_CURVE_WITH_KNOTS('',1,(#19762,#19763),.UNSPECIFIED.,
  .F.,.F.,(2,2),(27.6,32.4),.PIECEWISE_BEZIER_KNOTS.);
#19762 = CARTESIAN_POINT('',(-0.4,3.187559525159));
#19763 = CARTESIAN_POINT('',(4.4,3.187559525159));
#19764 = ( GEOMETRIC_REPRESENTATION_CONTEXT(2) 
PARAMETRIC_REPRESENTATION_CONTEXT() REPRESENTATION_CONTEXT('2D SPACE',''
  ) );
#19765 = ORIENTED_EDGE('',*,*,#19766,.T.);
#19766 = EDGE_CURVE('',#19741,#19767,#19769,.T.);
#19767 = VERTEX_POINT('',#19768);
#19768 = CARTESIAN_POINT('',(69.312440474841,33.,31.));
#19769 = SURFACE_CURVE('',#19770,(#19775,#19782),.PCURVE_S1.);
#19770 = CIRCLE('',#19771,1.65);
#19771 = AXIS2_PLACEMENT_3D('',#19772,#19773,#19774);
#19772 = CARTESIAN_POINT('',(68.,34.,31.));
#19773 = DIRECTION('',(0.,0.,1.));
#19774 = DIRECTION('',(1.,0.,-0.));
#19775 = PCURVE('',#18655,#19776);
#19776 = DEFINITIONAL_REPRESENTATION('',(#19777),#19781);
#19777 = LINE('',#19778,#19779);
#19778 = CARTESIAN_POINT('',(0.,32.));
#19779 = VECTOR('',#19780,1.);
#19780 = DIRECTION('',(1.,0.));
#19781 = ( GEOMETRIC_REPRESENTATION_CONTEXT(2) 
PARAMETRIC_REPRESENTATION_CONTEXT() REPRESENTATION_CONTEXT('2D SPACE',''
  ) );
#19782 = PCURVE('',#19783,#19788);
#19783 = PLANE('',#19784);
#19784 = AXIS2_PLACEMENT_3D('',#19785,#19786,#19787);
#19785 = CARTESIAN_POINT('',(63.5,23.,31.));
#19786 = DIRECTION('',(0.,0.,1.));
#19787 = DIRECTION('',(1.,0.,0.));
#19788 = DEFINITIONAL_REPRESENTATION('',(#19789),#19793);
#19789 = CIRCLE('',#19790,1.65);
#19790 = AXIS2_PLACEMENT_2D('',#19791,#19792);
#19791 = CARTESIAN_POINT('',(4.5,11.));
#19792 = DIRECTION('',(1.,0.));
#19793 = ( GEOMETRIC_REPRESENTATION_CONTEXT(2) 
PARAMETRIC_REPRESENTATION_CONTEXT() REPRESENTATION_CONTEXT('2D SPACE',''
  ) );
#19794 = ORIENTED_EDGE('',*,*,#19795,.F.);
#19795 = EDGE_CURVE('',#19796,#19767,#19798,.T.);
#19796 = VERTEX_POINT('',#19797);
#19797 = CARTESIAN_POINT('',(69.312440474841,33.,27.));
#19798 = SURFACE_CURVE('',#19799,(#19803,#19809),.PCURVE_S1.);
#19799 = LINE('',#19800,#19801);
#19800 = CARTESIAN_POINT('',(69.312440474841,33.,-1.));
#19801 = VECTOR('',#19802,1.);
#19802 = DIRECTION('',(0.,0.,1.));
#19803 = PCURVE('',#18655,#19804);
#19804 = DEFINITIONAL_REPRESENTATION('',(#19805),#19808);
#19805 = B_SPLINE_CURVE_WITH_KNOTS('',1,(#19806,#19807),.UNSPECIFIED.,
  .F.,.F.,(2,2),(27.6,32.4),.PIECEWISE_BEZIER_KNOTS.);
#19806 = CARTESIAN_POINT('',(5.632086722208,27.6));
#19807 = CARTESIAN_POINT('',(5.632086722208,32.4));
#19808 = ( GEOMETRIC_REPRESENTATION_CONTEXT(2) 
PARAMETRIC_REPRESENTATION_CONTEXT() REPRESENTATION_CONTEXT('2D SPACE',''
  ) );
#19809 = PCURVE('',#19755,#19810);
#19810 = DEFINITIONAL_REPRESENTATION('',(#19811),#19814);
#19811 = B_SPLINE_CURVE_WITH_KNOTS('',1,(#19812,#19813),.UNSPECIFIED.,
  .F.,.F.,(2,2),(27.6,32.4),.PIECEWISE_BEZIER_KNOTS.);
#19812 = CARTESIAN_POINT('',(-0.4,5.812440474841));
#19813 = CARTESIAN_POINT('',(4.4,5.812440474841));
#19814 = ( GEOMETRIC_REPRESENTATION_CONTEXT(2) 
PARAMETRIC_REPRESENTATION_CONTEXT() REPRESENTATION_CONTEXT('2D SPACE',''
  ) );
#19815 = ORIENTED_EDGE('',*,*,#19816,.F.);
#19816 = EDGE_CURVE('',#19739,#19796,#19817,.T.);
#19817 = SURFACE_CURVE('',#19818,(#19823,#19830),.PCURVE_S1.);
#19818 = CIRCLE('',#19819,1.65);
#19819 = AXIS2_PLACEMENT_3D('',#19820,#19821,#19822);
#19820 = CARTESIAN_POINT('',(68.,34.,27.));
#19821 = DIRECTION('',(0.,0.,1.));
#19822 = DIRECTION('',(1.,0.,-0.));
#19823 = PCURVE('',#18655,#19824);
#19824 = DEFINITIONAL_REPRESENTATION('',(#19825),#19829);
#19825 = LINE('',#19826,#19827);
#19826 = CARTESIAN_POINT('',(0.,28.));
#19827 = VECTOR('',#19828,1.);
#19828 = DIRECTION('',(1.,0.));
#19829 = ( GEOMETRIC_REPRESENTATION_CONTEXT(2) 
PARAMETRIC_REPRESENTATION_CONTEXT() REPRESENTATION_CONTEXT('2D SPACE',''
  ) );
#19830 = PCURVE('',#19831,#19836);
#19831 = PLANE('',#19832);
#19832 = AXIS2_PLACEMENT_3D('',#19833,#19834,#19835);
#19833 = CARTESIAN_POINT('',(63.5,23.,27.));
#19834 = DIRECTION('',(0.,0.,1.));
#19835 = DIRECTION('',(1.,0.,0.));
#19836 = DEFINITIONAL_REPRESENTATION('',(#19837),#19841);
#19837 = CIRCLE('',#19838,1.65);
#19838 = AXIS2_PLACEMENT_2D('',#19839,#19840);
#19839 = CARTESIAN_POINT('',(4.5,11.));
#19840 = DIRECTION('',(1.,0.));
#19841 = ( GEOMETRIC_REPRESENTATION_CONTEXT(2) 
PARAMETRIC_REPRESENTATION_CONTEXT() REPRESENTATION_CONTEXT('2D SPACE',''
  ) );
#19842 = ADVANCED_FACE('',(#19843),#18780,.F.);
#19843 = FACE_BOUND('',#19844,.F.);
#19844 = EDGE_LOOP('',(#19845,#19846,#19867,#19868));
#19845 = ORIENTED_EDGE('',*,*,#18763,.F.);
#19846 = ORIENTED_EDGE('',*,*,#19847,.F.);
#19847 = EDGE_CURVE('',#18829,#18764,#19848,.T.);
#19848 = SEAM_CURVE('',#19849,(#19853,#19860),.PCURVE_S1.);
#19849 = LINE('',#19850,#19851);
#19850 = CARTESIAN_POINT('',(69.65,27.,25.));
#19851 = VECTOR('',#19852,1.);
#19852 = DIRECTION('',(0.,0.,1.));
#19853 = PCURVE('',#18780,#19854);
#19854 = DEFINITIONAL_REPRESENTATION('',(#19855),#19859);
#19855 = LINE('',#19856,#19857);
#19856 = CARTESIAN_POINT('',(6.28318530718,-0.));
#19857 = VECTOR('',#19858,1.);
#19858 = DIRECTION('',(0.,1.));
#19859 = ( GEOMETRIC_REPRESENTATION_CONTEXT(2) 
PARAMETRIC_REPRESENTATION_CONTEXT() REPRESENTATION_CONTEXT('2D SPACE',''
  ) );
#19860 = PCURVE('',#18780,#19861);
#19861 = DEFINITIONAL_REPRESENTATION('',(#19862),#19866);
#19862 = LINE('',#19863,#19864);
#19863 = CARTESIAN_POINT('',(0.,-0.));
#19864 = VECTOR('',#19865,1.);
#19865 = DIRECTION('',(0.,1.));
#19866 = ( GEOMETRIC_REPRESENTATION_CONTEXT(2) 
PARAMETRIC_REPRESENTATION_CONTEXT() REPRESENTATION_CONTEXT('2D SPACE',''
  ) );
#19867 = ORIENTED_EDGE('',*,*,#18828,.T.);
#19868 = ORIENTED_EDGE('',*,*,#19847,.T.);
#19869 = ADVANCED_FACE('',(#19870),#19184,.T.);
#19870 = FACE_BOUND('',#19871,.T.);
#19871 = EDGE_LOOP('',(#19872));
#19872 = ORIENTED_EDGE('',*,*,#19169,.T.);
#19873 = ADVANCED_FACE('',(#19874),#19217,.F.);
#19874 = FACE_BOUND('',#19875,.F.);
#19875 = EDGE_LOOP('',(#19876,#19877));
#19876 = ORIENTED_EDGE('',*,*,#19198,.T.);
#19877 = ORIENTED_EDGE('',*,*,#19878,.T.);
#19878 = EDGE_CURVE('',#19201,#19199,#19879,.T.);
#19879 = SURFACE_CURVE('',#19880,(#19884,#19891),.PCURVE_S1.);
#19880 = LINE('',#19881,#19882);
#19881 = CARTESIAN_POINT('',(-72.5,-33.,27.));
#19882 = VECTOR('',#19883,1.);
#19883 = DIRECTION('',(1.,0.,0.));
#19884 = PCURVE('',#19217,#19885);
#19885 = DEFINITIONAL_REPRESENTATION('',(#19886),#19890);
#19886 = LINE('',#19887,#19888);
#19887 = CARTESIAN_POINT('',(0.,0.));
#19888 = VECTOR('',#19889,1.);
#19889 = DIRECTION('',(1.,0.));
#19890 = ( GEOMETRIC_REPRESENTATION_CONTEXT(2) 
PARAMETRIC_REPRESENTATION_CONTEXT() REPRESENTATION_CONTEXT('2D SPACE',''
  ) );
#19891 = PCURVE('',#19244,#19892);
#19892 = DEFINITIONAL_REPRESENTATION('',(#19893),#19897);
#19893 = LINE('',#19894,#19895);
#19894 = CARTESIAN_POINT('',(0.,0.));
#19895 = VECTOR('',#19896,1.);
#19896 = DIRECTION('',(0.,1.));
#19897 = ( GEOMETRIC_REPRESENTATION_CONTEXT(2) 
PARAMETRIC_REPRESENTATION_CONTEXT() REPRESENTATION_CONTEXT('2D SPACE',''
  ) );
#19898 = ADVANCED_FACE('',(#19899),#19244,.F.);
#19899 = FACE_BOUND('',#19900,.F.);
#19900 = EDGE_LOOP('',(#19901,#19902,#19903,#19924));
#19901 = ORIENTED_EDGE('',*,*,#19878,.F.);
#19902 = ORIENTED_EDGE('',*,*,#19284,.T.);
#19903 = ORIENTED_EDGE('',*,*,#19904,.T.);
#19904 = EDGE_CURVE('',#19256,#19230,#19905,.T.);
#19905 = SURFACE_CURVE('',#19906,(#19910,#19917),.PCURVE_S1.);
#19906 = LINE('',#19907,#19908);
#19907 = CARTESIAN_POINT('',(-72.5,-33.,31.));
#19908 = VECTOR('',#19909,1.);
#19909 = DIRECTION('',(1.,0.,0.));
#19910 = PCURVE('',#19244,#19911);
#19911 = DEFINITIONAL_REPRESENTATION('',(#19912),#19916);
#19912 = LINE('',#19913,#19914);
#19913 = CARTESIAN_POINT('',(4.,0.));
#19914 = VECTOR('',#19915,1.);
#19915 = DIRECTION('',(0.,1.));
#19916 = ( GEOMETRIC_REPRESENTATION_CONTEXT(2) 
PARAMETRIC_REPRESENTATION_CONTEXT() REPRESENTATION_CONTEXT('2D SPACE',''
  ) );
#19917 = PCURVE('',#19272,#19918);
#19918 = DEFINITIONAL_REPRESENTATION('',(#19919),#19923);
#19919 = LINE('',#19920,#19921);
#19920 = CARTESIAN_POINT('',(0.,0.));
#19921 = VECTOR('',#19922,1.);
#19922 = DIRECTION('',(1.,0.));
#19923 = ( GEOMETRIC_REPRESENTATION_CONTEXT(2) 
PARAMETRIC_REPRESENTATION_CONTEXT() REPRESENTATION_CONTEXT('2D SPACE',''
  ) );
#19924 = ORIENTED_EDGE('',*,*,#19229,.F.);
#19925 = ADVANCED_FACE('',(#19926),#19272,.T.);
#19926 = FACE_BOUND('',#19927,.T.);
#19927 = EDGE_LOOP('',(#19928,#19929));
#19928 = ORIENTED_EDGE('',*,*,#19255,.T.);
#19929 = ORIENTED_EDGE('',*,*,#19904,.T.);
#19930 = ADVANCED_FACE('',(#19931),#19346,.T.);
#19931 = FACE_BOUND('',#19932,.T.);
#19932 = EDGE_LOOP('',(#19933));
#19933 = ORIENTED_EDGE('',*,*,#19331,.T.);
#19934 = ADVANCED_FACE('',(#19935),#19379,.F.);
#19935 = FACE_BOUND('',#19936,.F.);
#19936 = EDGE_LOOP('',(#19937,#19938));
#19937 = ORIENTED_EDGE('',*,*,#19360,.T.);
#19938 = ORIENTED_EDGE('',*,*,#19939,.T.);
#19939 = EDGE_CURVE('',#19363,#19361,#19940,.T.);
#19940 = SURFACE_CURVE('',#19941,(#19945,#19952),.PCURVE_S1.);
#19941 = LINE('',#19942,#19943);
#19942 = CARTESIAN_POINT('',(63.5,-33.,27.));
#19943 = VECTOR('',#19944,1.);
#19944 = DIRECTION('',(1.,0.,0.));
#19945 = PCURVE('',#19379,#19946);
#19946 = DEFINITIONAL_REPRESENTATION('',(#19947),#19951);
#19947 = LINE('',#19948,#19949);
#19948 = CARTESIAN_POINT('',(0.,0.));
#19949 = VECTOR('',#19950,1.);
#19950 = DIRECTION('',(1.,0.));
#19951 = ( GEOMETRIC_REPRESENTATION_CONTEXT(2) 
PARAMETRIC_REPRESENTATION_CONTEXT() REPRESENTATION_CONTEXT('2D SPACE',''
  ) );
#19952 = PCURVE('',#19406,#19953);
#19953 = DEFINITIONAL_REPRESENTATION('',(#19954),#19958);
#19954 = LINE('',#19955,#19956);
#19955 = CARTESIAN_POINT('',(0.,0.));
#19956 = VECTOR('',#19957,1.);
#19957 = DIRECTION('',(0.,1.));
#19958 = ( GEOMETRIC_REPRESENTATION_CONTEXT(2) 
PARAMETRIC_REPRESENTATION_CONTEXT() REPRESENTATION_CONTEXT('2D SPACE',''
  ) );
#19959 = ADVANCED_FACE('',(#19960),#19406,.F.);
#19960 = FACE_BOUND('',#19961,.F.);
#19961 = EDGE_LOOP('',(#19962,#19963,#19964,#19985));
#19962 = ORIENTED_EDGE('',*,*,#19939,.F.);
#19963 = ORIENTED_EDGE('',*,*,#19446,.T.);
#19964 = ORIENTED_EDGE('',*,*,#19965,.T.);
#19965 = EDGE_CURVE('',#19418,#19392,#19966,.T.);
#19966 = SURFACE_CURVE('',#19967,(#19971,#19978),.PCURVE_S1.);
#19967 = LINE('',#19968,#19969);
#19968 = CARTESIAN_POINT('',(63.5,-33.,31.));
#19969 = VECTOR('',#19970,1.);
#19970 = DIRECTION('',(1.,0.,0.));
#19971 = PCURVE('',#19406,#19972);
#19972 = DEFINITIONAL_REPRESENTATION('',(#19973),#19977);
#19973 = LINE('',#19974,#19975);
#19974 = CARTESIAN_POINT('',(4.,0.));
#19975 = VECTOR('',#19976,1.);
#19976 = DIRECTION('',(0.,1.));
#19977 = ( GEOMETRIC_REPRESENTATION_CONTEXT(2) 
PARAMETRIC_REPRESENTATION_CONTEXT() REPRESENTATION_CONTEXT('2D SPACE',''
  ) );
#19978 = PCURVE('',#19434,#19979);
#19979 = DEFINITIONAL_REPRESENTATION('',(#19980),#19984);
#19980 = LINE('',#19981,#19982);
#19981 = CARTESIAN_POINT('',(0.,0.));
#19982 = VECTOR('',#19983,1.);
#19983 = DIRECTION('',(1.,0.));
#19984 = ( GEOMETRIC_REPRESENTATION_CONTEXT(2) 
PARAMETRIC_REPRESENTATION_CONTEXT() REPRESENTATION_CONTEXT('2D SPACE',''
  ) );
#19985 = ORIENTED_EDGE('',*,*,#19391,.F.);
#19986 = ADVANCED_FACE('',(#19987),#19434,.T.);
#19987 = FACE_BOUND('',#19988,.T.);
#19988 = EDGE_LOOP('',(#19989,#19990));
#19989 = ORIENTED_EDGE('',*,*,#19417,.T.);
#19990 = ORIENTED_EDGE('',*,*,#19965,.T.);
#19991 = ADVANCED_FACE('',(#19992),#19562,.T.);
#19992 = FACE_BOUND('',#19993,.T.);
#19993 = EDGE_LOOP('',(#19994));
#19994 = ORIENTED_EDGE('',*,*,#19547,.T.);
#19995 = ADVANCED_FACE('',(#19996),#19593,.T.);
#19996 = FACE_BOUND('',#19997,.T.);
#19997 = EDGE_LOOP('',(#19998,#20019,#20020,#20041));
#19998 = ORIENTED_EDGE('',*,*,#19999,.F.);
#19999 = EDGE_CURVE('',#19577,#19634,#20000,.T.);
#20000 = SURFACE_CURVE('',#20001,(#20005,#20012),.PCURVE_S1.);
#20001 = LINE('',#20002,#20003);
#20002 = CARTESIAN_POINT('',(-72.5,33.,27.));
#20003 = VECTOR('',#20004,1.);
#20004 = DIRECTION('',(1.,0.,0.));
#20005 = PCURVE('',#19593,#20006);
#20006 = DEFINITIONAL_REPRESENTATION('',(#20007),#20011);
#20007 = LINE('',#20008,#20009);
#20008 = CARTESIAN_POINT('',(0.,0.));
#20009 = VECTOR('',#20010,1.);
#20010 = DIRECTION('',(0.,1.));
#20011 = ( GEOMETRIC_REPRESENTATION_CONTEXT(2) 
PARAMETRIC_REPRESENTATION_CONTEXT() REPRESENTATION_CONTEXT('2D SPACE',''
  ) );
#20012 = PCURVE('',#19669,#20013);
#20013 = DEFINITIONAL_REPRESENTATION('',(#20014),#20018);
#20014 = LINE('',#20015,#20016);
#20015 = CARTESIAN_POINT('',(0.,10.));
#20016 = VECTOR('',#20017,1.);
#20017 = DIRECTION('',(1.,0.));
#20018 = ( GEOMETRIC_REPRESENTATION_CONTEXT(2) 
PARAMETRIC_REPRESENTATION_CONTEXT() REPRESENTATION_CONTEXT('2D SPACE',''
  ) );
#20019 = ORIENTED_EDGE('',*,*,#19576,.T.);
#20020 = ORIENTED_EDGE('',*,*,#20021,.T.);
#20021 = EDGE_CURVE('',#19579,#19605,#20022,.T.);
#20022 = SURFACE_CURVE('',#20023,(#20027,#20034),.PCURVE_S1.);
#20023 = LINE('',#20024,#20025);
#20024 = CARTESIAN_POINT('',(-72.5,33.,31.));
#20025 = VECTOR('',#20026,1.);
#20026 = DIRECTION('',(1.,0.,0.));
#20027 = PCURVE('',#19593,#20028);
#20028 = DEFINITIONAL_REPRESENTATION('',(#20029),#20033);
#20029 = LINE('',#20030,#20031);
#20030 = CARTESIAN_POINT('',(4.,0.));
#20031 = VECTOR('',#20032,1.);
#20032 = DIRECTION('',(0.,1.));
#20033 = ( GEOMETRIC_REPRESENTATION_CONTEXT(2) 
PARAMETRIC_REPRESENTATION_CONTEXT() REPRESENTATION_CONTEXT('2D SPACE',''
  ) );
#20034 = PCURVE('',#19621,#20035);
#20035 = DEFINITIONAL_REPRESENTATION('',(#20036),#20040);
#20036 = LINE('',#20037,#20038);
#20037 = CARTESIAN_POINT('',(0.,10.));
#20038 = VECTOR('',#20039,1.);
#20039 = DIRECTION('',(1.,0.));
#20040 = ( GEOMETRIC_REPRESENTATION_CONTEXT(2) 
PARAMETRIC_REPRESENTATION_CONTEXT() REPRESENTATION_CONTEXT('2D SPACE',''
  ) );
#20041 = ORIENTED_EDGE('',*,*,#19633,.F.);
#20042 = ADVANCED_FACE('',(#20043),#19669,.F.);
#20043 = FACE_BOUND('',#20044,.F.);
#20044 = EDGE_LOOP('',(#20045,#20046));
#20045 = ORIENTED_EDGE('',*,*,#19999,.F.);
#20046 = ORIENTED_EDGE('',*,*,#19654,.T.);
#20047 = ADVANCED_FACE('',(#20048),#19621,.T.);
#20048 = FACE_BOUND('',#20049,.T.);
#20049 = EDGE_LOOP('',(#20050,#20051));
#20050 = ORIENTED_EDGE('',*,*,#20021,.F.);
#20051 = ORIENTED_EDGE('',*,*,#19604,.T.);
#20052 = ADVANCED_FACE('',(#20053),#19724,.T.);
#20053 = FACE_BOUND('',#20054,.T.);
#20054 = EDGE_LOOP('',(#20055));
#20055 = ORIENTED_EDGE('',*,*,#19709,.T.);
#20056 = ADVANCED_FACE('',(#20057),#19755,.T.);
#20057 = FACE_BOUND('',#20058,.T.);
#20058 = EDGE_LOOP('',(#20059,#20080,#20081,#20102));
#20059 = ORIENTED_EDGE('',*,*,#20060,.F.);
#20060 = EDGE_CURVE('',#19739,#19796,#20061,.T.);
#20061 = SURFACE_CURVE('',#20062,(#20066,#20073),.PCURVE_S1.);
#20062 = LINE('',#20063,#20064);
#20063 = CARTESIAN_POINT('',(63.5,33.,27.));
#20064 = VECTOR('',#20065,1.);
#20065 = DIRECTION('',(1.,0.,0.));
#20066 = PCURVE('',#19755,#20067);
#20067 = DEFINITIONAL_REPRESENTATION('',(#20068),#20072);
#20068 = LINE('',#20069,#20070);
#20069 = CARTESIAN_POINT('',(0.,0.));
#20070 = VECTOR('',#20071,1.);
#20071 = DIRECTION('',(0.,1.));
#20072 = ( GEOMETRIC_REPRESENTATION_CONTEXT(2) 
PARAMETRIC_REPRESENTATION_CONTEXT() REPRESENTATION_CONTEXT('2D SPACE',''
  ) );
#20073 = PCURVE('',#19831,#20074);
#20074 = DEFINITIONAL_REPRESENTATION('',(#20075),#20079);
#20075 = LINE('',#20076,#20077);
#20076 = CARTESIAN_POINT('',(0.,10.));
#20077 = VECTOR('',#20078,1.);
#20078 = DIRECTION('',(1.,0.));
#20079 = ( GEOMETRIC_REPRESENTATION_CONTEXT(2) 
PARAMETRIC_REPRESENTATION_CONTEXT() REPRESENTATION_CONTEXT('2D SPACE',''
  ) );
#20080 = ORIENTED_EDGE('',*,*,#19738,.T.);
#20081 = ORIENTED_EDGE('',*,*,#20082,.T.);
#20082 = EDGE_CURVE('',#19741,#19767,#20083,.T.);
#20083 = SURFACE_CURVE('',#20084,(#20088,#20095),.PCURVE_S1.);
#20084 = LINE('',#20085,#20086);
#20085 = CARTESIAN_POINT('',(63.5,33.,31.));
#20086 = VECTOR('',#20087,1.);
#20087 = DIRECTION('',(1.,0.,0.));
#20088 = PCURVE('',#19755,#20089);
#20089 = DEFINITIONAL_REPRESENTATION('',(#20090),#20094);
#20090 = LINE('',#20091,#20092);
#20091 = CARTESIAN_POINT('',(4.,0.));
#20092 = VECTOR('',#20093,1.);
#20093 = DIRECTION('',(0.,1.));
#20094 = ( GEOMETRIC_REPRESENTATION_CONTEXT(2) 
PARAMETRIC_REPRESENTATION_CONTEXT() REPRESENTATION_CONTEXT('2D SPACE',''
  ) );
#20095 = PCURVE('',#19783,#20096);
#20096 = DEFINITIONAL_REPRESENTATION('',(#20097),#20101);
#20097 = LINE('',#20098,#20099);
#20098 = CARTESIAN_POINT('',(0.,10.));
#20099 = VECTOR('',#20100,1.);
#20100 = DIRECTION('',(1.,0.));
#20101 = ( GEOMETRIC_REPRESENTATION_CONTEXT(2) 
PARAMETRIC_REPRESENTATION_CONTEXT() REPRESENTATION_CONTEXT('2D SPACE',''
  ) );
#20102 = ORIENTED_EDGE('',*,*,#19795,.F.);
#20103 = ADVANCED_FACE('',(#20104),#19831,.F.);
#20104 = FACE_BOUND('',#20105,.F.);
#20105 = EDGE_LOOP('',(#20106,#20107));
#20106 = ORIENTED_EDGE('',*,*,#20060,.F.);
#20107 = ORIENTED_EDGE('',*,*,#19816,.T.);
#20108 = ADVANCED_FACE('',(#20109),#19783,.T.);
#20109 = FACE_BOUND('',#20110,.T.);
#20110 = EDGE_LOOP('',(#20111,#20112));
#20111 = ORIENTED_EDGE('',*,*,#20082,.F.);
#20112 = ORIENTED_EDGE('',*,*,#19766,.T.);
#20113 = ( GEOMETRIC_REPRESENTATION_CONTEXT(3) 
GLOBAL_UNCERTAINTY_ASSIGNED_CONTEXT((#20117)) 
GLOBAL_UNIT_ASSIGNED_CONTEXT((#20114,#20115,#20116)) 
REPRESENTATION_CONTEXT('Context #1',
  '3D Context with UNIT and UNCERTAINTY') );
#20114 = ( LENGTH_UNIT() NAMED_UNIT(*) SI_UNIT(.MILLI.,.METRE.) );
#20115 = ( NAMED_UNIT(*) PLANE_ANGLE_UNIT() SI_UNIT($,.RADIAN.) );
#20116 = ( NAMED_UNIT(*) SI_UNIT($,.STERADIAN.) SOLID_ANGLE_UNIT() );
#20117 = UNCERTAINTY_MEASURE_WITH_UNIT(LENGTH_MEASURE(1.E-07),#20114,
  'distance_accuracy_value','confusion accuracy');
#20118 = PRODUCT_RELATED_PRODUCT_CATEGORY('part',$,(#7));
ENDSEC;
END-ISO-10303-21;
