ISO-10303-21;
HEADER;
FILE_DESCRIPTION(('Open CASCADE Model'),'2;1');
FILE_NAME('Open CASCADE Shape Model','2026-09-22T09:52:39',('Author'),(
    'Open CASCADE'),'Open CASCADE STEP processor 7.8','Open CASCADE 7.8'
  ,'Unknown');
FILE_SCHEMA(('AUTOMOTIVE_DESIGN { 1 0 10303 214 1 1 1 1 }'));
ENDSEC;
DATA;
#1 = APPLICATION_PROTOCOL_DEFINITION('international standard',
  'automotive_design',2000,#2);
#2 = APPLICATION_CONTEXT(
  'core data for automotive mechanical design processes');
#3 = SHAPE_DEFINITION_REPRESENTATION(#4,#10);
#4 = PRODUCT_DEFINITION_SHAPE('','',#5);
#5 = PRODUCT_DEFINITION('design','',#6,#9);
#6 = PRODUCT_DEFINITION_FORMATION('','',#7);
#7 = PRODUCT('Open CASCADE STEP translator 7.8 6',
  'Open CASCADE STEP translator 7.8 6','',(#8));
#8 = PRODUCT_CONTEXT('',#2,'mechanical');
#9 = PRODUCT_DEFINITION_CONTEXT('part definition',#2,'design');
#10 = ADVANCED_BREP_SHAPE_REPRESENTATION('',(#11,#15),#2177);
#11 = AXIS2_PLACEMENT_3D('',#12,#13,#14);
#12 = CARTESIAN_POINT('',(0.,0.,0.));
#13 = DIRECTION('',(0.,0.,1.));
#14 = DIRECTION('',(1.,0.,-0.));
#15 = MANIFOLD_SOLID_BREP('',#16);
#16 = CLOSED_SHELL('',(#17,#249,#719,#1178,#1227,#1276,#1325,#1374,#1423
    ,#1450,#1499,#1661,#1688,#1714,#1741,#1790,#1952,#1979,#2005,#2032,
    #2043,#2050,#2077,#2103,#2110,#2117,#2144,#2170));
#17 = ADVANCED_FACE('',(#18),#32,.F.);
#18 = FACE_BOUND('',#19,.F.);
#19 = EDGE_LOOP('',(#20,#55,#83,#111,#139,#167,#195,#223));
#20 = ORIENTED_EDGE('',*,*,#21,.F.);
#21 = EDGE_CURVE('',#22,#24,#26,.T.);
#22 = VERTEX_POINT('',#23);
#23 = CARTESIAN_POINT('',(6.,-16.67,34.));
#24 = VERTEX_POINT('',#25);
#25 = CARTESIAN_POINT('',(6.,-16.67,41.));
#26 = SURFACE_CURVE('',#27,(#31,#43),.PCURVE_S1.);
#27 = LINE('',#28,#29);
#28 = CARTESIAN_POINT('',(6.,-16.67,34.));
#29 = VECTOR('',#30,1.);
#30 = DIRECTION('',(0.,0.,1.));
#31 = PCURVE('',#32,#37);
#32 = PLANE('',#33);
#33 = AXIS2_PLACEMENT_3D('',#34,#35,#36);
#34 = CARTESIAN_POINT('',(6.,-16.67,34.));
#35 = DIRECTION('',(1.,0.,0.));
#36 = DIRECTION('',(0.,0.,1.));
#37 = DEFINITIONAL_REPRESENTATION('',(#38),#42);
#38 = LINE('',#39,#40);
#39 = CARTESIAN_POINT('',(0.,0.));
#40 = VECTOR('',#41,1.);
#41 = DIRECTION('',(1.,0.));
#42 = ( GEOMETRIC_REPRESENTATION_CONTEXT(2) 
PARAMETRIC_REPRESENTATION_CONTEXT() REPRESENTATION_CONTEXT('2D SPACE',''
  ) );
#43 = PCURVE('',#44,#49);
#44 = PLANE('',#45);
#45 = AXIS2_PLACEMENT_3D('',#46,#47,#48);
#46 = CARTESIAN_POINT('',(6.,-16.67,34.));
#47 = DIRECTION('',(0.,1.,0.));
#48 = DIRECTION('',(0.,0.,1.));
#49 = DEFINITIONAL_REPRESENTATION('',(#50),#54);
#50 = LINE('',#51,#52);
#51 = CARTESIAN_POINT('',(0.,0.));
#52 = VECTOR('',#53,1.);
#53 = DIRECTION('',(1.,0.));
#54 = ( GEOMETRIC_REPRESENTATION_CONTEXT(2) 
PARAMETRIC_REPRESENTATION_CONTEXT() REPRESENTATION_CONTEXT('2D SPACE',''
  ) );
#55 = ORIENTED_EDGE('',*,*,#56,.T.);
#56 = EDGE_CURVE('',#22,#57,#59,.T.);
#57 = VERTEX_POINT('',#58);
#58 = CARTESIAN_POINT('',(6.,-14.27,34.));
#59 = SURFACE_CURVE('',#60,(#64,#71),.PCURVE_S1.);
#60 = LINE('',#61,#62);
#61 = CARTESIAN_POINT('',(6.,-16.67,34.));
#62 = VECTOR('',#63,1.);
#63 = DIRECTION('',(0.,1.,0.));
#64 = PCURVE('',#32,#65);
#65 = DEFINITIONAL_REPRESENTATION('',(#66),#70);
#66 = LINE('',#67,#68);
#67 = CARTESIAN_POINT('',(0.,0.));
#68 = VECTOR('',#69,1.);
#69 = DIRECTION('',(0.,-1.));
#70 = ( GEOMETRIC_REPRESENTATION_CONTEXT(2) 
PARAMETRIC_REPRESENTATION_CONTEXT() REPRESENTATION_CONTEXT('2D SPACE',''
  ) );
#71 = PCURVE('',#72,#77);
#72 = PLANE('',#73);
#73 = AXIS2_PLACEMENT_3D('',#74,#75,#76);
#74 = CARTESIAN_POINT('',(6.,-16.67,34.));
#75 = DIRECTION('',(0.,0.,1.));
#76 = DIRECTION('',(1.,0.,0.));
#77 = DEFINITIONAL_REPRESENTATION('',(#78),#82);
#78 = LINE('',#79,#80);
#79 = CARTESIAN_POINT('',(0.,0.));
#80 = VECTOR('',#81,1.);
#81 = DIRECTION('',(0.,1.));
#82 = ( GEOMETRIC_REPRESENTATION_CONTEXT(2) 
PARAMETRIC_REPRESENTATION_CONTEXT() REPRESENTATION_CONTEXT('2D SPACE',''
  ) );
#83 = ORIENTED_EDGE('',*,*,#84,.T.);
#84 = EDGE_CURVE('',#57,#85,#87,.T.);
#85 = VERTEX_POINT('',#86);
#86 = CARTESIAN_POINT('',(6.,-14.27,37.6));
#87 = SURFACE_CURVE('',#88,(#92,#99),.PCURVE_S1.);
#88 = LINE('',#89,#90);
#89 = CARTESIAN_POINT('',(6.,-14.27,34.));
#90 = VECTOR('',#91,1.);
#91 = DIRECTION('',(0.,0.,1.));
#92 = PCURVE('',#32,#93);
#93 = DEFINITIONAL_REPRESENTATION('',(#94),#98);
#94 = LINE('',#95,#96);
#95 = CARTESIAN_POINT('',(0.,-2.4));
#96 = VECTOR('',#97,1.);
#97 = DIRECTION('',(1.,0.));
#98 = ( GEOMETRIC_REPRESENTATION_CONTEXT(2) 
PARAMETRIC_REPRESENTATION_CONTEXT() REPRESENTATION_CONTEXT('2D SPACE',''
  ) );
#99 = PCURVE('',#100,#105);
#100 = PLANE('',#101);
#101 = AXIS2_PLACEMENT_3D('',#102,#103,#104);
#102 = CARTESIAN_POINT('',(6.,-14.27,34.));
#103 = DIRECTION('',(0.,1.,0.));
#104 = DIRECTION('',(0.,0.,1.));
#105 = DEFINITIONAL_REPRESENTATION('',(#106),#110);
#106 = LINE('',#107,#108);
#107 = CARTESIAN_POINT('',(0.,0.));
#108 = VECTOR('',#109,1.);
#109 = DIRECTION('',(1.,0.));
#110 = ( GEOMETRIC_REPRESENTATION_CONTEXT(2) 
PARAMETRIC_REPRESENTATION_CONTEXT() REPRESENTATION_CONTEXT('2D SPACE',''
  ) );
#111 = ORIENTED_EDGE('',*,*,#112,.T.);
#112 = EDGE_CURVE('',#85,#113,#115,.T.);
#113 = VERTEX_POINT('',#114);
#114 = CARTESIAN_POINT('',(6.,-13.57,37.6));
#115 = SURFACE_CURVE('',#116,(#120,#127),.PCURVE_S1.);
#116 = LINE('',#117,#118);
#117 = CARTESIAN_POINT('',(6.,-14.27,37.6));
#118 = VECTOR('',#119,1.);
#119 = DIRECTION('',(0.,1.,0.));
#120 = PCURVE('',#32,#121);
#121 = DEFINITIONAL_REPRESENTATION('',(#122),#126);
#122 = LINE('',#123,#124);
#123 = CARTESIAN_POINT('',(3.6,-2.4));
#124 = VECTOR('',#125,1.);
#125 = DIRECTION('',(0.,-1.));
#126 = ( GEOMETRIC_REPRESENTATION_CONTEXT(2) 
PARAMETRIC_REPRESENTATION_CONTEXT() REPRESENTATION_CONTEXT('2D SPACE',''
  ) );
#127 = PCURVE('',#128,#133);
#128 = PLANE('',#129);
#129 = AXIS2_PLACEMENT_3D('',#130,#131,#132);
#130 = CARTESIAN_POINT('',(6.,-14.27,37.6));
#131 = DIRECTION('',(0.,0.,1.));
#132 = DIRECTION('',(1.,0.,0.));
#133 = DEFINITIONAL_REPRESENTATION('',(#134),#138);
#134 = LINE('',#135,#136);
#135 = CARTESIAN_POINT('',(0.,0.));
#136 = VECTOR('',#137,1.);
#137 = DIRECTION('',(0.,1.));
#138 = ( GEOMETRIC_REPRESENTATION_CONTEXT(2) 
PARAMETRIC_REPRESENTATION_CONTEXT() REPRESENTATION_CONTEXT('2D SPACE',''
  ) );
#139 = ORIENTED_EDGE('',*,*,#140,.T.);
#140 = EDGE_CURVE('',#113,#141,#143,.T.);
#141 = VERTEX_POINT('',#142);
#142 = CARTESIAN_POINT('',(6.,-13.57,39.));
#143 = SURFACE_CURVE('',#144,(#148,#155),.PCURVE_S1.);
#144 = LINE('',#145,#146);
#145 = CARTESIAN_POINT('',(6.,-13.57,37.6));
#146 = VECTOR('',#147,1.);
#147 = DIRECTION('',(0.,0.,1.));
#148 = PCURVE('',#32,#149);
#149 = DEFINITIONAL_REPRESENTATION('',(#150),#154);
#150 = LINE('',#151,#152);
#151 = CARTESIAN_POINT('',(3.6,-3.1));
#152 = VECTOR('',#153,1.);
#153 = DIRECTION('',(1.,0.));
#154 = ( GEOMETRIC_REPRESENTATION_CONTEXT(2) 
PARAMETRIC_REPRESENTATION_CONTEXT() REPRESENTATION_CONTEXT('2D SPACE',''
  ) );
#155 = PCURVE('',#156,#161);
#156 = PLANE('',#157);
#157 = AXIS2_PLACEMENT_3D('',#158,#159,#160);
#158 = CARTESIAN_POINT('',(6.,-13.57,37.6));
#159 = DIRECTION('',(0.,1.,0.));
#160 = DIRECTION('',(0.,0.,1.));
#161 = DEFINITIONAL_REPRESENTATION('',(#162),#166);
#162 = LINE('',#163,#164);
#163 = CARTESIAN_POINT('',(0.,0.));
#164 = VECTOR('',#165,1.);
#165 = DIRECTION('',(1.,0.));
#166 = ( GEOMETRIC_REPRESENTATION_CONTEXT(2) 
PARAMETRIC_REPRESENTATION_CONTEXT() REPRESENTATION_CONTEXT('2D SPACE',''
  ) );
#167 = ORIENTED_EDGE('',*,*,#168,.F.);
#168 = EDGE_CURVE('',#169,#141,#171,.T.);
#169 = VERTEX_POINT('',#170);
#170 = CARTESIAN_POINT('',(6.,-14.27,39.));
#171 = SURFACE_CURVE('',#172,(#176,#183),.PCURVE_S1.);
#172 = LINE('',#173,#174);
#173 = CARTESIAN_POINT('',(6.,-14.27,39.));
#174 = VECTOR('',#175,1.);
#175 = DIRECTION('',(0.,1.,0.));
#176 = PCURVE('',#32,#177);
#177 = DEFINITIONAL_REPRESENTATION('',(#178),#182);
#178 = LINE('',#179,#180);
#179 = CARTESIAN_POINT('',(5.,-2.4));
#180 = VECTOR('',#181,1.);
#181 = DIRECTION('',(0.,-1.));
#182 = ( GEOMETRIC_REPRESENTATION_CONTEXT(2) 
PARAMETRIC_REPRESENTATION_CONTEXT() REPRESENTATION_CONTEXT('2D SPACE',''
  ) );
#183 = PCURVE('',#184,#189);
#184 = PLANE('',#185);
#185 = AXIS2_PLACEMENT_3D('',#186,#187,#188);
#186 = CARTESIAN_POINT('',(6.,-14.27,39.));
#187 = DIRECTION('',(0.,0.,1.));
#188 = DIRECTION('',(1.,0.,0.));
#189 = DEFINITIONAL_REPRESENTATION('',(#190),#194);
#190 = LINE('',#191,#192);
#191 = CARTESIAN_POINT('',(0.,0.));
#192 = VECTOR('',#193,1.);
#193 = DIRECTION('',(0.,1.));
#194 = ( GEOMETRIC_REPRESENTATION_CONTEXT(2) 
PARAMETRIC_REPRESENTATION_CONTEXT() REPRESENTATION_CONTEXT('2D SPACE',''
  ) );
#195 = ORIENTED_EDGE('',*,*,#196,.T.);
#196 = EDGE_CURVE('',#169,#197,#199,.T.);
#197 = VERTEX_POINT('',#198);
#198 = CARTESIAN_POINT('',(6.,-14.27,41.));
#199 = SURFACE_CURVE('',#200,(#204,#211),.PCURVE_S1.);
#200 = LINE('',#201,#202);
#201 = CARTESIAN_POINT('',(6.,-14.27,34.));
#202 = VECTOR('',#203,1.);
#203 = DIRECTION('',(0.,0.,1.));
#204 = PCURVE('',#32,#205);
#205 = DEFINITIONAL_REPRESENTATION('',(#206),#210);
#206 = LINE('',#207,#208);
#207 = CARTESIAN_POINT('',(0.,-2.4));
#208 = VECTOR('',#209,1.);
#209 = DIRECTION('',(1.,0.));
#210 = ( GEOMETRIC_REPRESENTATION_CONTEXT(2) 
PARAMETRIC_REPRESENTATION_CONTEXT() REPRESENTATION_CONTEXT('2D SPACE',''
  ) );
#211 = PCURVE('',#212,#217);
#212 = PLANE('',#213);
#213 = AXIS2_PLACEMENT_3D('',#214,#215,#216);
#214 = CARTESIAN_POINT('',(6.,-14.27,34.));
#215 = DIRECTION('',(0.,1.,0.));
#216 = DIRECTION('',(0.,0.,1.));
#217 = DEFINITIONAL_REPRESENTATION('',(#218),#222);
#218 = LINE('',#219,#220);
#219 = CARTESIAN_POINT('',(0.,0.));
#220 = VECTOR('',#221,1.);
#221 = DIRECTION('',(1.,0.));
#222 = ( GEOMETRIC_REPRESENTATION_CONTEXT(2) 
PARAMETRIC_REPRESENTATION_CONTEXT() REPRESENTATION_CONTEXT('2D SPACE',''
  ) );
#223 = ORIENTED_EDGE('',*,*,#224,.F.);
#224 = EDGE_CURVE('',#24,#197,#225,.T.);
#225 = SURFACE_CURVE('',#226,(#230,#237),.PCURVE_S1.);
#226 = LINE('',#227,#228);
#227 = CARTESIAN_POINT('',(6.,-16.67,41.));
#228 = VECTOR('',#229,1.);
#229 = DIRECTION('',(0.,1.,0.));
#230 = PCURVE('',#32,#231);
#231 = DEFINITIONAL_REPRESENTATION('',(#232),#236);
#232 = LINE('',#233,#234);
#233 = CARTESIAN_POINT('',(7.,0.));
#234 = VECTOR('',#235,1.);
#235 = DIRECTION('',(0.,-1.));
#236 = ( GEOMETRIC_REPRESENTATION_CONTEXT(2) 
PARAMETRIC_REPRESENTATION_CONTEXT() REPRESENTATION_CONTEXT('2D SPACE',''
  ) );
#237 = PCURVE('',#238,#243);
#238 = PLANE('',#239);
#239 = AXIS2_PLACEMENT_3D('',#240,#241,#242);
#240 = CARTESIAN_POINT('',(6.,-16.67,41.));
#241 = DIRECTION('',(0.,0.,1.));
#242 = DIRECTION('',(1.,0.,0.));
#243 = DEFINITIONAL_REPRESENTATION('',(#244),#248);
#244 = LINE('',#245,#246);
#245 = CARTESIAN_POINT('',(0.,0.));
#246 = VECTOR('',#247,1.);
#247 = DIRECTION('',(0.,1.));
#248 = ( GEOMETRIC_REPRESENTATION_CONTEXT(2) 
PARAMETRIC_REPRESENTATION_CONTEXT() REPRESENTATION_CONTEXT('2D SPACE',''
  ) );
#249 = ADVANCED_FACE('',(#250),#44,.F.);
#250 = FACE_BOUND('',#251,.F.);
#251 = EDGE_LOOP('',(#252,#275,#276,#299,#327,#350,#376,#402,#428,#451,
    #477,#498,#524,#547,#573,#599,#625,#648,#674,#695));
#252 = ORIENTED_EDGE('',*,*,#253,.F.);
#253 = EDGE_CURVE('',#22,#254,#256,.T.);
#254 = VERTEX_POINT('',#255);
#255 = CARTESIAN_POINT('',(9.,-16.67,34.));
#256 = SURFACE_CURVE('',#257,(#261,#268),.PCURVE_S1.);
#257 = LINE('',#258,#259);
#258 = CARTESIAN_POINT('',(6.,-16.67,34.));
#259 = VECTOR('',#260,1.);
#260 = DIRECTION('',(1.,0.,0.));
#261 = PCURVE('',#44,#262);
#262 = DEFINITIONAL_REPRESENTATION('',(#263),#267);
#263 = LINE('',#264,#265);
#264 = CARTESIAN_POINT('',(0.,0.));
#265 = VECTOR('',#266,1.);
#266 = DIRECTION('',(0.,1.));
#267 = ( GEOMETRIC_REPRESENTATION_CONTEXT(2) 
PARAMETRIC_REPRESENTATION_CONTEXT() REPRESENTATION_CONTEXT('2D SPACE',''
  ) );
#268 = PCURVE('',#72,#269);
#269 = DEFINITIONAL_REPRESENTATION('',(#270),#274);
#270 = LINE('',#271,#272);
#271 = CARTESIAN_POINT('',(0.,0.));
#272 = VECTOR('',#273,1.);
#273 = DIRECTION('',(1.,0.));
#274 = ( GEOMETRIC_REPRESENTATION_CONTEXT(2) 
PARAMETRIC_REPRESENTATION_CONTEXT() REPRESENTATION_CONTEXT('2D SPACE',''
  ) );
#275 = ORIENTED_EDGE('',*,*,#21,.T.);
#276 = ORIENTED_EDGE('',*,*,#277,.T.);
#277 = EDGE_CURVE('',#24,#278,#280,.T.);
#278 = VERTEX_POINT('',#279);
#279 = CARTESIAN_POINT('',(58.,-16.67,41.));
#280 = SURFACE_CURVE('',#281,(#285,#292),.PCURVE_S1.);
#281 = LINE('',#282,#283);
#282 = CARTESIAN_POINT('',(6.,-16.67,41.));
#283 = VECTOR('',#284,1.);
#284 = DIRECTION('',(1.,0.,0.));
#285 = PCURVE('',#44,#286);
#286 = DEFINITIONAL_REPRESENTATION('',(#287),#291);
#287 = LINE('',#288,#289);
#288 = CARTESIAN_POINT('',(7.,0.));
#289 = VECTOR('',#290,1.);
#290 = DIRECTION('',(0.,1.));
#291 = ( GEOMETRIC_REPRESENTATION_CONTEXT(2) 
PARAMETRIC_REPRESENTATION_CONTEXT() REPRESENTATION_CONTEXT('2D SPACE',''
  ) );
#292 = PCURVE('',#238,#293);
#293 = DEFINITIONAL_REPRESENTATION('',(#294),#298);
#294 = LINE('',#295,#296);
#295 = CARTESIAN_POINT('',(0.,0.));
#296 = VECTOR('',#297,1.);
#297 = DIRECTION('',(1.,0.));
#298 = ( GEOMETRIC_REPRESENTATION_CONTEXT(2) 
PARAMETRIC_REPRESENTATION_CONTEXT() REPRESENTATION_CONTEXT('2D SPACE',''
  ) );
#299 = ORIENTED_EDGE('',*,*,#300,.F.);
#300 = EDGE_CURVE('',#301,#278,#303,.T.);
#301 = VERTEX_POINT('',#302);
#302 = CARTESIAN_POINT('',(58.,-16.67,34.));
#303 = SURFACE_CURVE('',#304,(#308,#315),.PCURVE_S1.);
#304 = LINE('',#305,#306);
#305 = CARTESIAN_POINT('',(58.,-16.67,34.));
#306 = VECTOR('',#307,1.);
#307 = DIRECTION('',(0.,0.,1.));
#308 = PCURVE('',#44,#309);
#309 = DEFINITIONAL_REPRESENTATION('',(#310),#314);
#310 = LINE('',#311,#312);
#311 = CARTESIAN_POINT('',(0.,52.));
#312 = VECTOR('',#313,1.);
#313 = DIRECTION('',(1.,0.));
#314 = ( GEOMETRIC_REPRESENTATION_CONTEXT(2) 
PARAMETRIC_REPRESENTATION_CONTEXT() REPRESENTATION_CONTEXT('2D SPACE',''
  ) );
#315 = PCURVE('',#316,#321);
#316 = PLANE('',#317);
#317 = AXIS2_PLACEMENT_3D('',#318,#319,#320);
#318 = CARTESIAN_POINT('',(58.,-16.67,34.));
#319 = DIRECTION('',(1.,0.,0.));
#320 = DIRECTION('',(0.,0.,1.));
#321 = DEFINITIONAL_REPRESENTATION('',(#322),#326);
#322 = LINE('',#323,#324);
#323 = CARTESIAN_POINT('',(0.,0.));
#324 = VECTOR('',#325,1.);
#325 = DIRECTION('',(1.,0.));
#326 = ( GEOMETRIC_REPRESENTATION_CONTEXT(2) 
PARAMETRIC_REPRESENTATION_CONTEXT() REPRESENTATION_CONTEXT('2D SPACE',''
  ) );
#327 = ORIENTED_EDGE('',*,*,#328,.F.);
#328 = EDGE_CURVE('',#329,#301,#331,.T.);
#329 = VERTEX_POINT('',#330);
#330 = CARTESIAN_POINT('',(55.,-16.67,34.));
#331 = SURFACE_CURVE('',#332,(#336,#343),.PCURVE_S1.);
#332 = LINE('',#333,#334);
#333 = CARTESIAN_POINT('',(6.,-16.67,34.));
#334 = VECTOR('',#335,1.);
#335 = DIRECTION('',(1.,0.,0.));
#336 = PCURVE('',#44,#337);
#337 = DEFINITIONAL_REPRESENTATION('',(#338),#342);
#338 = LINE('',#339,#340);
#339 = CARTESIAN_POINT('',(0.,0.));
#340 = VECTOR('',#341,1.);
#341 = DIRECTION('',(0.,1.));
#342 = ( GEOMETRIC_REPRESENTATION_CONTEXT(2) 
PARAMETRIC_REPRESENTATION_CONTEXT() REPRESENTATION_CONTEXT('2D SPACE',''
  ) );
#343 = PCURVE('',#72,#344);
#344 = DEFINITIONAL_REPRESENTATION('',(#345),#349);
#345 = LINE('',#346,#347);
#346 = CARTESIAN_POINT('',(0.,0.));
#347 = VECTOR('',#348,1.);
#348 = DIRECTION('',(1.,0.));
#349 = ( GEOMETRIC_REPRESENTATION_CONTEXT(2) 
PARAMETRIC_REPRESENTATION_CONTEXT() REPRESENTATION_CONTEXT('2D SPACE',''
  ) );
#350 = ORIENTED_EDGE('',*,*,#351,.F.);
#351 = EDGE_CURVE('',#352,#329,#354,.T.);
#352 = VERTEX_POINT('',#353);
#353 = CARTESIAN_POINT('',(55.,-16.67,36.5));
#354 = SURFACE_CURVE('',#355,(#359,#365),.PCURVE_S1.);
#355 = LINE('',#356,#357);
#356 = CARTESIAN_POINT('',(55.,-16.67,34.));
#357 = VECTOR('',#358,1.);
#358 = DIRECTION('',(0.,0.,-1.));
#359 = PCURVE('',#44,#360);
#360 = DEFINITIONAL_REPRESENTATION('',(#361),#364);
#361 = B_SPLINE_CURVE_WITH_KNOTS('',1,(#362,#363),.UNSPECIFIED.,.F.,.F.,
  (2,2),(-2.5,0.),.PIECEWISE_BEZIER_KNOTS.);
#362 = CARTESIAN_POINT('',(2.5,49.));
#363 = CARTESIAN_POINT('',(0.,49.));
#364 = ( GEOMETRIC_REPRESENTATION_CONTEXT(2) 
PARAMETRIC_REPRESENTATION_CONTEXT() REPRESENTATION_CONTEXT('2D SPACE',''
  ) );
#365 = PCURVE('',#366,#371);
#366 = PLANE('',#367);
#367 = AXIS2_PLACEMENT_3D('',#368,#369,#370);
#368 = CARTESIAN_POINT('',(55.,-23.27,34.));
#369 = DIRECTION('',(1.,0.,0.));
#370 = DIRECTION('',(0.,0.,1.));
#371 = DEFINITIONAL_REPRESENTATION('',(#372),#375);
#372 = B_SPLINE_CURVE_WITH_KNOTS('',1,(#373,#374),.UNSPECIFIED.,.F.,.F.,
  (2,2),(-2.5,0.),.PIECEWISE_BEZIER_KNOTS.);
#373 = CARTESIAN_POINT('',(2.5,-6.6));
#374 = CARTESIAN_POINT('',(0.,-6.6));
#375 = ( GEOMETRIC_REPRESENTATION_CONTEXT(2) 
PARAMETRIC_REPRESENTATION_CONTEXT() REPRESENTATION_CONTEXT('2D SPACE',''
  ) );
#376 = ORIENTED_EDGE('',*,*,#377,.F.);
#377 = EDGE_CURVE('',#378,#352,#380,.T.);
#378 = VERTEX_POINT('',#379);
#379 = CARTESIAN_POINT('',(52.077032961427,-16.67,36.5));
#380 = SURFACE_CURVE('',#381,(#385,#391),.PCURVE_S1.);
#381 = LINE('',#382,#383);
#382 = CARTESIAN_POINT('',(26.5,-16.67,36.5));
#383 = VECTOR('',#384,1.);
#384 = DIRECTION('',(1.,0.,0.));
#385 = PCURVE('',#44,#386);
#386 = DEFINITIONAL_REPRESENTATION('',(#387),#390);
#387 = B_SPLINE_CURVE_WITH_KNOTS('',1,(#388,#389),.UNSPECIFIED.,.F.,.F.,
  (2,2),(20.5,28.5),.PIECEWISE_BEZIER_KNOTS.);
#388 = CARTESIAN_POINT('',(2.5,41.));
#389 = CARTESIAN_POINT('',(2.5,49.));
#390 = ( GEOMETRIC_REPRESENTATION_CONTEXT(2) 
PARAMETRIC_REPRESENTATION_CONTEXT() REPRESENTATION_CONTEXT('2D SPACE',''
  ) );
#391 = PCURVE('',#392,#397);
#392 = PLANE('',#393);
#393 = AXIS2_PLACEMENT_3D('',#394,#395,#396);
#394 = CARTESIAN_POINT('',(47.,-23.27,36.5));
#395 = DIRECTION('',(0.,0.,1.));
#396 = DIRECTION('',(1.,0.,0.));
#397 = DEFINITIONAL_REPRESENTATION('',(#398),#401);
#398 = B_SPLINE_CURVE_WITH_KNOTS('',1,(#399,#400),.UNSPECIFIED.,.F.,.F.,
  (2,2),(20.5,28.5),.PIECEWISE_BEZIER_KNOTS.);
#399 = CARTESIAN_POINT('',(0.,6.6));
#400 = CARTESIAN_POINT('',(8.,6.6));
#401 = ( GEOMETRIC_REPRESENTATION_CONTEXT(2) 
PARAMETRIC_REPRESENTATION_CONTEXT() REPRESENTATION_CONTEXT('2D SPACE',''
  ) );
#402 = ORIENTED_EDGE('',*,*,#403,.F.);
#403 = EDGE_CURVE('',#404,#378,#406,.T.);
#404 = VERTEX_POINT('',#405);
#405 = CARTESIAN_POINT('',(52.077032961427,-16.67,34.));
#406 = SURFACE_CURVE('',#407,(#411,#417),.PCURVE_S1.);
#407 = LINE('',#408,#409);
#408 = CARTESIAN_POINT('',(52.077032961427,-16.67,33.));
#409 = VECTOR('',#410,1.);
#410 = DIRECTION('',(0.,0.,1.));
#411 = PCURVE('',#44,#412);
#412 = DEFINITIONAL_REPRESENTATION('',(#413),#416);
#413 = B_SPLINE_CURVE_WITH_KNOTS('',1,(#414,#415),.UNSPECIFIED.,.F.,.F.,
  (2,2),(0.9999994,3.5000006),.PIECEWISE_BEZIER_KNOTS.);
#414 = CARTESIAN_POINT('',(-5.999999999062E-07,46.077032961427));
#415 = CARTESIAN_POINT('',(2.5000006,46.077032961427));
#416 = ( GEOMETRIC_REPRESENTATION_CONTEXT(2) 
PARAMETRIC_REPRESENTATION_CONTEXT() REPRESENTATION_CONTEXT('2D SPACE',''
  ) );
#417 = PCURVE('',#418,#423);
#418 = CYLINDRICAL_SURFACE('',#419,1.65);
#419 = AXIS2_PLACEMENT_3D('',#420,#421,#422);
#420 = CARTESIAN_POINT('',(51.,-17.92,33.));
#421 = DIRECTION('',(0.,0.,1.));
#422 = DIRECTION('',(1.,0.,-0.));
#423 = DEFINITIONAL_REPRESENTATION('',(#424),#427);
#424 = B_SPLINE_CURVE_WITH_KNOTS('',1,(#425,#426),.UNSPECIFIED.,.F.,.F.,
  (2,2),(0.9999994,3.5000006),.PIECEWISE_BEZIER_KNOTS.);
#425 = CARTESIAN_POINT('',(0.859591160834,0.9999994));
#426 = CARTESIAN_POINT('',(0.859591160834,3.5000006));
#427 = ( GEOMETRIC_REPRESENTATION_CONTEXT(2) 
PARAMETRIC_REPRESENTATION_CONTEXT() REPRESENTATION_CONTEXT('2D SPACE',''
  ) );
#428 = ORIENTED_EDGE('',*,*,#429,.F.);
#429 = EDGE_CURVE('',#430,#404,#432,.T.);
#430 = VERTEX_POINT('',#431);
#431 = CARTESIAN_POINT('',(49.922967038573,-16.67,34.));
#432 = SURFACE_CURVE('',#433,(#437,#444),.PCURVE_S1.);
#433 = LINE('',#434,#435);
#434 = CARTESIAN_POINT('',(6.,-16.67,34.));
#435 = VECTOR('',#436,1.);
#436 = DIRECTION('',(1.,0.,0.));
#437 = PCURVE('',#44,#438);
#438 = DEFINITIONAL_REPRESENTATION('',(#439),#443);
#439 = LINE('',#440,#441);
#440 = CARTESIAN_POINT('',(0.,0.));
#441 = VECTOR('',#442,1.);
#442 = DIRECTION('',(0.,1.));
#443 = ( GEOMETRIC_REPRESENTATION_CONTEXT(2) 
PARAMETRIC_REPRESENTATION_CONTEXT() REPRESENTATION_CONTEXT('2D SPACE',''
  ) );
#444 = PCURVE('',#72,#445);
#445 = DEFINITIONAL_REPRESENTATION('',(#446),#450);
#446 = LINE('',#447,#448);
#447 = CARTESIAN_POINT('',(0.,0.));
#448 = VECTOR('',#449,1.);
#449 = DIRECTION('',(1.,0.));
#450 = ( GEOMETRIC_REPRESENTATION_CONTEXT(2) 
PARAMETRIC_REPRESENTATION_CONTEXT() REPRESENTATION_CONTEXT('2D SPACE',''
  ) );
#451 = ORIENTED_EDGE('',*,*,#452,.T.);
#452 = EDGE_CURVE('',#430,#453,#455,.T.);
#453 = VERTEX_POINT('',#454);
#454 = CARTESIAN_POINT('',(49.922967038573,-16.67,36.5));
#455 = SURFACE_CURVE('',#456,(#460,#466),.PCURVE_S1.);
#456 = LINE('',#457,#458);
#457 = CARTESIAN_POINT('',(49.922967038573,-16.67,33.));
#458 = VECTOR('',#459,1.);
#459 = DIRECTION('',(0.,0.,1.));
#460 = PCURVE('',#44,#461);
#461 = DEFINITIONAL_REPRESENTATION('',(#462),#465);
#462 = B_SPLINE_CURVE_WITH_KNOTS('',1,(#463,#464),.UNSPECIFIED.,.F.,.F.,
  (2,2),(0.9999994,3.5000006),.PIECEWISE_BEZIER_KNOTS.);
#463 = CARTESIAN_POINT('',(-5.999999999062E-07,43.922967038573));
#464 = CARTESIAN_POINT('',(2.5000006,43.922967038573));
#465 = ( GEOMETRIC_REPRESENTATION_CONTEXT(2) 
PARAMETRIC_REPRESENTATION_CONTEXT() REPRESENTATION_CONTEXT('2D SPACE',''
  ) );
#466 = PCURVE('',#467,#472);
#467 = CYLINDRICAL_SURFACE('',#468,1.65);
#468 = AXIS2_PLACEMENT_3D('',#469,#470,#471);
#469 = CARTESIAN_POINT('',(51.,-17.92,33.));
#470 = DIRECTION('',(0.,0.,1.));
#471 = DIRECTION('',(1.,0.,-0.));
#472 = DEFINITIONAL_REPRESENTATION('',(#473),#476);
#473 = B_SPLINE_CURVE_WITH_KNOTS('',1,(#474,#475),.UNSPECIFIED.,.F.,.F.,
  (2,2),(0.9999994,3.5000006),.PIECEWISE_BEZIER_KNOTS.);
#474 = CARTESIAN_POINT('',(2.282001492756,0.9999994));
#475 = CARTESIAN_POINT('',(2.282001492756,3.5000006));
#476 = ( GEOMETRIC_REPRESENTATION_CONTEXT(2) 
PARAMETRIC_REPRESENTATION_CONTEXT() REPRESENTATION_CONTEXT('2D SPACE',''
  ) );
#477 = ORIENTED_EDGE('',*,*,#478,.F.);
#478 = EDGE_CURVE('',#479,#453,#481,.T.);
#479 = VERTEX_POINT('',#480);
#480 = CARTESIAN_POINT('',(47.,-16.67,36.5));
#481 = SURFACE_CURVE('',#482,(#486,#492),.PCURVE_S1.);
#482 = LINE('',#483,#484);
#483 = CARTESIAN_POINT('',(26.5,-16.67,36.5));
#484 = VECTOR('',#485,1.);
#485 = DIRECTION('',(1.,0.,0.));
#486 = PCURVE('',#44,#487);
#487 = DEFINITIONAL_REPRESENTATION('',(#488),#491);
#488 = B_SPLINE_CURVE_WITH_KNOTS('',1,(#489,#490),.UNSPECIFIED.,.F.,.F.,
  (2,2),(20.5,28.5),.PIECEWISE_BEZIER_KNOTS.);
#489 = CARTESIAN_POINT('',(2.5,41.));
#490 = CARTESIAN_POINT('',(2.5,49.));
#491 = ( GEOMETRIC_REPRESENTATION_CONTEXT(2) 
PARAMETRIC_REPRESENTATION_CONTEXT() REPRESENTATION_CONTEXT('2D SPACE',''
  ) );
#492 = PCURVE('',#392,#493);
#493 = DEFINITIONAL_REPRESENTATION('',(#494),#497);
#494 = B_SPLINE_CURVE_WITH_KNOTS('',1,(#495,#496),.UNSPECIFIED.,.F.,.F.,
  (2,2),(20.5,28.5),.PIECEWISE_BEZIER_KNOTS.);
#495 = CARTESIAN_POINT('',(0.,6.6));
#496 = CARTESIAN_POINT('',(8.,6.6));
#497 = ( GEOMETRIC_REPRESENTATION_CONTEXT(2) 
PARAMETRIC_REPRESENTATION_CONTEXT() REPRESENTATION_CONTEXT('2D SPACE',''
  ) );
#498 = ORIENTED_EDGE('',*,*,#499,.T.);
#499 = EDGE_CURVE('',#479,#500,#502,.T.);
#500 = VERTEX_POINT('',#501);
#501 = CARTESIAN_POINT('',(47.,-16.67,34.));
#502 = SURFACE_CURVE('',#503,(#507,#513),.PCURVE_S1.);
#503 = LINE('',#504,#505);
#504 = CARTESIAN_POINT('',(47.,-16.67,34.));
#505 = VECTOR('',#506,1.);
#506 = DIRECTION('',(0.,0.,-1.));
#507 = PCURVE('',#44,#508);
#508 = DEFINITIONAL_REPRESENTATION('',(#509),#512);
#509 = B_SPLINE_CURVE_WITH_KNOTS('',1,(#510,#511),.UNSPECIFIED.,.F.,.F.,
  (2,2),(-2.5,0.),.PIECEWISE_BEZIER_KNOTS.);
#510 = CARTESIAN_POINT('',(2.5,41.));
#511 = CARTESIAN_POINT('',(0.,41.));
#512 = ( GEOMETRIC_REPRESENTATION_CONTEXT(2) 
PARAMETRIC_REPRESENTATION_CONTEXT() REPRESENTATION_CONTEXT('2D SPACE',''
  ) );
#513 = PCURVE('',#514,#519);
#514 = PLANE('',#515);
#515 = AXIS2_PLACEMENT_3D('',#516,#517,#518);
#516 = CARTESIAN_POINT('',(47.,-23.27,34.));
#517 = DIRECTION('',(1.,0.,0.));
#518 = DIRECTION('',(0.,0.,1.));
#519 = DEFINITIONAL_REPRESENTATION('',(#520),#523);
#520 = B_SPLINE_CURVE_WITH_KNOTS('',1,(#521,#522),.UNSPECIFIED.,.F.,.F.,
  (2,2),(-2.5,0.),.PIECEWISE_BEZIER_KNOTS.);
#521 = CARTESIAN_POINT('',(2.5,-6.6));
#522 = CARTESIAN_POINT('',(0.,-6.6));
#523 = ( GEOMETRIC_REPRESENTATION_CONTEXT(2) 
PARAMETRIC_REPRESENTATION_CONTEXT() REPRESENTATION_CONTEXT('2D SPACE',''
  ) );
#524 = ORIENTED_EDGE('',*,*,#525,.F.);
#525 = EDGE_CURVE('',#526,#500,#528,.T.);
#526 = VERTEX_POINT('',#527);
#527 = CARTESIAN_POINT('',(17.,-16.67,34.));
#528 = SURFACE_CURVE('',#529,(#533,#540),.PCURVE_S1.);
#529 = LINE('',#530,#531);
#530 = CARTESIAN_POINT('',(6.,-16.67,34.));
#531 = VECTOR('',#532,1.);
#532 = DIRECTION('',(1.,0.,0.));
#533 = PCURVE('',#44,#534);
#534 = DEFINITIONAL_REPRESENTATION('',(#535),#539);
#535 = LINE('',#536,#537);
#536 = CARTESIAN_POINT('',(0.,0.));
#537 = VECTOR('',#538,1.);
#538 = DIRECTION('',(0.,1.));
#539 = ( GEOMETRIC_REPRESENTATION_CONTEXT(2) 
PARAMETRIC_REPRESENTATION_CONTEXT() REPRESENTATION_CONTEXT('2D SPACE',''
  ) );
#540 = PCURVE('',#72,#541);
#541 = DEFINITIONAL_REPRESENTATION('',(#542),#546);
#542 = LINE('',#543,#544);
#543 = CARTESIAN_POINT('',(0.,0.));
#544 = VECTOR('',#545,1.);
#545 = DIRECTION('',(1.,0.));
#546 = ( GEOMETRIC_REPRESENTATION_CONTEXT(2) 
PARAMETRIC_REPRESENTATION_CONTEXT() REPRESENTATION_CONTEXT('2D SPACE',''
  ) );
#547 = ORIENTED_EDGE('',*,*,#548,.F.);
#548 = EDGE_CURVE('',#549,#526,#551,.T.);
#549 = VERTEX_POINT('',#550);
#550 = CARTESIAN_POINT('',(17.,-16.67,36.5));
#551 = SURFACE_CURVE('',#552,(#556,#562),.PCURVE_S1.);
#552 = LINE('',#553,#554);
#553 = CARTESIAN_POINT('',(17.,-16.67,34.));
#554 = VECTOR('',#555,1.);
#555 = DIRECTION('',(0.,0.,-1.));
#556 = PCURVE('',#44,#557);
#557 = DEFINITIONAL_REPRESENTATION('',(#558),#561);
#558 = B_SPLINE_CURVE_WITH_KNOTS('',1,(#559,#560),.UNSPECIFIED.,.F.,.F.,
  (2,2),(-2.5,0.),.PIECEWISE_BEZIER_KNOTS.);
#559 = CARTESIAN_POINT('',(2.5,11.));
#560 = CARTESIAN_POINT('',(0.,11.));
#561 = ( GEOMETRIC_REPRESENTATION_CONTEXT(2) 
PARAMETRIC_REPRESENTATION_CONTEXT() REPRESENTATION_CONTEXT('2D SPACE',''
  ) );
#562 = PCURVE('',#563,#568);
#563 = PLANE('',#564);
#564 = AXIS2_PLACEMENT_3D('',#565,#566,#567);
#565 = CARTESIAN_POINT('',(17.,-23.27,34.));
#566 = DIRECTION('',(1.,0.,0.));
#567 = DIRECTION('',(0.,0.,1.));
#568 = DEFINITIONAL_REPRESENTATION('',(#569),#572);
#569 = B_SPLINE_CURVE_WITH_KNOTS('',1,(#570,#571),.UNSPECIFIED.,.F.,.F.,
  (2,2),(-2.5,0.),.PIECEWISE_BEZIER_KNOTS.);
#570 = CARTESIAN_POINT('',(2.5,-6.6));
#571 = CARTESIAN_POINT('',(0.,-6.6));
#572 = ( GEOMETRIC_REPRESENTATION_CONTEXT(2) 
PARAMETRIC_REPRESENTATION_CONTEXT() REPRESENTATION_CONTEXT('2D SPACE',''
  ) );
#573 = ORIENTED_EDGE('',*,*,#574,.F.);
#574 = EDGE_CURVE('',#575,#549,#577,.T.);
#575 = VERTEX_POINT('',#576);
#576 = CARTESIAN_POINT('',(14.077032961427,-16.67,36.5));
#577 = SURFACE_CURVE('',#578,(#582,#588),.PCURVE_S1.);
#578 = LINE('',#579,#580);
#579 = CARTESIAN_POINT('',(7.5,-16.67,36.5));
#580 = VECTOR('',#581,1.);
#581 = DIRECTION('',(1.,0.,0.));
#582 = PCURVE('',#44,#583);
#583 = DEFINITIONAL_REPRESENTATION('',(#584),#587);
#584 = B_SPLINE_CURVE_WITH_KNOTS('',1,(#585,#586),.UNSPECIFIED.,.F.,.F.,
  (2,2),(1.5,9.5),.PIECEWISE_BEZIER_KNOTS.);
#585 = CARTESIAN_POINT('',(2.5,3.));
#586 = CARTESIAN_POINT('',(2.5,11.));
#587 = ( GEOMETRIC_REPRESENTATION_CONTEXT(2) 
PARAMETRIC_REPRESENTATION_CONTEXT() REPRESENTATION_CONTEXT('2D SPACE',''
  ) );
#588 = PCURVE('',#589,#594);
#589 = PLANE('',#590);
#590 = AXIS2_PLACEMENT_3D('',#591,#592,#593);
#591 = CARTESIAN_POINT('',(9.,-23.27,36.5));
#592 = DIRECTION('',(0.,0.,1.));
#593 = DIRECTION('',(1.,0.,0.));
#594 = DEFINITIONAL_REPRESENTATION('',(#595),#598);
#595 = B_SPLINE_CURVE_WITH_KNOTS('',1,(#596,#597),.UNSPECIFIED.,.F.,.F.,
  (2,2),(1.5,9.5),.PIECEWISE_BEZIER_KNOTS.);
#596 = CARTESIAN_POINT('',(0.,6.6));
#597 = CARTESIAN_POINT('',(8.,6.6));
#598 = ( GEOMETRIC_REPRESENTATION_CONTEXT(2) 
PARAMETRIC_REPRESENTATION_CONTEXT() REPRESENTATION_CONTEXT('2D SPACE',''
  ) );
#599 = ORIENTED_EDGE('',*,*,#600,.F.);
#600 = EDGE_CURVE('',#601,#575,#603,.T.);
#601 = VERTEX_POINT('',#602);
#602 = CARTESIAN_POINT('',(14.077032961427,-16.67,34.));
#603 = SURFACE_CURVE('',#604,(#608,#614),.PCURVE_S1.);
#604 = LINE('',#605,#606);
#605 = CARTESIAN_POINT('',(14.077032961427,-16.67,33.));
#606 = VECTOR('',#607,1.);
#607 = DIRECTION('',(0.,0.,1.));
#608 = PCURVE('',#44,#609);
#609 = DEFINITIONAL_REPRESENTATION('',(#610),#613);
#610 = B_SPLINE_CURVE_WITH_KNOTS('',1,(#611,#612),.UNSPECIFIED.,.F.,.F.,
  (2,2),(0.9999994,3.5000006),.PIECEWISE_BEZIER_KNOTS.);
#611 = CARTESIAN_POINT('',(-5.999999999062E-07,8.077032961427));
#612 = CARTESIAN_POINT('',(2.5000006,8.077032961427));
#613 = ( GEOMETRIC_REPRESENTATION_CONTEXT(2) 
PARAMETRIC_REPRESENTATION_CONTEXT() REPRESENTATION_CONTEXT('2D SPACE',''
  ) );
#614 = PCURVE('',#615,#620);
#615 = CYLINDRICAL_SURFACE('',#616,1.65);
#616 = AXIS2_PLACEMENT_3D('',#617,#618,#619);
#617 = CARTESIAN_POINT('',(13.,-17.92,33.));
#618 = DIRECTION('',(0.,0.,1.));
#619 = DIRECTION('',(1.,0.,-0.));
#620 = DEFINITIONAL_REPRESENTATION('',(#621),#624);
#621 = B_SPLINE_CURVE_WITH_KNOTS('',1,(#622,#623),.UNSPECIFIED.,.F.,.F.,
  (2,2),(0.9999994,3.5000006),.PIECEWISE_BEZIER_KNOTS.);
#622 = CARTESIAN_POINT('',(0.859591160834,0.9999994));
#623 = CARTESIAN_POINT('',(0.859591160834,3.5000006));
#624 = ( GEOMETRIC_REPRESENTATION_CONTEXT(2) 
PARAMETRIC_REPRESENTATION_CONTEXT() REPRESENTATION_CONTEXT('2D SPACE',''
  ) );
#625 = ORIENTED_EDGE('',*,*,#626,.F.);
#626 = EDGE_CURVE('',#627,#601,#629,.T.);
#627 = VERTEX_POINT('',#628);
#628 = CARTESIAN_POINT('',(11.922967038573,-16.67,34.));
#629 = SURFACE_CURVE('',#630,(#634,#641),.PCURVE_S1.);
#630 = LINE('',#631,#632);
#631 = CARTESIAN_POINT('',(6.,-16.67,34.));
#632 = VECTOR('',#633,1.);
#633 = DIRECTION('',(1.,0.,0.));
#634 = PCURVE('',#44,#635);
#635 = DEFINITIONAL_REPRESENTATION('',(#636),#640);
#636 = LINE('',#637,#638);
#637 = CARTESIAN_POINT('',(0.,0.));
#638 = VECTOR('',#639,1.);
#639 = DIRECTION('',(0.,1.));
#640 = ( GEOMETRIC_REPRESENTATION_CONTEXT(2) 
PARAMETRIC_REPRESENTATION_CONTEXT() REPRESENTATION_CONTEXT('2D SPACE',''
  ) );
#641 = PCURVE('',#72,#642);
#642 = DEFINITIONAL_REPRESENTATION('',(#643),#647);
#643 = LINE('',#644,#645);
#644 = CARTESIAN_POINT('',(0.,0.));
#645 = VECTOR('',#646,1.);
#646 = DIRECTION('',(1.,0.));
#647 = ( GEOMETRIC_REPRESENTATION_CONTEXT(2) 
PARAMETRIC_REPRESENTATION_CONTEXT() REPRESENTATION_CONTEXT('2D SPACE',''
  ) );
#648 = ORIENTED_EDGE('',*,*,#649,.T.);
#649 = EDGE_CURVE('',#627,#650,#652,.T.);
#650 = VERTEX_POINT('',#651);
#651 = CARTESIAN_POINT('',(11.922967038573,-16.67,36.5));
#652 = SURFACE_CURVE('',#653,(#657,#663),.PCURVE_S1.);
#653 = LINE('',#654,#655);
#654 = CARTESIAN_POINT('',(11.922967038573,-16.67,33.));
#655 = VECTOR('',#656,1.);
#656 = DIRECTION('',(0.,0.,1.));
#657 = PCURVE('',#44,#658);
#658 = DEFINITIONAL_REPRESENTATION('',(#659),#662);
#659 = B_SPLINE_CURVE_WITH_KNOTS('',1,(#660,#661),.UNSPECIFIED.,.F.,.F.,
  (2,2),(0.9999994,3.5000006),.PIECEWISE_BEZIER_KNOTS.);
#660 = CARTESIAN_POINT('',(-5.999999999062E-07,5.922967038573));
#661 = CARTESIAN_POINT('',(2.5000006,5.922967038573));
#662 = ( GEOMETRIC_REPRESENTATION_CONTEXT(2) 
PARAMETRIC_REPRESENTATION_CONTEXT() REPRESENTATION_CONTEXT('2D SPACE',''
  ) );
#663 = PCURVE('',#664,#669);
#664 = CYLINDRICAL_SURFACE('',#665,1.65);
#665 = AXIS2_PLACEMENT_3D('',#666,#667,#668);
#666 = CARTESIAN_POINT('',(13.,-17.92,33.));
#667 = DIRECTION('',(0.,0.,1.));
#668 = DIRECTION('',(1.,0.,-0.));
#669 = DEFINITIONAL_REPRESENTATION('',(#670),#673);
#670 = B_SPLINE_CURVE_WITH_KNOTS('',1,(#671,#672),.UNSPECIFIED.,.F.,.F.,
  (2,2),(0.9999994,3.5000006),.PIECEWISE_BEZIER_KNOTS.);
#671 = CARTESIAN_POINT('',(2.282001492756,0.9999994));
#672 = CARTESIAN_POINT('',(2.282001492756,3.5000006));
#673 = ( GEOMETRIC_REPRESENTATION_CONTEXT(2) 
PARAMETRIC_REPRESENTATION_CONTEXT() REPRESENTATION_CONTEXT('2D SPACE',''
  ) );
#674 = ORIENTED_EDGE('',*,*,#675,.F.);
#675 = EDGE_CURVE('',#676,#650,#678,.T.);
#676 = VERTEX_POINT('',#677);
#677 = CARTESIAN_POINT('',(9.,-16.67,36.5));
#678 = SURFACE_CURVE('',#679,(#683,#689),.PCURVE_S1.);
#679 = LINE('',#680,#681);
#680 = CARTESIAN_POINT('',(7.5,-16.67,36.5));
#681 = VECTOR('',#682,1.);
#682 = DIRECTION('',(1.,0.,0.));
#683 = PCURVE('',#44,#684);
#684 = DEFINITIONAL_REPRESENTATION('',(#685),#688);
#685 = B_SPLINE_CURVE_WITH_KNOTS('',1,(#686,#687),.UNSPECIFIED.,.F.,.F.,
  (2,2),(1.5,9.5),.PIECEWISE_BEZIER_KNOTS.);
#686 = CARTESIAN_POINT('',(2.5,3.));
#687 = CARTESIAN_POINT('',(2.5,11.));
#688 = ( GEOMETRIC_REPRESENTATION_CONTEXT(2) 
PARAMETRIC_REPRESENTATION_CONTEXT() REPRESENTATION_CONTEXT('2D SPACE',''
  ) );
#689 = PCURVE('',#589,#690);
#690 = DEFINITIONAL_REPRESENTATION('',(#691),#694);
#691 = B_SPLINE_CURVE_WITH_KNOTS('',1,(#692,#693),.UNSPECIFIED.,.F.,.F.,
  (2,2),(1.5,9.5),.PIECEWISE_BEZIER_KNOTS.);
#692 = CARTESIAN_POINT('',(0.,6.6));
#693 = CARTESIAN_POINT('',(8.,6.6));
#694 = ( GEOMETRIC_REPRESENTATION_CONTEXT(2) 
PARAMETRIC_REPRESENTATION_CONTEXT() REPRESENTATION_CONTEXT('2D SPACE',''
  ) );
#695 = ORIENTED_EDGE('',*,*,#696,.T.);
#696 = EDGE_CURVE('',#676,#254,#697,.T.);
#697 = SURFACE_CURVE('',#698,(#702,#708),.PCURVE_S1.);
#698 = LINE('',#699,#700);
#699 = CARTESIAN_POINT('',(9.,-16.67,34.));
#700 = VECTOR('',#701,1.);
#701 = DIRECTION('',(0.,0.,-1.));
#702 = PCURVE('',#44,#703);
#703 = DEFINITIONAL_REPRESENTATION('',(#704),#707);
#704 = B_SPLINE_CURVE_WITH_KNOTS('',1,(#705,#706),.UNSPECIFIED.,.F.,.F.,
  (2,2),(-2.5,0.),.PIECEWISE_BEZIER_KNOTS.);
#705 = CARTESIAN_POINT('',(2.5,3.));
#706 = CARTESIAN_POINT('',(0.,3.));
#707 = ( GEOMETRIC_REPRESENTATION_CONTEXT(2) 
PARAMETRIC_REPRESENTATION_CONTEXT() REPRESENTATION_CONTEXT('2D SPACE',''
  ) );
#708 = PCURVE('',#709,#714);
#709 = PLANE('',#710);
#710 = AXIS2_PLACEMENT_3D('',#711,#712,#713);
#711 = CARTESIAN_POINT('',(9.,-23.27,34.));
#712 = DIRECTION('',(1.,0.,0.));
#713 = DIRECTION('',(0.,0.,1.));
#714 = DEFINITIONAL_REPRESENTATION('',(#715),#718);
#715 = B_SPLINE_CURVE_WITH_KNOTS('',1,(#716,#717),.UNSPECIFIED.,.F.,.F.,
  (2,2),(-2.5,0.),.PIECEWISE_BEZIER_KNOTS.);
#716 = CARTESIAN_POINT('',(2.5,-6.6));
#717 = CARTESIAN_POINT('',(0.,-6.6));
#718 = ( GEOMETRIC_REPRESENTATION_CONTEXT(2) 
PARAMETRIC_REPRESENTATION_CONTEXT() REPRESENTATION_CONTEXT('2D SPACE',''
  ) );
#719 = ADVANCED_FACE('',(#720,#914,#1046),#72,.F.);
#720 = FACE_BOUND('',#721,.F.);
#721 = EDGE_LOOP('',(#722,#745,#746,#747,#770,#798,#819,#820,#843,#871,
    #892,#893));
#722 = ORIENTED_EDGE('',*,*,#723,.F.);
#723 = EDGE_CURVE('',#57,#724,#726,.T.);
#724 = VERTEX_POINT('',#725);
#725 = CARTESIAN_POINT('',(58.,-14.27,34.));
#726 = SURFACE_CURVE('',#727,(#731,#738),.PCURVE_S1.);
#727 = LINE('',#728,#729);
#728 = CARTESIAN_POINT('',(6.,-14.27,34.));
#729 = VECTOR('',#730,1.);
#730 = DIRECTION('',(1.,0.,0.));
#731 = PCURVE('',#72,#732);
#732 = DEFINITIONAL_REPRESENTATION('',(#733),#737);
#733 = LINE('',#734,#735);
#734 = CARTESIAN_POINT('',(0.,2.4));
#735 = VECTOR('',#736,1.);
#736 = DIRECTION('',(1.,0.));
#737 = ( GEOMETRIC_REPRESENTATION_CONTEXT(2) 
PARAMETRIC_REPRESENTATION_CONTEXT() REPRESENTATION_CONTEXT('2D SPACE',''
  ) );
#738 = PCURVE('',#100,#739);
#739 = DEFINITIONAL_REPRESENTATION('',(#740),#744);
#740 = LINE('',#741,#742);
#741 = CARTESIAN_POINT('',(0.,0.));
#742 = VECTOR('',#743,1.);
#743 = DIRECTION('',(0.,1.));
#744 = ( GEOMETRIC_REPRESENTATION_CONTEXT(2) 
PARAMETRIC_REPRESENTATION_CONTEXT() REPRESENTATION_CONTEXT('2D SPACE',''
  ) );
#745 = ORIENTED_EDGE('',*,*,#56,.F.);
#746 = ORIENTED_EDGE('',*,*,#253,.T.);
#747 = ORIENTED_EDGE('',*,*,#748,.F.);
#748 = EDGE_CURVE('',#749,#254,#751,.T.);
#749 = VERTEX_POINT('',#750);
#750 = CARTESIAN_POINT('',(9.,-23.27,34.));
#751 = SURFACE_CURVE('',#752,(#756,#763),.PCURVE_S1.);
#752 = LINE('',#753,#754);
#753 = CARTESIAN_POINT('',(9.,-23.27,34.));
#754 = VECTOR('',#755,1.);
#755 = DIRECTION('',(0.,1.,0.));
#756 = PCURVE('',#72,#757);
#757 = DEFINITIONAL_REPRESENTATION('',(#758),#762);
#758 = LINE('',#759,#760);
#759 = CARTESIAN_POINT('',(3.,-6.6));
#760 = VECTOR('',#761,1.);
#761 = DIRECTION('',(0.,1.));
#762 = ( GEOMETRIC_REPRESENTATION_CONTEXT(2) 
PARAMETRIC_REPRESENTATION_CONTEXT() REPRESENTATION_CONTEXT('2D SPACE',''
  ) );
#763 = PCURVE('',#709,#764);
#764 = DEFINITIONAL_REPRESENTATION('',(#765),#769);
#765 = LINE('',#766,#767);
#766 = CARTESIAN_POINT('',(0.,0.));
#767 = VECTOR('',#768,1.);
#768 = DIRECTION('',(0.,-1.));
#769 = ( GEOMETRIC_REPRESENTATION_CONTEXT(2) 
PARAMETRIC_REPRESENTATION_CONTEXT() REPRESENTATION_CONTEXT('2D SPACE',''
  ) );
#770 = ORIENTED_EDGE('',*,*,#771,.T.);
#771 = EDGE_CURVE('',#749,#772,#774,.T.);
#772 = VERTEX_POINT('',#773);
#773 = CARTESIAN_POINT('',(17.,-23.27,34.));
#774 = SURFACE_CURVE('',#775,(#779,#786),.PCURVE_S1.);
#775 = LINE('',#776,#777);
#776 = CARTESIAN_POINT('',(9.,-23.27,34.));
#777 = VECTOR('',#778,1.);
#778 = DIRECTION('',(1.,0.,0.));
#779 = PCURVE('',#72,#780);
#780 = DEFINITIONAL_REPRESENTATION('',(#781),#785);
#781 = LINE('',#782,#783);
#782 = CARTESIAN_POINT('',(3.,-6.6));
#783 = VECTOR('',#784,1.);
#784 = DIRECTION('',(1.,0.));
#785 = ( GEOMETRIC_REPRESENTATION_CONTEXT(2) 
PARAMETRIC_REPRESENTATION_CONTEXT() REPRESENTATION_CONTEXT('2D SPACE',''
  ) );
#786 = PCURVE('',#787,#792);
#787 = PLANE('',#788);
#788 = AXIS2_PLACEMENT_3D('',#789,#790,#791);
#789 = CARTESIAN_POINT('',(9.,-23.27,34.));
#790 = DIRECTION('',(0.,1.,0.));
#791 = DIRECTION('',(0.,0.,1.));
#792 = DEFINITIONAL_REPRESENTATION('',(#793),#797);
#793 = LINE('',#794,#795);
#794 = CARTESIAN_POINT('',(0.,0.));
#795 = VECTOR('',#796,1.);
#796 = DIRECTION('',(0.,1.));
#797 = ( GEOMETRIC_REPRESENTATION_CONTEXT(2) 
PARAMETRIC_REPRESENTATION_CONTEXT() REPRESENTATION_CONTEXT('2D SPACE',''
  ) );
#798 = ORIENTED_EDGE('',*,*,#799,.T.);
#799 = EDGE_CURVE('',#772,#526,#800,.T.);
#800 = SURFACE_CURVE('',#801,(#805,#812),.PCURVE_S1.);
#801 = LINE('',#802,#803);
#802 = CARTESIAN_POINT('',(17.,-23.27,34.));
#803 = VECTOR('',#804,1.);
#804 = DIRECTION('',(0.,1.,0.));
#805 = PCURVE('',#72,#806);
#806 = DEFINITIONAL_REPRESENTATION('',(#807),#811);
#807 = LINE('',#808,#809);
#808 = CARTESIAN_POINT('',(11.,-6.6));
#809 = VECTOR('',#810,1.);
#810 = DIRECTION('',(0.,1.));
#811 = ( GEOMETRIC_REPRESENTATION_CONTEXT(2) 
PARAMETRIC_REPRESENTATION_CONTEXT() REPRESENTATION_CONTEXT('2D SPACE',''
  ) );
#812 = PCURVE('',#563,#813);
#813 = DEFINITIONAL_REPRESENTATION('',(#814),#818);
#814 = LINE('',#815,#816);
#815 = CARTESIAN_POINT('',(0.,0.));
#816 = VECTOR('',#817,1.);
#817 = DIRECTION('',(0.,-1.));
#818 = ( GEOMETRIC_REPRESENTATION_CONTEXT(2) 
PARAMETRIC_REPRESENTATION_CONTEXT() REPRESENTATION_CONTEXT('2D SPACE',''
  ) );
#819 = ORIENTED_EDGE('',*,*,#525,.T.);
#820 = ORIENTED_EDGE('',*,*,#821,.F.);
#821 = EDGE_CURVE('',#822,#500,#824,.T.);
#822 = VERTEX_POINT('',#823);
#823 = CARTESIAN_POINT('',(47.,-23.27,34.));
#824 = SURFACE_CURVE('',#825,(#829,#836),.PCURVE_S1.);
#825 = LINE('',#826,#827);
#826 = CARTESIAN_POINT('',(47.,-23.27,34.));
#827 = VECTOR('',#828,1.);
#828 = DIRECTION('',(0.,1.,0.));
#829 = PCURVE('',#72,#830);
#830 = DEFINITIONAL_REPRESENTATION('',(#831),#835);
#831 = LINE('',#832,#833);
#832 = CARTESIAN_POINT('',(41.,-6.6));
#833 = VECTOR('',#834,1.);
#834 = DIRECTION('',(0.,1.));
#835 = ( GEOMETRIC_REPRESENTATION_CONTEXT(2) 
PARAMETRIC_REPRESENTATION_CONTEXT() REPRESENTATION_CONTEXT('2D SPACE',''
  ) );
#836 = PCURVE('',#514,#837);
#837 = DEFINITIONAL_REPRESENTATION('',(#838),#842);
#838 = LINE('',#839,#840);
#839 = CARTESIAN_POINT('',(0.,0.));
#840 = VECTOR('',#841,1.);
#841 = DIRECTION('',(0.,-1.));
#842 = ( GEOMETRIC_REPRESENTATION_CONTEXT(2) 
PARAMETRIC_REPRESENTATION_CONTEXT() REPRESENTATION_CONTEXT('2D SPACE',''
  ) );
#843 = ORIENTED_EDGE('',*,*,#844,.T.);
#844 = EDGE_CURVE('',#822,#845,#847,.T.);
#845 = VERTEX_POINT('',#846);
#846 = CARTESIAN_POINT('',(55.,-23.27,34.));
#847 = SURFACE_CURVE('',#848,(#852,#859),.PCURVE_S1.);
#848 = LINE('',#849,#850);
#849 = CARTESIAN_POINT('',(47.,-23.27,34.));
#850 = VECTOR('',#851,1.);
#851 = DIRECTION('',(1.,0.,0.));
#852 = PCURVE('',#72,#853);
#853 = DEFINITIONAL_REPRESENTATION('',(#854),#858);
#854 = LINE('',#855,#856);
#855 = CARTESIAN_POINT('',(41.,-6.6));
#856 = VECTOR('',#857,1.);
#857 = DIRECTION('',(1.,0.));
#858 = ( GEOMETRIC_REPRESENTATION_CONTEXT(2) 
PARAMETRIC_REPRESENTATION_CONTEXT() REPRESENTATION_CONTEXT('2D SPACE',''
  ) );
#859 = PCURVE('',#860,#865);
#860 = PLANE('',#861);
#861 = AXIS2_PLACEMENT_3D('',#862,#863,#864);
#862 = CARTESIAN_POINT('',(47.,-23.27,34.));
#863 = DIRECTION('',(0.,1.,0.));
#864 = DIRECTION('',(0.,0.,1.));
#865 = DEFINITIONAL_REPRESENTATION('',(#866),#870);
#866 = LINE('',#867,#868);
#867 = CARTESIAN_POINT('',(0.,0.));
#868 = VECTOR('',#869,1.);
#869 = DIRECTION('',(0.,1.));
#870 = ( GEOMETRIC_REPRESENTATION_CONTEXT(2) 
PARAMETRIC_REPRESENTATION_CONTEXT() REPRESENTATION_CONTEXT('2D SPACE',''
  ) );
#871 = ORIENTED_EDGE('',*,*,#872,.T.);
#872 = EDGE_CURVE('',#845,#329,#873,.T.);
#873 = SURFACE_CURVE('',#874,(#878,#885),.PCURVE_S1.);
#874 = LINE('',#875,#876);
#875 = CARTESIAN_POINT('',(55.,-23.27,34.));
#876 = VECTOR('',#877,1.);
#877 = DIRECTION('',(0.,1.,0.));
#878 = PCURVE('',#72,#879);
#879 = DEFINITIONAL_REPRESENTATION('',(#880),#884);
#880 = LINE('',#881,#882);
#881 = CARTESIAN_POINT('',(49.,-6.6));
#882 = VECTOR('',#883,1.);
#883 = DIRECTION('',(0.,1.));
#884 = ( GEOMETRIC_REPRESENTATION_CONTEXT(2) 
PARAMETRIC_REPRESENTATION_CONTEXT() REPRESENTATION_CONTEXT('2D SPACE',''
  ) );
#885 = PCURVE('',#366,#886);
#886 = DEFINITIONAL_REPRESENTATION('',(#887),#891);
#887 = LINE('',#888,#889);
#888 = CARTESIAN_POINT('',(0.,0.));
#889 = VECTOR('',#890,1.);
#890 = DIRECTION('',(0.,-1.));
#891 = ( GEOMETRIC_REPRESENTATION_CONTEXT(2) 
PARAMETRIC_REPRESENTATION_CONTEXT() REPRESENTATION_CONTEXT('2D SPACE',''
  ) );
#892 = ORIENTED_EDGE('',*,*,#328,.T.);
#893 = ORIENTED_EDGE('',*,*,#894,.T.);
#894 = EDGE_CURVE('',#301,#724,#895,.T.);
#895 = SURFACE_CURVE('',#896,(#900,#907),.PCURVE_S1.);
#896 = LINE('',#897,#898);
#897 = CARTESIAN_POINT('',(58.,-16.67,34.));
#898 = VECTOR('',#899,1.);
#899 = DIRECTION('',(0.,1.,0.));
#900 = PCURVE('',#72,#901);
#901 = DEFINITIONAL_REPRESENTATION('',(#902),#906);
#902 = LINE('',#903,#904);
#903 = CARTESIAN_POINT('',(52.,0.));
#904 = VECTOR('',#905,1.);
#905 = DIRECTION('',(0.,1.));
#906 = ( GEOMETRIC_REPRESENTATION_CONTEXT(2) 
PARAMETRIC_REPRESENTATION_CONTEXT() REPRESENTATION_CONTEXT('2D SPACE',''
  ) );
#907 = PCURVE('',#316,#908);
#908 = DEFINITIONAL_REPRESENTATION('',(#909),#913);
#909 = LINE('',#910,#911);
#910 = CARTESIAN_POINT('',(0.,0.));
#911 = VECTOR('',#912,1.);
#912 = DIRECTION('',(0.,-1.));
#913 = ( GEOMETRIC_REPRESENTATION_CONTEXT(2) 
PARAMETRIC_REPRESENTATION_CONTEXT() REPRESENTATION_CONTEXT('2D SPACE',''
  ) );
#914 = FACE_BOUND('',#915,.F.);
#915 = EDGE_LOOP('',(#916,#940,#941,#965,#992,#1021));
#916 = ORIENTED_EDGE('',*,*,#917,.F.);
#917 = EDGE_CURVE('',#627,#918,#920,.T.);
#918 = VERTEX_POINT('',#919);
#919 = CARTESIAN_POINT('',(11.35,-17.92,34.));
#920 = SURFACE_CURVE('',#921,(#926,#933),.PCURVE_S1.);
#921 = CIRCLE('',#922,1.65);
#922 = AXIS2_PLACEMENT_3D('',#923,#924,#925);
#923 = CARTESIAN_POINT('',(13.,-17.92,34.));
#924 = DIRECTION('',(0.,0.,1.));
#925 = DIRECTION('',(1.,0.,-0.));
#926 = PCURVE('',#72,#927);
#927 = DEFINITIONAL_REPRESENTATION('',(#928),#932);
#928 = CIRCLE('',#929,1.65);
#929 = AXIS2_PLACEMENT_2D('',#930,#931);
#930 = CARTESIAN_POINT('',(7.,-1.25));
#931 = DIRECTION('',(1.,0.));
#932 = ( GEOMETRIC_REPRESENTATION_CONTEXT(2) 
PARAMETRIC_REPRESENTATION_CONTEXT() REPRESENTATION_CONTEXT('2D SPACE',''
  ) );
#933 = PCURVE('',#664,#934);
#934 = DEFINITIONAL_REPRESENTATION('',(#935),#939);
#935 = LINE('',#936,#937);
#936 = CARTESIAN_POINT('',(0.,1.));
#937 = VECTOR('',#938,1.);
#938 = DIRECTION('',(1.,0.));
#939 = ( GEOMETRIC_REPRESENTATION_CONTEXT(2) 
PARAMETRIC_REPRESENTATION_CONTEXT() REPRESENTATION_CONTEXT('2D SPACE',''
  ) );
#940 = ORIENTED_EDGE('',*,*,#626,.T.);
#941 = ORIENTED_EDGE('',*,*,#942,.F.);
#942 = EDGE_CURVE('',#943,#601,#945,.T.);
#943 = VERTEX_POINT('',#944);
#944 = CARTESIAN_POINT('',(14.65,-17.92,34.));
#945 = SURFACE_CURVE('',#946,(#951,#958),.PCURVE_S1.);
#946 = CIRCLE('',#947,1.65);
#947 = AXIS2_PLACEMENT_3D('',#948,#949,#950);
#948 = CARTESIAN_POINT('',(13.,-17.92,34.));
#949 = DIRECTION('',(0.,0.,1.));
#950 = DIRECTION('',(1.,0.,-0.));
#951 = PCURVE('',#72,#952);
#952 = DEFINITIONAL_REPRESENTATION('',(#953),#957);
#953 = CIRCLE('',#954,1.65);
#954 = AXIS2_PLACEMENT_2D('',#955,#956);
#955 = CARTESIAN_POINT('',(7.,-1.25));
#956 = DIRECTION('',(1.,0.));
#957 = ( GEOMETRIC_REPRESENTATION_CONTEXT(2) 
PARAMETRIC_REPRESENTATION_CONTEXT() REPRESENTATION_CONTEXT('2D SPACE',''
  ) );
#958 = PCURVE('',#615,#959);
#959 = DEFINITIONAL_REPRESENTATION('',(#960),#964);
#960 = LINE('',#961,#962);
#961 = CARTESIAN_POINT('',(0.,1.));
#962 = VECTOR('',#963,1.);
#963 = DIRECTION('',(1.,0.));
#964 = ( GEOMETRIC_REPRESENTATION_CONTEXT(2) 
PARAMETRIC_REPRESENTATION_CONTEXT() REPRESENTATION_CONTEXT('2D SPACE',''
  ) );
#965 = ORIENTED_EDGE('',*,*,#966,.F.);
#966 = EDGE_CURVE('',#967,#943,#969,.T.);
#967 = VERTEX_POINT('',#968);
#968 = CARTESIAN_POINT('',(14.65,-20.62,34.));
#969 = SURFACE_CURVE('',#970,(#974,#981),.PCURVE_S1.);
#970 = LINE('',#971,#972);
#971 = CARTESIAN_POINT('',(14.65,-21.945,34.));
#972 = VECTOR('',#973,1.);
#973 = DIRECTION('',(0.,1.,0.));
#974 = PCURVE('',#72,#975);
#975 = DEFINITIONAL_REPRESENTATION('',(#976),#980);
#976 = LINE('',#977,#978);
#977 = CARTESIAN_POINT('',(8.65,-5.275));
#978 = VECTOR('',#979,1.);
#979 = DIRECTION('',(0.,1.));
#980 = ( GEOMETRIC_REPRESENTATION_CONTEXT(2) 
PARAMETRIC_REPRESENTATION_CONTEXT() REPRESENTATION_CONTEXT('2D SPACE',''
  ) );
#981 = PCURVE('',#982,#987);
#982 = PLANE('',#983);
#983 = AXIS2_PLACEMENT_3D('',#984,#985,#986);
#984 = CARTESIAN_POINT('',(14.65,-20.62,33.));
#985 = DIRECTION('',(1.,0.,0.));
#986 = DIRECTION('',(0.,0.,1.));
#987 = DEFINITIONAL_REPRESENTATION('',(#988),#991);
#988 = B_SPLINE_CURVE_WITH_KNOTS('',1,(#989,#990),.UNSPECIFIED.,.F.,.F.,
  (2,2),(1.325,4.025),.PIECEWISE_BEZIER_KNOTS.);
#989 = CARTESIAN_POINT('',(1.,0.));
#990 = CARTESIAN_POINT('',(1.,-2.7));
#991 = ( GEOMETRIC_REPRESENTATION_CONTEXT(2) 
PARAMETRIC_REPRESENTATION_CONTEXT() REPRESENTATION_CONTEXT('2D SPACE',''
  ) );
#992 = ORIENTED_EDGE('',*,*,#993,.F.);
#993 = EDGE_CURVE('',#994,#967,#996,.T.);
#994 = VERTEX_POINT('',#995);
#995 = CARTESIAN_POINT('',(11.35,-20.62,34.));
#996 = SURFACE_CURVE('',#997,(#1002,#1009),.PCURVE_S1.);
#997 = CIRCLE('',#998,1.65);
#998 = AXIS2_PLACEMENT_3D('',#999,#1000,#1001);
#999 = CARTESIAN_POINT('',(13.,-20.62,34.));
#1000 = DIRECTION('',(0.,0.,1.));
#1001 = DIRECTION('',(1.,0.,-0.));
#1002 = PCURVE('',#72,#1003);
#1003 = DEFINITIONAL_REPRESENTATION('',(#1004),#1008);
#1004 = CIRCLE('',#1005,1.65);
#1005 = AXIS2_PLACEMENT_2D('',#1006,#1007);
#1006 = CARTESIAN_POINT('',(7.,-3.95));
#1007 = DIRECTION('',(1.,0.));
#1008 = ( GEOMETRIC_REPRESENTATION_CONTEXT(2) 
PARAMETRIC_REPRESENTATION_CONTEXT() REPRESENTATION_CONTEXT('2D SPACE',''
  ) );
#1009 = PCURVE('',#1010,#1015);
#1010 = CYLINDRICAL_SURFACE('',#1011,1.65);
#1011 = AXIS2_PLACEMENT_3D('',#1012,#1013,#1014);
#1012 = CARTESIAN_POINT('',(13.,-20.62,33.));
#1013 = DIRECTION('',(0.,0.,1.));
#1014 = DIRECTION('',(1.,0.,-0.));
#1015 = DEFINITIONAL_REPRESENTATION('',(#1016),#1020);
#1016 = LINE('',#1017,#1018);
#1017 = CARTESIAN_POINT('',(0.,1.));
#1018 = VECTOR('',#1019,1.);
#1019 = DIRECTION('',(1.,0.));
#1020 = ( GEOMETRIC_REPRESENTATION_CONTEXT(2) 
PARAMETRIC_REPRESENTATION_CONTEXT() REPRESENTATION_CONTEXT('2D SPACE',''
  ) );
#1021 = ORIENTED_EDGE('',*,*,#1022,.T.);
#1022 = EDGE_CURVE('',#994,#918,#1023,.T.);
#1023 = SURFACE_CURVE('',#1024,(#1028,#1035),.PCURVE_S1.);
#1024 = LINE('',#1025,#1026);
#1025 = CARTESIAN_POINT('',(11.35,-21.945,34.));
#1026 = VECTOR('',#1027,1.);
#1027 = DIRECTION('',(0.,1.,0.));
#1028 = PCURVE('',#72,#1029);
#1029 = DEFINITIONAL_REPRESENTATION('',(#1030),#1034);
#1030 = LINE('',#1031,#1032);
#1031 = CARTESIAN_POINT('',(5.35,-5.275));
#1032 = VECTOR('',#1033,1.);
#1033 = DIRECTION('',(0.,1.));
#1034 = ( GEOMETRIC_REPRESENTATION_CONTEXT(2) 
PARAMETRIC_REPRESENTATION_CONTEXT() REPRESENTATION_CONTEXT('2D SPACE',''
  ) );
#1035 = PCURVE('',#1036,#1041);
#1036 = PLANE('',#1037);
#1037 = AXIS2_PLACEMENT_3D('',#1038,#1039,#1040);
#1038 = CARTESIAN_POINT('',(11.35,-20.62,33.));
#1039 = DIRECTION('',(1.,0.,0.));
#1040 = DIRECTION('',(0.,0.,1.));
#1041 = DEFINITIONAL_REPRESENTATION('',(#1042),#1045);
#1042 = B_SPLINE_CURVE_WITH_KNOTS('',1,(#1043,#1044),.UNSPECIFIED.,.F.,
  .F.,(2,2),(1.325,4.025),.PIECEWISE_BEZIER_KNOTS.);
#1043 = CARTESIAN_POINT('',(1.,0.));
#1044 = CARTESIAN_POINT('',(1.,-2.7));
#1045 = ( GEOMETRIC_REPRESENTATION_CONTEXT(2) 
PARAMETRIC_REPRESENTATION_CONTEXT() REPRESENTATION_CONTEXT('2D SPACE',''
  ) );
#1046 = FACE_BOUND('',#1047,.F.);
#1047 = EDGE_LOOP('',(#1048,#1072,#1073,#1097,#1124,#1153));
#1048 = ORIENTED_EDGE('',*,*,#1049,.F.);
#1049 = EDGE_CURVE('',#430,#1050,#1052,.T.);
#1050 = VERTEX_POINT('',#1051);
#1051 = CARTESIAN_POINT('',(49.35,-17.92,34.));
#1052 = SURFACE_CURVE('',#1053,(#1058,#1065),.PCURVE_S1.);
#1053 = CIRCLE('',#1054,1.65);
#1054 = AXIS2_PLACEMENT_3D('',#1055,#1056,#1057);
#1055 = CARTESIAN_POINT('',(51.,-17.92,34.));
#1056 = DIRECTION('',(0.,0.,1.));
#1057 = DIRECTION('',(1.,0.,-0.));
#1058 = PCURVE('',#72,#1059);
#1059 = DEFINITIONAL_REPRESENTATION('',(#1060),#1064);
#1060 = CIRCLE('',#1061,1.65);
#1061 = AXIS2_PLACEMENT_2D('',#1062,#1063);
#1062 = CARTESIAN_POINT('',(45.,-1.25));
#1063 = DIRECTION('',(1.,0.));
#1064 = ( GEOMETRIC_REPRESENTATION_CONTEXT(2) 
PARAMETRIC_REPRESENTATION_CONTEXT() REPRESENTATION_CONTEXT('2D SPACE',''
  ) );
#1065 = PCURVE('',#467,#1066);
#1066 = DEFINITIONAL_REPRESENTATION('',(#1067),#1071);
#1067 = LINE('',#1068,#1069);
#1068 = CARTESIAN_POINT('',(0.,1.));
#1069 = VECTOR('',#1070,1.);
#1070 = DIRECTION('',(1.,0.));
#1071 = ( GEOMETRIC_REPRESENTATION_CONTEXT(2) 
PARAMETRIC_REPRESENTATION_CONTEXT() REPRESENTATION_CONTEXT('2D SPACE',''
  ) );
#1072 = ORIENTED_EDGE('',*,*,#429,.T.);
#1073 = ORIENTED_EDGE('',*,*,#1074,.F.);
#1074 = EDGE_CURVE('',#1075,#404,#1077,.T.);
#1075 = VERTEX_POINT('',#1076);
#1076 = CARTESIAN_POINT('',(52.65,-17.92,34.));
#1077 = SURFACE_CURVE('',#1078,(#1083,#1090),.PCURVE_S1.);
#1078 = CIRCLE('',#1079,1.65);
#1079 = AXIS2_PLACEMENT_3D('',#1080,#1081,#1082);
#1080 = CARTESIAN_POINT('',(51.,-17.92,34.));
#1081 = DIRECTION('',(0.,0.,1.));
#1082 = DIRECTION('',(1.,0.,-0.));
#1083 = PCURVE('',#72,#1084);
#1084 = DEFINITIONAL_REPRESENTATION('',(#1085),#1089);
#1085 = CIRCLE('',#1086,1.65);
#1086 = AXIS2_PLACEMENT_2D('',#1087,#1088);
#1087 = CARTESIAN_POINT('',(45.,-1.25));
#1088 = DIRECTION('',(1.,0.));
#1089 = ( GEOMETRIC_REPRESENTATION_CONTEXT(2) 
PARAMETRIC_REPRESENTATION_CONTEXT() REPRESENTATION_CONTEXT('2D SPACE',''
  ) );
#1090 = PCURVE('',#418,#1091);
#1091 = DEFINITIONAL_REPRESENTATION('',(#1092),#1096);
#1092 = LINE('',#1093,#1094);
#1093 = CARTESIAN_POINT('',(0.,1.));
#1094 = VECTOR('',#1095,1.);
#1095 = DIRECTION('',(1.,0.));
#1096 = ( GEOMETRIC_REPRESENTATION_CONTEXT(2) 
PARAMETRIC_REPRESENTATION_CONTEXT() REPRESENTATION_CONTEXT('2D SPACE',''
  ) );
#1097 = ORIENTED_EDGE('',*,*,#1098,.F.);
#1098 = EDGE_CURVE('',#1099,#1075,#1101,.T.);
#1099 = VERTEX_POINT('',#1100);
#1100 = CARTESIAN_POINT('',(52.65,-20.62,34.));
#1101 = SURFACE_CURVE('',#1102,(#1106,#1113),.PCURVE_S1.);
#1102 = LINE('',#1103,#1104);
#1103 = CARTESIAN_POINT('',(52.65,-21.945,34.));
#1104 = VECTOR('',#1105,1.);
#1105 = DIRECTION('',(0.,1.,0.));
#1106 = PCURVE('',#72,#1107);
#1107 = DEFINITIONAL_REPRESENTATION('',(#1108),#1112);
#1108 = LINE('',#1109,#1110);
#1109 = CARTESIAN_POINT('',(46.65,-5.275));
#1110 = VECTOR('',#1111,1.);
#1111 = DIRECTION('',(0.,1.));
#1112 = ( GEOMETRIC_REPRESENTATION_CONTEXT(2) 
PARAMETRIC_REPRESENTATION_CONTEXT() REPRESENTATION_CONTEXT('2D SPACE',''
  ) );
#1113 = PCURVE('',#1114,#1119);
#1114 = PLANE('',#1115);
#1115 = AXIS2_PLACEMENT_3D('',#1116,#1117,#1118);
#1116 = CARTESIAN_POINT('',(52.65,-20.62,33.));
#1117 = DIRECTION('',(1.,0.,0.));
#1118 = DIRECTION('',(0.,0.,1.));
#1119 = DEFINITIONAL_REPRESENTATION('',(#1120),#1123);
#1120 = B_SPLINE_CURVE_WITH_KNOTS('',1,(#1121,#1122),.UNSPECIFIED.,.F.,
  .F.,(2,2),(1.325,4.025),.PIECEWISE_BEZIER_KNOTS.);
#1121 = CARTESIAN_POINT('',(1.,0.));
#1122 = CARTESIAN_POINT('',(1.,-2.7));
#1123 = ( GEOMETRIC_REPRESENTATION_CONTEXT(2) 
PARAMETRIC_REPRESENTATION_CONTEXT() REPRESENTATION_CONTEXT('2D SPACE',''
  ) );
#1124 = ORIENTED_EDGE('',*,*,#1125,.F.);
#1125 = EDGE_CURVE('',#1126,#1099,#1128,.T.);
#1126 = VERTEX_POINT('',#1127);
#1127 = CARTESIAN_POINT('',(49.35,-20.62,34.));
#1128 = SURFACE_CURVE('',#1129,(#1134,#1141),.PCURVE_S1.);
#1129 = CIRCLE('',#1130,1.65);
#1130 = AXIS2_PLACEMENT_3D('',#1131,#1132,#1133);
#1131 = CARTESIAN_POINT('',(51.,-20.62,34.));
#1132 = DIRECTION('',(0.,0.,1.));
#1133 = DIRECTION('',(1.,0.,-0.));
#1134 = PCURVE('',#72,#1135);
#1135 = DEFINITIONAL_REPRESENTATION('',(#1136),#1140);
#1136 = CIRCLE('',#1137,1.65);
#1137 = AXIS2_PLACEMENT_2D('',#1138,#1139);
#1138 = CARTESIAN_POINT('',(45.,-3.95));
#1139 = DIRECTION('',(1.,0.));
#1140 = ( GEOMETRIC_REPRESENTATION_CONTEXT(2) 
PARAMETRIC_REPRESENTATION_CONTEXT() REPRESENTATION_CONTEXT('2D SPACE',''
  ) );
#1141 = PCURVE('',#1142,#1147);
#1142 = CYLINDRICAL_SURFACE('',#1143,1.65);
#1143 = AXIS2_PLACEMENT_3D('',#1144,#1145,#1146);
#1144 = CARTESIAN_POINT('',(51.,-20.62,33.));
#1145 = DIRECTION('',(0.,0.,1.));
#1146 = DIRECTION('',(1.,0.,-0.));
#1147 = DEFINITIONAL_REPRESENTATION('',(#1148),#1152);
#1148 = LINE('',#1149,#1150);
#1149 = CARTESIAN_POINT('',(0.,1.));
#1150 = VECTOR('',#1151,1.);
#1151 = DIRECTION('',(1.,0.));
#1152 = ( GEOMETRIC_REPRESENTATION_CONTEXT(2) 
PARAMETRIC_REPRESENTATION_CONTEXT() REPRESENTATION_CONTEXT('2D SPACE',''
  ) );
#1153 = ORIENTED_EDGE('',*,*,#1154,.T.);
#1154 = EDGE_CURVE('',#1126,#1050,#1155,.T.);
#1155 = SURFACE_CURVE('',#1156,(#1160,#1167),.PCURVE_S1.);
#1156 = LINE('',#1157,#1158);
#1157 = CARTESIAN_POINT('',(49.35,-21.945,34.));
#1158 = VECTOR('',#1159,1.);
#1159 = DIRECTION('',(0.,1.,0.));
#1160 = PCURVE('',#72,#1161);
#1161 = DEFINITIONAL_REPRESENTATION('',(#1162),#1166);
#1162 = LINE('',#1163,#1164);
#1163 = CARTESIAN_POINT('',(43.35,-5.275));
#1164 = VECTOR('',#1165,1.);
#1165 = DIRECTION('',(0.,1.));
#1166 = ( GEOMETRIC_REPRESENTATION_CONTEXT(2) 
PARAMETRIC_REPRESENTATION_CONTEXT() REPRESENTATION_CONTEXT('2D SPACE',''
  ) );
#1167 = PCURVE('',#1168,#1173);
#1168 = PLANE('',#1169);
#1169 = AXIS2_PLACEMENT_3D('',#1170,#1171,#1172);
#1170 = CARTESIAN_POINT('',(49.35,-20.62,33.));
#1171 = DIRECTION('',(1.,0.,0.));
#1172 = DIRECTION('',(0.,0.,1.));
#1173 = DEFINITIONAL_REPRESENTATION('',(#1174),#1177);
#1174 = B_SPLINE_CURVE_WITH_KNOTS('',1,(#1175,#1176),.UNSPECIFIED.,.F.,
  .F.,(2,2),(1.325,4.025),.PIECEWISE_BEZIER_KNOTS.);
#1175 = CARTESIAN_POINT('',(1.,0.));
#1176 = CARTESIAN_POINT('',(1.,-2.7));
#1177 = ( GEOMETRIC_REPRESENTATION_CONTEXT(2) 
PARAMETRIC_REPRESENTATION_CONTEXT() REPRESENTATION_CONTEXT('2D SPACE',''
  ) );
#1178 = ADVANCED_FACE('',(#1179),#100,.T.);
#1179 = FACE_BOUND('',#1180,.T.);
#1180 = EDGE_LOOP('',(#1181,#1204,#1205,#1206));
#1181 = ORIENTED_EDGE('',*,*,#1182,.F.);
#1182 = EDGE_CURVE('',#724,#1183,#1185,.T.);
#1183 = VERTEX_POINT('',#1184);
#1184 = CARTESIAN_POINT('',(58.,-14.27,37.6));
#1185 = SURFACE_CURVE('',#1186,(#1190,#1197),.PCURVE_S1.);
#1186 = LINE('',#1187,#1188);
#1187 = CARTESIAN_POINT('',(58.,-14.27,34.));
#1188 = VECTOR('',#1189,1.);
#1189 = DIRECTION('',(0.,0.,1.));
#1190 = PCURVE('',#100,#1191);
#1191 = DEFINITIONAL_REPRESENTATION('',(#1192),#1196);
#1192 = LINE('',#1193,#1194);
#1193 = CARTESIAN_POINT('',(0.,52.));
#1194 = VECTOR('',#1195,1.);
#1195 = DIRECTION('',(1.,0.));
#1196 = ( GEOMETRIC_REPRESENTATION_CONTEXT(2) 
PARAMETRIC_REPRESENTATION_CONTEXT() REPRESENTATION_CONTEXT('2D SPACE',''
  ) );
#1197 = PCURVE('',#316,#1198);
#1198 = DEFINITIONAL_REPRESENTATION('',(#1199),#1203);
#1199 = LINE('',#1200,#1201);
#1200 = CARTESIAN_POINT('',(0.,-2.4));
#1201 = VECTOR('',#1202,1.);
#1202 = DIRECTION('',(1.,0.));
#1203 = ( GEOMETRIC_REPRESENTATION_CONTEXT(2) 
PARAMETRIC_REPRESENTATION_CONTEXT() REPRESENTATION_CONTEXT('2D SPACE',''
  ) );
#1204 = ORIENTED_EDGE('',*,*,#723,.F.);
#1205 = ORIENTED_EDGE('',*,*,#84,.T.);
#1206 = ORIENTED_EDGE('',*,*,#1207,.T.);
#1207 = EDGE_CURVE('',#85,#1183,#1208,.T.);
#1208 = SURFACE_CURVE('',#1209,(#1213,#1220),.PCURVE_S1.);
#1209 = LINE('',#1210,#1211);
#1210 = CARTESIAN_POINT('',(6.,-14.27,37.6));
#1211 = VECTOR('',#1212,1.);
#1212 = DIRECTION('',(1.,0.,0.));
#1213 = PCURVE('',#100,#1214);
#1214 = DEFINITIONAL_REPRESENTATION('',(#1215),#1219);
#1215 = LINE('',#1216,#1217);
#1216 = CARTESIAN_POINT('',(3.6,0.));
#1217 = VECTOR('',#1218,1.);
#1218 = DIRECTION('',(0.,1.));
#1219 = ( GEOMETRIC_REPRESENTATION_CONTEXT(2) 
PARAMETRIC_REPRESENTATION_CONTEXT() REPRESENTATION_CONTEXT('2D SPACE',''
  ) );
#1220 = PCURVE('',#128,#1221);
#1221 = DEFINITIONAL_REPRESENTATION('',(#1222),#1226);
#1222 = LINE('',#1223,#1224);
#1223 = CARTESIAN_POINT('',(0.,0.));
#1224 = VECTOR('',#1225,1.);
#1225 = DIRECTION('',(1.,0.));
#1226 = ( GEOMETRIC_REPRESENTATION_CONTEXT(2) 
PARAMETRIC_REPRESENTATION_CONTEXT() REPRESENTATION_CONTEXT('2D SPACE',''
  ) );
#1227 = ADVANCED_FACE('',(#1228),#128,.F.);
#1228 = FACE_BOUND('',#1229,.F.);
#1229 = EDGE_LOOP('',(#1230,#1231,#1232,#1255));
#1230 = ORIENTED_EDGE('',*,*,#112,.F.);
#1231 = ORIENTED_EDGE('',*,*,#1207,.T.);
#1232 = ORIENTED_EDGE('',*,*,#1233,.T.);
#1233 = EDGE_CURVE('',#1183,#1234,#1236,.T.);
#1234 = VERTEX_POINT('',#1235);
#1235 = CARTESIAN_POINT('',(58.,-13.57,37.6));
#1236 = SURFACE_CURVE('',#1237,(#1241,#1248),.PCURVE_S1.);
#1237 = LINE('',#1238,#1239);
#1238 = CARTESIAN_POINT('',(58.,-14.27,37.6));
#1239 = VECTOR('',#1240,1.);
#1240 = DIRECTION('',(0.,1.,0.));
#1241 = PCURVE('',#128,#1242);
#1242 = DEFINITIONAL_REPRESENTATION('',(#1243),#1247);
#1243 = LINE('',#1244,#1245);
#1244 = CARTESIAN_POINT('',(52.,0.));
#1245 = VECTOR('',#1246,1.);
#1246 = DIRECTION('',(0.,1.));
#1247 = ( GEOMETRIC_REPRESENTATION_CONTEXT(2) 
PARAMETRIC_REPRESENTATION_CONTEXT() REPRESENTATION_CONTEXT('2D SPACE',''
  ) );
#1248 = PCURVE('',#316,#1249);
#1249 = DEFINITIONAL_REPRESENTATION('',(#1250),#1254);
#1250 = LINE('',#1251,#1252);
#1251 = CARTESIAN_POINT('',(3.6,-2.4));
#1252 = VECTOR('',#1253,1.);
#1253 = DIRECTION('',(0.,-1.));
#1254 = ( GEOMETRIC_REPRESENTATION_CONTEXT(2) 
PARAMETRIC_REPRESENTATION_CONTEXT() REPRESENTATION_CONTEXT('2D SPACE',''
  ) );
#1255 = ORIENTED_EDGE('',*,*,#1256,.F.);
#1256 = EDGE_CURVE('',#113,#1234,#1257,.T.);
#1257 = SURFACE_CURVE('',#1258,(#1262,#1269),.PCURVE_S1.);
#1258 = LINE('',#1259,#1260);
#1259 = CARTESIAN_POINT('',(6.,-13.57,37.6));
#1260 = VECTOR('',#1261,1.);
#1261 = DIRECTION('',(1.,0.,0.));
#1262 = PCURVE('',#128,#1263);
#1263 = DEFINITIONAL_REPRESENTATION('',(#1264),#1268);
#1264 = LINE('',#1265,#1266);
#1265 = CARTESIAN_POINT('',(0.,0.7));
#1266 = VECTOR('',#1267,1.);
#1267 = DIRECTION('',(1.,0.));
#1268 = ( GEOMETRIC_REPRESENTATION_CONTEXT(2) 
PARAMETRIC_REPRESENTATION_CONTEXT() REPRESENTATION_CONTEXT('2D SPACE',''
  ) );
#1269 = PCURVE('',#156,#1270);
#1270 = DEFINITIONAL_REPRESENTATION('',(#1271),#1275);
#1271 = LINE('',#1272,#1273);
#1272 = CARTESIAN_POINT('',(0.,0.));
#1273 = VECTOR('',#1274,1.);
#1274 = DIRECTION('',(0.,1.));
#1275 = ( GEOMETRIC_REPRESENTATION_CONTEXT(2) 
PARAMETRIC_REPRESENTATION_CONTEXT() REPRESENTATION_CONTEXT('2D SPACE',''
  ) );
#1276 = ADVANCED_FACE('',(#1277),#156,.T.);
#1277 = FACE_BOUND('',#1278,.T.);
#1278 = EDGE_LOOP('',(#1279,#1280,#1281,#1304));
#1279 = ORIENTED_EDGE('',*,*,#1256,.F.);
#1280 = ORIENTED_EDGE('',*,*,#140,.T.);
#1281 = ORIENTED_EDGE('',*,*,#1282,.T.);
#1282 = EDGE_CURVE('',#141,#1283,#1285,.T.);
#1283 = VERTEX_POINT('',#1284);
#1284 = CARTESIAN_POINT('',(58.,-13.57,39.));
#1285 = SURFACE_CURVE('',#1286,(#1290,#1297),.PCURVE_S1.);
#1286 = LINE('',#1287,#1288);
#1287 = CARTESIAN_POINT('',(6.,-13.57,39.));
#1288 = VECTOR('',#1289,1.);
#1289 = DIRECTION('',(1.,0.,0.));
#1290 = PCURVE('',#156,#1291);
#1291 = DEFINITIONAL_REPRESENTATION('',(#1292),#1296);
#1292 = LINE('',#1293,#1294);
#1293 = CARTESIAN_POINT('',(1.4,0.));
#1294 = VECTOR('',#1295,1.);
#1295 = DIRECTION('',(0.,1.));
#1296 = ( GEOMETRIC_REPRESENTATION_CONTEXT(2) 
PARAMETRIC_REPRESENTATION_CONTEXT() REPRESENTATION_CONTEXT('2D SPACE',''
  ) );
#1297 = PCURVE('',#184,#1298);
#1298 = DEFINITIONAL_REPRESENTATION('',(#1299),#1303);
#1299 = LINE('',#1300,#1301);
#1300 = CARTESIAN_POINT('',(0.,0.7));
#1301 = VECTOR('',#1302,1.);
#1302 = DIRECTION('',(1.,0.));
#1303 = ( GEOMETRIC_REPRESENTATION_CONTEXT(2) 
PARAMETRIC_REPRESENTATION_CONTEXT() REPRESENTATION_CONTEXT('2D SPACE',''
  ) );
#1304 = ORIENTED_EDGE('',*,*,#1305,.F.);
#1305 = EDGE_CURVE('',#1234,#1283,#1306,.T.);
#1306 = SURFACE_CURVE('',#1307,(#1311,#1318),.PCURVE_S1.);
#1307 = LINE('',#1308,#1309);
#1308 = CARTESIAN_POINT('',(58.,-13.57,37.6));
#1309 = VECTOR('',#1310,1.);
#1310 = DIRECTION('',(0.,0.,1.));
#1311 = PCURVE('',#156,#1312);
#1312 = DEFINITIONAL_REPRESENTATION('',(#1313),#1317);
#1313 = LINE('',#1314,#1315);
#1314 = CARTESIAN_POINT('',(0.,52.));
#1315 = VECTOR('',#1316,1.);
#1316 = DIRECTION('',(1.,0.));
#1317 = ( GEOMETRIC_REPRESENTATION_CONTEXT(2) 
PARAMETRIC_REPRESENTATION_CONTEXT() REPRESENTATION_CONTEXT('2D SPACE',''
  ) );
#1318 = PCURVE('',#316,#1319);
#1319 = DEFINITIONAL_REPRESENTATION('',(#1320),#1324);
#1320 = LINE('',#1321,#1322);
#1321 = CARTESIAN_POINT('',(3.6,-3.1));
#1322 = VECTOR('',#1323,1.);
#1323 = DIRECTION('',(1.,0.));
#1324 = ( GEOMETRIC_REPRESENTATION_CONTEXT(2) 
PARAMETRIC_REPRESENTATION_CONTEXT() REPRESENTATION_CONTEXT('2D SPACE',''
  ) );
#1325 = ADVANCED_FACE('',(#1326),#184,.T.);
#1326 = FACE_BOUND('',#1327,.T.);
#1327 = EDGE_LOOP('',(#1328,#1329,#1352,#1373));
#1328 = ORIENTED_EDGE('',*,*,#168,.F.);
#1329 = ORIENTED_EDGE('',*,*,#1330,.T.);
#1330 = EDGE_CURVE('',#169,#1331,#1333,.T.);
#1331 = VERTEX_POINT('',#1332);
#1332 = CARTESIAN_POINT('',(58.,-14.27,39.));
#1333 = SURFACE_CURVE('',#1334,(#1338,#1345),.PCURVE_S1.);
#1334 = LINE('',#1335,#1336);
#1335 = CARTESIAN_POINT('',(6.,-14.27,39.));
#1336 = VECTOR('',#1337,1.);
#1337 = DIRECTION('',(1.,0.,0.));
#1338 = PCURVE('',#184,#1339);
#1339 = DEFINITIONAL_REPRESENTATION('',(#1340),#1344);
#1340 = LINE('',#1341,#1342);
#1341 = CARTESIAN_POINT('',(0.,0.));
#1342 = VECTOR('',#1343,1.);
#1343 = DIRECTION('',(1.,0.));
#1344 = ( GEOMETRIC_REPRESENTATION_CONTEXT(2) 
PARAMETRIC_REPRESENTATION_CONTEXT() REPRESENTATION_CONTEXT('2D SPACE',''
  ) );
#1345 = PCURVE('',#212,#1346);
#1346 = DEFINITIONAL_REPRESENTATION('',(#1347),#1351);
#1347 = LINE('',#1348,#1349);
#1348 = CARTESIAN_POINT('',(5.,0.));
#1349 = VECTOR('',#1350,1.);
#1350 = DIRECTION('',(0.,1.));
#1351 = ( GEOMETRIC_REPRESENTATION_CONTEXT(2) 
PARAMETRIC_REPRESENTATION_CONTEXT() REPRESENTATION_CONTEXT('2D SPACE',''
  ) );
#1352 = ORIENTED_EDGE('',*,*,#1353,.T.);
#1353 = EDGE_CURVE('',#1331,#1283,#1354,.T.);
#1354 = SURFACE_CURVE('',#1355,(#1359,#1366),.PCURVE_S1.);
#1355 = LINE('',#1356,#1357);
#1356 = CARTESIAN_POINT('',(58.,-14.27,39.));
#1357 = VECTOR('',#1358,1.);
#1358 = DIRECTION('',(0.,1.,0.));
#1359 = PCURVE('',#184,#1360);
#1360 = DEFINITIONAL_REPRESENTATION('',(#1361),#1365);
#1361 = LINE('',#1362,#1363);
#1362 = CARTESIAN_POINT('',(52.,0.));
#1363 = VECTOR('',#1364,1.);
#1364 = DIRECTION('',(0.,1.));
#1365 = ( GEOMETRIC_REPRESENTATION_CONTEXT(2) 
PARAMETRIC_REPRESENTATION_CONTEXT() REPRESENTATION_CONTEXT('2D SPACE',''
  ) );
#1366 = PCURVE('',#316,#1367);
#1367 = DEFINITIONAL_REPRESENTATION('',(#1368),#1372);
#1368 = LINE('',#1369,#1370);
#1369 = CARTESIAN_POINT('',(5.,-2.4));
#1370 = VECTOR('',#1371,1.);
#1371 = DIRECTION('',(0.,-1.));
#1372 = ( GEOMETRIC_REPRESENTATION_CONTEXT(2) 
PARAMETRIC_REPRESENTATION_CONTEXT() REPRESENTATION_CONTEXT('2D SPACE',''
  ) );
#1373 = ORIENTED_EDGE('',*,*,#1282,.F.);
#1374 = ADVANCED_FACE('',(#1375),#212,.T.);
#1375 = FACE_BOUND('',#1376,.T.);
#1376 = EDGE_LOOP('',(#1377,#1400,#1401,#1402));
#1377 = ORIENTED_EDGE('',*,*,#1378,.F.);
#1378 = EDGE_CURVE('',#1331,#1379,#1381,.T.);
#1379 = VERTEX_POINT('',#1380);
#1380 = CARTESIAN_POINT('',(58.,-14.27,41.));
#1381 = SURFACE_CURVE('',#1382,(#1386,#1393),.PCURVE_S1.);
#1382 = LINE('',#1383,#1384);
#1383 = CARTESIAN_POINT('',(58.,-14.27,34.));
#1384 = VECTOR('',#1385,1.);
#1385 = DIRECTION('',(0.,0.,1.));
#1386 = PCURVE('',#212,#1387);
#1387 = DEFINITIONAL_REPRESENTATION('',(#1388),#1392);
#1388 = LINE('',#1389,#1390);
#1389 = CARTESIAN_POINT('',(0.,52.));
#1390 = VECTOR('',#1391,1.);
#1391 = DIRECTION('',(1.,0.));
#1392 = ( GEOMETRIC_REPRESENTATION_CONTEXT(2) 
PARAMETRIC_REPRESENTATION_CONTEXT() REPRESENTATION_CONTEXT('2D SPACE',''
  ) );
#1393 = PCURVE('',#316,#1394);
#1394 = DEFINITIONAL_REPRESENTATION('',(#1395),#1399);
#1395 = LINE('',#1396,#1397);
#1396 = CARTESIAN_POINT('',(0.,-2.4));
#1397 = VECTOR('',#1398,1.);
#1398 = DIRECTION('',(1.,0.));
#1399 = ( GEOMETRIC_REPRESENTATION_CONTEXT(2) 
PARAMETRIC_REPRESENTATION_CONTEXT() REPRESENTATION_CONTEXT('2D SPACE',''
  ) );
#1400 = ORIENTED_EDGE('',*,*,#1330,.F.);
#1401 = ORIENTED_EDGE('',*,*,#196,.T.);
#1402 = ORIENTED_EDGE('',*,*,#1403,.T.);
#1403 = EDGE_CURVE('',#197,#1379,#1404,.T.);
#1404 = SURFACE_CURVE('',#1405,(#1409,#1416),.PCURVE_S1.);
#1405 = LINE('',#1406,#1407);
#1406 = CARTESIAN_POINT('',(6.,-14.27,41.));
#1407 = VECTOR('',#1408,1.);
#1408 = DIRECTION('',(1.,0.,0.));
#1409 = PCURVE('',#212,#1410);
#1410 = DEFINITIONAL_REPRESENTATION('',(#1411),#1415);
#1411 = LINE('',#1412,#1413);
#1412 = CARTESIAN_POINT('',(7.,0.));
#1413 = VECTOR('',#1414,1.);
#1414 = DIRECTION('',(0.,1.));
#1415 = ( GEOMETRIC_REPRESENTATION_CONTEXT(2) 
PARAMETRIC_REPRESENTATION_CONTEXT() REPRESENTATION_CONTEXT('2D SPACE',''
  ) );
#1416 = PCURVE('',#238,#1417);
#1417 = DEFINITIONAL_REPRESENTATION('',(#1418),#1422);
#1418 = LINE('',#1419,#1420);
#1419 = CARTESIAN_POINT('',(0.,2.4));
#1420 = VECTOR('',#1421,1.);
#1421 = DIRECTION('',(1.,0.));
#1422 = ( GEOMETRIC_REPRESENTATION_CONTEXT(2) 
PARAMETRIC_REPRESENTATION_CONTEXT() REPRESENTATION_CONTEXT('2D SPACE',''
  ) );
#1423 = ADVANCED_FACE('',(#1424),#238,.T.);
#1424 = FACE_BOUND('',#1425,.T.);
#1425 = EDGE_LOOP('',(#1426,#1427,#1428,#1449));
#1426 = ORIENTED_EDGE('',*,*,#224,.F.);
#1427 = ORIENTED_EDGE('',*,*,#277,.T.);
#1428 = ORIENTED_EDGE('',*,*,#1429,.T.);
#1429 = EDGE_CURVE('',#278,#1379,#1430,.T.);
#1430 = SURFACE_CURVE('',#1431,(#1435,#1442),.PCURVE_S1.);
#1431 = LINE('',#1432,#1433);
#1432 = CARTESIAN_POINT('',(58.,-16.67,41.));
#1433 = VECTOR('',#1434,1.);
#1434 = DIRECTION('',(0.,1.,0.));
#1435 = PCURVE('',#238,#1436);
#1436 = DEFINITIONAL_REPRESENTATION('',(#1437),#1441);
#1437 = LINE('',#1438,#1439);
#1438 = CARTESIAN_POINT('',(52.,0.));
#1439 = VECTOR('',#1440,1.);
#1440 = DIRECTION('',(0.,1.));
#1441 = ( GEOMETRIC_REPRESENTATION_CONTEXT(2) 
PARAMETRIC_REPRESENTATION_CONTEXT() REPRESENTATION_CONTEXT('2D SPACE',''
  ) );
#1442 = PCURVE('',#316,#1443);
#1443 = DEFINITIONAL_REPRESENTATION('',(#1444),#1448);
#1444 = LINE('',#1445,#1446);
#1445 = CARTESIAN_POINT('',(7.,0.));
#1446 = VECTOR('',#1447,1.);
#1447 = DIRECTION('',(0.,-1.));
#1448 = ( GEOMETRIC_REPRESENTATION_CONTEXT(2) 
PARAMETRIC_REPRESENTATION_CONTEXT() REPRESENTATION_CONTEXT('2D SPACE',''
  ) );
#1449 = ORIENTED_EDGE('',*,*,#1403,.F.);
#1450 = ADVANCED_FACE('',(#1451),#709,.F.);
#1451 = FACE_BOUND('',#1452,.F.);
#1452 = EDGE_LOOP('',(#1453,#1476,#1497,#1498));
#1453 = ORIENTED_EDGE('',*,*,#1454,.F.);
#1454 = EDGE_CURVE('',#1455,#676,#1457,.T.);
#1455 = VERTEX_POINT('',#1456);
#1456 = CARTESIAN_POINT('',(9.,-23.27,36.5));
#1457 = SURFACE_CURVE('',#1458,(#1462,#1469),.PCURVE_S1.);
#1458 = LINE('',#1459,#1460);
#1459 = CARTESIAN_POINT('',(9.,-23.27,36.5));
#1460 = VECTOR('',#1461,1.);
#1461 = DIRECTION('',(0.,1.,0.));
#1462 = PCURVE('',#709,#1463);
#1463 = DEFINITIONAL_REPRESENTATION('',(#1464),#1468);
#1464 = LINE('',#1465,#1466);
#1465 = CARTESIAN_POINT('',(2.5,0.));
#1466 = VECTOR('',#1467,1.);
#1467 = DIRECTION('',(0.,-1.));
#1468 = ( GEOMETRIC_REPRESENTATION_CONTEXT(2) 
PARAMETRIC_REPRESENTATION_CONTEXT() REPRESENTATION_CONTEXT('2D SPACE',''
  ) );
#1469 = PCURVE('',#589,#1470);
#1470 = DEFINITIONAL_REPRESENTATION('',(#1471),#1475);
#1471 = LINE('',#1472,#1473);
#1472 = CARTESIAN_POINT('',(0.,0.));
#1473 = VECTOR('',#1474,1.);
#1474 = DIRECTION('',(0.,1.));
#1475 = ( GEOMETRIC_REPRESENTATION_CONTEXT(2) 
PARAMETRIC_REPRESENTATION_CONTEXT() REPRESENTATION_CONTEXT('2D SPACE',''
  ) );
#1476 = ORIENTED_EDGE('',*,*,#1477,.F.);
#1477 = EDGE_CURVE('',#749,#1455,#1478,.T.);
#1478 = SURFACE_CURVE('',#1479,(#1483,#1490),.PCURVE_S1.);
#1479 = LINE('',#1480,#1481);
#1480 = CARTESIAN_POINT('',(9.,-23.27,34.));
#1481 = VECTOR('',#1482,1.);
#1482 = DIRECTION('',(0.,0.,1.));
#1483 = PCURVE('',#709,#1484);
#1484 = DEFINITIONAL_REPRESENTATION('',(#1485),#1489);
#1485 = LINE('',#1486,#1487);
#1486 = CARTESIAN_POINT('',(0.,0.));
#1487 = VECTOR('',#1488,1.);
#1488 = DIRECTION('',(1.,0.));
#1489 = ( GEOMETRIC_REPRESENTATION_CONTEXT(2) 
PARAMETRIC_REPRESENTATION_CONTEXT() REPRESENTATION_CONTEXT('2D SPACE',''
  ) );
#1490 = PCURVE('',#787,#1491);
#1491 = DEFINITIONAL_REPRESENTATION('',(#1492),#1496);
#1492 = LINE('',#1493,#1494);
#1493 = CARTESIAN_POINT('',(0.,0.));
#1494 = VECTOR('',#1495,1.);
#1495 = DIRECTION('',(1.,0.));
#1496 = ( GEOMETRIC_REPRESENTATION_CONTEXT(2) 
PARAMETRIC_REPRESENTATION_CONTEXT() REPRESENTATION_CONTEXT('2D SPACE',''
  ) );
#1497 = ORIENTED_EDGE('',*,*,#748,.T.);
#1498 = ORIENTED_EDGE('',*,*,#696,.F.);
#1499 = ADVANCED_FACE('',(#1500),#589,.T.);
#1500 = FACE_BOUND('',#1501,.T.);
#1501 = EDGE_LOOP('',(#1502,#1503,#1526,#1547,#1548,#1572,#1593,#1617,
    #1638,#1660));
#1502 = ORIENTED_EDGE('',*,*,#1454,.F.);
#1503 = ORIENTED_EDGE('',*,*,#1504,.T.);
#1504 = EDGE_CURVE('',#1455,#1505,#1507,.T.);
#1505 = VERTEX_POINT('',#1506);
#1506 = CARTESIAN_POINT('',(17.,-23.27,36.5));
#1507 = SURFACE_CURVE('',#1508,(#1512,#1519),.PCURVE_S1.);
#1508 = LINE('',#1509,#1510);
#1509 = CARTESIAN_POINT('',(9.,-23.27,36.5));
#1510 = VECTOR('',#1511,1.);
#1511 = DIRECTION('',(1.,0.,0.));
#1512 = PCURVE('',#589,#1513);
#1513 = DEFINITIONAL_REPRESENTATION('',(#1514),#1518);
#1514 = LINE('',#1515,#1516);
#1515 = CARTESIAN_POINT('',(0.,0.));
#1516 = VECTOR('',#1517,1.);
#1517 = DIRECTION('',(1.,0.));
#1518 = ( GEOMETRIC_REPRESENTATION_CONTEXT(2) 
PARAMETRIC_REPRESENTATION_CONTEXT() REPRESENTATION_CONTEXT('2D SPACE',''
  ) );
#1519 = PCURVE('',#787,#1520);
#1520 = DEFINITIONAL_REPRESENTATION('',(#1521),#1525);
#1521 = LINE('',#1522,#1523);
#1522 = CARTESIAN_POINT('',(2.5,0.));
#1523 = VECTOR('',#1524,1.);
#1524 = DIRECTION('',(0.,1.));
#1525 = ( GEOMETRIC_REPRESENTATION_CONTEXT(2) 
PARAMETRIC_REPRESENTATION_CONTEXT() REPRESENTATION_CONTEXT('2D SPACE',''
  ) );
#1526 = ORIENTED_EDGE('',*,*,#1527,.T.);
#1527 = EDGE_CURVE('',#1505,#549,#1528,.T.);
#1528 = SURFACE_CURVE('',#1529,(#1533,#1540),.PCURVE_S1.);
#1529 = LINE('',#1530,#1531);
#1530 = CARTESIAN_POINT('',(17.,-23.27,36.5));
#1531 = VECTOR('',#1532,1.);
#1532 = DIRECTION('',(0.,1.,0.));
#1533 = PCURVE('',#589,#1534);
#1534 = DEFINITIONAL_REPRESENTATION('',(#1535),#1539);
#1535 = LINE('',#1536,#1537);
#1536 = CARTESIAN_POINT('',(8.,0.));
#1537 = VECTOR('',#1538,1.);
#1538 = DIRECTION('',(0.,1.));
#1539 = ( GEOMETRIC_REPRESENTATION_CONTEXT(2) 
PARAMETRIC_REPRESENTATION_CONTEXT() REPRESENTATION_CONTEXT('2D SPACE',''
  ) );
#1540 = PCURVE('',#563,#1541);
#1541 = DEFINITIONAL_REPRESENTATION('',(#1542),#1546);
#1542 = LINE('',#1543,#1544);
#1543 = CARTESIAN_POINT('',(2.5,0.));
#1544 = VECTOR('',#1545,1.);
#1545 = DIRECTION('',(0.,-1.));
#1546 = ( GEOMETRIC_REPRESENTATION_CONTEXT(2) 
PARAMETRIC_REPRESENTATION_CONTEXT() REPRESENTATION_CONTEXT('2D SPACE',''
  ) );
#1547 = ORIENTED_EDGE('',*,*,#574,.F.);
#1548 = ORIENTED_EDGE('',*,*,#1549,.F.);
#1549 = EDGE_CURVE('',#1550,#575,#1552,.T.);
#1550 = VERTEX_POINT('',#1551);
#1551 = CARTESIAN_POINT('',(14.65,-17.92,36.5));
#1552 = SURFACE_CURVE('',#1553,(#1558,#1565),.PCURVE_S1.);
#1553 = CIRCLE('',#1554,1.65);
#1554 = AXIS2_PLACEMENT_3D('',#1555,#1556,#1557);
#1555 = CARTESIAN_POINT('',(13.,-17.92,36.5));
#1556 = DIRECTION('',(0.,0.,1.));
#1557 = DIRECTION('',(1.,0.,-0.));
#1558 = PCURVE('',#589,#1559);
#1559 = DEFINITIONAL_REPRESENTATION('',(#1560),#1564);
#1560 = CIRCLE('',#1561,1.65);
#1561 = AXIS2_PLACEMENT_2D('',#1562,#1563);
#1562 = CARTESIAN_POINT('',(4.,5.35));
#1563 = DIRECTION('',(1.,0.));
#1564 = ( GEOMETRIC_REPRESENTATION_CONTEXT(2) 
PARAMETRIC_REPRESENTATION_CONTEXT() REPRESENTATION_CONTEXT('2D SPACE',''
  ) );
#1565 = PCURVE('',#615,#1566);
#1566 = DEFINITIONAL_REPRESENTATION('',(#1567),#1571);
#1567 = LINE('',#1568,#1569);
#1568 = CARTESIAN_POINT('',(0.,3.5));
#1569 = VECTOR('',#1570,1.);
#1570 = DIRECTION('',(1.,0.));
#1571 = ( GEOMETRIC_REPRESENTATION_CONTEXT(2) 
PARAMETRIC_REPRESENTATION_CONTEXT() REPRESENTATION_CONTEXT('2D SPACE',''
  ) );
#1572 = ORIENTED_EDGE('',*,*,#1573,.F.);
#1573 = EDGE_CURVE('',#1574,#1550,#1576,.T.);
#1574 = VERTEX_POINT('',#1575);
#1575 = CARTESIAN_POINT('',(14.65,-20.62,36.5));
#1576 = SURFACE_CURVE('',#1577,(#1581,#1587),.PCURVE_S1.);
#1577 = LINE('',#1578,#1579);
#1578 = CARTESIAN_POINT('',(14.65,-21.945,36.5));
#1579 = VECTOR('',#1580,1.);
#1580 = DIRECTION('',(0.,1.,0.));
#1581 = PCURVE('',#589,#1582);
#1582 = DEFINITIONAL_REPRESENTATION('',(#1583),#1586);
#1583 = B_SPLINE_CURVE_WITH_KNOTS('',1,(#1584,#1585),.UNSPECIFIED.,.F.,
  .F.,(2,2),(1.325,4.025),.PIECEWISE_BEZIER_KNOTS.);
#1584 = CARTESIAN_POINT('',(5.65,2.65));
#1585 = CARTESIAN_POINT('',(5.65,5.35));
#1586 = ( GEOMETRIC_REPRESENTATION_CONTEXT(2) 
PARAMETRIC_REPRESENTATION_CONTEXT() REPRESENTATION_CONTEXT('2D SPACE',''
  ) );
#1587 = PCURVE('',#982,#1588);
#1588 = DEFINITIONAL_REPRESENTATION('',(#1589),#1592);
#1589 = B_SPLINE_CURVE_WITH_KNOTS('',1,(#1590,#1591),.UNSPECIFIED.,.F.,
  .F.,(2,2),(1.325,4.025),.PIECEWISE_BEZIER_KNOTS.);
#1590 = CARTESIAN_POINT('',(3.5,0.));
#1591 = CARTESIAN_POINT('',(3.5,-2.7));
#1592 = ( GEOMETRIC_REPRESENTATION_CONTEXT(2) 
PARAMETRIC_REPRESENTATION_CONTEXT() REPRESENTATION_CONTEXT('2D SPACE',''
  ) );
#1593 = ORIENTED_EDGE('',*,*,#1594,.F.);
#1594 = EDGE_CURVE('',#1595,#1574,#1597,.T.);
#1595 = VERTEX_POINT('',#1596);
#1596 = CARTESIAN_POINT('',(11.35,-20.62,36.5));
#1597 = SURFACE_CURVE('',#1598,(#1603,#1610),.PCURVE_S1.);
#1598 = CIRCLE('',#1599,1.65);
#1599 = AXIS2_PLACEMENT_3D('',#1600,#1601,#1602);
#1600 = CARTESIAN_POINT('',(13.,-20.62,36.5));
#1601 = DIRECTION('',(0.,0.,1.));
#1602 = DIRECTION('',(1.,0.,-0.));
#1603 = PCURVE('',#589,#1604);
#1604 = DEFINITIONAL_REPRESENTATION('',(#1605),#1609);
#1605 = CIRCLE('',#1606,1.65);
#1606 = AXIS2_PLACEMENT_2D('',#1607,#1608);
#1607 = CARTESIAN_POINT('',(4.,2.65));
#1608 = DIRECTION('',(1.,0.));
#1609 = ( GEOMETRIC_REPRESENTATION_CONTEXT(2) 
PARAMETRIC_REPRESENTATION_CONTEXT() REPRESENTATION_CONTEXT('2D SPACE',''
  ) );
#1610 = PCURVE('',#1010,#1611);
#1611 = DEFINITIONAL_REPRESENTATION('',(#1612),#1616);
#1612 = LINE('',#1613,#1614);
#1613 = CARTESIAN_POINT('',(0.,3.5));
#1614 = VECTOR('',#1615,1.);
#1615 = DIRECTION('',(1.,0.));
#1616 = ( GEOMETRIC_REPRESENTATION_CONTEXT(2) 
PARAMETRIC_REPRESENTATION_CONTEXT() REPRESENTATION_CONTEXT('2D SPACE',''
  ) );
#1617 = ORIENTED_EDGE('',*,*,#1618,.T.);
#1618 = EDGE_CURVE('',#1595,#1619,#1621,.T.);
#1619 = VERTEX_POINT('',#1620);
#1620 = CARTESIAN_POINT('',(11.35,-17.92,36.5));
#1621 = SURFACE_CURVE('',#1622,(#1626,#1632),.PCURVE_S1.);
#1622 = LINE('',#1623,#1624);
#1623 = CARTESIAN_POINT('',(11.35,-21.945,36.5));
#1624 = VECTOR('',#1625,1.);
#1625 = DIRECTION('',(0.,1.,0.));
#1626 = PCURVE('',#589,#1627);
#1627 = DEFINITIONAL_REPRESENTATION('',(#1628),#1631);
#1628 = B_SPLINE_CURVE_WITH_KNOTS('',1,(#1629,#1630),.UNSPECIFIED.,.F.,
  .F.,(2,2),(1.325,4.025),.PIECEWISE_BEZIER_KNOTS.);
#1629 = CARTESIAN_POINT('',(2.35,2.65));
#1630 = CARTESIAN_POINT('',(2.35,5.35));
#1631 = ( GEOMETRIC_REPRESENTATION_CONTEXT(2) 
PARAMETRIC_REPRESENTATION_CONTEXT() REPRESENTATION_CONTEXT('2D SPACE',''
  ) );
#1632 = PCURVE('',#1036,#1633);
#1633 = DEFINITIONAL_REPRESENTATION('',(#1634),#1637);
#1634 = B_SPLINE_CURVE_WITH_KNOTS('',1,(#1635,#1636),.UNSPECIFIED.,.F.,
  .F.,(2,2),(1.325,4.025),.PIECEWISE_BEZIER_KNOTS.);
#1635 = CARTESIAN_POINT('',(3.5,0.));
#1636 = CARTESIAN_POINT('',(3.5,-2.7));
#1637 = ( GEOMETRIC_REPRESENTATION_CONTEXT(2) 
PARAMETRIC_REPRESENTATION_CONTEXT() REPRESENTATION_CONTEXT('2D SPACE',''
  ) );
#1638 = ORIENTED_EDGE('',*,*,#1639,.F.);
#1639 = EDGE_CURVE('',#650,#1619,#1640,.T.);
#1640 = SURFACE_CURVE('',#1641,(#1646,#1653),.PCURVE_S1.);
#1641 = CIRCLE('',#1642,1.65);
#1642 = AXIS2_PLACEMENT_3D('',#1643,#1644,#1645);
#1643 = CARTESIAN_POINT('',(13.,-17.92,36.5));
#1644 = DIRECTION('',(0.,0.,1.));
#1645 = DIRECTION('',(1.,0.,-0.));
#1646 = PCURVE('',#589,#1647);
#1647 = DEFINITIONAL_REPRESENTATION('',(#1648),#1652);
#1648 = CIRCLE('',#1649,1.65);
#1649 = AXIS2_PLACEMENT_2D('',#1650,#1651);
#1650 = CARTESIAN_POINT('',(4.,5.35));
#1651 = DIRECTION('',(1.,0.));
#1652 = ( GEOMETRIC_REPRESENTATION_CONTEXT(2) 
PARAMETRIC_REPRESENTATION_CONTEXT() REPRESENTATION_CONTEXT('2D SPACE',''
  ) );
#1653 = PCURVE('',#664,#1654);
#1654 = DEFINITIONAL_REPRESENTATION('',(#1655),#1659);
#1655 = LINE('',#1656,#1657);
#1656 = CARTESIAN_POINT('',(0.,3.5));
#1657 = VECTOR('',#1658,1.);
#1658 = DIRECTION('',(1.,0.));
#1659 = ( GEOMETRIC_REPRESENTATION_CONTEXT(2) 
PARAMETRIC_REPRESENTATION_CONTEXT() REPRESENTATION_CONTEXT('2D SPACE',''
  ) );
#1660 = ORIENTED_EDGE('',*,*,#675,.F.);
#1661 = ADVANCED_FACE('',(#1662),#664,.F.);
#1662 = FACE_BOUND('',#1663,.F.);
#1663 = EDGE_LOOP('',(#1664,#1665,#1666,#1667));
#1664 = ORIENTED_EDGE('',*,*,#1639,.F.);
#1665 = ORIENTED_EDGE('',*,*,#649,.F.);
#1666 = ORIENTED_EDGE('',*,*,#917,.T.);
#1667 = ORIENTED_EDGE('',*,*,#1668,.T.);
#1668 = EDGE_CURVE('',#918,#1619,#1669,.T.);
#1669 = SURFACE_CURVE('',#1670,(#1674,#1681),.PCURVE_S1.);
#1670 = LINE('',#1671,#1672);
#1671 = CARTESIAN_POINT('',(11.35,-17.92,33.));
#1672 = VECTOR('',#1673,1.);
#1673 = DIRECTION('',(0.,0.,1.));
#1674 = PCURVE('',#664,#1675);
#1675 = DEFINITIONAL_REPRESENTATION('',(#1676),#1680);
#1676 = LINE('',#1677,#1678);
#1677 = CARTESIAN_POINT('',(3.14159265359,0.));
#1678 = VECTOR('',#1679,1.);
#1679 = DIRECTION('',(0.,1.));
#1680 = ( GEOMETRIC_REPRESENTATION_CONTEXT(2) 
PARAMETRIC_REPRESENTATION_CONTEXT() REPRESENTATION_CONTEXT('2D SPACE',''
  ) );
#1681 = PCURVE('',#1036,#1682);
#1682 = DEFINITIONAL_REPRESENTATION('',(#1683),#1687);
#1683 = LINE('',#1684,#1685);
#1684 = CARTESIAN_POINT('',(0.,-2.7));
#1685 = VECTOR('',#1686,1.);
#1686 = DIRECTION('',(1.,0.));
#1687 = ( GEOMETRIC_REPRESENTATION_CONTEXT(2) 
PARAMETRIC_REPRESENTATION_CONTEXT() REPRESENTATION_CONTEXT('2D SPACE',''
  ) );
#1688 = ADVANCED_FACE('',(#1689),#615,.F.);
#1689 = FACE_BOUND('',#1690,.F.);
#1690 = EDGE_LOOP('',(#1691,#1692,#1712,#1713));
#1691 = ORIENTED_EDGE('',*,*,#1549,.F.);
#1692 = ORIENTED_EDGE('',*,*,#1693,.F.);
#1693 = EDGE_CURVE('',#943,#1550,#1694,.T.);
#1694 = SURFACE_CURVE('',#1695,(#1699,#1705),.PCURVE_S1.);
#1695 = LINE('',#1696,#1697);
#1696 = CARTESIAN_POINT('',(14.65,-17.92,33.));
#1697 = VECTOR('',#1698,1.);
#1698 = DIRECTION('',(0.,0.,1.));
#1699 = PCURVE('',#615,#1700);
#1700 = DEFINITIONAL_REPRESENTATION('',(#1701),#1704);
#1701 = B_SPLINE_CURVE_WITH_KNOTS('',1,(#1702,#1703),.UNSPECIFIED.,.F.,
  .F.,(2,2),(0.,5.),.PIECEWISE_BEZIER_KNOTS.);
#1702 = CARTESIAN_POINT('',(0.,0.));
#1703 = CARTESIAN_POINT('',(0.,5.));
#1704 = ( GEOMETRIC_REPRESENTATION_CONTEXT(2) 
PARAMETRIC_REPRESENTATION_CONTEXT() REPRESENTATION_CONTEXT('2D SPACE',''
  ) );
#1705 = PCURVE('',#982,#1706);
#1706 = DEFINITIONAL_REPRESENTATION('',(#1707),#1711);
#1707 = LINE('',#1708,#1709);
#1708 = CARTESIAN_POINT('',(0.,-2.7));
#1709 = VECTOR('',#1710,1.);
#1710 = DIRECTION('',(1.,0.));
#1711 = ( GEOMETRIC_REPRESENTATION_CONTEXT(2) 
PARAMETRIC_REPRESENTATION_CONTEXT() REPRESENTATION_CONTEXT('2D SPACE',''
  ) );
#1712 = ORIENTED_EDGE('',*,*,#942,.T.);
#1713 = ORIENTED_EDGE('',*,*,#600,.T.);
#1714 = ADVANCED_FACE('',(#1715),#563,.T.);
#1715 = FACE_BOUND('',#1716,.T.);
#1716 = EDGE_LOOP('',(#1717,#1718,#1739,#1740));
#1717 = ORIENTED_EDGE('',*,*,#1527,.F.);
#1718 = ORIENTED_EDGE('',*,*,#1719,.F.);
#1719 = EDGE_CURVE('',#772,#1505,#1720,.T.);
#1720 = SURFACE_CURVE('',#1721,(#1725,#1732),.PCURVE_S1.);
#1721 = LINE('',#1722,#1723);
#1722 = CARTESIAN_POINT('',(17.,-23.27,34.));
#1723 = VECTOR('',#1724,1.);
#1724 = DIRECTION('',(0.,0.,1.));
#1725 = PCURVE('',#563,#1726);
#1726 = DEFINITIONAL_REPRESENTATION('',(#1727),#1731);
#1727 = LINE('',#1728,#1729);
#1728 = CARTESIAN_POINT('',(0.,0.));
#1729 = VECTOR('',#1730,1.);
#1730 = DIRECTION('',(1.,0.));
#1731 = ( GEOMETRIC_REPRESENTATION_CONTEXT(2) 
PARAMETRIC_REPRESENTATION_CONTEXT() REPRESENTATION_CONTEXT('2D SPACE',''
  ) );
#1732 = PCURVE('',#787,#1733);
#1733 = DEFINITIONAL_REPRESENTATION('',(#1734),#1738);
#1734 = LINE('',#1735,#1736);
#1735 = CARTESIAN_POINT('',(0.,8.));
#1736 = VECTOR('',#1737,1.);
#1737 = DIRECTION('',(1.,0.));
#1738 = ( GEOMETRIC_REPRESENTATION_CONTEXT(2) 
PARAMETRIC_REPRESENTATION_CONTEXT() REPRESENTATION_CONTEXT('2D SPACE',''
  ) );
#1739 = ORIENTED_EDGE('',*,*,#799,.T.);
#1740 = ORIENTED_EDGE('',*,*,#548,.F.);
#1741 = ADVANCED_FACE('',(#1742),#514,.F.);
#1742 = FACE_BOUND('',#1743,.F.);
#1743 = EDGE_LOOP('',(#1744,#1767,#1788,#1789));
#1744 = ORIENTED_EDGE('',*,*,#1745,.F.);
#1745 = EDGE_CURVE('',#1746,#479,#1748,.T.);
#1746 = VERTEX_POINT('',#1747);
#1747 = CARTESIAN_POINT('',(47.,-23.27,36.5));
#1748 = SURFACE_CURVE('',#1749,(#1753,#1760),.PCURVE_S1.);
#1749 = LINE('',#1750,#1751);
#1750 = CARTESIAN_POINT('',(47.,-23.27,36.5));
#1751 = VECTOR('',#1752,1.);
#1752 = DIRECTION('',(0.,1.,0.));
#1753 = PCURVE('',#514,#1754);
#1754 = DEFINITIONAL_REPRESENTATION('',(#1755),#1759);
#1755 = LINE('',#1756,#1757);
#1756 = CARTESIAN_POINT('',(2.5,0.));
#1757 = VECTOR('',#1758,1.);
#1758 = DIRECTION('',(0.,-1.));
#1759 = ( GEOMETRIC_REPRESENTATION_CONTEXT(2) 
PARAMETRIC_REPRESENTATION_CONTEXT() REPRESENTATION_CONTEXT('2D SPACE',''
  ) );
#1760 = PCURVE('',#392,#1761);
#1761 = DEFINITIONAL_REPRESENTATION('',(#1762),#1766);
#1762 = LINE('',#1763,#1764);
#1763 = CARTESIAN_POINT('',(0.,0.));
#1764 = VECTOR('',#1765,1.);
#1765 = DIRECTION('',(0.,1.));
#1766 = ( GEOMETRIC_REPRESENTATION_CONTEXT(2) 
PARAMETRIC_REPRESENTATION_CONTEXT() REPRESENTATION_CONTEXT('2D SPACE',''
  ) );
#1767 = ORIENTED_EDGE('',*,*,#1768,.F.);
#1768 = EDGE_CURVE('',#822,#1746,#1769,.T.);
#1769 = SURFACE_CURVE('',#1770,(#1774,#1781),.PCURVE_S1.);
#1770 = LINE('',#1771,#1772);
#1771 = CARTESIAN_POINT('',(47.,-23.27,34.));
#1772 = VECTOR('',#1773,1.);
#1773 = DIRECTION('',(0.,0.,1.));
#1774 = PCURVE('',#514,#1775);
#1775 = DEFINITIONAL_REPRESENTATION('',(#1776),#1780);
#1776 = LINE('',#1777,#1778);
#1777 = CARTESIAN_POINT('',(0.,0.));
#1778 = VECTOR('',#1779,1.);
#1779 = DIRECTION('',(1.,0.));
#1780 = ( GEOMETRIC_REPRESENTATION_CONTEXT(2) 
PARAMETRIC_REPRESENTATION_CONTEXT() REPRESENTATION_CONTEXT('2D SPACE',''
  ) );
#1781 = PCURVE('',#860,#1782);
#1782 = DEFINITIONAL_REPRESENTATION('',(#1783),#1787);
#1783 = LINE('',#1784,#1785);
#1784 = CARTESIAN_POINT('',(0.,0.));
#1785 = VECTOR('',#1786,1.);
#1786 = DIRECTION('',(1.,0.));
#1787 = ( GEOMETRIC_REPRESENTATION_CONTEXT(2) 
PARAMETRIC_REPRESENTATION_CONTEXT() REPRESENTATION_CONTEXT('2D SPACE',''
  ) );
#1788 = ORIENTED_EDGE('',*,*,#821,.T.);
#1789 = ORIENTED_EDGE('',*,*,#499,.F.);
#1790 = ADVANCED_FACE('',(#1791),#392,.T.);
#1791 = FACE_BOUND('',#1792,.T.);
#1792 = EDGE_LOOP('',(#1793,#1794,#1817,#1838,#1839,#1863,#1884,#1908,
    #1929,#1951));
#1793 = ORIENTED_EDGE('',*,*,#1745,.F.);
#1794 = ORIENTED_EDGE('',*,*,#1795,.T.);
#1795 = EDGE_CURVE('',#1746,#1796,#1798,.T.);
#1796 = VERTEX_POINT('',#1797);
#1797 = CARTESIAN_POINT('',(55.,-23.27,36.5));
#1798 = SURFACE_CURVE('',#1799,(#1803,#1810),.PCURVE_S1.);
#1799 = LINE('',#1800,#1801);
#1800 = CARTESIAN_POINT('',(47.,-23.27,36.5));
#1801 = VECTOR('',#1802,1.);
#1802 = DIRECTION('',(1.,0.,0.));
#1803 = PCURVE('',#392,#1804);
#1804 = DEFINITIONAL_REPRESENTATION('',(#1805),#1809);
#1805 = LINE('',#1806,#1807);
#1806 = CARTESIAN_POINT('',(0.,0.));
#1807 = VECTOR('',#1808,1.);
#1808 = DIRECTION('',(1.,0.));
#1809 = ( GEOMETRIC_REPRESENTATION_CONTEXT(2) 
PARAMETRIC_REPRESENTATION_CONTEXT() REPRESENTATION_CONTEXT('2D SPACE',''
  ) );
#1810 = PCURVE('',#860,#1811);
#1811 = DEFINITIONAL_REPRESENTATION('',(#1812),#1816);
#1812 = LINE('',#1813,#1814);
#1813 = CARTESIAN_POINT('',(2.5,0.));
#1814 = VECTOR('',#1815,1.);
#1815 = DIRECTION('',(0.,1.));
#1816 = ( GEOMETRIC_REPRESENTATION_CONTEXT(2) 
PARAMETRIC_REPRESENTATION_CONTEXT() REPRESENTATION_CONTEXT('2D SPACE',''
  ) );
#1817 = ORIENTED_EDGE('',*,*,#1818,.T.);
#1818 = EDGE_CURVE('',#1796,#352,#1819,.T.);
#1819 = SURFACE_CURVE('',#1820,(#1824,#1831),.PCURVE_S1.);
#1820 = LINE('',#1821,#1822);
#1821 = CARTESIAN_POINT('',(55.,-23.27,36.5));
#1822 = VECTOR('',#1823,1.);
#1823 = DIRECTION('',(0.,1.,0.));
#1824 = PCURVE('',#392,#1825);
#1825 = DEFINITIONAL_REPRESENTATION('',(#1826),#1830);
#1826 = LINE('',#1827,#1828);
#1827 = CARTESIAN_POINT('',(8.,0.));
#1828 = VECTOR('',#1829,1.);
#1829 = DIRECTION('',(0.,1.));
#1830 = ( GEOMETRIC_REPRESENTATION_CONTEXT(2) 
PARAMETRIC_REPRESENTATION_CONTEXT() REPRESENTATION_CONTEXT('2D SPACE',''
  ) );
#1831 = PCURVE('',#366,#1832);
#1832 = DEFINITIONAL_REPRESENTATION('',(#1833),#1837);
#1833 = LINE('',#1834,#1835);
#1834 = CARTESIAN_POINT('',(2.5,0.));
#1835 = VECTOR('',#1836,1.);
#1836 = DIRECTION('',(0.,-1.));
#1837 = ( GEOMETRIC_REPRESENTATION_CONTEXT(2) 
PARAMETRIC_REPRESENTATION_CONTEXT() REPRESENTATION_CONTEXT('2D SPACE',''
  ) );
#1838 = ORIENTED_EDGE('',*,*,#377,.F.);
#1839 = ORIENTED_EDGE('',*,*,#1840,.F.);
#1840 = EDGE_CURVE('',#1841,#378,#1843,.T.);
#1841 = VERTEX_POINT('',#1842);
#1842 = CARTESIAN_POINT('',(52.65,-17.92,36.5));
#1843 = SURFACE_CURVE('',#1844,(#1849,#1856),.PCURVE_S1.);
#1844 = CIRCLE('',#1845,1.65);
#1845 = AXIS2_PLACEMENT_3D('',#1846,#1847,#1848);
#1846 = CARTESIAN_POINT('',(51.,-17.92,36.5));
#1847 = DIRECTION('',(0.,0.,1.));
#1848 = DIRECTION('',(1.,0.,-0.));
#1849 = PCURVE('',#392,#1850);
#1850 = DEFINITIONAL_REPRESENTATION('',(#1851),#1855);
#1851 = CIRCLE('',#1852,1.65);
#1852 = AXIS2_PLACEMENT_2D('',#1853,#1854);
#1853 = CARTESIAN_POINT('',(4.,5.35));
#1854 = DIRECTION('',(1.,0.));
#1855 = ( GEOMETRIC_REPRESENTATION_CONTEXT(2) 
PARAMETRIC_REPRESENTATION_CONTEXT() REPRESENTATION_CONTEXT('2D SPACE',''
  ) );
#1856 = PCURVE('',#418,#1857);
#1857 = DEFINITIONAL_REPRESENTATION('',(#1858),#1862);
#1858 = LINE('',#1859,#1860);
#1859 = CARTESIAN_POINT('',(0.,3.5));
#1860 = VECTOR('',#1861,1.);
#1861 = DIRECTION('',(1.,0.));
#1862 = ( GEOMETRIC_REPRESENTATION_CONTEXT(2) 
PARAMETRIC_REPRESENTATION_CONTEXT() REPRESENTATION_CONTEXT('2D SPACE',''
  ) );
#1863 = ORIENTED_EDGE('',*,*,#1864,.F.);
#1864 = EDGE_CURVE('',#1865,#1841,#1867,.T.);
#1865 = VERTEX_POINT('',#1866);
#1866 = CARTESIAN_POINT('',(52.65,-20.62,36.5));
#1867 = SURFACE_CURVE('',#1868,(#1872,#1878),.PCURVE_S1.);
#1868 = LINE('',#1869,#1870);
#1869 = CARTESIAN_POINT('',(52.65,-21.945,36.5));
#1870 = VECTOR('',#1871,1.);
#1871 = DIRECTION('',(0.,1.,0.));
#1872 = PCURVE('',#392,#1873);
#1873 = DEFINITIONAL_REPRESENTATION('',(#1874),#1877);
#1874 = B_SPLINE_CURVE_WITH_KNOTS('',1,(#1875,#1876),.UNSPECIFIED.,.F.,
  .F.,(2,2),(1.325,4.025),.PIECEWISE_BEZIER_KNOTS.);
#1875 = CARTESIAN_POINT('',(5.65,2.65));
#1876 = CARTESIAN_POINT('',(5.65,5.35));
#1877 = ( GEOMETRIC_REPRESENTATION_CONTEXT(2) 
PARAMETRIC_REPRESENTATION_CONTEXT() REPRESENTATION_CONTEXT('2D SPACE',''
  ) );
#1878 = PCURVE('',#1114,#1879);
#1879 = DEFINITIONAL_REPRESENTATION('',(#1880),#1883);
#1880 = B_SPLINE_CURVE_WITH_KNOTS('',1,(#1881,#1882),.UNSPECIFIED.,.F.,
  .F.,(2,2),(1.325,4.025),.PIECEWISE_BEZIER_KNOTS.);
#1881 = CARTESIAN_POINT('',(3.5,0.));
#1882 = CARTESIAN_POINT('',(3.5,-2.7));
#1883 = ( GEOMETRIC_REPRESENTATION_CONTEXT(2) 
PARAMETRIC_REPRESENTATION_CONTEXT() REPRESENTATION_CONTEXT('2D SPACE',''
  ) );
#1884 = ORIENTED_EDGE('',*,*,#1885,.F.);
#1885 = EDGE_CURVE('',#1886,#1865,#1888,.T.);
#1886 = VERTEX_POINT('',#1887);
#1887 = CARTESIAN_POINT('',(49.35,-20.62,36.5));
#1888 = SURFACE_CURVE('',#1889,(#1894,#1901),.PCURVE_S1.);
#1889 = CIRCLE('',#1890,1.65);
#1890 = AXIS2_PLACEMENT_3D('',#1891,#1892,#1893);
#1891 = CARTESIAN_POINT('',(51.,-20.62,36.5));
#1892 = DIRECTION('',(0.,0.,1.));
#1893 = DIRECTION('',(1.,0.,-0.));
#1894 = PCURVE('',#392,#1895);
#1895 = DEFINITIONAL_REPRESENTATION('',(#1896),#1900);
#1896 = CIRCLE('',#1897,1.65);
#1897 = AXIS2_PLACEMENT_2D('',#1898,#1899);
#1898 = CARTESIAN_POINT('',(4.,2.65));
#1899 = DIRECTION('',(1.,0.));
#1900 = ( GEOMETRIC_REPRESENTATION_CONTEXT(2) 
PARAMETRIC_REPRESENTATION_CONTEXT() REPRESENTATION_CONTEXT('2D SPACE',''
  ) );
#1901 = PCURVE('',#1142,#1902);
#1902 = DEFINITIONAL_REPRESENTATION('',(#1903),#1907);
#1903 = LINE('',#1904,#1905);
#1904 = CARTESIAN_POINT('',(0.,3.5));
#1905 = VECTOR('',#1906,1.);
#1906 = DIRECTION('',(1.,0.));
#1907 = ( GEOMETRIC_REPRESENTATION_CONTEXT(2) 
PARAMETRIC_REPRESENTATION_CONTEXT() REPRESENTATION_CONTEXT('2D SPACE',''
  ) );
#1908 = ORIENTED_EDGE('',*,*,#1909,.T.);
#1909 = EDGE_CURVE('',#1886,#1910,#1912,.T.);
#1910 = VERTEX_POINT('',#1911);
#1911 = CARTESIAN_POINT('',(49.35,-17.92,36.5));
#1912 = SURFACE_CURVE('',#1913,(#1917,#1923),.PCURVE_S1.);
#1913 = LINE('',#1914,#1915);
#1914 = CARTESIAN_POINT('',(49.35,-21.945,36.5));
#1915 = VECTOR('',#1916,1.);
#1916 = DIRECTION('',(0.,1.,0.));
#1917 = PCURVE('',#392,#1918);
#1918 = DEFINITIONAL_REPRESENTATION('',(#1919),#1922);
#1919 = B_SPLINE_CURVE_WITH_KNOTS('',1,(#1920,#1921),.UNSPECIFIED.,.F.,
  .F.,(2,2),(1.325,4.025),.PIECEWISE_BEZIER_KNOTS.);
#1920 = CARTESIAN_POINT('',(2.35,2.65));
#1921 = CARTESIAN_POINT('',(2.35,5.35));
#1922 = ( GEOMETRIC_REPRESENTATION_CONTEXT(2) 
PARAMETRIC_REPRESENTATION_CONTEXT() REPRESENTATION_CONTEXT('2D SPACE',''
  ) );
#1923 = PCURVE('',#1168,#1924);
#1924 = DEFINITIONAL_REPRESENTATION('',(#1925),#1928);
#1925 = B_SPLINE_CURVE_WITH_KNOTS('',1,(#1926,#1927),.UNSPECIFIED.,.F.,
  .F.,(2,2),(1.325,4.025),.PIECEWISE_BEZIER_KNOTS.);
#1926 = CARTESIAN_POINT('',(3.5,0.));
#1927 = CARTESIAN_POINT('',(3.5,-2.7));
#1928 = ( GEOMETRIC_REPRESENTATION_CONTEXT(2) 
PARAMETRIC_REPRESENTATION_CONTEXT() REPRESENTATION_CONTEXT('2D SPACE',''
  ) );
#1929 = ORIENTED_EDGE('',*,*,#1930,.F.);
#1930 = EDGE_CURVE('',#453,#1910,#1931,.T.);
#1931 = SURFACE_CURVE('',#1932,(#1937,#1944),.PCURVE_S1.);
#1932 = CIRCLE('',#1933,1.65);
#1933 = AXIS2_PLACEMENT_3D('',#1934,#1935,#1936);
#1934 = CARTESIAN_POINT('',(51.,-17.92,36.5));
#1935 = DIRECTION('',(0.,0.,1.));
#1936 = DIRECTION('',(1.,0.,-0.));
#1937 = PCURVE('',#392,#1938);
#1938 = DEFINITIONAL_REPRESENTATION('',(#1939),#1943);
#1939 = CIRCLE('',#1940,1.65);
#1940 = AXIS2_PLACEMENT_2D('',#1941,#1942);
#1941 = CARTESIAN_POINT('',(4.,5.35));
#1942 = DIRECTION('',(1.,0.));
#1943 = ( GEOMETRIC_REPRESENTATION_CONTEXT(2) 
PARAMETRIC_REPRESENTATION_CONTEXT() REPRESENTATION_CONTEXT('2D SPACE',''
  ) );
#1944 = PCURVE('',#467,#1945);
#1945 = DEFINITIONAL_REPRESENTATION('',(#1946),#1950);
#1946 = LINE('',#1947,#1948);
#1947 = CARTESIAN_POINT('',(0.,3.5));
#1948 = VECTOR('',#1949,1.);
#1949 = DIRECTION('',(1.,0.));
#1950 = ( GEOMETRIC_REPRESENTATION_CONTEXT(2) 
PARAMETRIC_REPRESENTATION_CONTEXT() REPRESENTATION_CONTEXT('2D SPACE',''
  ) );
#1951 = ORIENTED_EDGE('',*,*,#478,.F.);
#1952 = ADVANCED_FACE('',(#1953),#467,.F.);
#1953 = FACE_BOUND('',#1954,.F.);
#1954 = EDGE_LOOP('',(#1955,#1956,#1957,#1958));
#1955 = ORIENTED_EDGE('',*,*,#1930,.F.);
#1956 = ORIENTED_EDGE('',*,*,#452,.F.);
#1957 = ORIENTED_EDGE('',*,*,#1049,.T.);
#1958 = ORIENTED_EDGE('',*,*,#1959,.T.);
#1959 = EDGE_CURVE('',#1050,#1910,#1960,.T.);
#1960 = SURFACE_CURVE('',#1961,(#1965,#1972),.PCURVE_S1.);
#1961 = LINE('',#1962,#1963);
#1962 = CARTESIAN_POINT('',(49.35,-17.92,33.));
#1963 = VECTOR('',#1964,1.);
#1964 = DIRECTION('',(0.,0.,1.));
#1965 = PCURVE('',#467,#1966);
#1966 = DEFINITIONAL_REPRESENTATION('',(#1967),#1971);
#1967 = LINE('',#1968,#1969);
#1968 = CARTESIAN_POINT('',(3.14159265359,0.));
#1969 = VECTOR('',#1970,1.);
#1970 = DIRECTION('',(0.,1.));
#1971 = ( GEOMETRIC_REPRESENTATION_CONTEXT(2) 
PARAMETRIC_REPRESENTATION_CONTEXT() REPRESENTATION_CONTEXT('2D SPACE',''
  ) );
#1972 = PCURVE('',#1168,#1973);
#1973 = DEFINITIONAL_REPRESENTATION('',(#1974),#1978);
#1974 = LINE('',#1975,#1976);
#1975 = CARTESIAN_POINT('',(0.,-2.7));
#1976 = VECTOR('',#1977,1.);
#1977 = DIRECTION('',(1.,0.));
#1978 = ( GEOMETRIC_REPRESENTATION_CONTEXT(2) 
PARAMETRIC_REPRESENTATION_CONTEXT() REPRESENTATION_CONTEXT('2D SPACE',''
  ) );
#1979 = ADVANCED_FACE('',(#1980),#418,.F.);
#1980 = FACE_BOUND('',#1981,.F.);
#1981 = EDGE_LOOP('',(#1982,#1983,#2003,#2004));
#1982 = ORIENTED_EDGE('',*,*,#1840,.F.);
#1983 = ORIENTED_EDGE('',*,*,#1984,.F.);
#1984 = EDGE_CURVE('',#1075,#1841,#1985,.T.);
#1985 = SURFACE_CURVE('',#1986,(#1990,#1996),.PCURVE_S1.);
#1986 = LINE('',#1987,#1988);
#1987 = CARTESIAN_POINT('',(52.65,-17.92,33.));
#1988 = VECTOR('',#1989,1.);
#1989 = DIRECTION('',(0.,0.,1.));
#1990 = PCURVE('',#418,#1991);
#1991 = DEFINITIONAL_REPRESENTATION('',(#1992),#1995);
#1992 = B_SPLINE_CURVE_WITH_KNOTS('',1,(#1993,#1994),.UNSPECIFIED.,.F.,
  .F.,(2,2),(0.,5.),.PIECEWISE_BEZIER_KNOTS.);
#1993 = CARTESIAN_POINT('',(0.,0.));
#1994 = CARTESIAN_POINT('',(0.,5.));
#1995 = ( GEOMETRIC_REPRESENTATION_CONTEXT(2) 
PARAMETRIC_REPRESENTATION_CONTEXT() REPRESENTATION_CONTEXT('2D SPACE',''
  ) );
#1996 = PCURVE('',#1114,#1997);
#1997 = DEFINITIONAL_REPRESENTATION('',(#1998),#2002);
#1998 = LINE('',#1999,#2000);
#1999 = CARTESIAN_POINT('',(0.,-2.7));
#2000 = VECTOR('',#2001,1.);
#2001 = DIRECTION('',(1.,0.));
#2002 = ( GEOMETRIC_REPRESENTATION_CONTEXT(2) 
PARAMETRIC_REPRESENTATION_CONTEXT() REPRESENTATION_CONTEXT('2D SPACE',''
  ) );
#2003 = ORIENTED_EDGE('',*,*,#1074,.T.);
#2004 = ORIENTED_EDGE('',*,*,#403,.T.);
#2005 = ADVANCED_FACE('',(#2006),#366,.T.);
#2006 = FACE_BOUND('',#2007,.T.);
#2007 = EDGE_LOOP('',(#2008,#2009,#2030,#2031));
#2008 = ORIENTED_EDGE('',*,*,#1818,.F.);
#2009 = ORIENTED_EDGE('',*,*,#2010,.F.);
#2010 = EDGE_CURVE('',#845,#1796,#2011,.T.);
#2011 = SURFACE_CURVE('',#2012,(#2016,#2023),.PCURVE_S1.);
#2012 = LINE('',#2013,#2014);
#2013 = CARTESIAN_POINT('',(55.,-23.27,34.));
#2014 = VECTOR('',#2015,1.);
#2015 = DIRECTION('',(0.,0.,1.));
#2016 = PCURVE('',#366,#2017);
#2017 = DEFINITIONAL_REPRESENTATION('',(#2018),#2022);
#2018 = LINE('',#2019,#2020);
#2019 = CARTESIAN_POINT('',(0.,0.));
#2020 = VECTOR('',#2021,1.);
#2021 = DIRECTION('',(1.,0.));
#2022 = ( GEOMETRIC_REPRESENTATION_CONTEXT(2) 
PARAMETRIC_REPRESENTATION_CONTEXT() REPRESENTATION_CONTEXT('2D SPACE',''
  ) );
#2023 = PCURVE('',#860,#2024);
#2024 = DEFINITIONAL_REPRESENTATION('',(#2025),#2029);
#2025 = LINE('',#2026,#2027);
#2026 = CARTESIAN_POINT('',(0.,8.));
#2027 = VECTOR('',#2028,1.);
#2028 = DIRECTION('',(1.,0.));
#2029 = ( GEOMETRIC_REPRESENTATION_CONTEXT(2) 
PARAMETRIC_REPRESENTATION_CONTEXT() REPRESENTATION_CONTEXT('2D SPACE',''
  ) );
#2030 = ORIENTED_EDGE('',*,*,#872,.T.);
#2031 = ORIENTED_EDGE('',*,*,#351,.F.);
#2032 = ADVANCED_FACE('',(#2033),#316,.T.);
#2033 = FACE_BOUND('',#2034,.T.);
#2034 = EDGE_LOOP('',(#2035,#2036,#2037,#2038,#2039,#2040,#2041,#2042));
#2035 = ORIENTED_EDGE('',*,*,#300,.F.);
#2036 = ORIENTED_EDGE('',*,*,#894,.T.);
#2037 = ORIENTED_EDGE('',*,*,#1182,.T.);
#2038 = ORIENTED_EDGE('',*,*,#1233,.T.);
#2039 = ORIENTED_EDGE('',*,*,#1305,.T.);
#2040 = ORIENTED_EDGE('',*,*,#1353,.F.);
#2041 = ORIENTED_EDGE('',*,*,#1378,.T.);
#2042 = ORIENTED_EDGE('',*,*,#1429,.F.);
#2043 = ADVANCED_FACE('',(#2044),#787,.F.);
#2044 = FACE_BOUND('',#2045,.F.);
#2045 = EDGE_LOOP('',(#2046,#2047,#2048,#2049));
#2046 = ORIENTED_EDGE('',*,*,#771,.F.);
#2047 = ORIENTED_EDGE('',*,*,#1477,.T.);
#2048 = ORIENTED_EDGE('',*,*,#1504,.T.);
#2049 = ORIENTED_EDGE('',*,*,#1719,.F.);
#2050 = ADVANCED_FACE('',(#2051),#1036,.T.);
#2051 = FACE_BOUND('',#2052,.T.);
#2052 = EDGE_LOOP('',(#2053,#2074,#2075,#2076));
#2053 = ORIENTED_EDGE('',*,*,#2054,.F.);
#2054 = EDGE_CURVE('',#994,#1595,#2055,.T.);
#2055 = SURFACE_CURVE('',#2056,(#2060,#2067),.PCURVE_S1.);
#2056 = LINE('',#2057,#2058);
#2057 = CARTESIAN_POINT('',(11.35,-20.62,33.));
#2058 = VECTOR('',#2059,1.);
#2059 = DIRECTION('',(0.,0.,1.));
#2060 = PCURVE('',#1036,#2061);
#2061 = DEFINITIONAL_REPRESENTATION('',(#2062),#2066);
#2062 = LINE('',#2063,#2064);
#2063 = CARTESIAN_POINT('',(0.,0.));
#2064 = VECTOR('',#2065,1.);
#2065 = DIRECTION('',(1.,0.));
#2066 = ( GEOMETRIC_REPRESENTATION_CONTEXT(2) 
PARAMETRIC_REPRESENTATION_CONTEXT() REPRESENTATION_CONTEXT('2D SPACE',''
  ) );
#2067 = PCURVE('',#1010,#2068);
#2068 = DEFINITIONAL_REPRESENTATION('',(#2069),#2073);
#2069 = LINE('',#2070,#2071);
#2070 = CARTESIAN_POINT('',(3.14159265359,0.));
#2071 = VECTOR('',#2072,1.);
#2072 = DIRECTION('',(0.,1.));
#2073 = ( GEOMETRIC_REPRESENTATION_CONTEXT(2) 
PARAMETRIC_REPRESENTATION_CONTEXT() REPRESENTATION_CONTEXT('2D SPACE',''
  ) );
#2074 = ORIENTED_EDGE('',*,*,#1022,.T.);
#2075 = ORIENTED_EDGE('',*,*,#1668,.T.);
#2076 = ORIENTED_EDGE('',*,*,#1618,.F.);
#2077 = ADVANCED_FACE('',(#2078),#1010,.F.);
#2078 = FACE_BOUND('',#2079,.F.);
#2079 = EDGE_LOOP('',(#2080,#2081,#2101,#2102));
#2080 = ORIENTED_EDGE('',*,*,#993,.T.);
#2081 = ORIENTED_EDGE('',*,*,#2082,.T.);
#2082 = EDGE_CURVE('',#967,#1574,#2083,.T.);
#2083 = SURFACE_CURVE('',#2084,(#2088,#2094),.PCURVE_S1.);
#2084 = LINE('',#2085,#2086);
#2085 = CARTESIAN_POINT('',(14.65,-20.62,33.));
#2086 = VECTOR('',#2087,1.);
#2087 = DIRECTION('',(0.,0.,1.));
#2088 = PCURVE('',#1010,#2089);
#2089 = DEFINITIONAL_REPRESENTATION('',(#2090),#2093);
#2090 = B_SPLINE_CURVE_WITH_KNOTS('',1,(#2091,#2092),.UNSPECIFIED.,.F.,
  .F.,(2,2),(0.,5.),.PIECEWISE_BEZIER_KNOTS.);
#2091 = CARTESIAN_POINT('',(6.28318530718,0.));
#2092 = CARTESIAN_POINT('',(6.28318530718,5.));
#2093 = ( GEOMETRIC_REPRESENTATION_CONTEXT(2) 
PARAMETRIC_REPRESENTATION_CONTEXT() REPRESENTATION_CONTEXT('2D SPACE',''
  ) );
#2094 = PCURVE('',#982,#2095);
#2095 = DEFINITIONAL_REPRESENTATION('',(#2096),#2100);
#2096 = LINE('',#2097,#2098);
#2097 = CARTESIAN_POINT('',(0.,0.));
#2098 = VECTOR('',#2099,1.);
#2099 = DIRECTION('',(1.,0.));
#2100 = ( GEOMETRIC_REPRESENTATION_CONTEXT(2) 
PARAMETRIC_REPRESENTATION_CONTEXT() REPRESENTATION_CONTEXT('2D SPACE',''
  ) );
#2101 = ORIENTED_EDGE('',*,*,#1594,.F.);
#2102 = ORIENTED_EDGE('',*,*,#2054,.F.);
#2103 = ADVANCED_FACE('',(#2104),#982,.F.);
#2104 = FACE_BOUND('',#2105,.F.);
#2105 = EDGE_LOOP('',(#2106,#2107,#2108,#2109));
#2106 = ORIENTED_EDGE('',*,*,#2082,.F.);
#2107 = ORIENTED_EDGE('',*,*,#966,.T.);
#2108 = ORIENTED_EDGE('',*,*,#1693,.T.);
#2109 = ORIENTED_EDGE('',*,*,#1573,.F.);
#2110 = ADVANCED_FACE('',(#2111),#860,.F.);
#2111 = FACE_BOUND('',#2112,.F.);
#2112 = EDGE_LOOP('',(#2113,#2114,#2115,#2116));
#2113 = ORIENTED_EDGE('',*,*,#844,.F.);
#2114 = ORIENTED_EDGE('',*,*,#1768,.T.);
#2115 = ORIENTED_EDGE('',*,*,#1795,.T.);
#2116 = ORIENTED_EDGE('',*,*,#2010,.F.);
#2117 = ADVANCED_FACE('',(#2118),#1168,.T.);
#2118 = FACE_BOUND('',#2119,.T.);
#2119 = EDGE_LOOP('',(#2120,#2141,#2142,#2143));
#2120 = ORIENTED_EDGE('',*,*,#2121,.F.);
#2121 = EDGE_CURVE('',#1126,#1886,#2122,.T.);
#2122 = SURFACE_CURVE('',#2123,(#2127,#2134),.PCURVE_S1.);
#2123 = LINE('',#2124,#2125);
#2124 = CARTESIAN_POINT('',(49.35,-20.62,33.));
#2125 = VECTOR('',#2126,1.);
#2126 = DIRECTION('',(0.,0.,1.));
#2127 = PCURVE('',#1168,#2128);
#2128 = DEFINITIONAL_REPRESENTATION('',(#2129),#2133);
#2129 = LINE('',#2130,#2131);
#2130 = CARTESIAN_POINT('',(0.,0.));
#2131 = VECTOR('',#2132,1.);
#2132 = DIRECTION('',(1.,0.));
#2133 = ( GEOMETRIC_REPRESENTATION_CONTEXT(2) 
PARAMETRIC_REPRESENTATION_CONTEXT() REPRESENTATION_CONTEXT('2D SPACE',''
  ) );
#2134 = PCURVE('',#1142,#2135);
#2135 = DEFINITIONAL_REPRESENTATION('',(#2136),#2140);
#2136 = LINE('',#2137,#2138);
#2137 = CARTESIAN_POINT('',(3.14159265359,0.));
#2138 = VECTOR('',#2139,1.);
#2139 = DIRECTION('',(0.,1.));
#2140 = ( GEOMETRIC_REPRESENTATION_CONTEXT(2) 
PARAMETRIC_REPRESENTATION_CONTEXT() REPRESENTATION_CONTEXT('2D SPACE',''
  ) );
#2141 = ORIENTED_EDGE('',*,*,#1154,.T.);
#2142 = ORIENTED_EDGE('',*,*,#1959,.T.);
#2143 = ORIENTED_EDGE('',*,*,#1909,.F.);
#2144 = ADVANCED_FACE('',(#2145),#1142,.F.);
#2145 = FACE_BOUND('',#2146,.F.);
#2146 = EDGE_LOOP('',(#2147,#2148,#2168,#2169));
#2147 = ORIENTED_EDGE('',*,*,#1125,.T.);
#2148 = ORIENTED_EDGE('',*,*,#2149,.T.);
#2149 = EDGE_CURVE('',#1099,#1865,#2150,.T.);
#2150 = SURFACE_CURVE('',#2151,(#2155,#2161),.PCURVE_S1.);
#2151 = LINE('',#2152,#2153);
#2152 = CARTESIAN_POINT('',(52.65,-20.62,33.));
#2153 = VECTOR('',#2154,1.);
#2154 = DIRECTION('',(0.,0.,1.));
#2155 = PCURVE('',#1142,#2156);
#2156 = DEFINITIONAL_REPRESENTATION('',(#2157),#2160);
#2157 = B_SPLINE_CURVE_WITH_KNOTS('',1,(#2158,#2159),.UNSPECIFIED.,.F.,
  .F.,(2,2),(0.,5.),.PIECEWISE_BEZIER_KNOTS.);
#2158 = CARTESIAN_POINT('',(6.28318530718,0.));
#2159 = CARTESIAN_POINT('',(6.28318530718,5.));
#2160 = ( GEOMETRIC_REPRESENTATION_CONTEXT(2) 
PARAMETRIC_REPRESENTATION_CONTEXT() REPRESENTATION_CONTEXT('2D SPACE',''
  ) );
#2161 = PCURVE('',#1114,#2162);
#2162 = DEFINITIONAL_REPRESENTATION('',(#2163),#2167);
#2163 = LINE('',#2164,#2165);
#2164 = CARTESIAN_POINT('',(0.,0.));
#2165 = VECTOR('',#2166,1.);
#2166 = DIRECTION('',(1.,0.));
#2167 = ( GEOMETRIC_REPRESENTATION_CONTEXT(2) 
PARAMETRIC_REPRESENTATION_CONTEXT() REPRESENTATION_CONTEXT('2D SPACE',''
  ) );
#2168 = ORIENTED_EDGE('',*,*,#1885,.F.);
#2169 = ORIENTED_EDGE('',*,*,#2121,.F.);
#2170 = ADVANCED_FACE('',(#2171),#1114,.F.);
#2171 = FACE_BOUND('',#2172,.F.);
#2172 = EDGE_LOOP('',(#2173,#2174,#2175,#2176));
#2173 = ORIENTED_EDGE('',*,*,#2149,.F.);
#2174 = ORIENTED_EDGE('',*,*,#1098,.T.);
#2175 = ORIENTED_EDGE('',*,*,#1984,.T.);
#2176 = ORIENTED_EDGE('',*,*,#1864,.F.);
#2177 = ( GEOMETRIC_REPRESENTATION_CONTEXT(3) 
GLOBAL_UNCERTAINTY_ASSIGNED_CONTEXT((#2181)) 
GLOBAL_UNIT_ASSIGNED_CONTEXT((#2178,#2179,#2180)) REPRESENTATION_CONTEXT
('Context #1','3D Context with UNIT and UNCERTAINTY') );
#2178 = ( LENGTH_UNIT() NAMED_UNIT(*) SI_UNIT(.MILLI.,.METRE.) );
#2179 = ( NAMED_UNIT(*) PLANE_ANGLE_UNIT() SI_UNIT($,.RADIAN.) );
#2180 = ( NAMED_UNIT(*) SI_UNIT($,.STERADIAN.) SOLID_ANGLE_UNIT() );
#2181 = UNCERTAINTY_MEASURE_WITH_UNIT(LENGTH_MEASURE(1.E-07),#2178,
  'distance_accuracy_value','confusion accuracy');
#2182 = PRODUCT_RELATED_PRODUCT_CATEGORY('part',$,(#7));
ENDSEC;
END-ISO-10303-21;
