ISO-10303-21;
HEADER;
FILE_DESCRIPTION(('Open CASCADE Model'),'2;1');
FILE_NAME('Open CASCADE Shape Model','2026-09-22T09:52:40',('Author'),(
    'Open CASCADE'),'Open CASCADE STEP processor 7.8','Open CASCADE 7.8'
  ,'Unknown');
FILE_SCHEMA(('AUTOMOTIVE_DESIGN { 1 0 10303 214 1 1 1 1 }'));
ENDSEC;
DATA;
#1 = APPLICATION_PROTOCOL_DEFINITION('international standard',
  'automotive_design',2000,#2);
#2 = APPLICATION_CONTEXT(
  'core data for automotive mechanical design processes');
#3 = SHAPE_DEFINITION_REPRESENTATION(#4,#10);
#4 = PRODUCT_DEFINITION_SHAPE('','',#5);
#5 = PRODUCT_DEFINITION('design','',#6,#9);
#6 = PRODUCT_DEFINITION_FORMATION('','',#7);
#7 = PRODUCT('Open CASCADE STEP translator 7.8 20',
  'Open CASCADE STEP translator 7.8 20','',(#8));
#8 = PRODUCT_CONTEXT('',#2,'mechanical');
#9 = PRODUCT_DEFINITION_CONTEXT('part definition',#2,'design');
#10 = ADVANCED_BREP_SHAPE_REPRESENTATION('',(#11,#15),#3959);
#11 = AXIS2_PLACEMENT_3D('',#12,#13,#14);
#12 = CARTESIAN_POINT('',(0.,0.,0.));
#13 = DIRECTION('',(0.,0.,1.));
#14 = DIRECTION('',(1.,0.,-0.));
#15 = MANIFOLD_SOLID_BREP('',#16);
#16 = CLOSED_SHELL('',(#17,#193,#444,#493,#1122,#1171,#1352,#1379,#1408,
    #1545,#1650,#1677,#1814,#1919,#1946,#2217,#2311,#2317,#2440,#2489,
    #2609,#2635,#2707,#2941,#2968,#3022,#3028,#3033,#3039,#3044,#3095,
    #3400,#3449,#3549,#3598,#3647,#3674,#3711,#3738,#3787,#3836,#3863,
    #3894,#3921,#3932));
#17 = ADVANCED_FACE('',(#18),#32,.F.);
#18 = FACE_BOUND('',#19,.T.);
#19 = EDGE_LOOP('',(#20,#55,#83,#111,#139,#167));
#20 = ORIENTED_EDGE('',*,*,#21,.F.);
#21 = EDGE_CURVE('',#22,#24,#26,.T.);
#22 = VERTEX_POINT('',#23);
#23 = CARTESIAN_POINT('',(46.,-47.,16.));
#24 = VERTEX_POINT('',#25);
#25 = CARTESIAN_POINT('',(46.,-47.,64.));
#26 = SURFACE_CURVE('',#27,(#31,#43),.PCURVE_S1.);
#27 = LINE('',#28,#29);
#28 = CARTESIAN_POINT('',(46.,-47.,16.));
#29 = VECTOR('',#30,1.);
#30 = DIRECTION('',(-0.,-0.,1.));
#31 = PCURVE('',#32,#37);
#32 = PLANE('',#33);
#33 = AXIS2_PLACEMENT_3D('',#34,#35,#36);
#34 = CARTESIAN_POINT('',(46.,-47.,16.));
#35 = DIRECTION('',(1.,-0.,-0.));
#36 = DIRECTION('',(0.,0.,-1.));
#37 = DEFINITIONAL_REPRESENTATION('',(#38),#42);
#38 = LINE('',#39,#40);
#39 = CARTESIAN_POINT('',(-0.,0.));
#40 = VECTOR('',#41,1.);
#41 = DIRECTION('',(-1.,0.));
#42 = ( GEOMETRIC_REPRESENTATION_CONTEXT(2) 
PARAMETRIC_REPRESENTATION_CONTEXT() REPRESENTATION_CONTEXT('2D SPACE',''
  ) );
#43 = PCURVE('',#44,#49);
#44 = PLANE('',#45);
#45 = AXIS2_PLACEMENT_3D('',#46,#47,#48);
#46 = CARTESIAN_POINT('',(46.,-47.,16.));
#47 = DIRECTION('',(-0.,-1.,-0.));
#48 = DIRECTION('',(0.,0.,-1.));
#49 = DEFINITIONAL_REPRESENTATION('',(#50),#54);
#50 = LINE('',#51,#52);
#51 = CARTESIAN_POINT('',(-0.,0.));
#52 = VECTOR('',#53,1.);
#53 = DIRECTION('',(-1.,0.));
#54 = ( GEOMETRIC_REPRESENTATION_CONTEXT(2) 
PARAMETRIC_REPRESENTATION_CONTEXT() REPRESENTATION_CONTEXT('2D SPACE',''
  ) );
#55 = ORIENTED_EDGE('',*,*,#56,.T.);
#56 = EDGE_CURVE('',#22,#57,#59,.T.);
#57 = VERTEX_POINT('',#58);
#58 = CARTESIAN_POINT('',(46.,-51.,16.));
#59 = SURFACE_CURVE('',#60,(#64,#71),.PCURVE_S1.);
#60 = LINE('',#61,#62);
#61 = CARTESIAN_POINT('',(46.,-47.,16.));
#62 = VECTOR('',#63,1.);
#63 = DIRECTION('',(0.,-1.,0.));
#64 = PCURVE('',#32,#65);
#65 = DEFINITIONAL_REPRESENTATION('',(#66),#70);
#66 = LINE('',#67,#68);
#67 = CARTESIAN_POINT('',(-0.,0.));
#68 = VECTOR('',#69,1.);
#69 = DIRECTION('',(-0.,-1.));
#70 = ( GEOMETRIC_REPRESENTATION_CONTEXT(2) 
PARAMETRIC_REPRESENTATION_CONTEXT() REPRESENTATION_CONTEXT('2D SPACE',''
  ) );
#71 = PCURVE('',#72,#77);
#72 = PLANE('',#73);
#73 = AXIS2_PLACEMENT_3D('',#74,#75,#76);
#74 = CARTESIAN_POINT('',(46.,-47.,16.));
#75 = DIRECTION('',(0.,0.,1.));
#76 = DIRECTION('',(-1.,0.,0.));
#77 = DEFINITIONAL_REPRESENTATION('',(#78),#82);
#78 = LINE('',#79,#80);
#79 = CARTESIAN_POINT('',(-0.,-0.));
#80 = VECTOR('',#81,1.);
#81 = DIRECTION('',(-0.,1.));
#82 = ( GEOMETRIC_REPRESENTATION_CONTEXT(2) 
PARAMETRIC_REPRESENTATION_CONTEXT() REPRESENTATION_CONTEXT('2D SPACE',''
  ) );
#83 = ORIENTED_EDGE('',*,*,#84,.T.);
#84 = EDGE_CURVE('',#57,#85,#87,.T.);
#85 = VERTEX_POINT('',#86);
#86 = CARTESIAN_POINT('',(46.,-51.,60.));
#87 = SURFACE_CURVE('',#88,(#92,#99),.PCURVE_S1.);
#88 = LINE('',#89,#90);
#89 = CARTESIAN_POINT('',(46.,-51.,16.));
#90 = VECTOR('',#91,1.);
#91 = DIRECTION('',(0.,0.,1.));
#92 = PCURVE('',#32,#93);
#93 = DEFINITIONAL_REPRESENTATION('',(#94),#98);
#94 = LINE('',#95,#96);
#95 = CARTESIAN_POINT('',(-0.,-4.));
#96 = VECTOR('',#97,1.);
#97 = DIRECTION('',(-1.,0.));
#98 = ( GEOMETRIC_REPRESENTATION_CONTEXT(2) 
PARAMETRIC_REPRESENTATION_CONTEXT() REPRESENTATION_CONTEXT('2D SPACE',''
  ) );
#99 = PCURVE('',#100,#105);
#100 = PLANE('',#101);
#101 = AXIS2_PLACEMENT_3D('',#102,#103,#104);
#102 = CARTESIAN_POINT('',(46.,-51.,16.));
#103 = DIRECTION('',(0.,-1.,0.));
#104 = DIRECTION('',(0.,0.,-1.));
#105 = DEFINITIONAL_REPRESENTATION('',(#106),#110);
#106 = LINE('',#107,#108);
#107 = CARTESIAN_POINT('',(-0.,0.));
#108 = VECTOR('',#109,1.);
#109 = DIRECTION('',(-1.,0.));
#110 = ( GEOMETRIC_REPRESENTATION_CONTEXT(2) 
PARAMETRIC_REPRESENTATION_CONTEXT() REPRESENTATION_CONTEXT('2D SPACE',''
  ) );
#111 = ORIENTED_EDGE('',*,*,#112,.T.);
#112 = EDGE_CURVE('',#85,#113,#115,.T.);
#113 = VERTEX_POINT('',#114);
#114 = CARTESIAN_POINT('',(46.,-80.,60.));
#115 = SURFACE_CURVE('',#116,(#120,#127),.PCURVE_S1.);
#116 = LINE('',#117,#118);
#117 = CARTESIAN_POINT('',(46.,-47.,60.));
#118 = VECTOR('',#119,1.);
#119 = DIRECTION('',(0.,-1.,0.));
#120 = PCURVE('',#32,#121);
#121 = DEFINITIONAL_REPRESENTATION('',(#122),#126);
#122 = LINE('',#123,#124);
#123 = CARTESIAN_POINT('',(-44.,0.));
#124 = VECTOR('',#125,1.);
#125 = DIRECTION('',(-0.,-1.));
#126 = ( GEOMETRIC_REPRESENTATION_CONTEXT(2) 
PARAMETRIC_REPRESENTATION_CONTEXT() REPRESENTATION_CONTEXT('2D SPACE',''
  ) );
#127 = PCURVE('',#128,#133);
#128 = PLANE('',#129);
#129 = AXIS2_PLACEMENT_3D('',#130,#131,#132);
#130 = CARTESIAN_POINT('',(46.,-47.,60.));
#131 = DIRECTION('',(0.,0.,1.));
#132 = DIRECTION('',(-1.,0.,0.));
#133 = DEFINITIONAL_REPRESENTATION('',(#134),#138);
#134 = LINE('',#135,#136);
#135 = CARTESIAN_POINT('',(-0.,-0.));
#136 = VECTOR('',#137,1.);
#137 = DIRECTION('',(-0.,1.));
#138 = ( GEOMETRIC_REPRESENTATION_CONTEXT(2) 
PARAMETRIC_REPRESENTATION_CONTEXT() REPRESENTATION_CONTEXT('2D SPACE',''
  ) );
#139 = ORIENTED_EDGE('',*,*,#140,.T.);
#140 = EDGE_CURVE('',#113,#141,#143,.T.);
#141 = VERTEX_POINT('',#142);
#142 = CARTESIAN_POINT('',(46.,-80.,64.));
#143 = SURFACE_CURVE('',#144,(#148,#155),.PCURVE_S1.);
#144 = LINE('',#145,#146);
#145 = CARTESIAN_POINT('',(46.,-80.,60.));
#146 = VECTOR('',#147,1.);
#147 = DIRECTION('',(0.,0.,1.));
#148 = PCURVE('',#32,#149);
#149 = DEFINITIONAL_REPRESENTATION('',(#150),#154);
#150 = LINE('',#151,#152);
#151 = CARTESIAN_POINT('',(-44.,-33.));
#152 = VECTOR('',#153,1.);
#153 = DIRECTION('',(-1.,0.));
#154 = ( GEOMETRIC_REPRESENTATION_CONTEXT(2) 
PARAMETRIC_REPRESENTATION_CONTEXT() REPRESENTATION_CONTEXT('2D SPACE',''
  ) );
#155 = PCURVE('',#156,#161);
#156 = PLANE('',#157);
#157 = AXIS2_PLACEMENT_3D('',#158,#159,#160);
#158 = CARTESIAN_POINT('',(46.,-80.,60.));
#159 = DIRECTION('',(-0.,-1.,-0.));
#160 = DIRECTION('',(0.,0.,-1.));
#161 = DEFINITIONAL_REPRESENTATION('',(#162),#166);
#162 = LINE('',#163,#164);
#163 = CARTESIAN_POINT('',(-0.,0.));
#164 = VECTOR('',#165,1.);
#165 = DIRECTION('',(-1.,0.));
#166 = ( GEOMETRIC_REPRESENTATION_CONTEXT(2) 
PARAMETRIC_REPRESENTATION_CONTEXT() REPRESENTATION_CONTEXT('2D SPACE',''
  ) );
#167 = ORIENTED_EDGE('',*,*,#168,.F.);
#168 = EDGE_CURVE('',#24,#141,#169,.T.);
#169 = SURFACE_CURVE('',#170,(#174,#181),.PCURVE_S1.);
#170 = LINE('',#171,#172);
#171 = CARTESIAN_POINT('',(46.,-47.,64.));
#172 = VECTOR('',#173,1.);
#173 = DIRECTION('',(-0.,-1.,-0.));
#174 = PCURVE('',#32,#175);
#175 = DEFINITIONAL_REPRESENTATION('',(#176),#180);
#176 = LINE('',#177,#178);
#177 = CARTESIAN_POINT('',(-48.,0.));
#178 = VECTOR('',#179,1.);
#179 = DIRECTION('',(-0.,-1.));
#180 = ( GEOMETRIC_REPRESENTATION_CONTEXT(2) 
PARAMETRIC_REPRESENTATION_CONTEXT() REPRESENTATION_CONTEXT('2D SPACE',''
  ) );
#181 = PCURVE('',#182,#187);
#182 = PLANE('',#183);
#183 = AXIS2_PLACEMENT_3D('',#184,#185,#186);
#184 = CARTESIAN_POINT('',(46.,-47.,64.));
#185 = DIRECTION('',(-0.,-0.,1.));
#186 = DIRECTION('',(-1.,0.,0.));
#187 = DEFINITIONAL_REPRESENTATION('',(#188),#192);
#188 = LINE('',#189,#190);
#189 = CARTESIAN_POINT('',(-0.,-0.));
#190 = VECTOR('',#191,1.);
#191 = DIRECTION('',(-0.,1.));
#192 = ( GEOMETRIC_REPRESENTATION_CONTEXT(2) 
PARAMETRIC_REPRESENTATION_CONTEXT() REPRESENTATION_CONTEXT('2D SPACE',''
  ) );
#193 = ADVANCED_FACE('',(#194,#269,#304,#339,#374,#409),#44,.F.);
#194 = FACE_BOUND('',#195,.T.);
#195 = EDGE_LOOP('',(#196,#219,#247,#268));
#196 = ORIENTED_EDGE('',*,*,#197,.F.);
#197 = EDGE_CURVE('',#198,#24,#200,.T.);
#198 = VERTEX_POINT('',#199);
#199 = CARTESIAN_POINT('',(74.,-47.,64.));
#200 = SURFACE_CURVE('',#201,(#205,#212),.PCURVE_S1.);
#201 = LINE('',#202,#203);
#202 = CARTESIAN_POINT('',(74.,-47.,64.));
#203 = VECTOR('',#204,1.);
#204 = DIRECTION('',(-1.,-0.,-0.));
#205 = PCURVE('',#44,#206);
#206 = DEFINITIONAL_REPRESENTATION('',(#207),#211);
#207 = LINE('',#208,#209);
#208 = CARTESIAN_POINT('',(-48.,28.));
#209 = VECTOR('',#210,1.);
#210 = DIRECTION('',(-0.,-1.));
#211 = ( GEOMETRIC_REPRESENTATION_CONTEXT(2) 
PARAMETRIC_REPRESENTATION_CONTEXT() REPRESENTATION_CONTEXT('2D SPACE',''
  ) );
#212 = PCURVE('',#182,#213);
#213 = DEFINITIONAL_REPRESENTATION('',(#214),#218);
#214 = LINE('',#215,#216);
#215 = CARTESIAN_POINT('',(-28.,-0.));
#216 = VECTOR('',#217,1.);
#217 = DIRECTION('',(1.,-0.));
#218 = ( GEOMETRIC_REPRESENTATION_CONTEXT(2) 
PARAMETRIC_REPRESENTATION_CONTEXT() REPRESENTATION_CONTEXT('2D SPACE',''
  ) );
#219 = ORIENTED_EDGE('',*,*,#220,.F.);
#220 = EDGE_CURVE('',#221,#198,#223,.T.);
#221 = VERTEX_POINT('',#222);
#222 = CARTESIAN_POINT('',(74.,-47.,16.));
#223 = SURFACE_CURVE('',#224,(#228,#235),.PCURVE_S1.);
#224 = LINE('',#225,#226);
#225 = CARTESIAN_POINT('',(74.,-47.,16.));
#226 = VECTOR('',#227,1.);
#227 = DIRECTION('',(-0.,-0.,1.));
#228 = PCURVE('',#44,#229);
#229 = DEFINITIONAL_REPRESENTATION('',(#230),#234);
#230 = LINE('',#231,#232);
#231 = CARTESIAN_POINT('',(-0.,28.));
#232 = VECTOR('',#233,1.);
#233 = DIRECTION('',(-1.,0.));
#234 = ( GEOMETRIC_REPRESENTATION_CONTEXT(2) 
PARAMETRIC_REPRESENTATION_CONTEXT() REPRESENTATION_CONTEXT('2D SPACE',''
  ) );
#235 = PCURVE('',#236,#241);
#236 = PLANE('',#237);
#237 = AXIS2_PLACEMENT_3D('',#238,#239,#240);
#238 = CARTESIAN_POINT('',(74.,-47.,16.));
#239 = DIRECTION('',(1.,-0.,-0.));
#240 = DIRECTION('',(0.,0.,-1.));
#241 = DEFINITIONAL_REPRESENTATION('',(#242),#246);
#242 = LINE('',#243,#244);
#243 = CARTESIAN_POINT('',(-0.,0.));
#244 = VECTOR('',#245,1.);
#245 = DIRECTION('',(-1.,0.));
#246 = ( GEOMETRIC_REPRESENTATION_CONTEXT(2) 
PARAMETRIC_REPRESENTATION_CONTEXT() REPRESENTATION_CONTEXT('2D SPACE',''
  ) );
#247 = ORIENTED_EDGE('',*,*,#248,.F.);
#248 = EDGE_CURVE('',#22,#221,#249,.T.);
#249 = SURFACE_CURVE('',#250,(#254,#261),.PCURVE_S1.);
#250 = LINE('',#251,#252);
#251 = CARTESIAN_POINT('',(46.,-47.,16.));
#252 = VECTOR('',#253,1.);
#253 = DIRECTION('',(1.,-0.,-0.));
#254 = PCURVE('',#44,#255);
#255 = DEFINITIONAL_REPRESENTATION('',(#256),#260);
#256 = LINE('',#257,#258);
#257 = CARTESIAN_POINT('',(-0.,0.));
#258 = VECTOR('',#259,1.);
#259 = DIRECTION('',(-0.,1.));
#260 = ( GEOMETRIC_REPRESENTATION_CONTEXT(2) 
PARAMETRIC_REPRESENTATION_CONTEXT() REPRESENTATION_CONTEXT('2D SPACE',''
  ) );
#261 = PCURVE('',#72,#262);
#262 = DEFINITIONAL_REPRESENTATION('',(#263),#267);
#263 = LINE('',#264,#265);
#264 = CARTESIAN_POINT('',(-0.,-0.));
#265 = VECTOR('',#266,1.);
#266 = DIRECTION('',(-1.,-0.));
#267 = ( GEOMETRIC_REPRESENTATION_CONTEXT(2) 
PARAMETRIC_REPRESENTATION_CONTEXT() REPRESENTATION_CONTEXT('2D SPACE',''
  ) );
#268 = ORIENTED_EDGE('',*,*,#21,.T.);
#269 = FACE_BOUND('',#270,.T.);
#270 = EDGE_LOOP('',(#271));
#271 = ORIENTED_EDGE('',*,*,#272,.F.);
#272 = EDGE_CURVE('',#273,#273,#275,.T.);
#273 = VERTEX_POINT('',#274);
#274 = CARTESIAN_POINT('',(53.,-47.,28.65));
#275 = SURFACE_CURVE('',#276,(#281,#292),.PCURVE_S1.);
#276 = CIRCLE('',#277,1.65);
#277 = AXIS2_PLACEMENT_3D('',#278,#279,#280);
#278 = CARTESIAN_POINT('',(53.,-47.,27.));
#279 = DIRECTION('',(0.,1.,0.));
#280 = DIRECTION('',(-0.,-0.,1.));
#281 = PCURVE('',#44,#282);
#282 = DEFINITIONAL_REPRESENTATION('',(#283),#291);
#283 = ( BOUNDED_CURVE() B_SPLINE_CURVE(2,(#284,#285,#286,#287,#288,#289
,#290),.UNSPECIFIED.,.T.,.F.) B_SPLINE_CURVE_WITH_KNOTS((1,2,2,2,2,1),(
    -2.094395102393,0.,2.094395102393,4.188790204786,6.28318530718,
8.377580409573),.UNSPECIFIED.) CURVE() GEOMETRIC_REPRESENTATION_ITEM() 
RATIONAL_B_SPLINE_CURVE((1.,0.5,1.,0.5,1.,0.5,1.)) REPRESENTATION_ITEM(
  '') );
#284 = CARTESIAN_POINT('',(-12.65,7.));
#285 = CARTESIAN_POINT('',(-12.65,9.857883832489));
#286 = CARTESIAN_POINT('',(-10.175,8.428941916244));
#287 = CARTESIAN_POINT('',(-7.7,7.));
#288 = CARTESIAN_POINT('',(-10.175,5.571058083756));
#289 = CARTESIAN_POINT('',(-12.65,4.142116167511));
#290 = CARTESIAN_POINT('',(-12.65,7.));
#291 = ( GEOMETRIC_REPRESENTATION_CONTEXT(2) 
PARAMETRIC_REPRESENTATION_CONTEXT() REPRESENTATION_CONTEXT('2D SPACE',''
  ) );
#292 = PCURVE('',#293,#298);
#293 = CYLINDRICAL_SURFACE('',#294,1.65);
#294 = AXIS2_PLACEMENT_3D('',#295,#296,#297);
#295 = CARTESIAN_POINT('',(53.,-44.,27.));
#296 = DIRECTION('',(-0.,-1.,-0.));
#297 = DIRECTION('',(-0.,-0.,1.));
#298 = DEFINITIONAL_REPRESENTATION('',(#299),#303);
#299 = LINE('',#300,#301);
#300 = CARTESIAN_POINT('',(-0.,3.));
#301 = VECTOR('',#302,1.);
#302 = DIRECTION('',(-1.,0.));
#303 = ( GEOMETRIC_REPRESENTATION_CONTEXT(2) 
PARAMETRIC_REPRESENTATION_CONTEXT() REPRESENTATION_CONTEXT('2D SPACE',''
  ) );
#304 = FACE_BOUND('',#305,.T.);
#305 = EDGE_LOOP('',(#306));
#306 = ORIENTED_EDGE('',*,*,#307,.F.);
#307 = EDGE_CURVE('',#308,#308,#310,.T.);
#308 = VERTEX_POINT('',#309);
#309 = CARTESIAN_POINT('',(53.,-47.,59.65));
#310 = SURFACE_CURVE('',#311,(#316,#327),.PCURVE_S1.);
#311 = CIRCLE('',#312,1.65);
#312 = AXIS2_PLACEMENT_3D('',#313,#314,#315);
#313 = CARTESIAN_POINT('',(53.,-47.,58.));
#314 = DIRECTION('',(0.,1.,0.));
#315 = DIRECTION('',(-0.,-0.,1.));
#316 = PCURVE('',#44,#317);
#317 = DEFINITIONAL_REPRESENTATION('',(#318),#326);
#318 = ( BOUNDED_CURVE() B_SPLINE_CURVE(2,(#319,#320,#321,#322,#323,#324
,#325),.UNSPECIFIED.,.T.,.F.) B_SPLINE_CURVE_WITH_KNOTS((1,2,2,2,2,1),(
    -2.094395102393,0.,2.094395102393,4.188790204786,6.28318530718,
8.377580409573),.UNSPECIFIED.) CURVE() GEOMETRIC_REPRESENTATION_ITEM() 
RATIONAL_B_SPLINE_CURVE((1.,0.5,1.,0.5,1.,0.5,1.)) REPRESENTATION_ITEM(
  '') );
#319 = CARTESIAN_POINT('',(-43.65,7.));
#320 = CARTESIAN_POINT('',(-43.65,9.857883832489));
#321 = CARTESIAN_POINT('',(-41.175,8.428941916244));
#322 = CARTESIAN_POINT('',(-38.7,7.));
#323 = CARTESIAN_POINT('',(-41.175,5.571058083756));
#324 = CARTESIAN_POINT('',(-43.65,4.142116167511));
#325 = CARTESIAN_POINT('',(-43.65,7.));
#326 = ( GEOMETRIC_REPRESENTATION_CONTEXT(2) 
PARAMETRIC_REPRESENTATION_CONTEXT() REPRESENTATION_CONTEXT('2D SPACE',''
  ) );
#327 = PCURVE('',#328,#333);
#328 = CYLINDRICAL_SURFACE('',#329,1.65);
#329 = AXIS2_PLACEMENT_3D('',#330,#331,#332);
#330 = CARTESIAN_POINT('',(53.,-44.,58.));
#331 = DIRECTION('',(-0.,-1.,-0.));
#332 = DIRECTION('',(-0.,-0.,1.));
#333 = DEFINITIONAL_REPRESENTATION('',(#334),#338);
#334 = LINE('',#335,#336);
#335 = CARTESIAN_POINT('',(-0.,3.));
#336 = VECTOR('',#337,1.);
#337 = DIRECTION('',(-1.,0.));
#338 = ( GEOMETRIC_REPRESENTATION_CONTEXT(2) 
PARAMETRIC_REPRESENTATION_CONTEXT() REPRESENTATION_CONTEXT('2D SPACE',''
  ) );
#339 = FACE_BOUND('',#340,.T.);
#340 = EDGE_LOOP('',(#341));
#341 = ORIENTED_EDGE('',*,*,#342,.F.);
#342 = EDGE_CURVE('',#343,#343,#345,.T.);
#343 = VERTEX_POINT('',#344);
#344 = CARTESIAN_POINT('',(60.,-47.,44.15));
#345 = SURFACE_CURVE('',#346,(#351,#362),.PCURVE_S1.);
#346 = CIRCLE('',#347,2.15);
#347 = AXIS2_PLACEMENT_3D('',#348,#349,#350);
#348 = CARTESIAN_POINT('',(60.,-47.,42.));
#349 = DIRECTION('',(0.,1.,0.));
#350 = DIRECTION('',(-0.,-0.,1.));
#351 = PCURVE('',#44,#352);
#352 = DEFINITIONAL_REPRESENTATION('',(#353),#361);
#353 = ( BOUNDED_CURVE() B_SPLINE_CURVE(2,(#354,#355,#356,#357,#358,#359
,#360),.UNSPECIFIED.,.T.,.F.) B_SPLINE_CURVE_WITH_KNOTS((1,2,2,2,2,1),(
    -2.094395102393,0.,2.094395102393,4.188790204786,6.28318530718,
8.377580409573),.UNSPECIFIED.) CURVE() GEOMETRIC_REPRESENTATION_ITEM() 
RATIONAL_B_SPLINE_CURVE((1.,0.5,1.,0.5,1.,0.5,1.)) REPRESENTATION_ITEM(
  '') );
#354 = CARTESIAN_POINT('',(-28.15,14.));
#355 = CARTESIAN_POINT('',(-28.15,17.723909236273));
#356 = CARTESIAN_POINT('',(-24.925,15.861954618137));
#357 = CARTESIAN_POINT('',(-21.7,14.));
#358 = CARTESIAN_POINT('',(-24.925,12.138045381863));
#359 = CARTESIAN_POINT('',(-28.15,10.276090763727));
#360 = CARTESIAN_POINT('',(-28.15,14.));
#361 = ( GEOMETRIC_REPRESENTATION_CONTEXT(2) 
PARAMETRIC_REPRESENTATION_CONTEXT() REPRESENTATION_CONTEXT('2D SPACE',''
  ) );
#362 = PCURVE('',#363,#368);
#363 = CYLINDRICAL_SURFACE('',#364,2.15);
#364 = AXIS2_PLACEMENT_3D('',#365,#366,#367);
#365 = CARTESIAN_POINT('',(60.,-45.,42.));
#366 = DIRECTION('',(-0.,-1.,-0.));
#367 = DIRECTION('',(-0.,-0.,1.));
#368 = DEFINITIONAL_REPRESENTATION('',(#369),#373);
#369 = LINE('',#370,#371);
#370 = CARTESIAN_POINT('',(-0.,2.));
#371 = VECTOR('',#372,1.);
#372 = DIRECTION('',(-1.,0.));
#373 = ( GEOMETRIC_REPRESENTATION_CONTEXT(2) 
PARAMETRIC_REPRESENTATION_CONTEXT() REPRESENTATION_CONTEXT('2D SPACE',''
  ) );
#374 = FACE_BOUND('',#375,.T.);
#375 = EDGE_LOOP('',(#376));
#376 = ORIENTED_EDGE('',*,*,#377,.F.);
#377 = EDGE_CURVE('',#378,#378,#380,.T.);
#378 = VERTEX_POINT('',#379);
#379 = CARTESIAN_POINT('',(67.,-47.,28.65));
#380 = SURFACE_CURVE('',#381,(#386,#397),.PCURVE_S1.);
#381 = CIRCLE('',#382,1.65);
#382 = AXIS2_PLACEMENT_3D('',#383,#384,#385);
#383 = CARTESIAN_POINT('',(67.,-47.,27.));
#384 = DIRECTION('',(0.,1.,0.));
#385 = DIRECTION('',(-0.,-0.,1.));
#386 = PCURVE('',#44,#387);
#387 = DEFINITIONAL_REPRESENTATION('',(#388),#396);
#388 = ( BOUNDED_CURVE() B_SPLINE_CURVE(2,(#389,#390,#391,#392,#393,#394
,#395),.UNSPECIFIED.,.T.,.F.) B_SPLINE_CURVE_WITH_KNOTS((1,2,2,2,2,1),(
    -2.094395102393,0.,2.094395102393,4.188790204786,6.28318530718,
8.377580409573),.UNSPECIFIED.) CURVE() GEOMETRIC_REPRESENTATION_ITEM() 
RATIONAL_B_SPLINE_CURVE((1.,0.5,1.,0.5,1.,0.5,1.)) REPRESENTATION_ITEM(
  '') );
#389 = CARTESIAN_POINT('',(-12.65,21.));
#390 = CARTESIAN_POINT('',(-12.65,23.857883832489));
#391 = CARTESIAN_POINT('',(-10.175,22.428941916244));
#392 = CARTESIAN_POINT('',(-7.7,21.));
#393 = CARTESIAN_POINT('',(-10.175,19.571058083756));
#394 = CARTESIAN_POINT('',(-12.65,18.142116167511));
#395 = CARTESIAN_POINT('',(-12.65,21.));
#396 = ( GEOMETRIC_REPRESENTATION_CONTEXT(2) 
PARAMETRIC_REPRESENTATION_CONTEXT() REPRESENTATION_CONTEXT('2D SPACE',''
  ) );
#397 = PCURVE('',#398,#403);
#398 = CYLINDRICAL_SURFACE('',#399,1.65);
#399 = AXIS2_PLACEMENT_3D('',#400,#401,#402);
#400 = CARTESIAN_POINT('',(67.,-44.,27.));
#401 = DIRECTION('',(-0.,-1.,-0.));
#402 = DIRECTION('',(-0.,-0.,1.));
#403 = DEFINITIONAL_REPRESENTATION('',(#404),#408);
#404 = LINE('',#405,#406);
#405 = CARTESIAN_POINT('',(-0.,3.));
#406 = VECTOR('',#407,1.);
#407 = DIRECTION('',(-1.,0.));
#408 = ( GEOMETRIC_REPRESENTATION_CONTEXT(2) 
PARAMETRIC_REPRESENTATION_CONTEXT() REPRESENTATION_CONTEXT('2D SPACE',''
  ) );
#409 = FACE_BOUND('',#410,.T.);
#410 = EDGE_LOOP('',(#411));
#411 = ORIENTED_EDGE('',*,*,#412,.F.);
#412 = EDGE_CURVE('',#413,#413,#415,.T.);
#413 = VERTEX_POINT('',#414);
#414 = CARTESIAN_POINT('',(67.,-47.,59.65));
#415 = SURFACE_CURVE('',#416,(#421,#432),.PCURVE_S1.);
#416 = CIRCLE('',#417,1.65);
#417 = AXIS2_PLACEMENT_3D('',#418,#419,#420);
#418 = CARTESIAN_POINT('',(67.,-47.,58.));
#419 = DIRECTION('',(0.,1.,0.));
#420 = DIRECTION('',(-0.,-0.,1.));
#421 = PCURVE('',#44,#422);
#422 = DEFINITIONAL_REPRESENTATION('',(#423),#431);
#423 = ( BOUNDED_CURVE() B_SPLINE_CURVE(2,(#424,#425,#426,#427,#428,#429
,#430),.UNSPECIFIED.,.T.,.F.) B_SPLINE_CURVE_WITH_KNOTS((1,2,2,2,2,1),(
    -2.094395102393,0.,2.094395102393,4.188790204786,6.28318530718,
8.377580409573),.UNSPECIFIED.) CURVE() GEOMETRIC_REPRESENTATION_ITEM() 
RATIONAL_B_SPLINE_CURVE((1.,0.5,1.,0.5,1.,0.5,1.)) REPRESENTATION_ITEM(
  '') );
#424 = CARTESIAN_POINT('',(-43.65,21.));
#425 = CARTESIAN_POINT('',(-43.65,23.857883832489));
#426 = CARTESIAN_POINT('',(-41.175,22.428941916244));
#427 = CARTESIAN_POINT('',(-38.7,21.));
#428 = CARTESIAN_POINT('',(-41.175,19.571058083756));
#429 = CARTESIAN_POINT('',(-43.65,18.142116167511));
#430 = CARTESIAN_POINT('',(-43.65,21.));
#431 = ( GEOMETRIC_REPRESENTATION_CONTEXT(2) 
PARAMETRIC_REPRESENTATION_CONTEXT() REPRESENTATION_CONTEXT('2D SPACE',''
  ) );
#432 = PCURVE('',#433,#438);
#433 = CYLINDRICAL_SURFACE('',#434,1.65);
#434 = AXIS2_PLACEMENT_3D('',#435,#436,#437);
#435 = CARTESIAN_POINT('',(67.,-44.,58.));
#436 = DIRECTION('',(-0.,-1.,-0.));
#437 = DIRECTION('',(-0.,-0.,1.));
#438 = DEFINITIONAL_REPRESENTATION('',(#439),#443);
#439 = LINE('',#440,#441);
#440 = CARTESIAN_POINT('',(-0.,3.));
#441 = VECTOR('',#442,1.);
#442 = DIRECTION('',(-1.,0.));
#443 = ( GEOMETRIC_REPRESENTATION_CONTEXT(2) 
PARAMETRIC_REPRESENTATION_CONTEXT() REPRESENTATION_CONTEXT('2D SPACE',''
  ) );
#444 = ADVANCED_FACE('',(#445),#72,.F.);
#445 = FACE_BOUND('',#446,.T.);
#446 = EDGE_LOOP('',(#447,#448,#449,#472));
#447 = ORIENTED_EDGE('',*,*,#56,.F.);
#448 = ORIENTED_EDGE('',*,*,#248,.T.);
#449 = ORIENTED_EDGE('',*,*,#450,.T.);
#450 = EDGE_CURVE('',#221,#451,#453,.T.);
#451 = VERTEX_POINT('',#452);
#452 = CARTESIAN_POINT('',(74.,-51.,16.));
#453 = SURFACE_CURVE('',#454,(#458,#465),.PCURVE_S1.);
#454 = LINE('',#455,#456);
#455 = CARTESIAN_POINT('',(74.,-47.,16.));
#456 = VECTOR('',#457,1.);
#457 = DIRECTION('',(0.,-1.,0.));
#458 = PCURVE('',#72,#459);
#459 = DEFINITIONAL_REPRESENTATION('',(#460),#464);
#460 = LINE('',#461,#462);
#461 = CARTESIAN_POINT('',(-28.,-0.));
#462 = VECTOR('',#463,1.);
#463 = DIRECTION('',(-0.,1.));
#464 = ( GEOMETRIC_REPRESENTATION_CONTEXT(2) 
PARAMETRIC_REPRESENTATION_CONTEXT() REPRESENTATION_CONTEXT('2D SPACE',''
  ) );
#465 = PCURVE('',#236,#466);
#466 = DEFINITIONAL_REPRESENTATION('',(#467),#471);
#467 = LINE('',#468,#469);
#468 = CARTESIAN_POINT('',(-0.,0.));
#469 = VECTOR('',#470,1.);
#470 = DIRECTION('',(-0.,-1.));
#471 = ( GEOMETRIC_REPRESENTATION_CONTEXT(2) 
PARAMETRIC_REPRESENTATION_CONTEXT() REPRESENTATION_CONTEXT('2D SPACE',''
  ) );
#472 = ORIENTED_EDGE('',*,*,#473,.F.);
#473 = EDGE_CURVE('',#57,#451,#474,.T.);
#474 = SURFACE_CURVE('',#475,(#479,#486),.PCURVE_S1.);
#475 = LINE('',#476,#477);
#476 = CARTESIAN_POINT('',(46.,-51.,16.));
#477 = VECTOR('',#478,1.);
#478 = DIRECTION('',(1.,0.,-0.));
#479 = PCURVE('',#72,#480);
#480 = DEFINITIONAL_REPRESENTATION('',(#481),#485);
#481 = LINE('',#482,#483);
#482 = CARTESIAN_POINT('',(-0.,4.));
#483 = VECTOR('',#484,1.);
#484 = DIRECTION('',(-1.,0.));
#485 = ( GEOMETRIC_REPRESENTATION_CONTEXT(2) 
PARAMETRIC_REPRESENTATION_CONTEXT() REPRESENTATION_CONTEXT('2D SPACE',''
  ) );
#486 = PCURVE('',#100,#487);
#487 = DEFINITIONAL_REPRESENTATION('',(#488),#492);
#488 = LINE('',#489,#490);
#489 = CARTESIAN_POINT('',(-0.,0.));
#490 = VECTOR('',#491,1.);
#491 = DIRECTION('',(-0.,1.));
#492 = ( GEOMETRIC_REPRESENTATION_CONTEXT(2) 
PARAMETRIC_REPRESENTATION_CONTEXT() REPRESENTATION_CONTEXT('2D SPACE',''
  ) );
#493 = ADVANCED_FACE('',(#494,#1092),#100,.T.);
#494 = FACE_BOUND('',#495,.F.);
#495 = EDGE_LOOP('',(#496,#519,#520,#521,#544,#572,#600,#628,#656,#684,
    #712,#740,#768,#791,#819,#847,#875,#903,#926,#954,#982,#1010,#1038,
    #1066));
#496 = ORIENTED_EDGE('',*,*,#497,.F.);
#497 = EDGE_CURVE('',#451,#498,#500,.T.);
#498 = VERTEX_POINT('',#499);
#499 = CARTESIAN_POINT('',(74.,-51.,60.));
#500 = SURFACE_CURVE('',#501,(#505,#512),.PCURVE_S1.);
#501 = LINE('',#502,#503);
#502 = CARTESIAN_POINT('',(74.,-51.,16.));
#503 = VECTOR('',#504,1.);
#504 = DIRECTION('',(0.,0.,1.));
#505 = PCURVE('',#100,#506);
#506 = DEFINITIONAL_REPRESENTATION('',(#507),#511);
#507 = LINE('',#508,#509);
#508 = CARTESIAN_POINT('',(-0.,28.));
#509 = VECTOR('',#510,1.);
#510 = DIRECTION('',(-1.,0.));
#511 = ( GEOMETRIC_REPRESENTATION_CONTEXT(2) 
PARAMETRIC_REPRESENTATION_CONTEXT() REPRESENTATION_CONTEXT('2D SPACE',''
  ) );
#512 = PCURVE('',#236,#513);
#513 = DEFINITIONAL_REPRESENTATION('',(#514),#518);
#514 = LINE('',#515,#516);
#515 = CARTESIAN_POINT('',(-0.,-4.));
#516 = VECTOR('',#517,1.);
#517 = DIRECTION('',(-1.,0.));
#518 = ( GEOMETRIC_REPRESENTATION_CONTEXT(2) 
PARAMETRIC_REPRESENTATION_CONTEXT() REPRESENTATION_CONTEXT('2D SPACE',''
  ) );
#519 = ORIENTED_EDGE('',*,*,#473,.F.);
#520 = ORIENTED_EDGE('',*,*,#84,.T.);
#521 = ORIENTED_EDGE('',*,*,#522,.T.);
#522 = EDGE_CURVE('',#85,#523,#525,.T.);
#523 = VERTEX_POINT('',#524);
#524 = CARTESIAN_POINT('',(48.,-51.,60.));
#525 = SURFACE_CURVE('',#526,(#530,#537),.PCURVE_S1.);
#526 = LINE('',#527,#528);
#527 = CARTESIAN_POINT('',(46.,-51.,60.));
#528 = VECTOR('',#529,1.);
#529 = DIRECTION('',(1.,-0.,-0.));
#530 = PCURVE('',#100,#531);
#531 = DEFINITIONAL_REPRESENTATION('',(#532),#536);
#532 = LINE('',#533,#534);
#533 = CARTESIAN_POINT('',(-44.,0.));
#534 = VECTOR('',#535,1.);
#535 = DIRECTION('',(-0.,1.));
#536 = ( GEOMETRIC_REPRESENTATION_CONTEXT(2) 
PARAMETRIC_REPRESENTATION_CONTEXT() REPRESENTATION_CONTEXT('2D SPACE',''
  ) );
#537 = PCURVE('',#128,#538);
#538 = DEFINITIONAL_REPRESENTATION('',(#539),#543);
#539 = LINE('',#540,#541);
#540 = CARTESIAN_POINT('',(-0.,4.));
#541 = VECTOR('',#542,1.);
#542 = DIRECTION('',(-1.,-0.));
#543 = ( GEOMETRIC_REPRESENTATION_CONTEXT(2) 
PARAMETRIC_REPRESENTATION_CONTEXT() REPRESENTATION_CONTEXT('2D SPACE',''
  ) );
#544 = ORIENTED_EDGE('',*,*,#545,.F.);
#545 = EDGE_CURVE('',#546,#523,#548,.T.);
#546 = VERTEX_POINT('',#547);
#547 = CARTESIAN_POINT('',(48.,-51.,21.818181818182));
#548 = SURFACE_CURVE('',#549,(#553,#560),.PCURVE_S1.);
#549 = LINE('',#550,#551);
#550 = CARTESIAN_POINT('',(48.,-51.,30.843817060395));
#551 = VECTOR('',#552,1.);
#552 = DIRECTION('',(-0.,-0.,1.));
#553 = PCURVE('',#100,#554);
#554 = DEFINITIONAL_REPRESENTATION('',(#555),#559);
#555 = LINE('',#556,#557);
#556 = CARTESIAN_POINT('',(-14.84381706039,2.));
#557 = VECTOR('',#558,1.);
#558 = DIRECTION('',(-1.,0.));
#559 = ( GEOMETRIC_REPRESENTATION_CONTEXT(2) 
PARAMETRIC_REPRESENTATION_CONTEXT() REPRESENTATION_CONTEXT('2D SPACE',''
  ) );
#560 = PCURVE('',#561,#566);
#561 = PLANE('',#562);
#562 = AXIS2_PLACEMENT_3D('',#563,#564,#565);
#563 = CARTESIAN_POINT('',(48.,-57.81236587921,45.687634120789));
#564 = DIRECTION('',(-1.,0.,-0.));
#565 = DIRECTION('',(0.,0.,1.));
#566 = DEFINITIONAL_REPRESENTATION('',(#567),#571);
#567 = LINE('',#568,#569);
#568 = CARTESIAN_POINT('',(-14.84381706039,6.812365879211));
#569 = VECTOR('',#570,1.);
#570 = DIRECTION('',(1.,-0.));
#571 = ( GEOMETRIC_REPRESENTATION_CONTEXT(2) 
PARAMETRIC_REPRESENTATION_CONTEXT() REPRESENTATION_CONTEXT('2D SPACE',''
  ) );
#572 = ORIENTED_EDGE('',*,*,#573,.F.);
#573 = EDGE_CURVE('',#574,#546,#576,.T.);
#574 = VERTEX_POINT('',#575);
#575 = CARTESIAN_POINT('',(52.,-51.,21.818181818182));
#576 = SURFACE_CURVE('',#577,(#581,#588),.PCURVE_S1.);
#577 = LINE('',#578,#579);
#578 = CARTESIAN_POINT('',(47.,-51.,21.818181818182));
#579 = VECTOR('',#580,1.);
#580 = DIRECTION('',(-1.,-0.,-0.));
#581 = PCURVE('',#100,#582);
#582 = DEFINITIONAL_REPRESENTATION('',(#583),#587);
#583 = LINE('',#584,#585);
#584 = CARTESIAN_POINT('',(-5.818181818182,1.));
#585 = VECTOR('',#586,1.);
#586 = DIRECTION('',(-0.,-1.));
#587 = ( GEOMETRIC_REPRESENTATION_CONTEXT(2) 
PARAMETRIC_REPRESENTATION_CONTEXT() REPRESENTATION_CONTEXT('2D SPACE',''
  ) );
#588 = PCURVE('',#589,#594);
#589 = PLANE('',#590);
#590 = AXIS2_PLACEMENT_3D('',#591,#592,#593);
#591 = CARTESIAN_POINT('',(48.,-80.,64.));
#592 = DIRECTION('',(-0.,-0.824041924199,-0.566528822887));
#593 = DIRECTION('',(-0.,-0.566528822887,0.824041924199));
#594 = DEFINITIONAL_REPRESENTATION('',(#595),#599);
#595 = LINE('',#596,#597);
#596 = CARTESIAN_POINT('',(-51.18892248449,1.));
#597 = VECTOR('',#598,1.);
#598 = DIRECTION('',(-0.,1.));
#599 = ( GEOMETRIC_REPRESENTATION_CONTEXT(2) 
PARAMETRIC_REPRESENTATION_CONTEXT() REPRESENTATION_CONTEXT('2D SPACE',''
  ) );
#600 = ORIENTED_EDGE('',*,*,#601,.T.);
#601 = EDGE_CURVE('',#574,#602,#604,.T.);
#602 = VERTEX_POINT('',#603);
#603 = CARTESIAN_POINT('',(52.,-51.,25.687559525159));
#604 = SURFACE_CURVE('',#605,(#609,#616),.PCURVE_S1.);
#605 = LINE('',#606,#607);
#606 = CARTESIAN_POINT('',(52.,-51.,30.843817060395));
#607 = VECTOR('',#608,1.);
#608 = DIRECTION('',(-0.,-0.,1.));
#609 = PCURVE('',#100,#610);
#610 = DEFINITIONAL_REPRESENTATION('',(#611),#615);
#611 = LINE('',#612,#613);
#612 = CARTESIAN_POINT('',(-14.84381706039,6.));
#613 = VECTOR('',#614,1.);
#614 = DIRECTION('',(-1.,0.));
#615 = ( GEOMETRIC_REPRESENTATION_CONTEXT(2) 
PARAMETRIC_REPRESENTATION_CONTEXT() REPRESENTATION_CONTEXT('2D SPACE',''
  ) );
#616 = PCURVE('',#617,#622);
#617 = PLANE('',#618);
#618 = AXIS2_PLACEMENT_3D('',#619,#620,#621);
#619 = CARTESIAN_POINT('',(52.,-57.81236587921,45.687634120789));
#620 = DIRECTION('',(-1.,0.,-0.));
#621 = DIRECTION('',(0.,0.,1.));
#622 = DEFINITIONAL_REPRESENTATION('',(#623),#627);
#623 = LINE('',#624,#625);
#624 = CARTESIAN_POINT('',(-14.84381706039,6.812365879211));
#625 = VECTOR('',#626,1.);
#626 = DIRECTION('',(1.,-0.));
#627 = ( GEOMETRIC_REPRESENTATION_CONTEXT(2) 
PARAMETRIC_REPRESENTATION_CONTEXT() REPRESENTATION_CONTEXT('2D SPACE',''
  ) );
#628 = ORIENTED_EDGE('',*,*,#629,.F.);
#629 = EDGE_CURVE('',#630,#602,#632,.T.);
#630 = VERTEX_POINT('',#631);
#631 = CARTESIAN_POINT('',(53.,-51.,28.65));
#632 = SURFACE_CURVE('',#633,(#638,#649),.PCURVE_S1.);
#633 = CIRCLE('',#634,1.65);
#634 = AXIS2_PLACEMENT_3D('',#635,#636,#637);
#635 = CARTESIAN_POINT('',(53.,-51.,27.));
#636 = DIRECTION('',(0.,1.,0.));
#637 = DIRECTION('',(-0.,-0.,1.));
#638 = PCURVE('',#100,#639);
#639 = DEFINITIONAL_REPRESENTATION('',(#640),#648);
#640 = ( BOUNDED_CURVE() B_SPLINE_CURVE(2,(#641,#642,#643,#644,#645,#646
,#647),.UNSPECIFIED.,.T.,.F.) B_SPLINE_CURVE_WITH_KNOTS((1,2,2,2,2,1),(
    -2.094395102393,0.,2.094395102393,4.188790204786,6.28318530718,
8.377580409573),.UNSPECIFIED.) CURVE() GEOMETRIC_REPRESENTATION_ITEM() 
RATIONAL_B_SPLINE_CURVE((1.,0.5,1.,0.5,1.,0.5,1.)) REPRESENTATION_ITEM(
  '') );
#641 = CARTESIAN_POINT('',(-12.65,7.));
#642 = CARTESIAN_POINT('',(-12.65,9.857883832489));
#643 = CARTESIAN_POINT('',(-10.175,8.428941916244));
#644 = CARTESIAN_POINT('',(-7.7,7.));
#645 = CARTESIAN_POINT('',(-10.175,5.571058083756));
#646 = CARTESIAN_POINT('',(-12.65,4.142116167511));
#647 = CARTESIAN_POINT('',(-12.65,7.));
#648 = ( GEOMETRIC_REPRESENTATION_CONTEXT(2) 
PARAMETRIC_REPRESENTATION_CONTEXT() REPRESENTATION_CONTEXT('2D SPACE',''
  ) );
#649 = PCURVE('',#293,#650);
#650 = DEFINITIONAL_REPRESENTATION('',(#651),#655);
#651 = LINE('',#652,#653);
#652 = CARTESIAN_POINT('',(-0.,7.));
#653 = VECTOR('',#654,1.);
#654 = DIRECTION('',(-1.,0.));
#655 = ( GEOMETRIC_REPRESENTATION_CONTEXT(2) 
PARAMETRIC_REPRESENTATION_CONTEXT() REPRESENTATION_CONTEXT('2D SPACE',''
  ) );
#656 = ORIENTED_EDGE('',*,*,#657,.F.);
#657 = EDGE_CURVE('',#658,#630,#660,.T.);
#658 = VERTEX_POINT('',#659);
#659 = CARTESIAN_POINT('',(52.,-51.,28.312440474841));
#660 = SURFACE_CURVE('',#661,(#666,#677),.PCURVE_S1.);
#661 = CIRCLE('',#662,1.65);
#662 = AXIS2_PLACEMENT_3D('',#663,#664,#665);
#663 = CARTESIAN_POINT('',(53.,-51.,27.));
#664 = DIRECTION('',(0.,1.,0.));
#665 = DIRECTION('',(-0.,-0.,1.));
#666 = PCURVE('',#100,#667);
#667 = DEFINITIONAL_REPRESENTATION('',(#668),#676);
#668 = ( BOUNDED_CURVE() B_SPLINE_CURVE(2,(#669,#670,#671,#672,#673,#674
,#675),.UNSPECIFIED.,.T.,.F.) B_SPLINE_CURVE_WITH_KNOTS((1,2,2,2,2,1),(
    -2.094395102393,0.,2.094395102393,4.188790204786,6.28318530718,
8.377580409573),.UNSPECIFIED.) CURVE() GEOMETRIC_REPRESENTATION_ITEM() 
RATIONAL_B_SPLINE_CURVE((1.,0.5,1.,0.5,1.,0.5,1.)) REPRESENTATION_ITEM(
  '') );
#669 = CARTESIAN_POINT('',(-12.65,7.));
#670 = CARTESIAN_POINT('',(-12.65,9.857883832489));
#671 = CARTESIAN_POINT('',(-10.175,8.428941916244));
#672 = CARTESIAN_POINT('',(-7.7,7.));
#673 = CARTESIAN_POINT('',(-10.175,5.571058083756));
#674 = CARTESIAN_POINT('',(-12.65,4.142116167511));
#675 = CARTESIAN_POINT('',(-12.65,7.));
#676 = ( GEOMETRIC_REPRESENTATION_CONTEXT(2) 
PARAMETRIC_REPRESENTATION_CONTEXT() REPRESENTATION_CONTEXT('2D SPACE',''
  ) );
#677 = PCURVE('',#293,#678);
#678 = DEFINITIONAL_REPRESENTATION('',(#679),#683);
#679 = LINE('',#680,#681);
#680 = CARTESIAN_POINT('',(-0.,7.));
#681 = VECTOR('',#682,1.);
#682 = DIRECTION('',(-1.,0.));
#683 = ( GEOMETRIC_REPRESENTATION_CONTEXT(2) 
PARAMETRIC_REPRESENTATION_CONTEXT() REPRESENTATION_CONTEXT('2D SPACE',''
  ) );
#684 = ORIENTED_EDGE('',*,*,#685,.T.);
#685 = EDGE_CURVE('',#658,#686,#688,.T.);
#686 = VERTEX_POINT('',#687);
#687 = CARTESIAN_POINT('',(52.,-51.,56.687559525159));
#688 = SURFACE_CURVE('',#689,(#693,#700),.PCURVE_S1.);
#689 = LINE('',#690,#691);
#690 = CARTESIAN_POINT('',(52.,-51.,30.843817060395));
#691 = VECTOR('',#692,1.);
#692 = DIRECTION('',(-0.,-0.,1.));
#693 = PCURVE('',#100,#694);
#694 = DEFINITIONAL_REPRESENTATION('',(#695),#699);
#695 = LINE('',#696,#697);
#696 = CARTESIAN_POINT('',(-14.84381706039,6.));
#697 = VECTOR('',#698,1.);
#698 = DIRECTION('',(-1.,0.));
#699 = ( GEOMETRIC_REPRESENTATION_CONTEXT(2) 
PARAMETRIC_REPRESENTATION_CONTEXT() REPRESENTATION_CONTEXT('2D SPACE',''
  ) );
#700 = PCURVE('',#701,#706);
#701 = PLANE('',#702);
#702 = AXIS2_PLACEMENT_3D('',#703,#704,#705);
#703 = CARTESIAN_POINT('',(52.,-57.81236587921,45.687634120789));
#704 = DIRECTION('',(-1.,0.,-0.));
#705 = DIRECTION('',(0.,0.,1.));
#706 = DEFINITIONAL_REPRESENTATION('',(#707),#711);
#707 = LINE('',#708,#709);
#708 = CARTESIAN_POINT('',(-14.84381706039,6.812365879211));
#709 = VECTOR('',#710,1.);
#710 = DIRECTION('',(1.,-0.));
#711 = ( GEOMETRIC_REPRESENTATION_CONTEXT(2) 
PARAMETRIC_REPRESENTATION_CONTEXT() REPRESENTATION_CONTEXT('2D SPACE',''
  ) );
#712 = ORIENTED_EDGE('',*,*,#713,.F.);
#713 = EDGE_CURVE('',#714,#686,#716,.T.);
#714 = VERTEX_POINT('',#715);
#715 = CARTESIAN_POINT('',(53.,-51.,59.65));
#716 = SURFACE_CURVE('',#717,(#722,#733),.PCURVE_S1.);
#717 = CIRCLE('',#718,1.65);
#718 = AXIS2_PLACEMENT_3D('',#719,#720,#721);
#719 = CARTESIAN_POINT('',(53.,-51.,58.));
#720 = DIRECTION('',(0.,1.,0.));
#721 = DIRECTION('',(-0.,-0.,1.));
#722 = PCURVE('',#100,#723);
#723 = DEFINITIONAL_REPRESENTATION('',(#724),#732);
#724 = ( BOUNDED_CURVE() B_SPLINE_CURVE(2,(#725,#726,#727,#728,#729,#730
,#731),.UNSPECIFIED.,.T.,.F.) B_SPLINE_CURVE_WITH_KNOTS((1,2,2,2,2,1),(
    -2.094395102393,0.,2.094395102393,4.188790204786,6.28318530718,
8.377580409573),.UNSPECIFIED.) CURVE() GEOMETRIC_REPRESENTATION_ITEM() 
RATIONAL_B_SPLINE_CURVE((1.,0.5,1.,0.5,1.,0.5,1.)) REPRESENTATION_ITEM(
  '') );
#725 = CARTESIAN_POINT('',(-43.65,7.));
#726 = CARTESIAN_POINT('',(-43.65,9.857883832489));
#727 = CARTESIAN_POINT('',(-41.175,8.428941916244));
#728 = CARTESIAN_POINT('',(-38.7,7.));
#729 = CARTESIAN_POINT('',(-41.175,5.571058083756));
#730 = CARTESIAN_POINT('',(-43.65,4.142116167511));
#731 = CARTESIAN_POINT('',(-43.65,7.));
#732 = ( GEOMETRIC_REPRESENTATION_CONTEXT(2) 
PARAMETRIC_REPRESENTATION_CONTEXT() REPRESENTATION_CONTEXT('2D SPACE',''
  ) );
#733 = PCURVE('',#328,#734);
#734 = DEFINITIONAL_REPRESENTATION('',(#735),#739);
#735 = LINE('',#736,#737);
#736 = CARTESIAN_POINT('',(-0.,7.));
#737 = VECTOR('',#738,1.);
#738 = DIRECTION('',(-1.,0.));
#739 = ( GEOMETRIC_REPRESENTATION_CONTEXT(2) 
PARAMETRIC_REPRESENTATION_CONTEXT() REPRESENTATION_CONTEXT('2D SPACE',''
  ) );
#740 = ORIENTED_EDGE('',*,*,#741,.F.);
#741 = EDGE_CURVE('',#742,#714,#744,.T.);
#742 = VERTEX_POINT('',#743);
#743 = CARTESIAN_POINT('',(52.,-51.,59.312440474841));
#744 = SURFACE_CURVE('',#745,(#750,#761),.PCURVE_S1.);
#745 = CIRCLE('',#746,1.65);
#746 = AXIS2_PLACEMENT_3D('',#747,#748,#749);
#747 = CARTESIAN_POINT('',(53.,-51.,58.));
#748 = DIRECTION('',(0.,1.,0.));
#749 = DIRECTION('',(-0.,-0.,1.));
#750 = PCURVE('',#100,#751);
#751 = DEFINITIONAL_REPRESENTATION('',(#752),#760);
#752 = ( BOUNDED_CURVE() B_SPLINE_CURVE(2,(#753,#754,#755,#756,#757,#758
,#759),.UNSPECIFIED.,.T.,.F.) B_SPLINE_CURVE_WITH_KNOTS((1,2,2,2,2,1),(
    -2.094395102393,0.,2.094395102393,4.188790204786,6.28318530718,
8.377580409573),.UNSPECIFIED.) CURVE() GEOMETRIC_REPRESENTATION_ITEM() 
RATIONAL_B_SPLINE_CURVE((1.,0.5,1.,0.5,1.,0.5,1.)) REPRESENTATION_ITEM(
  '') );
#753 = CARTESIAN_POINT('',(-43.65,7.));
#754 = CARTESIAN_POINT('',(-43.65,9.857883832489));
#755 = CARTESIAN_POINT('',(-41.175,8.428941916244));
#756 = CARTESIAN_POINT('',(-38.7,7.));
#757 = CARTESIAN_POINT('',(-41.175,5.571058083756));
#758 = CARTESIAN_POINT('',(-43.65,4.142116167511));
#759 = CARTESIAN_POINT('',(-43.65,7.));
#760 = ( GEOMETRIC_REPRESENTATION_CONTEXT(2) 
PARAMETRIC_REPRESENTATION_CONTEXT() REPRESENTATION_CONTEXT('2D SPACE',''
  ) );
#761 = PCURVE('',#328,#762);
#762 = DEFINITIONAL_REPRESENTATION('',(#763),#767);
#763 = LINE('',#764,#765);
#764 = CARTESIAN_POINT('',(-0.,7.));
#765 = VECTOR('',#766,1.);
#766 = DIRECTION('',(-1.,0.));
#767 = ( GEOMETRIC_REPRESENTATION_CONTEXT(2) 
PARAMETRIC_REPRESENTATION_CONTEXT() REPRESENTATION_CONTEXT('2D SPACE',''
  ) );
#768 = ORIENTED_EDGE('',*,*,#769,.T.);
#769 = EDGE_CURVE('',#742,#770,#772,.T.);
#770 = VERTEX_POINT('',#771);
#771 = CARTESIAN_POINT('',(52.,-51.,60.));
#772 = SURFACE_CURVE('',#773,(#777,#784),.PCURVE_S1.);
#773 = LINE('',#774,#775);
#774 = CARTESIAN_POINT('',(52.,-51.,30.843817060395));
#775 = VECTOR('',#776,1.);
#776 = DIRECTION('',(-0.,-0.,1.));
#777 = PCURVE('',#100,#778);
#778 = DEFINITIONAL_REPRESENTATION('',(#779),#783);
#779 = LINE('',#780,#781);
#780 = CARTESIAN_POINT('',(-14.84381706039,6.));
#781 = VECTOR('',#782,1.);
#782 = DIRECTION('',(-1.,0.));
#783 = ( GEOMETRIC_REPRESENTATION_CONTEXT(2) 
PARAMETRIC_REPRESENTATION_CONTEXT() REPRESENTATION_CONTEXT('2D SPACE',''
  ) );
#784 = PCURVE('',#701,#785);
#785 = DEFINITIONAL_REPRESENTATION('',(#786),#790);
#786 = LINE('',#787,#788);
#787 = CARTESIAN_POINT('',(-14.84381706039,6.812365879211));
#788 = VECTOR('',#789,1.);
#789 = DIRECTION('',(1.,-0.));
#790 = ( GEOMETRIC_REPRESENTATION_CONTEXT(2) 
PARAMETRIC_REPRESENTATION_CONTEXT() REPRESENTATION_CONTEXT('2D SPACE',''
  ) );
#791 = ORIENTED_EDGE('',*,*,#792,.T.);
#792 = EDGE_CURVE('',#770,#793,#795,.T.);
#793 = VERTEX_POINT('',#794);
#794 = CARTESIAN_POINT('',(68.,-51.,60.));
#795 = SURFACE_CURVE('',#796,(#800,#807),.PCURVE_S1.);
#796 = LINE('',#797,#798);
#797 = CARTESIAN_POINT('',(46.,-51.,60.));
#798 = VECTOR('',#799,1.);
#799 = DIRECTION('',(1.,-0.,-0.));
#800 = PCURVE('',#100,#801);
#801 = DEFINITIONAL_REPRESENTATION('',(#802),#806);
#802 = LINE('',#803,#804);
#803 = CARTESIAN_POINT('',(-44.,0.));
#804 = VECTOR('',#805,1.);
#805 = DIRECTION('',(-0.,1.));
#806 = ( GEOMETRIC_REPRESENTATION_CONTEXT(2) 
PARAMETRIC_REPRESENTATION_CONTEXT() REPRESENTATION_CONTEXT('2D SPACE',''
  ) );
#807 = PCURVE('',#808,#813);
#808 = PLANE('',#809);
#809 = AXIS2_PLACEMENT_3D('',#810,#811,#812);
#810 = CARTESIAN_POINT('',(46.,-47.,60.));
#811 = DIRECTION('',(0.,0.,1.));
#812 = DIRECTION('',(-1.,0.,0.));
#813 = DEFINITIONAL_REPRESENTATION('',(#814),#818);
#814 = LINE('',#815,#816);
#815 = CARTESIAN_POINT('',(-0.,4.));
#816 = VECTOR('',#817,1.);
#817 = DIRECTION('',(-1.,-0.));
#818 = ( GEOMETRIC_REPRESENTATION_CONTEXT(2) 
PARAMETRIC_REPRESENTATION_CONTEXT() REPRESENTATION_CONTEXT('2D SPACE',''
  ) );
#819 = ORIENTED_EDGE('',*,*,#820,.F.);
#820 = EDGE_CURVE('',#821,#793,#823,.T.);
#821 = VERTEX_POINT('',#822);
#822 = CARTESIAN_POINT('',(68.,-51.,59.312440474841));
#823 = SURFACE_CURVE('',#824,(#828,#835),.PCURVE_S1.);
#824 = LINE('',#825,#826);
#825 = CARTESIAN_POINT('',(68.,-51.,30.843817060395));
#826 = VECTOR('',#827,1.);
#827 = DIRECTION('',(-0.,-0.,1.));
#828 = PCURVE('',#100,#829);
#829 = DEFINITIONAL_REPRESENTATION('',(#830),#834);
#830 = LINE('',#831,#832);
#831 = CARTESIAN_POINT('',(-14.84381706039,22.));
#832 = VECTOR('',#833,1.);
#833 = DIRECTION('',(-1.,0.));
#834 = ( GEOMETRIC_REPRESENTATION_CONTEXT(2) 
PARAMETRIC_REPRESENTATION_CONTEXT() REPRESENTATION_CONTEXT('2D SPACE',''
  ) );
#835 = PCURVE('',#836,#841);
#836 = PLANE('',#837);
#837 = AXIS2_PLACEMENT_3D('',#838,#839,#840);
#838 = CARTESIAN_POINT('',(68.,-57.81236587921,45.687634120789));
#839 = DIRECTION('',(-1.,0.,-0.));
#840 = DIRECTION('',(0.,0.,1.));
#841 = DEFINITIONAL_REPRESENTATION('',(#842),#846);
#842 = LINE('',#843,#844);
#843 = CARTESIAN_POINT('',(-14.84381706039,6.812365879211));
#844 = VECTOR('',#845,1.);
#845 = DIRECTION('',(1.,-0.));
#846 = ( GEOMETRIC_REPRESENTATION_CONTEXT(2) 
PARAMETRIC_REPRESENTATION_CONTEXT() REPRESENTATION_CONTEXT('2D SPACE',''
  ) );
#847 = ORIENTED_EDGE('',*,*,#848,.F.);
#848 = EDGE_CURVE('',#849,#821,#851,.T.);
#849 = VERTEX_POINT('',#850);
#850 = CARTESIAN_POINT('',(67.,-51.,59.65));
#851 = SURFACE_CURVE('',#852,(#857,#868),.PCURVE_S1.);
#852 = CIRCLE('',#853,1.65);
#853 = AXIS2_PLACEMENT_3D('',#854,#855,#856);
#854 = CARTESIAN_POINT('',(67.,-51.,58.));
#855 = DIRECTION('',(0.,1.,0.));
#856 = DIRECTION('',(-0.,-0.,1.));
#857 = PCURVE('',#100,#858);
#858 = DEFINITIONAL_REPRESENTATION('',(#859),#867);
#859 = ( BOUNDED_CURVE() B_SPLINE_CURVE(2,(#860,#861,#862,#863,#864,#865
,#866),.UNSPECIFIED.,.T.,.F.) B_SPLINE_CURVE_WITH_KNOTS((1,2,2,2,2,1),(
    -2.094395102393,0.,2.094395102393,4.188790204786,6.28318530718,
8.377580409573),.UNSPECIFIED.) CURVE() GEOMETRIC_REPRESENTATION_ITEM() 
RATIONAL_B_SPLINE_CURVE((1.,0.5,1.,0.5,1.,0.5,1.)) REPRESENTATION_ITEM(
  '') );
#860 = CARTESIAN_POINT('',(-43.65,21.));
#861 = CARTESIAN_POINT('',(-43.65,23.857883832489));
#862 = CARTESIAN_POINT('',(-41.175,22.428941916244));
#863 = CARTESIAN_POINT('',(-38.7,21.));
#864 = CARTESIAN_POINT('',(-41.175,19.571058083756));
#865 = CARTESIAN_POINT('',(-43.65,18.142116167511));
#866 = CARTESIAN_POINT('',(-43.65,21.));
#867 = ( GEOMETRIC_REPRESENTATION_CONTEXT(2) 
PARAMETRIC_REPRESENTATION_CONTEXT() REPRESENTATION_CONTEXT('2D SPACE',''
  ) );
#868 = PCURVE('',#433,#869);
#869 = DEFINITIONAL_REPRESENTATION('',(#870),#874);
#870 = LINE('',#871,#872);
#871 = CARTESIAN_POINT('',(-0.,7.));
#872 = VECTOR('',#873,1.);
#873 = DIRECTION('',(-1.,0.));
#874 = ( GEOMETRIC_REPRESENTATION_CONTEXT(2) 
PARAMETRIC_REPRESENTATION_CONTEXT() REPRESENTATION_CONTEXT('2D SPACE',''
  ) );
#875 = ORIENTED_EDGE('',*,*,#876,.F.);
#876 = EDGE_CURVE('',#877,#849,#879,.T.);
#877 = VERTEX_POINT('',#878);
#878 = CARTESIAN_POINT('',(68.,-51.,56.687559525159));
#879 = SURFACE_CURVE('',#880,(#885,#896),.PCURVE_S1.);
#880 = CIRCLE('',#881,1.65);
#881 = AXIS2_PLACEMENT_3D('',#882,#883,#884);
#882 = CARTESIAN_POINT('',(67.,-51.,58.));
#883 = DIRECTION('',(0.,1.,0.));
#884 = DIRECTION('',(-0.,-0.,1.));
#885 = PCURVE('',#100,#886);
#886 = DEFINITIONAL_REPRESENTATION('',(#887),#895);
#887 = ( BOUNDED_CURVE() B_SPLINE_CURVE(2,(#888,#889,#890,#891,#892,#893
,#894),.UNSPECIFIED.,.T.,.F.) B_SPLINE_CURVE_WITH_KNOTS((1,2,2,2,2,1),(
    -2.094395102393,0.,2.094395102393,4.188790204786,6.28318530718,
8.377580409573),.UNSPECIFIED.) CURVE() GEOMETRIC_REPRESENTATION_ITEM() 
RATIONAL_B_SPLINE_CURVE((1.,0.5,1.,0.5,1.,0.5,1.)) REPRESENTATION_ITEM(
  '') );
#888 = CARTESIAN_POINT('',(-43.65,21.));
#889 = CARTESIAN_POINT('',(-43.65,23.857883832489));
#890 = CARTESIAN_POINT('',(-41.175,22.428941916244));
#891 = CARTESIAN_POINT('',(-38.7,21.));
#892 = CARTESIAN_POINT('',(-41.175,19.571058083756));
#893 = CARTESIAN_POINT('',(-43.65,18.142116167511));
#894 = CARTESIAN_POINT('',(-43.65,21.));
#895 = ( GEOMETRIC_REPRESENTATION_CONTEXT(2) 
PARAMETRIC_REPRESENTATION_CONTEXT() REPRESENTATION_CONTEXT('2D SPACE',''
  ) );
#896 = PCURVE('',#433,#897);
#897 = DEFINITIONAL_REPRESENTATION('',(#898),#902);
#898 = LINE('',#899,#900);
#899 = CARTESIAN_POINT('',(-0.,7.));
#900 = VECTOR('',#901,1.);
#901 = DIRECTION('',(-1.,0.));
#902 = ( GEOMETRIC_REPRESENTATION_CONTEXT(2) 
PARAMETRIC_REPRESENTATION_CONTEXT() REPRESENTATION_CONTEXT('2D SPACE',''
  ) );
#903 = ORIENTED_EDGE('',*,*,#904,.F.);
#904 = EDGE_CURVE('',#905,#877,#907,.T.);
#905 = VERTEX_POINT('',#906);
#906 = CARTESIAN_POINT('',(68.,-51.,28.312440474841));
#907 = SURFACE_CURVE('',#908,(#912,#919),.PCURVE_S1.);
#908 = LINE('',#909,#910);
#909 = CARTESIAN_POINT('',(68.,-51.,30.843817060395));
#910 = VECTOR('',#911,1.);
#911 = DIRECTION('',(-0.,-0.,1.));
#912 = PCURVE('',#100,#913);
#913 = DEFINITIONAL_REPRESENTATION('',(#914),#918);
#914 = LINE('',#915,#916);
#915 = CARTESIAN_POINT('',(-14.84381706039,22.));
#916 = VECTOR('',#917,1.);
#917 = DIRECTION('',(-1.,0.));
#918 = ( GEOMETRIC_REPRESENTATION_CONTEXT(2) 
PARAMETRIC_REPRESENTATION_CONTEXT() REPRESENTATION_CONTEXT('2D SPACE',''
  ) );
#919 = PCURVE('',#836,#920);
#920 = DEFINITIONAL_REPRESENTATION('',(#921),#925);
#921 = LINE('',#922,#923);
#922 = CARTESIAN_POINT('',(-14.84381706039,6.812365879211));
#923 = VECTOR('',#924,1.);
#924 = DIRECTION('',(1.,-0.));
#925 = ( GEOMETRIC_REPRESENTATION_CONTEXT(2) 
PARAMETRIC_REPRESENTATION_CONTEXT() REPRESENTATION_CONTEXT('2D SPACE',''
  ) );
#926 = ORIENTED_EDGE('',*,*,#927,.F.);
#927 = EDGE_CURVE('',#928,#905,#930,.T.);
#928 = VERTEX_POINT('',#929);
#929 = CARTESIAN_POINT('',(67.,-51.,28.65));
#930 = SURFACE_CURVE('',#931,(#936,#947),.PCURVE_S1.);
#931 = CIRCLE('',#932,1.65);
#932 = AXIS2_PLACEMENT_3D('',#933,#934,#935);
#933 = CARTESIAN_POINT('',(67.,-51.,27.));
#934 = DIRECTION('',(0.,1.,0.));
#935 = DIRECTION('',(-0.,-0.,1.));
#936 = PCURVE('',#100,#937);
#937 = DEFINITIONAL_REPRESENTATION('',(#938),#946);
#938 = ( BOUNDED_CURVE() B_SPLINE_CURVE(2,(#939,#940,#941,#942,#943,#944
,#945),.UNSPECIFIED.,.T.,.F.) B_SPLINE_CURVE_WITH_KNOTS((1,2,2,2,2,1),(
    -2.094395102393,0.,2.094395102393,4.188790204786,6.28318530718,
8.377580409573),.UNSPECIFIED.) CURVE() GEOMETRIC_REPRESENTATION_ITEM() 
RATIONAL_B_SPLINE_CURVE((1.,0.5,1.,0.5,1.,0.5,1.)) REPRESENTATION_ITEM(
  '') );
#939 = CARTESIAN_POINT('',(-12.65,21.));
#940 = CARTESIAN_POINT('',(-12.65,23.857883832489));
#941 = CARTESIAN_POINT('',(-10.175,22.428941916244));
#942 = CARTESIAN_POINT('',(-7.7,21.));
#943 = CARTESIAN_POINT('',(-10.175,19.571058083756));
#944 = CARTESIAN_POINT('',(-12.65,18.142116167511));
#945 = CARTESIAN_POINT('',(-12.65,21.));
#946 = ( GEOMETRIC_REPRESENTATION_CONTEXT(2) 
PARAMETRIC_REPRESENTATION_CONTEXT() REPRESENTATION_CONTEXT('2D SPACE',''
  ) );
#947 = PCURVE('',#398,#948);
#948 = DEFINITIONAL_REPRESENTATION('',(#949),#953);
#949 = LINE('',#950,#951);
#950 = CARTESIAN_POINT('',(-0.,7.));
#951 = VECTOR('',#952,1.);
#952 = DIRECTION('',(-1.,0.));
#953 = ( GEOMETRIC_REPRESENTATION_CONTEXT(2) 
PARAMETRIC_REPRESENTATION_CONTEXT() REPRESENTATION_CONTEXT('2D SPACE',''
  ) );
#954 = ORIENTED_EDGE('',*,*,#955,.F.);
#955 = EDGE_CURVE('',#956,#928,#958,.T.);
#956 = VERTEX_POINT('',#957);
#957 = CARTESIAN_POINT('',(68.,-51.,25.687559525159));
#958 = SURFACE_CURVE('',#959,(#964,#975),.PCURVE_S1.);
#959 = CIRCLE('',#960,1.65);
#960 = AXIS2_PLACEMENT_3D('',#961,#962,#963);
#961 = CARTESIAN_POINT('',(67.,-51.,27.));
#962 = DIRECTION('',(0.,1.,0.));
#963 = DIRECTION('',(-0.,-0.,1.));
#964 = PCURVE('',#100,#965);
#965 = DEFINITIONAL_REPRESENTATION('',(#966),#974);
#966 = ( BOUNDED_CURVE() B_SPLINE_CURVE(2,(#967,#968,#969,#970,#971,#972
,#973),.UNSPECIFIED.,.T.,.F.) B_SPLINE_CURVE_WITH_KNOTS((1,2,2,2,2,1),(
    -2.094395102393,0.,2.094395102393,4.188790204786,6.28318530718,
8.377580409573),.UNSPECIFIED.) CURVE() GEOMETRIC_REPRESENTATION_ITEM() 
RATIONAL_B_SPLINE_CURVE((1.,0.5,1.,0.5,1.,0.5,1.)) REPRESENTATION_ITEM(
  '') );
#967 = CARTESIAN_POINT('',(-12.65,21.));
#968 = CARTESIAN_POINT('',(-12.65,23.857883832489));
#969 = CARTESIAN_POINT('',(-10.175,22.428941916244));
#970 = CARTESIAN_POINT('',(-7.7,21.));
#971 = CARTESIAN_POINT('',(-10.175,19.571058083756));
#972 = CARTESIAN_POINT('',(-12.65,18.142116167511));
#973 = CARTESIAN_POINT('',(-12.65,21.));
#974 = ( GEOMETRIC_REPRESENTATION_CONTEXT(2) 
PARAMETRIC_REPRESENTATION_CONTEXT() REPRESENTATION_CONTEXT('2D SPACE',''
  ) );
#975 = PCURVE('',#398,#976);
#976 = DEFINITIONAL_REPRESENTATION('',(#977),#981);
#977 = LINE('',#978,#979);
#978 = CARTESIAN_POINT('',(-0.,7.));
#979 = VECTOR('',#980,1.);
#980 = DIRECTION('',(-1.,0.));
#981 = ( GEOMETRIC_REPRESENTATION_CONTEXT(2) 
PARAMETRIC_REPRESENTATION_CONTEXT() REPRESENTATION_CONTEXT('2D SPACE',''
  ) );
#982 = ORIENTED_EDGE('',*,*,#983,.F.);
#983 = EDGE_CURVE('',#984,#956,#986,.T.);
#984 = VERTEX_POINT('',#985);
#985 = CARTESIAN_POINT('',(68.,-51.,21.818181818182));
#986 = SURFACE_CURVE('',#987,(#991,#998),.PCURVE_S1.);
#987 = LINE('',#988,#989);
#988 = CARTESIAN_POINT('',(68.,-51.,30.843817060395));
#989 = VECTOR('',#990,1.);
#990 = DIRECTION('',(-0.,-0.,1.));
#991 = PCURVE('',#100,#992);
#992 = DEFINITIONAL_REPRESENTATION('',(#993),#997);
#993 = LINE('',#994,#995);
#994 = CARTESIAN_POINT('',(-14.84381706039,22.));
#995 = VECTOR('',#996,1.);
#996 = DIRECTION('',(-1.,0.));
#997 = ( GEOMETRIC_REPRESENTATION_CONTEXT(2) 
PARAMETRIC_REPRESENTATION_CONTEXT() REPRESENTATION_CONTEXT('2D SPACE',''
  ) );
#998 = PCURVE('',#999,#1004);
#999 = PLANE('',#1000);
#1000 = AXIS2_PLACEMENT_3D('',#1001,#1002,#1003);
#1001 = CARTESIAN_POINT('',(68.,-57.81236587921,45.687634120789));
#1002 = DIRECTION('',(-1.,0.,-0.));
#1003 = DIRECTION('',(0.,0.,1.));
#1004 = DEFINITIONAL_REPRESENTATION('',(#1005),#1009);
#1005 = LINE('',#1006,#1007);
#1006 = CARTESIAN_POINT('',(-14.84381706039,6.812365879211));
#1007 = VECTOR('',#1008,1.);
#1008 = DIRECTION('',(1.,-0.));
#1009 = ( GEOMETRIC_REPRESENTATION_CONTEXT(2) 
PARAMETRIC_REPRESENTATION_CONTEXT() REPRESENTATION_CONTEXT('2D SPACE',''
  ) );
#1010 = ORIENTED_EDGE('',*,*,#1011,.F.);
#1011 = EDGE_CURVE('',#1012,#984,#1014,.T.);
#1012 = VERTEX_POINT('',#1013);
#1013 = CARTESIAN_POINT('',(72.,-51.,21.818181818182));
#1014 = SURFACE_CURVE('',#1015,(#1019,#1026),.PCURVE_S1.);
#1015 = LINE('',#1016,#1017);
#1016 = CARTESIAN_POINT('',(57.,-51.,21.818181818182));
#1017 = VECTOR('',#1018,1.);
#1018 = DIRECTION('',(-1.,-0.,-0.));
#1019 = PCURVE('',#100,#1020);
#1020 = DEFINITIONAL_REPRESENTATION('',(#1021),#1025);
#1021 = LINE('',#1022,#1023);
#1022 = CARTESIAN_POINT('',(-5.818181818182,11.));
#1023 = VECTOR('',#1024,1.);
#1024 = DIRECTION('',(-0.,-1.));
#1025 = ( GEOMETRIC_REPRESENTATION_CONTEXT(2) 
PARAMETRIC_REPRESENTATION_CONTEXT() REPRESENTATION_CONTEXT('2D SPACE',''
  ) );
#1026 = PCURVE('',#1027,#1032);
#1027 = PLANE('',#1028);
#1028 = AXIS2_PLACEMENT_3D('',#1029,#1030,#1031);
#1029 = CARTESIAN_POINT('',(68.,-80.,64.));
#1030 = DIRECTION('',(-0.,-0.824041924199,-0.566528822887));
#1031 = DIRECTION('',(-0.,-0.566528822887,0.824041924199));
#1032 = DEFINITIONAL_REPRESENTATION('',(#1033),#1037);
#1033 = LINE('',#1034,#1035);
#1034 = CARTESIAN_POINT('',(-51.18892248449,11.));
#1035 = VECTOR('',#1036,1.);
#1036 = DIRECTION('',(-0.,1.));
#1037 = ( GEOMETRIC_REPRESENTATION_CONTEXT(2) 
PARAMETRIC_REPRESENTATION_CONTEXT() REPRESENTATION_CONTEXT('2D SPACE',''
  ) );
#1038 = ORIENTED_EDGE('',*,*,#1039,.T.);
#1039 = EDGE_CURVE('',#1012,#1040,#1042,.T.);
#1040 = VERTEX_POINT('',#1041);
#1041 = CARTESIAN_POINT('',(72.,-51.,60.));
#1042 = SURFACE_CURVE('',#1043,(#1047,#1054),.PCURVE_S1.);
#1043 = LINE('',#1044,#1045);
#1044 = CARTESIAN_POINT('',(72.,-51.,30.843817060395));
#1045 = VECTOR('',#1046,1.);
#1046 = DIRECTION('',(-0.,-0.,1.));
#1047 = PCURVE('',#100,#1048);
#1048 = DEFINITIONAL_REPRESENTATION('',(#1049),#1053);
#1049 = LINE('',#1050,#1051);
#1050 = CARTESIAN_POINT('',(-14.84381706039,26.));
#1051 = VECTOR('',#1052,1.);
#1052 = DIRECTION('',(-1.,0.));
#1053 = ( GEOMETRIC_REPRESENTATION_CONTEXT(2) 
PARAMETRIC_REPRESENTATION_CONTEXT() REPRESENTATION_CONTEXT('2D SPACE',''
  ) );
#1054 = PCURVE('',#1055,#1060);
#1055 = PLANE('',#1056);
#1056 = AXIS2_PLACEMENT_3D('',#1057,#1058,#1059);
#1057 = CARTESIAN_POINT('',(72.,-57.81236587921,45.687634120789));
#1058 = DIRECTION('',(-1.,0.,-0.));
#1059 = DIRECTION('',(0.,0.,1.));
#1060 = DEFINITIONAL_REPRESENTATION('',(#1061),#1065);
#1061 = LINE('',#1062,#1063);
#1062 = CARTESIAN_POINT('',(-14.84381706039,6.812365879211));
#1063 = VECTOR('',#1064,1.);
#1064 = DIRECTION('',(1.,-0.));
#1065 = ( GEOMETRIC_REPRESENTATION_CONTEXT(2) 
PARAMETRIC_REPRESENTATION_CONTEXT() REPRESENTATION_CONTEXT('2D SPACE',''
  ) );
#1066 = ORIENTED_EDGE('',*,*,#1067,.T.);
#1067 = EDGE_CURVE('',#1040,#498,#1068,.T.);
#1068 = SURFACE_CURVE('',#1069,(#1073,#1080),.PCURVE_S1.);
#1069 = LINE('',#1070,#1071);
#1070 = CARTESIAN_POINT('',(46.,-51.,60.));
#1071 = VECTOR('',#1072,1.);
#1072 = DIRECTION('',(1.,-0.,-0.));
#1073 = PCURVE('',#100,#1074);
#1074 = DEFINITIONAL_REPRESENTATION('',(#1075),#1079);
#1075 = LINE('',#1076,#1077);
#1076 = CARTESIAN_POINT('',(-44.,0.));
#1077 = VECTOR('',#1078,1.);
#1078 = DIRECTION('',(-0.,1.));
#1079 = ( GEOMETRIC_REPRESENTATION_CONTEXT(2) 
PARAMETRIC_REPRESENTATION_CONTEXT() REPRESENTATION_CONTEXT('2D SPACE',''
  ) );
#1080 = PCURVE('',#1081,#1086);
#1081 = PLANE('',#1082);
#1082 = AXIS2_PLACEMENT_3D('',#1083,#1084,#1085);
#1083 = CARTESIAN_POINT('',(46.,-47.,60.));
#1084 = DIRECTION('',(0.,0.,1.));
#1085 = DIRECTION('',(-1.,0.,0.));
#1086 = DEFINITIONAL_REPRESENTATION('',(#1087),#1091);
#1087 = LINE('',#1088,#1089);
#1088 = CARTESIAN_POINT('',(-0.,4.));
#1089 = VECTOR('',#1090,1.);
#1090 = DIRECTION('',(-1.,-0.));
#1091 = ( GEOMETRIC_REPRESENTATION_CONTEXT(2) 
PARAMETRIC_REPRESENTATION_CONTEXT() REPRESENTATION_CONTEXT('2D SPACE',''
  ) );
#1092 = FACE_BOUND('',#1093,.F.);
#1093 = EDGE_LOOP('',(#1094));
#1094 = ORIENTED_EDGE('',*,*,#1095,.F.);
#1095 = EDGE_CURVE('',#1096,#1096,#1098,.T.);
#1096 = VERTEX_POINT('',#1097);
#1097 = CARTESIAN_POINT('',(60.,-51.,44.15));
#1098 = SURFACE_CURVE('',#1099,(#1104,#1115),.PCURVE_S1.);
#1099 = CIRCLE('',#1100,2.15);
#1100 = AXIS2_PLACEMENT_3D('',#1101,#1102,#1103);
#1101 = CARTESIAN_POINT('',(60.,-51.,42.));
#1102 = DIRECTION('',(0.,1.,0.));
#1103 = DIRECTION('',(-0.,-0.,1.));
#1104 = PCURVE('',#100,#1105);
#1105 = DEFINITIONAL_REPRESENTATION('',(#1106),#1114);
#1106 = ( BOUNDED_CURVE() B_SPLINE_CURVE(2,(#1107,#1108,#1109,#1110,
#1111,#1112,#1113),.UNSPECIFIED.,.T.,.F.) B_SPLINE_CURVE_WITH_KNOTS((1,2
    ,2,2,2,1),(-2.094395102393,0.,2.094395102393,4.188790204786,
6.28318530718,8.377580409573),.UNSPECIFIED.) CURVE() 
GEOMETRIC_REPRESENTATION_ITEM() RATIONAL_B_SPLINE_CURVE((1.,0.5,1.,0.5,
1.,0.5,1.)) REPRESENTATION_ITEM('') );
#1107 = CARTESIAN_POINT('',(-28.15,14.));
#1108 = CARTESIAN_POINT('',(-28.15,17.723909236273));
#1109 = CARTESIAN_POINT('',(-24.925,15.861954618137));
#1110 = CARTESIAN_POINT('',(-21.7,14.));
#1111 = CARTESIAN_POINT('',(-24.925,12.138045381863));
#1112 = CARTESIAN_POINT('',(-28.15,10.276090763727));
#1113 = CARTESIAN_POINT('',(-28.15,14.));
#1114 = ( GEOMETRIC_REPRESENTATION_CONTEXT(2) 
PARAMETRIC_REPRESENTATION_CONTEXT() REPRESENTATION_CONTEXT('2D SPACE',''
  ) );
#1115 = PCURVE('',#363,#1116);
#1116 = DEFINITIONAL_REPRESENTATION('',(#1117),#1121);
#1117 = LINE('',#1118,#1119);
#1118 = CARTESIAN_POINT('',(-0.,6.));
#1119 = VECTOR('',#1120,1.);
#1120 = DIRECTION('',(-1.,0.));
#1121 = ( GEOMETRIC_REPRESENTATION_CONTEXT(2) 
PARAMETRIC_REPRESENTATION_CONTEXT() REPRESENTATION_CONTEXT('2D SPACE',''
  ) );
#1122 = ADVANCED_FACE('',(#1123),#128,.F.);
#1123 = FACE_BOUND('',#1124,.T.);
#1124 = EDGE_LOOP('',(#1125,#1126,#1127,#1150));
#1125 = ORIENTED_EDGE('',*,*,#112,.F.);
#1126 = ORIENTED_EDGE('',*,*,#522,.T.);
#1127 = ORIENTED_EDGE('',*,*,#1128,.F.);
#1128 = EDGE_CURVE('',#1129,#523,#1131,.T.);
#1129 = VERTEX_POINT('',#1130);
#1130 = CARTESIAN_POINT('',(48.,-80.,60.));
#1131 = SURFACE_CURVE('',#1132,(#1136,#1143),.PCURVE_S1.);
#1132 = LINE('',#1133,#1134);
#1133 = CARTESIAN_POINT('',(48.,-80.,60.));
#1134 = VECTOR('',#1135,1.);
#1135 = DIRECTION('',(-0.,1.,-0.));
#1136 = PCURVE('',#128,#1137);
#1137 = DEFINITIONAL_REPRESENTATION('',(#1138),#1142);
#1138 = LINE('',#1139,#1140);
#1139 = CARTESIAN_POINT('',(-2.,33.));
#1140 = VECTOR('',#1141,1.);
#1141 = DIRECTION('',(-0.,-1.));
#1142 = ( GEOMETRIC_REPRESENTATION_CONTEXT(2) 
PARAMETRIC_REPRESENTATION_CONTEXT() REPRESENTATION_CONTEXT('2D SPACE',''
  ) );
#1143 = PCURVE('',#561,#1144);
#1144 = DEFINITIONAL_REPRESENTATION('',(#1145),#1149);
#1145 = LINE('',#1146,#1147);
#1146 = CARTESIAN_POINT('',(14.312365879211,-22.18763412078));
#1147 = VECTOR('',#1148,1.);
#1148 = DIRECTION('',(0.,1.));
#1149 = ( GEOMETRIC_REPRESENTATION_CONTEXT(2) 
PARAMETRIC_REPRESENTATION_CONTEXT() REPRESENTATION_CONTEXT('2D SPACE',''
  ) );
#1150 = ORIENTED_EDGE('',*,*,#1151,.F.);
#1151 = EDGE_CURVE('',#113,#1129,#1152,.T.);
#1152 = SURFACE_CURVE('',#1153,(#1157,#1164),.PCURVE_S1.);
#1153 = LINE('',#1154,#1155);
#1154 = CARTESIAN_POINT('',(46.,-80.,60.));
#1155 = VECTOR('',#1156,1.);
#1156 = DIRECTION('',(1.,0.,-0.));
#1157 = PCURVE('',#128,#1158);
#1158 = DEFINITIONAL_REPRESENTATION('',(#1159),#1163);
#1159 = LINE('',#1160,#1161);
#1160 = CARTESIAN_POINT('',(-0.,33.));
#1161 = VECTOR('',#1162,1.);
#1162 = DIRECTION('',(-1.,0.));
#1163 = ( GEOMETRIC_REPRESENTATION_CONTEXT(2) 
PARAMETRIC_REPRESENTATION_CONTEXT() REPRESENTATION_CONTEXT('2D SPACE',''
  ) );
#1164 = PCURVE('',#156,#1165);
#1165 = DEFINITIONAL_REPRESENTATION('',(#1166),#1170);
#1166 = LINE('',#1167,#1168);
#1167 = CARTESIAN_POINT('',(-0.,0.));
#1168 = VECTOR('',#1169,1.);
#1169 = DIRECTION('',(-0.,1.));
#1170 = ( GEOMETRIC_REPRESENTATION_CONTEXT(2) 
PARAMETRIC_REPRESENTATION_CONTEXT() REPRESENTATION_CONTEXT('2D SPACE',''
  ) );
#1171 = ADVANCED_FACE('',(#1172,#1317),#156,.T.);
#1172 = FACE_BOUND('',#1173,.F.);
#1173 = EDGE_LOOP('',(#1174,#1175,#1176,#1199,#1222,#1245,#1268,#1296));
#1174 = ORIENTED_EDGE('',*,*,#1151,.F.);
#1175 = ORIENTED_EDGE('',*,*,#140,.T.);
#1176 = ORIENTED_EDGE('',*,*,#1177,.T.);
#1177 = EDGE_CURVE('',#141,#1178,#1180,.T.);
#1178 = VERTEX_POINT('',#1179);
#1179 = CARTESIAN_POINT('',(74.,-80.,64.));
#1180 = SURFACE_CURVE('',#1181,(#1185,#1192),.PCURVE_S1.);
#1181 = LINE('',#1182,#1183);
#1182 = CARTESIAN_POINT('',(46.,-80.,64.));
#1183 = VECTOR('',#1184,1.);
#1184 = DIRECTION('',(1.,-0.,-0.));
#1185 = PCURVE('',#156,#1186);
#1186 = DEFINITIONAL_REPRESENTATION('',(#1187),#1191);
#1187 = LINE('',#1188,#1189);
#1188 = CARTESIAN_POINT('',(-4.,0.));
#1189 = VECTOR('',#1190,1.);
#1190 = DIRECTION('',(-0.,1.));
#1191 = ( GEOMETRIC_REPRESENTATION_CONTEXT(2) 
PARAMETRIC_REPRESENTATION_CONTEXT() REPRESENTATION_CONTEXT('2D SPACE',''
  ) );
#1192 = PCURVE('',#182,#1193);
#1193 = DEFINITIONAL_REPRESENTATION('',(#1194),#1198);
#1194 = LINE('',#1195,#1196);
#1195 = CARTESIAN_POINT('',(-0.,33.));
#1196 = VECTOR('',#1197,1.);
#1197 = DIRECTION('',(-1.,0.));
#1198 = ( GEOMETRIC_REPRESENTATION_CONTEXT(2) 
PARAMETRIC_REPRESENTATION_CONTEXT() REPRESENTATION_CONTEXT('2D SPACE',''
  ) );
#1199 = ORIENTED_EDGE('',*,*,#1200,.F.);
#1200 = EDGE_CURVE('',#1201,#1178,#1203,.T.);
#1201 = VERTEX_POINT('',#1202);
#1202 = CARTESIAN_POINT('',(74.,-80.,60.));
#1203 = SURFACE_CURVE('',#1204,(#1208,#1215),.PCURVE_S1.);
#1204 = LINE('',#1205,#1206);
#1205 = CARTESIAN_POINT('',(74.,-80.,60.));
#1206 = VECTOR('',#1207,1.);
#1207 = DIRECTION('',(0.,0.,1.));
#1208 = PCURVE('',#156,#1209);
#1209 = DEFINITIONAL_REPRESENTATION('',(#1210),#1214);
#1210 = LINE('',#1211,#1212);
#1211 = CARTESIAN_POINT('',(-0.,28.));
#1212 = VECTOR('',#1213,1.);
#1213 = DIRECTION('',(-1.,0.));
#1214 = ( GEOMETRIC_REPRESENTATION_CONTEXT(2) 
PARAMETRIC_REPRESENTATION_CONTEXT() REPRESENTATION_CONTEXT('2D SPACE',''
  ) );
#1215 = PCURVE('',#236,#1216);
#1216 = DEFINITIONAL_REPRESENTATION('',(#1217),#1221);
#1217 = LINE('',#1218,#1219);
#1218 = CARTESIAN_POINT('',(-44.,-33.));
#1219 = VECTOR('',#1220,1.);
#1220 = DIRECTION('',(-1.,0.));
#1221 = ( GEOMETRIC_REPRESENTATION_CONTEXT(2) 
PARAMETRIC_REPRESENTATION_CONTEXT() REPRESENTATION_CONTEXT('2D SPACE',''
  ) );
#1222 = ORIENTED_EDGE('',*,*,#1223,.F.);
#1223 = EDGE_CURVE('',#1224,#1201,#1226,.T.);
#1224 = VERTEX_POINT('',#1225);
#1225 = CARTESIAN_POINT('',(72.,-80.,60.));
#1226 = SURFACE_CURVE('',#1227,(#1231,#1238),.PCURVE_S1.);
#1227 = LINE('',#1228,#1229);
#1228 = CARTESIAN_POINT('',(46.,-80.,60.));
#1229 = VECTOR('',#1230,1.);
#1230 = DIRECTION('',(1.,0.,-0.));
#1231 = PCURVE('',#156,#1232);
#1232 = DEFINITIONAL_REPRESENTATION('',(#1233),#1237);
#1233 = LINE('',#1234,#1235);
#1234 = CARTESIAN_POINT('',(-0.,0.));
#1235 = VECTOR('',#1236,1.);
#1236 = DIRECTION('',(-0.,1.));
#1237 = ( GEOMETRIC_REPRESENTATION_CONTEXT(2) 
PARAMETRIC_REPRESENTATION_CONTEXT() REPRESENTATION_CONTEXT('2D SPACE',''
  ) );
#1238 = PCURVE('',#1081,#1239);
#1239 = DEFINITIONAL_REPRESENTATION('',(#1240),#1244);
#1240 = LINE('',#1241,#1242);
#1241 = CARTESIAN_POINT('',(-0.,33.));
#1242 = VECTOR('',#1243,1.);
#1243 = DIRECTION('',(-1.,0.));
#1244 = ( GEOMETRIC_REPRESENTATION_CONTEXT(2) 
PARAMETRIC_REPRESENTATION_CONTEXT() REPRESENTATION_CONTEXT('2D SPACE',''
  ) );
#1245 = ORIENTED_EDGE('',*,*,#1246,.F.);
#1246 = EDGE_CURVE('',#1247,#1224,#1249,.T.);
#1247 = VERTEX_POINT('',#1248);
#1248 = CARTESIAN_POINT('',(72.,-80.,30.));
#1249 = SURFACE_CURVE('',#1250,(#1254,#1261),.PCURVE_S1.);
#1250 = LINE('',#1251,#1252);
#1251 = CARTESIAN_POINT('',(72.,-80.,30.));
#1252 = VECTOR('',#1253,1.);
#1253 = DIRECTION('',(0.,0.,1.));
#1254 = PCURVE('',#156,#1255);
#1255 = DEFINITIONAL_REPRESENTATION('',(#1256),#1260);
#1256 = LINE('',#1257,#1258);
#1257 = CARTESIAN_POINT('',(30.,26.));
#1258 = VECTOR('',#1259,1.);
#1259 = DIRECTION('',(-1.,0.));
#1260 = ( GEOMETRIC_REPRESENTATION_CONTEXT(2) 
PARAMETRIC_REPRESENTATION_CONTEXT() REPRESENTATION_CONTEXT('2D SPACE',''
  ) );
#1261 = PCURVE('',#1055,#1262);
#1262 = DEFINITIONAL_REPRESENTATION('',(#1263),#1267);
#1263 = LINE('',#1264,#1265);
#1264 = CARTESIAN_POINT('',(-15.68763412078,-22.18763412078));
#1265 = VECTOR('',#1266,1.);
#1266 = DIRECTION('',(1.,-0.));
#1267 = ( GEOMETRIC_REPRESENTATION_CONTEXT(2) 
PARAMETRIC_REPRESENTATION_CONTEXT() REPRESENTATION_CONTEXT('2D SPACE',''
  ) );
#1268 = ORIENTED_EDGE('',*,*,#1269,.F.);
#1269 = EDGE_CURVE('',#1270,#1247,#1272,.T.);
#1270 = VERTEX_POINT('',#1271);
#1271 = CARTESIAN_POINT('',(48.,-80.,30.));
#1272 = SURFACE_CURVE('',#1273,(#1277,#1284),.PCURVE_S1.);
#1273 = LINE('',#1274,#1275);
#1274 = CARTESIAN_POINT('',(48.,-80.,30.));
#1275 = VECTOR('',#1276,1.);
#1276 = DIRECTION('',(1.,0.,-0.));
#1277 = PCURVE('',#156,#1278);
#1278 = DEFINITIONAL_REPRESENTATION('',(#1279),#1283);
#1279 = LINE('',#1280,#1281);
#1280 = CARTESIAN_POINT('',(30.,2.));
#1281 = VECTOR('',#1282,1.);
#1282 = DIRECTION('',(-0.,1.));
#1283 = ( GEOMETRIC_REPRESENTATION_CONTEXT(2) 
PARAMETRIC_REPRESENTATION_CONTEXT() REPRESENTATION_CONTEXT('2D SPACE',''
  ) );
#1284 = PCURVE('',#1285,#1290);
#1285 = PLANE('',#1286);
#1286 = AXIS2_PLACEMENT_3D('',#1287,#1288,#1289);
#1287 = CARTESIAN_POINT('',(48.,-76.,30.));
#1288 = DIRECTION('',(0.,0.,1.));
#1289 = DIRECTION('',(-1.,0.,0.));
#1290 = DEFINITIONAL_REPRESENTATION('',(#1291),#1295);
#1291 = LINE('',#1292,#1293);
#1292 = CARTESIAN_POINT('',(-0.,4.));
#1293 = VECTOR('',#1294,1.);
#1294 = DIRECTION('',(-1.,0.));
#1295 = ( GEOMETRIC_REPRESENTATION_CONTEXT(2) 
PARAMETRIC_REPRESENTATION_CONTEXT() REPRESENTATION_CONTEXT('2D SPACE',''
  ) );
#1296 = ORIENTED_EDGE('',*,*,#1297,.T.);
#1297 = EDGE_CURVE('',#1270,#1129,#1298,.T.);
#1298 = SURFACE_CURVE('',#1299,(#1303,#1310),.PCURVE_S1.);
#1299 = LINE('',#1300,#1301);
#1300 = CARTESIAN_POINT('',(48.,-80.,30.));
#1301 = VECTOR('',#1302,1.);
#1302 = DIRECTION('',(0.,0.,1.));
#1303 = PCURVE('',#156,#1304);
#1304 = DEFINITIONAL_REPRESENTATION('',(#1305),#1309);
#1305 = LINE('',#1306,#1307);
#1306 = CARTESIAN_POINT('',(30.,2.));
#1307 = VECTOR('',#1308,1.);
#1308 = DIRECTION('',(-1.,0.));
#1309 = ( GEOMETRIC_REPRESENTATION_CONTEXT(2) 
PARAMETRIC_REPRESENTATION_CONTEXT() REPRESENTATION_CONTEXT('2D SPACE',''
  ) );
#1310 = PCURVE('',#561,#1311);
#1311 = DEFINITIONAL_REPRESENTATION('',(#1312),#1316);
#1312 = LINE('',#1313,#1314);
#1313 = CARTESIAN_POINT('',(-15.68763412078,-22.18763412078));
#1314 = VECTOR('',#1315,1.);
#1315 = DIRECTION('',(1.,-0.));
#1316 = ( GEOMETRIC_REPRESENTATION_CONTEXT(2) 
PARAMETRIC_REPRESENTATION_CONTEXT() REPRESENTATION_CONTEXT('2D SPACE',''
  ) );
#1317 = FACE_BOUND('',#1318,.F.);
#1318 = EDGE_LOOP('',(#1319));
#1319 = ORIENTED_EDGE('',*,*,#1320,.F.);
#1320 = EDGE_CURVE('',#1321,#1321,#1323,.T.);
#1321 = VERTEX_POINT('',#1322);
#1322 = CARTESIAN_POINT('',(60.,-80.,44.15));
#1323 = SURFACE_CURVE('',#1324,(#1329,#1340),.PCURVE_S1.);
#1324 = CIRCLE('',#1325,2.15);
#1325 = AXIS2_PLACEMENT_3D('',#1326,#1327,#1328);
#1326 = CARTESIAN_POINT('',(60.,-80.,42.));
#1327 = DIRECTION('',(0.,1.,0.));
#1328 = DIRECTION('',(-0.,-0.,1.));
#1329 = PCURVE('',#156,#1330);
#1330 = DEFINITIONAL_REPRESENTATION('',(#1331),#1339);
#1331 = ( BOUNDED_CURVE() B_SPLINE_CURVE(2,(#1332,#1333,#1334,#1335,
#1336,#1337,#1338),.UNSPECIFIED.,.T.,.F.) B_SPLINE_CURVE_WITH_KNOTS((1,2
    ,2,2,2,1),(-2.094395102393,0.,2.094395102393,4.188790204786,
6.28318530718,8.377580409573),.UNSPECIFIED.) CURVE() 
GEOMETRIC_REPRESENTATION_ITEM() RATIONAL_B_SPLINE_CURVE((1.,0.5,1.,0.5,
1.,0.5,1.)) REPRESENTATION_ITEM('') );
#1332 = CARTESIAN_POINT('',(15.85,14.));
#1333 = CARTESIAN_POINT('',(15.85,17.723909236273));
#1334 = CARTESIAN_POINT('',(19.075,15.861954618137));
#1335 = CARTESIAN_POINT('',(22.3,14.));
#1336 = CARTESIAN_POINT('',(19.075,12.138045381863));
#1337 = CARTESIAN_POINT('',(15.85,10.276090763727));
#1338 = CARTESIAN_POINT('',(15.85,14.));
#1339 = ( GEOMETRIC_REPRESENTATION_CONTEXT(2) 
PARAMETRIC_REPRESENTATION_CONTEXT() REPRESENTATION_CONTEXT('2D SPACE',''
  ) );
#1340 = PCURVE('',#1341,#1346);
#1341 = CYLINDRICAL_SURFACE('',#1342,2.15);
#1342 = AXIS2_PLACEMENT_3D('',#1343,#1344,#1345);
#1343 = CARTESIAN_POINT('',(60.,-45.,42.));
#1344 = DIRECTION('',(-0.,-1.,-0.));
#1345 = DIRECTION('',(-0.,-0.,1.));
#1346 = DEFINITIONAL_REPRESENTATION('',(#1347),#1351);
#1347 = LINE('',#1348,#1349);
#1348 = CARTESIAN_POINT('',(-0.,35.));
#1349 = VECTOR('',#1350,1.);
#1350 = DIRECTION('',(-1.,0.));
#1351 = ( GEOMETRIC_REPRESENTATION_CONTEXT(2) 
PARAMETRIC_REPRESENTATION_CONTEXT() REPRESENTATION_CONTEXT('2D SPACE',''
  ) );
#1352 = ADVANCED_FACE('',(#1353),#182,.T.);
#1353 = FACE_BOUND('',#1354,.F.);
#1354 = EDGE_LOOP('',(#1355,#1356,#1357,#1378));
#1355 = ORIENTED_EDGE('',*,*,#168,.F.);
#1356 = ORIENTED_EDGE('',*,*,#197,.F.);
#1357 = ORIENTED_EDGE('',*,*,#1358,.F.);
#1358 = EDGE_CURVE('',#1178,#198,#1359,.T.);
#1359 = SURFACE_CURVE('',#1360,(#1364,#1371),.PCURVE_S1.);
#1360 = LINE('',#1361,#1362);
#1361 = CARTESIAN_POINT('',(74.,-80.,64.));
#1362 = VECTOR('',#1363,1.);
#1363 = DIRECTION('',(-0.,1.,-0.));
#1364 = PCURVE('',#182,#1365);
#1365 = DEFINITIONAL_REPRESENTATION('',(#1366),#1370);
#1366 = LINE('',#1367,#1368);
#1367 = CARTESIAN_POINT('',(-28.,33.));
#1368 = VECTOR('',#1369,1.);
#1369 = DIRECTION('',(-0.,-1.));
#1370 = ( GEOMETRIC_REPRESENTATION_CONTEXT(2) 
PARAMETRIC_REPRESENTATION_CONTEXT() REPRESENTATION_CONTEXT('2D SPACE',''
  ) );
#1371 = PCURVE('',#236,#1372);
#1372 = DEFINITIONAL_REPRESENTATION('',(#1373),#1377);
#1373 = LINE('',#1374,#1375);
#1374 = CARTESIAN_POINT('',(-48.,-33.));
#1375 = VECTOR('',#1376,1.);
#1376 = DIRECTION('',(-0.,1.));
#1377 = ( GEOMETRIC_REPRESENTATION_CONTEXT(2) 
PARAMETRIC_REPRESENTATION_CONTEXT() REPRESENTATION_CONTEXT('2D SPACE',''
  ) );
#1378 = ORIENTED_EDGE('',*,*,#1177,.F.);
#1379 = ADVANCED_FACE('',(#1380),#236,.T.);
#1380 = FACE_BOUND('',#1381,.F.);
#1381 = EDGE_LOOP('',(#1382,#1383,#1384,#1385,#1406,#1407));
#1382 = ORIENTED_EDGE('',*,*,#220,.F.);
#1383 = ORIENTED_EDGE('',*,*,#450,.T.);
#1384 = ORIENTED_EDGE('',*,*,#497,.T.);
#1385 = ORIENTED_EDGE('',*,*,#1386,.T.);
#1386 = EDGE_CURVE('',#498,#1201,#1387,.T.);
#1387 = SURFACE_CURVE('',#1388,(#1392,#1399),.PCURVE_S1.);
#1388 = LINE('',#1389,#1390);
#1389 = CARTESIAN_POINT('',(74.,-47.,60.));
#1390 = VECTOR('',#1391,1.);
#1391 = DIRECTION('',(0.,-1.,0.));
#1392 = PCURVE('',#236,#1393);
#1393 = DEFINITIONAL_REPRESENTATION('',(#1394),#1398);
#1394 = LINE('',#1395,#1396);
#1395 = CARTESIAN_POINT('',(-44.,0.));
#1396 = VECTOR('',#1397,1.);
#1397 = DIRECTION('',(-0.,-1.));
#1398 = ( GEOMETRIC_REPRESENTATION_CONTEXT(2) 
PARAMETRIC_REPRESENTATION_CONTEXT() REPRESENTATION_CONTEXT('2D SPACE',''
  ) );
#1399 = PCURVE('',#1081,#1400);
#1400 = DEFINITIONAL_REPRESENTATION('',(#1401),#1405);
#1401 = LINE('',#1402,#1403);
#1402 = CARTESIAN_POINT('',(-28.,-0.));
#1403 = VECTOR('',#1404,1.);
#1404 = DIRECTION('',(-0.,1.));
#1405 = ( GEOMETRIC_REPRESENTATION_CONTEXT(2) 
PARAMETRIC_REPRESENTATION_CONTEXT() REPRESENTATION_CONTEXT('2D SPACE',''
  ) );
#1406 = ORIENTED_EDGE('',*,*,#1200,.T.);
#1407 = ORIENTED_EDGE('',*,*,#1358,.T.);
#1408 = ADVANCED_FACE('',(#1409),#293,.F.);
#1409 = FACE_BOUND('',#1410,.T.);
#1410 = EDGE_LOOP('',(#1411,#1446,#1478,#1499,#1500,#1521,#1522,#1523,
    #1524));
#1411 = ORIENTED_EDGE('',*,*,#1412,.F.);
#1412 = EDGE_CURVE('',#1413,#1415,#1417,.T.);
#1413 = VERTEX_POINT('',#1414);
#1414 = CARTESIAN_POINT('',(51.567143233817,-54.,26.181818181818));
#1415 = VERTEX_POINT('',#1416);
#1416 = CARTESIAN_POINT('',(52.,-54.,28.312440474841));
#1417 = SURFACE_CURVE('',#1418,(#1423,#1430),.PCURVE_S1.);
#1418 = CIRCLE('',#1419,1.65);
#1419 = AXIS2_PLACEMENT_3D('',#1420,#1421,#1422);
#1420 = CARTESIAN_POINT('',(53.,-54.,27.));
#1421 = DIRECTION('',(0.,1.,0.));
#1422 = DIRECTION('',(-0.,-0.,1.));
#1423 = PCURVE('',#293,#1424);
#1424 = DEFINITIONAL_REPRESENTATION('',(#1425),#1429);
#1425 = LINE('',#1426,#1427);
#1426 = CARTESIAN_POINT('',(-0.,10.));
#1427 = VECTOR('',#1428,1.);
#1428 = DIRECTION('',(-1.,0.));
#1429 = ( GEOMETRIC_REPRESENTATION_CONTEXT(2) 
PARAMETRIC_REPRESENTATION_CONTEXT() REPRESENTATION_CONTEXT('2D SPACE',''
  ) );
#1430 = PCURVE('',#1431,#1436);
#1431 = PLANE('',#1432);
#1432 = AXIS2_PLACEMENT_3D('',#1433,#1434,#1435);
#1433 = CARTESIAN_POINT('',(53.,-54.,27.));
#1434 = DIRECTION('',(-0.,-1.,-0.));
#1435 = DIRECTION('',(0.,0.,-1.));
#1436 = DEFINITIONAL_REPRESENTATION('',(#1437),#1445);
#1437 = ( BOUNDED_CURVE() B_SPLINE_CURVE(2,(#1438,#1439,#1440,#1441,
#1442,#1443,#1444),.UNSPECIFIED.,.T.,.F.) B_SPLINE_CURVE_WITH_KNOTS((1,2
    ,2,2,2,1),(-2.094395102393,0.,2.094395102393,4.188790204786,
6.28318530718,8.377580409573),.UNSPECIFIED.) CURVE() 
GEOMETRIC_REPRESENTATION_ITEM() RATIONAL_B_SPLINE_CURVE((1.,0.5,1.,0.5,
1.,0.5,1.)) REPRESENTATION_ITEM('') );
#1438 = CARTESIAN_POINT('',(-1.65,0.));
#1439 = CARTESIAN_POINT('',(-1.65,2.857883832489));
#1440 = CARTESIAN_POINT('',(0.825,1.428941916244));
#1441 = CARTESIAN_POINT('',(3.3,4.041334437186E-16));
#1442 = CARTESIAN_POINT('',(0.825,-1.428941916244));
#1443 = CARTESIAN_POINT('',(-1.65,-2.857883832489));
#1444 = CARTESIAN_POINT('',(-1.65,0.));
#1445 = ( GEOMETRIC_REPRESENTATION_CONTEXT(2) 
PARAMETRIC_REPRESENTATION_CONTEXT() REPRESENTATION_CONTEXT('2D SPACE',''
  ) );
#1446 = ORIENTED_EDGE('',*,*,#1447,.F.);
#1447 = EDGE_CURVE('',#1448,#1413,#1450,.T.);
#1448 = VERTEX_POINT('',#1449);
#1449 = CARTESIAN_POINT('',(52.,-53.66019717354,25.687559525159));
#1450 = SURFACE_CURVE('',#1451,(#1456,#1467),.PCURVE_S1.);
#1451 = ELLIPSE('',#1452,2.002325308391,1.65);
#1452 = AXIS2_PLACEMENT_3D('',#1453,#1454,#1455);
#1453 = CARTESIAN_POINT('',(53.,-54.5625,27.));
#1454 = DIRECTION('',(0.,0.824041924199,0.566528822887));
#1455 = DIRECTION('',(-0.,-0.566528822887,0.824041924199));
#1456 = PCURVE('',#293,#1457);
#1457 = DEFINITIONAL_REPRESENTATION('',(#1458),#1466);
#1458 = B_SPLINE_CURVE_WITH_KNOTS('',6,(#1459,#1460,#1461,#1462,#1463,
    #1464,#1465),.UNSPECIFIED.,.F.,.F.,(7,7),(3.51376118755,
    4.193555767434),.PIECEWISE_BEZIER_KNOTS.);
#1459 = CARTESIAN_POINT('',(-3.51376118755,9.50578320226));
#1460 = CARTESIAN_POINT('',(-3.627060284197,9.552519079627));
#1461 = CARTESIAN_POINT('',(-3.740359380845,9.615532591328));
#1462 = CARTESIAN_POINT('',(-3.853658477492,9.693744251426));
#1463 = CARTESIAN_POINT('',(-3.966957574139,9.78544594093));
#1464 = CARTESIAN_POINT('',(-4.080256670786,9.888390864335));
#1465 = CARTESIAN_POINT('',(-4.193555767434,10.0000006));
#1466 = ( GEOMETRIC_REPRESENTATION_CONTEXT(2) 
PARAMETRIC_REPRESENTATION_CONTEXT() REPRESENTATION_CONTEXT('2D SPACE',''
  ) );
#1467 = PCURVE('',#589,#1468);
#1468 = DEFINITIONAL_REPRESENTATION('',(#1469),#1477);
#1469 = ( BOUNDED_CURVE() B_SPLINE_CURVE(2,(#1470,#1471,#1472,#1473,
#1474,#1475,#1476),.UNSPECIFIED.,.T.,.F.) B_SPLINE_CURVE_WITH_KNOTS((1,2
    ,2,2,2,1),(-2.094395102393,0.,2.094395102393,4.188790204786,
6.28318530718,8.377580409573),.UNSPECIFIED.) CURVE() 
GEOMETRIC_REPRESENTATION_ITEM() RATIONAL_B_SPLINE_CURVE((1.,0.5,1.,0.5,
1.,0.5,1.)) REPRESENTATION_ITEM('') );
#1470 = CARTESIAN_POINT('',(-42.89830281917,-5.));
#1471 = CARTESIAN_POINT('',(-42.89830281917,-7.857883832489));
#1472 = CARTESIAN_POINT('',(-45.90179078176,-6.428941916244));
#1473 = CARTESIAN_POINT('',(-48.90527874434,-5.));
#1474 = CARTESIAN_POINT('',(-45.90179078176,-3.571058083756));
#1475 = CARTESIAN_POINT('',(-42.89830281917,-2.142116167511));
#1476 = CARTESIAN_POINT('',(-42.89830281917,-5.));
#1477 = ( GEOMETRIC_REPRESENTATION_CONTEXT(2) 
PARAMETRIC_REPRESENTATION_CONTEXT() REPRESENTATION_CONTEXT('2D SPACE',''
  ) );
#1478 = ORIENTED_EDGE('',*,*,#1479,.F.);
#1479 = EDGE_CURVE('',#602,#1448,#1480,.T.);
#1480 = SURFACE_CURVE('',#1481,(#1485,#1492),.PCURVE_S1.);
#1481 = LINE('',#1482,#1483);
#1482 = CARTESIAN_POINT('',(52.,-44.,25.687559525159));
#1483 = VECTOR('',#1484,1.);
#1484 = DIRECTION('',(-0.,-1.,-0.));
#1485 = PCURVE('',#293,#1486);
#1486 = DEFINITIONAL_REPRESENTATION('',(#1487),#1491);
#1487 = LINE('',#1488,#1489);
#1488 = CARTESIAN_POINT('',(-3.792691238561,0.));
#1489 = VECTOR('',#1490,1.);
#1490 = DIRECTION('',(-0.,1.));
#1491 = ( GEOMETRIC_REPRESENTATION_CONTEXT(2) 
PARAMETRIC_REPRESENTATION_CONTEXT() REPRESENTATION_CONTEXT('2D SPACE',''
  ) );
#1492 = PCURVE('',#617,#1493);
#1493 = DEFINITIONAL_REPRESENTATION('',(#1494),#1498);
#1494 = LINE('',#1495,#1496);
#1495 = CARTESIAN_POINT('',(-20.00007459563,13.812365879211));
#1496 = VECTOR('',#1497,1.);
#1497 = DIRECTION('',(-0.,-1.));
#1498 = ( GEOMETRIC_REPRESENTATION_CONTEXT(2) 
PARAMETRIC_REPRESENTATION_CONTEXT() REPRESENTATION_CONTEXT('2D SPACE',''
  ) );
#1499 = ORIENTED_EDGE('',*,*,#629,.F.);
#1500 = ORIENTED_EDGE('',*,*,#1501,.F.);
#1501 = EDGE_CURVE('',#273,#630,#1502,.T.);
#1502 = SEAM_CURVE('',#1503,(#1507,#1514),.PCURVE_S1.);
#1503 = LINE('',#1504,#1505);
#1504 = CARTESIAN_POINT('',(53.,-44.,28.65));
#1505 = VECTOR('',#1506,1.);
#1506 = DIRECTION('',(-0.,-1.,-0.));
#1507 = PCURVE('',#293,#1508);
#1508 = DEFINITIONAL_REPRESENTATION('',(#1509),#1513);
#1509 = LINE('',#1510,#1511);
#1510 = CARTESIAN_POINT('',(-6.28318530718,-0.));
#1511 = VECTOR('',#1512,1.);
#1512 = DIRECTION('',(-0.,1.));
#1513 = ( GEOMETRIC_REPRESENTATION_CONTEXT(2) 
PARAMETRIC_REPRESENTATION_CONTEXT() REPRESENTATION_CONTEXT('2D SPACE',''
  ) );
#1514 = PCURVE('',#293,#1515);
#1515 = DEFINITIONAL_REPRESENTATION('',(#1516),#1520);
#1516 = LINE('',#1517,#1518);
#1517 = CARTESIAN_POINT('',(-0.,-0.));
#1518 = VECTOR('',#1519,1.);
#1519 = DIRECTION('',(-0.,1.));
#1520 = ( GEOMETRIC_REPRESENTATION_CONTEXT(2) 
PARAMETRIC_REPRESENTATION_CONTEXT() REPRESENTATION_CONTEXT('2D SPACE',''
  ) );
#1521 = ORIENTED_EDGE('',*,*,#272,.T.);
#1522 = ORIENTED_EDGE('',*,*,#1501,.T.);
#1523 = ORIENTED_EDGE('',*,*,#657,.F.);
#1524 = ORIENTED_EDGE('',*,*,#1525,.T.);
#1525 = EDGE_CURVE('',#658,#1415,#1526,.T.);
#1526 = SURFACE_CURVE('',#1527,(#1531,#1538),.PCURVE_S1.);
#1527 = LINE('',#1528,#1529);
#1528 = CARTESIAN_POINT('',(52.,-44.,28.312440474841));
#1529 = VECTOR('',#1530,1.);
#1530 = DIRECTION('',(-0.,-1.,-0.));
#1531 = PCURVE('',#293,#1532);
#1532 = DEFINITIONAL_REPRESENTATION('',(#1533),#1537);
#1533 = LINE('',#1534,#1535);
#1534 = CARTESIAN_POINT('',(-5.632086722208,0.));
#1535 = VECTOR('',#1536,1.);
#1536 = DIRECTION('',(-0.,1.));
#1537 = ( GEOMETRIC_REPRESENTATION_CONTEXT(2) 
PARAMETRIC_REPRESENTATION_CONTEXT() REPRESENTATION_CONTEXT('2D SPACE',''
  ) );
#1538 = PCURVE('',#701,#1539);
#1539 = DEFINITIONAL_REPRESENTATION('',(#1540),#1544);
#1540 = LINE('',#1541,#1542);
#1541 = CARTESIAN_POINT('',(-17.37519364594,13.812365879211));
#1542 = VECTOR('',#1543,1.);
#1543 = DIRECTION('',(-0.,-1.));
#1544 = ( GEOMETRIC_REPRESENTATION_CONTEXT(2) 
PARAMETRIC_REPRESENTATION_CONTEXT() REPRESENTATION_CONTEXT('2D SPACE',''
  ) );
#1545 = ADVANCED_FACE('',(#1546),#328,.F.);
#1546 = FACE_BOUND('',#1547,.T.);
#1547 = EDGE_LOOP('',(#1548,#1583,#1604,#1605,#1626,#1627,#1628,#1629));
#1548 = ORIENTED_EDGE('',*,*,#1549,.F.);
#1549 = EDGE_CURVE('',#1550,#1552,#1554,.T.);
#1550 = VERTEX_POINT('',#1551);
#1551 = CARTESIAN_POINT('',(52.,-54.,56.687559525159));
#1552 = VERTEX_POINT('',#1553);
#1553 = CARTESIAN_POINT('',(52.,-54.,59.312440474841));
#1554 = SURFACE_CURVE('',#1555,(#1560,#1567),.PCURVE_S1.);
#1555 = CIRCLE('',#1556,1.65);
#1556 = AXIS2_PLACEMENT_3D('',#1557,#1558,#1559);
#1557 = CARTESIAN_POINT('',(53.,-54.,58.));
#1558 = DIRECTION('',(0.,1.,0.));
#1559 = DIRECTION('',(-0.,-0.,1.));
#1560 = PCURVE('',#328,#1561);
#1561 = DEFINITIONAL_REPRESENTATION('',(#1562),#1566);
#1562 = LINE('',#1563,#1564);
#1563 = CARTESIAN_POINT('',(-0.,10.));
#1564 = VECTOR('',#1565,1.);
#1565 = DIRECTION('',(-1.,0.));
#1566 = ( GEOMETRIC_REPRESENTATION_CONTEXT(2) 
PARAMETRIC_REPRESENTATION_CONTEXT() REPRESENTATION_CONTEXT('2D SPACE',''
  ) );
#1567 = PCURVE('',#1568,#1573);
#1568 = PLANE('',#1569);
#1569 = AXIS2_PLACEMENT_3D('',#1570,#1571,#1572);
#1570 = CARTESIAN_POINT('',(53.,-54.,58.));
#1571 = DIRECTION('',(-0.,-1.,-0.));
#1572 = DIRECTION('',(0.,0.,-1.));
#1573 = DEFINITIONAL_REPRESENTATION('',(#1574),#1582);
#1574 = ( BOUNDED_CURVE() B_SPLINE_CURVE(2,(#1575,#1576,#1577,#1578,
#1579,#1580,#1581),.UNSPECIFIED.,.T.,.F.) B_SPLINE_CURVE_WITH_KNOTS((1,2
    ,2,2,2,1),(-2.094395102393,0.,2.094395102393,4.188790204786,
6.28318530718,8.377580409573),.UNSPECIFIED.) CURVE() 
GEOMETRIC_REPRESENTATION_ITEM() RATIONAL_B_SPLINE_CURVE((1.,0.5,1.,0.5,
1.,0.5,1.)) REPRESENTATION_ITEM('') );
#1575 = CARTESIAN_POINT('',(-1.65,0.));
#1576 = CARTESIAN_POINT('',(-1.65,2.857883832489));
#1577 = CARTESIAN_POINT('',(0.825,1.428941916244));
#1578 = CARTESIAN_POINT('',(3.3,4.041334437186E-16));
#1579 = CARTESIAN_POINT('',(0.825,-1.428941916244));
#1580 = CARTESIAN_POINT('',(-1.65,-2.857883832489));
#1581 = CARTESIAN_POINT('',(-1.65,0.));
#1582 = ( GEOMETRIC_REPRESENTATION_CONTEXT(2) 
PARAMETRIC_REPRESENTATION_CONTEXT() REPRESENTATION_CONTEXT('2D SPACE',''
  ) );
#1583 = ORIENTED_EDGE('',*,*,#1584,.F.);
#1584 = EDGE_CURVE('',#686,#1550,#1585,.T.);
#1585 = SURFACE_CURVE('',#1586,(#1590,#1597),.PCURVE_S1.);
#1586 = LINE('',#1587,#1588);
#1587 = CARTESIAN_POINT('',(52.,-44.,56.687559525159));
#1588 = VECTOR('',#1589,1.);
#1589 = DIRECTION('',(-0.,-1.,-0.));
#1590 = PCURVE('',#328,#1591);
#1591 = DEFINITIONAL_REPRESENTATION('',(#1592),#1596);
#1592 = LINE('',#1593,#1594);
#1593 = CARTESIAN_POINT('',(-3.792691238561,0.));
#1594 = VECTOR('',#1595,1.);
#1595 = DIRECTION('',(-0.,1.));
#1596 = ( GEOMETRIC_REPRESENTATION_CONTEXT(2) 
PARAMETRIC_REPRESENTATION_CONTEXT() REPRESENTATION_CONTEXT('2D SPACE',''
  ) );
#1597 = PCURVE('',#701,#1598);
#1598 = DEFINITIONAL_REPRESENTATION('',(#1599),#1603);
#1599 = LINE('',#1600,#1601);
#1600 = CARTESIAN_POINT('',(10.99992540437,13.812365879211));
#1601 = VECTOR('',#1602,1.);
#1602 = DIRECTION('',(-0.,-1.));
#1603 = ( GEOMETRIC_REPRESENTATION_CONTEXT(2) 
PARAMETRIC_REPRESENTATION_CONTEXT() REPRESENTATION_CONTEXT('2D SPACE',''
  ) );
#1604 = ORIENTED_EDGE('',*,*,#713,.F.);
#1605 = ORIENTED_EDGE('',*,*,#1606,.F.);
#1606 = EDGE_CURVE('',#308,#714,#1607,.T.);
#1607 = SEAM_CURVE('',#1608,(#1612,#1619),.PCURVE_S1.);
#1608 = LINE('',#1609,#1610);
#1609 = CARTESIAN_POINT('',(53.,-44.,59.65));
#1610 = VECTOR('',#1611,1.);
#1611 = DIRECTION('',(-0.,-1.,-0.));
#1612 = PCURVE('',#328,#1613);
#1613 = DEFINITIONAL_REPRESENTATION('',(#1614),#1618);
#1614 = LINE('',#1615,#1616);
#1615 = CARTESIAN_POINT('',(-6.28318530718,-0.));
#1616 = VECTOR('',#1617,1.);
#1617 = DIRECTION('',(-0.,1.));
#1618 = ( GEOMETRIC_REPRESENTATION_CONTEXT(2) 
PARAMETRIC_REPRESENTATION_CONTEXT() REPRESENTATION_CONTEXT('2D SPACE',''
  ) );
#1619 = PCURVE('',#328,#1620);
#1620 = DEFINITIONAL_REPRESENTATION('',(#1621),#1625);
#1621 = LINE('',#1622,#1623);
#1622 = CARTESIAN_POINT('',(-0.,-0.));
#1623 = VECTOR('',#1624,1.);
#1624 = DIRECTION('',(-0.,1.));
#1625 = ( GEOMETRIC_REPRESENTATION_CONTEXT(2) 
PARAMETRIC_REPRESENTATION_CONTEXT() REPRESENTATION_CONTEXT('2D SPACE',''
  ) );
#1626 = ORIENTED_EDGE('',*,*,#307,.T.);
#1627 = ORIENTED_EDGE('',*,*,#1606,.T.);
#1628 = ORIENTED_EDGE('',*,*,#741,.F.);
#1629 = ORIENTED_EDGE('',*,*,#1630,.T.);
#1630 = EDGE_CURVE('',#742,#1552,#1631,.T.);
#1631 = SURFACE_CURVE('',#1632,(#1636,#1643),.PCURVE_S1.);
#1632 = LINE('',#1633,#1634);
#1633 = CARTESIAN_POINT('',(52.,-44.,59.312440474841));
#1634 = VECTOR('',#1635,1.);
#1635 = DIRECTION('',(-0.,-1.,-0.));
#1636 = PCURVE('',#328,#1637);
#1637 = DEFINITIONAL_REPRESENTATION('',(#1638),#1642);
#1638 = LINE('',#1639,#1640);
#1639 = CARTESIAN_POINT('',(-5.632086722208,0.));
#1640 = VECTOR('',#1641,1.);
#1641 = DIRECTION('',(-0.,1.));
#1642 = ( GEOMETRIC_REPRESENTATION_CONTEXT(2) 
PARAMETRIC_REPRESENTATION_CONTEXT() REPRESENTATION_CONTEXT('2D SPACE',''
  ) );
#1643 = PCURVE('',#701,#1644);
#1644 = DEFINITIONAL_REPRESENTATION('',(#1645),#1649);
#1645 = LINE('',#1646,#1647);
#1646 = CARTESIAN_POINT('',(13.624806354051,13.812365879211));
#1647 = VECTOR('',#1648,1.);
#1648 = DIRECTION('',(-0.,-1.));
#1649 = ( GEOMETRIC_REPRESENTATION_CONTEXT(2) 
PARAMETRIC_REPRESENTATION_CONTEXT() REPRESENTATION_CONTEXT('2D SPACE',''
  ) );
#1650 = ADVANCED_FACE('',(#1651),#363,.F.);
#1651 = FACE_BOUND('',#1652,.T.);
#1652 = EDGE_LOOP('',(#1653,#1654,#1675,#1676));
#1653 = ORIENTED_EDGE('',*,*,#1095,.F.);
#1654 = ORIENTED_EDGE('',*,*,#1655,.F.);
#1655 = EDGE_CURVE('',#343,#1096,#1656,.T.);
#1656 = SEAM_CURVE('',#1657,(#1661,#1668),.PCURVE_S1.);
#1657 = LINE('',#1658,#1659);
#1658 = CARTESIAN_POINT('',(60.,-45.,44.15));
#1659 = VECTOR('',#1660,1.);
#1660 = DIRECTION('',(-0.,-1.,-0.));
#1661 = PCURVE('',#363,#1662);
#1662 = DEFINITIONAL_REPRESENTATION('',(#1663),#1667);
#1663 = LINE('',#1664,#1665);
#1664 = CARTESIAN_POINT('',(-6.28318530718,-0.));
#1665 = VECTOR('',#1666,1.);
#1666 = DIRECTION('',(-0.,1.));
#1667 = ( GEOMETRIC_REPRESENTATION_CONTEXT(2) 
PARAMETRIC_REPRESENTATION_CONTEXT() REPRESENTATION_CONTEXT('2D SPACE',''
  ) );
#1668 = PCURVE('',#363,#1669);
#1669 = DEFINITIONAL_REPRESENTATION('',(#1670),#1674);
#1670 = LINE('',#1671,#1672);
#1671 = CARTESIAN_POINT('',(-0.,-0.));
#1672 = VECTOR('',#1673,1.);
#1673 = DIRECTION('',(-0.,1.));
#1674 = ( GEOMETRIC_REPRESENTATION_CONTEXT(2) 
PARAMETRIC_REPRESENTATION_CONTEXT() REPRESENTATION_CONTEXT('2D SPACE',''
  ) );
#1675 = ORIENTED_EDGE('',*,*,#342,.T.);
#1676 = ORIENTED_EDGE('',*,*,#1655,.T.);
#1677 = ADVANCED_FACE('',(#1678),#398,.F.);
#1678 = FACE_BOUND('',#1679,.T.);
#1679 = EDGE_LOOP('',(#1680,#1715,#1736,#1737,#1758,#1759,#1760,#1761,
    #1784));
#1680 = ORIENTED_EDGE('',*,*,#1681,.F.);
#1681 = EDGE_CURVE('',#1682,#1684,#1686,.T.);
#1682 = VERTEX_POINT('',#1683);
#1683 = CARTESIAN_POINT('',(68.,-54.,28.312440474841));
#1684 = VERTEX_POINT('',#1685);
#1685 = CARTESIAN_POINT('',(68.432856766183,-54.,26.181818181818));
#1686 = SURFACE_CURVE('',#1687,(#1692,#1699),.PCURVE_S1.);
#1687 = CIRCLE('',#1688,1.65);
#1688 = AXIS2_PLACEMENT_3D('',#1689,#1690,#1691);
#1689 = CARTESIAN_POINT('',(67.,-54.,27.));
#1690 = DIRECTION('',(0.,1.,0.));
#1691 = DIRECTION('',(-0.,-0.,1.));
#1692 = PCURVE('',#398,#1693);
#1693 = DEFINITIONAL_REPRESENTATION('',(#1694),#1698);
#1694 = LINE('',#1695,#1696);
#1695 = CARTESIAN_POINT('',(-0.,10.));
#1696 = VECTOR('',#1697,1.);
#1697 = DIRECTION('',(-1.,0.));
#1698 = ( GEOMETRIC_REPRESENTATION_CONTEXT(2) 
PARAMETRIC_REPRESENTATION_CONTEXT() REPRESENTATION_CONTEXT('2D SPACE',''
  ) );
#1699 = PCURVE('',#1700,#1705);
#1700 = PLANE('',#1701);
#1701 = AXIS2_PLACEMENT_3D('',#1702,#1703,#1704);
#1702 = CARTESIAN_POINT('',(67.,-54.,27.));
#1703 = DIRECTION('',(-0.,-1.,-0.));
#1704 = DIRECTION('',(0.,0.,-1.));
#1705 = DEFINITIONAL_REPRESENTATION('',(#1706),#1714);
#1706 = ( BOUNDED_CURVE() B_SPLINE_CURVE(2,(#1707,#1708,#1709,#1710,
#1711,#1712,#1713),.UNSPECIFIED.,.T.,.F.) B_SPLINE_CURVE_WITH_KNOTS((1,2
    ,2,2,2,1),(-2.094395102393,0.,2.094395102393,4.188790204786,
6.28318530718,8.377580409573),.UNSPECIFIED.) CURVE() 
GEOMETRIC_REPRESENTATION_ITEM() RATIONAL_B_SPLINE_CURVE((1.,0.5,1.,0.5,
1.,0.5,1.)) REPRESENTATION_ITEM('') );
#1707 = CARTESIAN_POINT('',(-1.65,0.));
#1708 = CARTESIAN_POINT('',(-1.65,2.857883832489));
#1709 = CARTESIAN_POINT('',(0.825,1.428941916244));
#1710 = CARTESIAN_POINT('',(3.3,4.041334437186E-16));
#1711 = CARTESIAN_POINT('',(0.825,-1.428941916244));
#1712 = CARTESIAN_POINT('',(-1.65,-2.857883832489));
#1713 = CARTESIAN_POINT('',(-1.65,0.));
#1714 = ( GEOMETRIC_REPRESENTATION_CONTEXT(2) 
PARAMETRIC_REPRESENTATION_CONTEXT() REPRESENTATION_CONTEXT('2D SPACE',''
  ) );
#1715 = ORIENTED_EDGE('',*,*,#1716,.F.);
#1716 = EDGE_CURVE('',#905,#1682,#1717,.T.);
#1717 = SURFACE_CURVE('',#1718,(#1722,#1729),.PCURVE_S1.);
#1718 = LINE('',#1719,#1720);
#1719 = CARTESIAN_POINT('',(68.,-44.,28.312440474841));
#1720 = VECTOR('',#1721,1.);
#1721 = DIRECTION('',(-0.,-1.,-0.));
#1722 = PCURVE('',#398,#1723);
#1723 = DEFINITIONAL_REPRESENTATION('',(#1724),#1728);
#1724 = LINE('',#1725,#1726);
#1725 = CARTESIAN_POINT('',(-0.651098584971,0.));
#1726 = VECTOR('',#1727,1.);
#1727 = DIRECTION('',(-0.,1.));
#1728 = ( GEOMETRIC_REPRESENTATION_CONTEXT(2) 
PARAMETRIC_REPRESENTATION_CONTEXT() REPRESENTATION_CONTEXT('2D SPACE',''
  ) );
#1729 = PCURVE('',#836,#1730);
#1730 = DEFINITIONAL_REPRESENTATION('',(#1731),#1735);
#1731 = LINE('',#1732,#1733);
#1732 = CARTESIAN_POINT('',(-17.37519364594,13.812365879211));
#1733 = VECTOR('',#1734,1.);
#1734 = DIRECTION('',(-0.,-1.));
#1735 = ( GEOMETRIC_REPRESENTATION_CONTEXT(2) 
PARAMETRIC_REPRESENTATION_CONTEXT() REPRESENTATION_CONTEXT('2D SPACE',''
  ) );
#1736 = ORIENTED_EDGE('',*,*,#927,.F.);
#1737 = ORIENTED_EDGE('',*,*,#1738,.F.);
#1738 = EDGE_CURVE('',#378,#928,#1739,.T.);
#1739 = SEAM_CURVE('',#1740,(#1744,#1751),.PCURVE_S1.);
#1740 = LINE('',#1741,#1742);
#1741 = CARTESIAN_POINT('',(67.,-44.,28.65));
#1742 = VECTOR('',#1743,1.);
#1743 = DIRECTION('',(-0.,-1.,-0.));
#1744 = PCURVE('',#398,#1745);
#1745 = DEFINITIONAL_REPRESENTATION('',(#1746),#1750);
#1746 = LINE('',#1747,#1748);
#1747 = CARTESIAN_POINT('',(-6.28318530718,-0.));
#1748 = VECTOR('',#1749,1.);
#1749 = DIRECTION('',(-0.,1.));
#1750 = ( GEOMETRIC_REPRESENTATION_CONTEXT(2) 
PARAMETRIC_REPRESENTATION_CONTEXT() REPRESENTATION_CONTEXT('2D SPACE',''
  ) );
#1751 = PCURVE('',#398,#1752);
#1752 = DEFINITIONAL_REPRESENTATION('',(#1753),#1757);
#1753 = LINE('',#1754,#1755);
#1754 = CARTESIAN_POINT('',(-0.,-0.));
#1755 = VECTOR('',#1756,1.);
#1756 = DIRECTION('',(-0.,1.));
#1757 = ( GEOMETRIC_REPRESENTATION_CONTEXT(2) 
PARAMETRIC_REPRESENTATION_CONTEXT() REPRESENTATION_CONTEXT('2D SPACE',''
  ) );
#1758 = ORIENTED_EDGE('',*,*,#377,.T.);
#1759 = ORIENTED_EDGE('',*,*,#1738,.T.);
#1760 = ORIENTED_EDGE('',*,*,#955,.F.);
#1761 = ORIENTED_EDGE('',*,*,#1762,.T.);
#1762 = EDGE_CURVE('',#956,#1763,#1765,.T.);
#1763 = VERTEX_POINT('',#1764);
#1764 = CARTESIAN_POINT('',(68.,-53.66019717354,25.687559525159));
#1765 = SURFACE_CURVE('',#1766,(#1770,#1777),.PCURVE_S1.);
#1766 = LINE('',#1767,#1768);
#1767 = CARTESIAN_POINT('',(68.,-44.,25.687559525159));
#1768 = VECTOR('',#1769,1.);
#1769 = DIRECTION('',(-0.,-1.,-0.));
#1770 = PCURVE('',#398,#1771);
#1771 = DEFINITIONAL_REPRESENTATION('',(#1772),#1776);
#1772 = LINE('',#1773,#1774);
#1773 = CARTESIAN_POINT('',(-2.490494068619,0.));
#1774 = VECTOR('',#1775,1.);
#1775 = DIRECTION('',(-0.,1.));
#1776 = ( GEOMETRIC_REPRESENTATION_CONTEXT(2) 
PARAMETRIC_REPRESENTATION_CONTEXT() REPRESENTATION_CONTEXT('2D SPACE',''
  ) );
#1777 = PCURVE('',#999,#1778);
#1778 = DEFINITIONAL_REPRESENTATION('',(#1779),#1783);
#1779 = LINE('',#1780,#1781);
#1780 = CARTESIAN_POINT('',(-20.00007459563,13.812365879211));
#1781 = VECTOR('',#1782,1.);
#1782 = DIRECTION('',(-0.,-1.));
#1783 = ( GEOMETRIC_REPRESENTATION_CONTEXT(2) 
PARAMETRIC_REPRESENTATION_CONTEXT() REPRESENTATION_CONTEXT('2D SPACE',''
  ) );
#1784 = ORIENTED_EDGE('',*,*,#1785,.F.);
#1785 = EDGE_CURVE('',#1684,#1763,#1786,.T.);
#1786 = SURFACE_CURVE('',#1787,(#1792,#1803),.PCURVE_S1.);
#1787 = ELLIPSE('',#1788,2.002325308391,1.65);
#1788 = AXIS2_PLACEMENT_3D('',#1789,#1790,#1791);
#1789 = CARTESIAN_POINT('',(67.,-54.5625,27.));
#1790 = DIRECTION('',(0.,0.824041924199,0.566528822887));
#1791 = DIRECTION('',(-0.,-0.566528822887,0.824041924199));
#1792 = PCURVE('',#398,#1793);
#1793 = DEFINITIONAL_REPRESENTATION('',(#1794),#1802);
#1794 = B_SPLINE_CURVE_WITH_KNOTS('',6,(#1795,#1796,#1797,#1798,#1799,
    #1800,#1801),.UNSPECIFIED.,.F.,.F.,(7,7),(2.089629539746,
    2.76942411963),.PIECEWISE_BEZIER_KNOTS.);
#1795 = CARTESIAN_POINT('',(-2.089629539746,10.0000006));
#1796 = CARTESIAN_POINT('',(-2.202928636393,9.888390864335));
#1797 = CARTESIAN_POINT('',(-2.31622773304,9.78544594093));
#1798 = CARTESIAN_POINT('',(-2.429526829688,9.693744251426));
#1799 = CARTESIAN_POINT('',(-2.542825926335,9.615532591328));
#1800 = CARTESIAN_POINT('',(-2.656125022982,9.552519079627));
#1801 = CARTESIAN_POINT('',(-2.76942411963,9.50578320226));
#1802 = ( GEOMETRIC_REPRESENTATION_CONTEXT(2) 
PARAMETRIC_REPRESENTATION_CONTEXT() REPRESENTATION_CONTEXT('2D SPACE',''
  ) );
#1803 = PCURVE('',#1027,#1804);
#1804 = DEFINITIONAL_REPRESENTATION('',(#1805),#1813);
#1805 = ( BOUNDED_CURVE() B_SPLINE_CURVE(2,(#1806,#1807,#1808,#1809,
#1810,#1811,#1812),.UNSPECIFIED.,.T.,.F.) B_SPLINE_CURVE_WITH_KNOTS((1,2
    ,2,2,2,1),(-2.094395102393,0.,2.094395102393,4.188790204786,
6.28318530718,8.377580409573),.UNSPECIFIED.) CURVE() 
GEOMETRIC_REPRESENTATION_ITEM() RATIONAL_B_SPLINE_CURVE((1.,0.5,1.,0.5,
1.,0.5,1.)) REPRESENTATION_ITEM('') );
#1806 = CARTESIAN_POINT('',(-42.89830281917,1.));
#1807 = CARTESIAN_POINT('',(-42.89830281917,-1.857883832489));
#1808 = CARTESIAN_POINT('',(-45.90179078176,-0.428941916244));
#1809 = CARTESIAN_POINT('',(-48.90527874434,1.));
#1810 = CARTESIAN_POINT('',(-45.90179078176,2.428941916244));
#1811 = CARTESIAN_POINT('',(-42.89830281917,3.857883832489));
#1812 = CARTESIAN_POINT('',(-42.89830281917,1.));
#1813 = ( GEOMETRIC_REPRESENTATION_CONTEXT(2) 
PARAMETRIC_REPRESENTATION_CONTEXT() REPRESENTATION_CONTEXT('2D SPACE',''
  ) );
#1814 = ADVANCED_FACE('',(#1815),#433,.F.);
#1815 = FACE_BOUND('',#1816,.T.);
#1816 = EDGE_LOOP('',(#1817,#1852,#1873,#1874,#1895,#1896,#1897,#1898));
#1817 = ORIENTED_EDGE('',*,*,#1818,.F.);
#1818 = EDGE_CURVE('',#1819,#1821,#1823,.T.);
#1819 = VERTEX_POINT('',#1820);
#1820 = CARTESIAN_POINT('',(68.,-54.,59.312440474841));
#1821 = VERTEX_POINT('',#1822);
#1822 = CARTESIAN_POINT('',(68.,-54.,56.687559525159));
#1823 = SURFACE_CURVE('',#1824,(#1829,#1836),.PCURVE_S1.);
#1824 = CIRCLE('',#1825,1.65);
#1825 = AXIS2_PLACEMENT_3D('',#1826,#1827,#1828);
#1826 = CARTESIAN_POINT('',(67.,-54.,58.));
#1827 = DIRECTION('',(0.,1.,0.));
#1828 = DIRECTION('',(-0.,-0.,1.));
#1829 = PCURVE('',#433,#1830);
#1830 = DEFINITIONAL_REPRESENTATION('',(#1831),#1835);
#1831 = LINE('',#1832,#1833);
#1832 = CARTESIAN_POINT('',(-0.,10.));
#1833 = VECTOR('',#1834,1.);
#1834 = DIRECTION('',(-1.,0.));
#1835 = ( GEOMETRIC_REPRESENTATION_CONTEXT(2) 
PARAMETRIC_REPRESENTATION_CONTEXT() REPRESENTATION_CONTEXT('2D SPACE',''
  ) );
#1836 = PCURVE('',#1837,#1842);
#1837 = PLANE('',#1838);
#1838 = AXIS2_PLACEMENT_3D('',#1839,#1840,#1841);
#1839 = CARTESIAN_POINT('',(67.,-54.,58.));
#1840 = DIRECTION('',(-0.,-1.,-0.));
#1841 = DIRECTION('',(0.,0.,-1.));
#1842 = DEFINITIONAL_REPRESENTATION('',(#1843),#1851);
#1843 = ( BOUNDED_CURVE() B_SPLINE_CURVE(2,(#1844,#1845,#1846,#1847,
#1848,#1849,#1850),.UNSPECIFIED.,.T.,.F.) B_SPLINE_CURVE_WITH_KNOTS((1,2
    ,2,2,2,1),(-2.094395102393,0.,2.094395102393,4.188790204786,
6.28318530718,8.377580409573),.UNSPECIFIED.) CURVE() 
GEOMETRIC_REPRESENTATION_ITEM() RATIONAL_B_SPLINE_CURVE((1.,0.5,1.,0.5,
1.,0.5,1.)) REPRESENTATION_ITEM('') );
#1844 = CARTESIAN_POINT('',(-1.65,0.));
#1845 = CARTESIAN_POINT('',(-1.65,2.857883832489));
#1846 = CARTESIAN_POINT('',(0.825,1.428941916244));
#1847 = CARTESIAN_POINT('',(3.3,4.041334437186E-16));
#1848 = CARTESIAN_POINT('',(0.825,-1.428941916244));
#1849 = CARTESIAN_POINT('',(-1.65,-2.857883832489));
#1850 = CARTESIAN_POINT('',(-1.65,0.));
#1851 = ( GEOMETRIC_REPRESENTATION_CONTEXT(2) 
PARAMETRIC_REPRESENTATION_CONTEXT() REPRESENTATION_CONTEXT('2D SPACE',''
  ) );
#1852 = ORIENTED_EDGE('',*,*,#1853,.F.);
#1853 = EDGE_CURVE('',#821,#1819,#1854,.T.);
#1854 = SURFACE_CURVE('',#1855,(#1859,#1866),.PCURVE_S1.);
#1855 = LINE('',#1856,#1857);
#1856 = CARTESIAN_POINT('',(68.,-44.,59.312440474841));
#1857 = VECTOR('',#1858,1.);
#1858 = DIRECTION('',(-0.,-1.,-0.));
#1859 = PCURVE('',#433,#1860);
#1860 = DEFINITIONAL_REPRESENTATION('',(#1861),#1865);
#1861 = LINE('',#1862,#1863);
#1862 = CARTESIAN_POINT('',(-0.651098584971,0.));
#1863 = VECTOR('',#1864,1.);
#1864 = DIRECTION('',(-0.,1.));
#1865 = ( GEOMETRIC_REPRESENTATION_CONTEXT(2) 
PARAMETRIC_REPRESENTATION_CONTEXT() REPRESENTATION_CONTEXT('2D SPACE',''
  ) );
#1866 = PCURVE('',#836,#1867);
#1867 = DEFINITIONAL_REPRESENTATION('',(#1868),#1872);
#1868 = LINE('',#1869,#1870);
#1869 = CARTESIAN_POINT('',(13.624806354051,13.812365879211));
#1870 = VECTOR('',#1871,1.);
#1871 = DIRECTION('',(-0.,-1.));
#1872 = ( GEOMETRIC_REPRESENTATION_CONTEXT(2) 
PARAMETRIC_REPRESENTATION_CONTEXT() REPRESENTATION_CONTEXT('2D SPACE',''
  ) );
#1873 = ORIENTED_EDGE('',*,*,#848,.F.);
#1874 = ORIENTED_EDGE('',*,*,#1875,.F.);
#1875 = EDGE_CURVE('',#413,#849,#1876,.T.);
#1876 = SEAM_CURVE('',#1877,(#1881,#1888),.PCURVE_S1.);
#1877 = LINE('',#1878,#1879);
#1878 = CARTESIAN_POINT('',(67.,-44.,59.65));
#1879 = VECTOR('',#1880,1.);
#1880 = DIRECTION('',(-0.,-1.,-0.));
#1881 = PCURVE('',#433,#1882);
#1882 = DEFINITIONAL_REPRESENTATION('',(#1883),#1887);
#1883 = LINE('',#1884,#1885);
#1884 = CARTESIAN_POINT('',(-6.28318530718,-0.));
#1885 = VECTOR('',#1886,1.);
#1886 = DIRECTION('',(-0.,1.));
#1887 = ( GEOMETRIC_REPRESENTATION_CONTEXT(2) 
PARAMETRIC_REPRESENTATION_CONTEXT() REPRESENTATION_CONTEXT('2D SPACE',''
  ) );
#1888 = PCURVE('',#433,#1889);
#1889 = DEFINITIONAL_REPRESENTATION('',(#1890),#1894);
#1890 = LINE('',#1891,#1892);
#1891 = CARTESIAN_POINT('',(-0.,-0.));
#1892 = VECTOR('',#1893,1.);
#1893 = DIRECTION('',(-0.,1.));
#1894 = ( GEOMETRIC_REPRESENTATION_CONTEXT(2) 
PARAMETRIC_REPRESENTATION_CONTEXT() REPRESENTATION_CONTEXT('2D SPACE',''
  ) );
#1895 = ORIENTED_EDGE('',*,*,#412,.T.);
#1896 = ORIENTED_EDGE('',*,*,#1875,.T.);
#1897 = ORIENTED_EDGE('',*,*,#876,.F.);
#1898 = ORIENTED_EDGE('',*,*,#1899,.T.);
#1899 = EDGE_CURVE('',#877,#1821,#1900,.T.);
#1900 = SURFACE_CURVE('',#1901,(#1905,#1912),.PCURVE_S1.);
#1901 = LINE('',#1902,#1903);
#1902 = CARTESIAN_POINT('',(68.,-44.,56.687559525159));
#1903 = VECTOR('',#1904,1.);
#1904 = DIRECTION('',(-0.,-1.,-0.));
#1905 = PCURVE('',#433,#1906);
#1906 = DEFINITIONAL_REPRESENTATION('',(#1907),#1911);
#1907 = LINE('',#1908,#1909);
#1908 = CARTESIAN_POINT('',(-2.490494068619,0.));
#1909 = VECTOR('',#1910,1.);
#1910 = DIRECTION('',(-0.,1.));
#1911 = ( GEOMETRIC_REPRESENTATION_CONTEXT(2) 
PARAMETRIC_REPRESENTATION_CONTEXT() REPRESENTATION_CONTEXT('2D SPACE',''
  ) );
#1912 = PCURVE('',#836,#1913);
#1913 = DEFINITIONAL_REPRESENTATION('',(#1914),#1918);
#1914 = LINE('',#1915,#1916);
#1915 = CARTESIAN_POINT('',(10.99992540437,13.812365879211));
#1916 = VECTOR('',#1917,1.);
#1917 = DIRECTION('',(-0.,-1.));
#1918 = ( GEOMETRIC_REPRESENTATION_CONTEXT(2) 
PARAMETRIC_REPRESENTATION_CONTEXT() REPRESENTATION_CONTEXT('2D SPACE',''
  ) );
#1919 = ADVANCED_FACE('',(#1920),#1081,.F.);
#1920 = FACE_BOUND('',#1921,.T.);
#1921 = EDGE_LOOP('',(#1922,#1923,#1944,#1945));
#1922 = ORIENTED_EDGE('',*,*,#1223,.F.);
#1923 = ORIENTED_EDGE('',*,*,#1924,.F.);
#1924 = EDGE_CURVE('',#1040,#1224,#1925,.T.);
#1925 = SURFACE_CURVE('',#1926,(#1930,#1937),.PCURVE_S1.);
#1926 = LINE('',#1927,#1928);
#1927 = CARTESIAN_POINT('',(72.,-51.,60.));
#1928 = VECTOR('',#1929,1.);
#1929 = DIRECTION('',(-0.,-1.,-0.));
#1930 = PCURVE('',#1081,#1931);
#1931 = DEFINITIONAL_REPRESENTATION('',(#1932),#1936);
#1932 = LINE('',#1933,#1934);
#1933 = CARTESIAN_POINT('',(-26.,4.));
#1934 = VECTOR('',#1935,1.);
#1935 = DIRECTION('',(-0.,1.));
#1936 = ( GEOMETRIC_REPRESENTATION_CONTEXT(2) 
PARAMETRIC_REPRESENTATION_CONTEXT() REPRESENTATION_CONTEXT('2D SPACE',''
  ) );
#1937 = PCURVE('',#1055,#1938);
#1938 = DEFINITIONAL_REPRESENTATION('',(#1939),#1943);
#1939 = LINE('',#1940,#1941);
#1940 = CARTESIAN_POINT('',(14.312365879211,6.812365879211));
#1941 = VECTOR('',#1942,1.);
#1942 = DIRECTION('',(-0.,-1.));
#1943 = ( GEOMETRIC_REPRESENTATION_CONTEXT(2) 
PARAMETRIC_REPRESENTATION_CONTEXT() REPRESENTATION_CONTEXT('2D SPACE',''
  ) );
#1944 = ORIENTED_EDGE('',*,*,#1067,.T.);
#1945 = ORIENTED_EDGE('',*,*,#1386,.T.);
#1946 = ADVANCED_FACE('',(#1947,#2108),#1055,.F.);
#1947 = FACE_BOUND('',#1948,.T.);
#1948 = EDGE_LOOP('',(#1949,#1972,#1973,#1974,#1975,#1998,#2026,#2054,
    #2082));
#1949 = ORIENTED_EDGE('',*,*,#1950,.T.);
#1950 = EDGE_CURVE('',#1951,#1012,#1953,.T.);
#1951 = VERTEX_POINT('',#1952);
#1952 = CARTESIAN_POINT('',(72.,-56.625,30.));
#1953 = SURFACE_CURVE('',#1954,(#1958,#1965),.PCURVE_S1.);
#1954 = LINE('',#1955,#1956);
#1955 = CARTESIAN_POINT('',(72.,-80.,64.));
#1956 = VECTOR('',#1957,1.);
#1957 = DIRECTION('',(0.,0.566528822887,-0.824041924199));
#1958 = PCURVE('',#1055,#1959);
#1959 = DEFINITIONAL_REPRESENTATION('',(#1960),#1964);
#1960 = LINE('',#1961,#1962);
#1961 = CARTESIAN_POINT('',(18.312365879211,-22.18763412078));
#1962 = VECTOR('',#1963,1.);
#1963 = DIRECTION('',(-0.824041924199,0.566528822887));
#1964 = ( GEOMETRIC_REPRESENTATION_CONTEXT(2) 
PARAMETRIC_REPRESENTATION_CONTEXT() REPRESENTATION_CONTEXT('2D SPACE',''
  ) );
#1965 = PCURVE('',#1027,#1966);
#1966 = DEFINITIONAL_REPRESENTATION('',(#1967),#1971);
#1967 = LINE('',#1968,#1969);
#1968 = CARTESIAN_POINT('',(-0.,-4.));
#1969 = VECTOR('',#1970,1.);
#1970 = DIRECTION('',(-1.,0.));
#1971 = ( GEOMETRIC_REPRESENTATION_CONTEXT(2) 
PARAMETRIC_REPRESENTATION_CONTEXT() REPRESENTATION_CONTEXT('2D SPACE',''
  ) );
#1972 = ORIENTED_EDGE('',*,*,#1039,.T.);
#1973 = ORIENTED_EDGE('',*,*,#1924,.T.);
#1974 = ORIENTED_EDGE('',*,*,#1246,.F.);
#1975 = ORIENTED_EDGE('',*,*,#1976,.F.);
#1976 = EDGE_CURVE('',#1977,#1247,#1979,.T.);
#1977 = VERTEX_POINT('',#1978);
#1978 = CARTESIAN_POINT('',(72.,-76.,30.));
#1979 = SURFACE_CURVE('',#1980,(#1984,#1991),.PCURVE_S1.);
#1980 = LINE('',#1981,#1982);
#1981 = CARTESIAN_POINT('',(72.,-76.,30.));
#1982 = VECTOR('',#1983,1.);
#1983 = DIRECTION('',(0.,-1.,0.));
#1984 = PCURVE('',#1055,#1985);
#1985 = DEFINITIONAL_REPRESENTATION('',(#1986),#1990);
#1986 = LINE('',#1987,#1988);
#1987 = CARTESIAN_POINT('',(-15.68763412078,-18.18763412078));
#1988 = VECTOR('',#1989,1.);
#1989 = DIRECTION('',(-0.,-1.));
#1990 = ( GEOMETRIC_REPRESENTATION_CONTEXT(2) 
PARAMETRIC_REPRESENTATION_CONTEXT() REPRESENTATION_CONTEXT('2D SPACE',''
  ) );
#1991 = PCURVE('',#1285,#1992);
#1992 = DEFINITIONAL_REPRESENTATION('',(#1993),#1997);
#1993 = LINE('',#1994,#1995);
#1994 = CARTESIAN_POINT('',(-24.,-0.));
#1995 = VECTOR('',#1996,1.);
#1996 = DIRECTION('',(-0.,1.));
#1997 = ( GEOMETRIC_REPRESENTATION_CONTEXT(2) 
PARAMETRIC_REPRESENTATION_CONTEXT() REPRESENTATION_CONTEXT('2D SPACE',''
  ) );
#1998 = ORIENTED_EDGE('',*,*,#1999,.T.);
#1999 = EDGE_CURVE('',#1977,#2000,#2002,.T.);
#2000 = VERTEX_POINT('',#2001);
#2001 = CARTESIAN_POINT('',(72.,-76.,58.181818181818));
#2002 = SURFACE_CURVE('',#2003,(#2007,#2014),.PCURVE_S1.);
#2003 = LINE('',#2004,#2005);
#2004 = CARTESIAN_POINT('',(72.,-76.,30.));
#2005 = VECTOR('',#2006,1.);
#2006 = DIRECTION('',(0.,0.,1.));
#2007 = PCURVE('',#1055,#2008);
#2008 = DEFINITIONAL_REPRESENTATION('',(#2009),#2013);
#2009 = LINE('',#2010,#2011);
#2010 = CARTESIAN_POINT('',(-15.68763412078,-18.18763412078));
#2011 = VECTOR('',#2012,1.);
#2012 = DIRECTION('',(1.,-0.));
#2013 = ( GEOMETRIC_REPRESENTATION_CONTEXT(2) 
PARAMETRIC_REPRESENTATION_CONTEXT() REPRESENTATION_CONTEXT('2D SPACE',''
  ) );
#2014 = PCURVE('',#2015,#2020);
#2015 = PLANE('',#2016);
#2016 = AXIS2_PLACEMENT_3D('',#2017,#2018,#2019);
#2017 = CARTESIAN_POINT('',(48.,-76.,30.));
#2018 = DIRECTION('',(0.,-1.,0.));
#2019 = DIRECTION('',(0.,0.,-1.));
#2020 = DEFINITIONAL_REPRESENTATION('',(#2021),#2025);
#2021 = LINE('',#2022,#2023);
#2022 = CARTESIAN_POINT('',(-0.,24.));
#2023 = VECTOR('',#2024,1.);
#2024 = DIRECTION('',(-1.,0.));
#2025 = ( GEOMETRIC_REPRESENTATION_CONTEXT(2) 
PARAMETRIC_REPRESENTATION_CONTEXT() REPRESENTATION_CONTEXT('2D SPACE',''
  ) );
#2026 = ORIENTED_EDGE('',*,*,#2027,.T.);
#2027 = EDGE_CURVE('',#2000,#2028,#2030,.T.);
#2028 = VERTEX_POINT('',#2029);
#2029 = CARTESIAN_POINT('',(72.,-60.,34.909090909091));
#2030 = SURFACE_CURVE('',#2031,(#2035,#2042),.PCURVE_S1.);
#2031 = LINE('',#2032,#2033);
#2032 = CARTESIAN_POINT('',(72.,-80.,64.));
#2033 = VECTOR('',#2034,1.);
#2034 = DIRECTION('',(0.,0.566528822887,-0.824041924199));
#2035 = PCURVE('',#1055,#2036);
#2036 = DEFINITIONAL_REPRESENTATION('',(#2037),#2041);
#2037 = LINE('',#2038,#2039);
#2038 = CARTESIAN_POINT('',(18.312365879211,-22.18763412078));
#2039 = VECTOR('',#2040,1.);
#2040 = DIRECTION('',(-0.824041924199,0.566528822887));
#2041 = ( GEOMETRIC_REPRESENTATION_CONTEXT(2) 
PARAMETRIC_REPRESENTATION_CONTEXT() REPRESENTATION_CONTEXT('2D SPACE',''
  ) );
#2042 = PCURVE('',#2043,#2048);
#2043 = PLANE('',#2044);
#2044 = AXIS2_PLACEMENT_3D('',#2045,#2046,#2047);
#2045 = CARTESIAN_POINT('',(68.,-80.,64.));
#2046 = DIRECTION('',(-0.,-0.824041924199,-0.566528822887));
#2047 = DIRECTION('',(-0.,-0.566528822887,0.824041924199));
#2048 = DEFINITIONAL_REPRESENTATION('',(#2049),#2053);
#2049 = LINE('',#2050,#2051);
#2050 = CARTESIAN_POINT('',(-0.,-4.));
#2051 = VECTOR('',#2052,1.);
#2052 = DIRECTION('',(-1.,0.));
#2053 = ( GEOMETRIC_REPRESENTATION_CONTEXT(2) 
PARAMETRIC_REPRESENTATION_CONTEXT() REPRESENTATION_CONTEXT('2D SPACE',''
  ) );
#2054 = ORIENTED_EDGE('',*,*,#2055,.F.);
#2055 = EDGE_CURVE('',#2056,#2028,#2058,.T.);
#2056 = VERTEX_POINT('',#2057);
#2057 = CARTESIAN_POINT('',(72.,-60.,30.));
#2058 = SURFACE_CURVE('',#2059,(#2063,#2070),.PCURVE_S1.);
#2059 = LINE('',#2060,#2061);
#2060 = CARTESIAN_POINT('',(72.,-60.,30.));
#2061 = VECTOR('',#2062,1.);
#2062 = DIRECTION('',(0.,0.,1.));
#2063 = PCURVE('',#1055,#2064);
#2064 = DEFINITIONAL_REPRESENTATION('',(#2065),#2069);
#2065 = LINE('',#2066,#2067);
#2066 = CARTESIAN_POINT('',(-15.68763412078,-2.187634120789));
#2067 = VECTOR('',#2068,1.);
#2068 = DIRECTION('',(1.,-0.));
#2069 = ( GEOMETRIC_REPRESENTATION_CONTEXT(2) 
PARAMETRIC_REPRESENTATION_CONTEXT() REPRESENTATION_CONTEXT('2D SPACE',''
  ) );
#2070 = PCURVE('',#2071,#2076);
#2071 = PLANE('',#2072);
#2072 = AXIS2_PLACEMENT_3D('',#2073,#2074,#2075);
#2073 = CARTESIAN_POINT('',(48.,-60.,30.));
#2074 = DIRECTION('',(-0.,-1.,-0.));
#2075 = DIRECTION('',(0.,0.,-1.));
#2076 = DEFINITIONAL_REPRESENTATION('',(#2077),#2081);
#2077 = LINE('',#2078,#2079);
#2078 = CARTESIAN_POINT('',(-0.,24.));
#2079 = VECTOR('',#2080,1.);
#2080 = DIRECTION('',(-1.,0.));
#2081 = ( GEOMETRIC_REPRESENTATION_CONTEXT(2) 
PARAMETRIC_REPRESENTATION_CONTEXT() REPRESENTATION_CONTEXT('2D SPACE',''
  ) );
#2082 = ORIENTED_EDGE('',*,*,#2083,.F.);
#2083 = EDGE_CURVE('',#1951,#2056,#2084,.T.);
#2084 = SURFACE_CURVE('',#2085,(#2089,#2096),.PCURVE_S1.);
#2085 = LINE('',#2086,#2087);
#2086 = CARTESIAN_POINT('',(72.,-56.,30.));
#2087 = VECTOR('',#2088,1.);
#2088 = DIRECTION('',(0.,-1.,0.));
#2089 = PCURVE('',#1055,#2090);
#2090 = DEFINITIONAL_REPRESENTATION('',(#2091),#2095);
#2091 = LINE('',#2092,#2093);
#2092 = CARTESIAN_POINT('',(-15.68763412078,1.812365879211));
#2093 = VECTOR('',#2094,1.);
#2094 = DIRECTION('',(-0.,-1.));
#2095 = ( GEOMETRIC_REPRESENTATION_CONTEXT(2) 
PARAMETRIC_REPRESENTATION_CONTEXT() REPRESENTATION_CONTEXT('2D SPACE',''
  ) );
#2096 = PCURVE('',#2097,#2102);
#2097 = PLANE('',#2098);
#2098 = AXIS2_PLACEMENT_3D('',#2099,#2100,#2101);
#2099 = CARTESIAN_POINT('',(48.,-56.,30.));
#2100 = DIRECTION('',(0.,0.,1.));
#2101 = DIRECTION('',(-1.,0.,0.));
#2102 = DEFINITIONAL_REPRESENTATION('',(#2103),#2107);
#2103 = LINE('',#2104,#2105);
#2104 = CARTESIAN_POINT('',(-24.,-0.));
#2105 = VECTOR('',#2106,1.);
#2106 = DIRECTION('',(-0.,1.));
#2107 = ( GEOMETRIC_REPRESENTATION_CONTEXT(2) 
PARAMETRIC_REPRESENTATION_CONTEXT() REPRESENTATION_CONTEXT('2D SPACE',''
  ) );
#2108 = FACE_BOUND('',#2109,.T.);
#2109 = EDGE_LOOP('',(#2110,#2140,#2163,#2191));
#2110 = ORIENTED_EDGE('',*,*,#2111,.F.);
#2111 = EDGE_CURVE('',#2112,#2114,#2116,.T.);
#2112 = VERTEX_POINT('',#2113);
#2113 = CARTESIAN_POINT('',(72.,-60.,59.));
#2114 = VERTEX_POINT('',#2115);
#2115 = CARTESIAN_POINT('',(72.,-64.,59.));
#2116 = SURFACE_CURVE('',#2117,(#2121,#2128),.PCURVE_S1.);
#2117 = LINE('',#2118,#2119);
#2118 = CARTESIAN_POINT('',(72.,-58.9061829396,59.));
#2119 = VECTOR('',#2120,1.);
#2120 = DIRECTION('',(-0.,-1.,-0.));
#2121 = PCURVE('',#1055,#2122);
#2122 = DEFINITIONAL_REPRESENTATION('',(#2123),#2127);
#2123 = LINE('',#2124,#2125);
#2124 = CARTESIAN_POINT('',(13.312365879211,-1.093817060395));
#2125 = VECTOR('',#2126,1.);
#2126 = DIRECTION('',(-0.,-1.));
#2127 = ( GEOMETRIC_REPRESENTATION_CONTEXT(2) 
PARAMETRIC_REPRESENTATION_CONTEXT() REPRESENTATION_CONTEXT('2D SPACE',''
  ) );
#2128 = PCURVE('',#2129,#2134);
#2129 = PLANE('',#2130);
#2130 = AXIS2_PLACEMENT_3D('',#2131,#2132,#2133);
#2131 = CARTESIAN_POINT('',(44.,-60.,59.));
#2132 = DIRECTION('',(0.,0.,1.));
#2133 = DIRECTION('',(-1.,0.,0.));
#2134 = DEFINITIONAL_REPRESENTATION('',(#2135),#2139);
#2135 = LINE('',#2136,#2137);
#2136 = CARTESIAN_POINT('',(-28.,-1.093817060395));
#2137 = VECTOR('',#2138,1.);
#2138 = DIRECTION('',(-0.,1.));
#2139 = ( GEOMETRIC_REPRESENTATION_CONTEXT(2) 
PARAMETRIC_REPRESENTATION_CONTEXT() REPRESENTATION_CONTEXT('2D SPACE',''
  ) );
#2140 = ORIENTED_EDGE('',*,*,#2141,.T.);
#2141 = EDGE_CURVE('',#2112,#2142,#2144,.T.);
#2142 = VERTEX_POINT('',#2143);
#2143 = CARTESIAN_POINT('',(72.,-60.,45.));
#2144 = SURFACE_CURVE('',#2145,(#2149,#2156),.PCURVE_S1.);
#2145 = LINE('',#2146,#2147);
#2146 = CARTESIAN_POINT('',(72.,-60.,45.343817060395));
#2147 = VECTOR('',#2148,1.);
#2148 = DIRECTION('',(-0.,-0.,-1.));
#2149 = PCURVE('',#1055,#2150);
#2150 = DEFINITIONAL_REPRESENTATION('',(#2151),#2155);
#2151 = LINE('',#2152,#2153);
#2152 = CARTESIAN_POINT('',(-0.343817060395,-2.187634120789));
#2153 = VECTOR('',#2154,1.);
#2154 = DIRECTION('',(-1.,0.));
#2155 = ( GEOMETRIC_REPRESENTATION_CONTEXT(2) 
PARAMETRIC_REPRESENTATION_CONTEXT() REPRESENTATION_CONTEXT('2D SPACE',''
  ) );
#2156 = PCURVE('',#2071,#2157);
#2157 = DEFINITIONAL_REPRESENTATION('',(#2158),#2162);
#2158 = LINE('',#2159,#2160);
#2159 = CARTESIAN_POINT('',(-15.34381706039,24.));
#2160 = VECTOR('',#2161,1.);
#2161 = DIRECTION('',(1.,-0.));
#2162 = ( GEOMETRIC_REPRESENTATION_CONTEXT(2) 
PARAMETRIC_REPRESENTATION_CONTEXT() REPRESENTATION_CONTEXT('2D SPACE',''
  ) );
#2163 = ORIENTED_EDGE('',*,*,#2164,.T.);
#2164 = EDGE_CURVE('',#2142,#2165,#2167,.T.);
#2165 = VERTEX_POINT('',#2166);
#2166 = CARTESIAN_POINT('',(72.,-64.,45.));
#2167 = SURFACE_CURVE('',#2168,(#2172,#2179),.PCURVE_S1.);
#2168 = LINE('',#2169,#2170);
#2169 = CARTESIAN_POINT('',(72.,-58.9061829396,45.));
#2170 = VECTOR('',#2171,1.);
#2171 = DIRECTION('',(-0.,-1.,-0.));
#2172 = PCURVE('',#1055,#2173);
#2173 = DEFINITIONAL_REPRESENTATION('',(#2174),#2178);
#2174 = LINE('',#2175,#2176);
#2175 = CARTESIAN_POINT('',(-0.687634120789,-1.093817060395));
#2176 = VECTOR('',#2177,1.);
#2177 = DIRECTION('',(-0.,-1.));
#2178 = ( GEOMETRIC_REPRESENTATION_CONTEXT(2) 
PARAMETRIC_REPRESENTATION_CONTEXT() REPRESENTATION_CONTEXT('2D SPACE',''
  ) );
#2179 = PCURVE('',#2180,#2185);
#2180 = PLANE('',#2181);
#2181 = AXIS2_PLACEMENT_3D('',#2182,#2183,#2184);
#2182 = CARTESIAN_POINT('',(44.,-60.,45.));
#2183 = DIRECTION('',(0.,0.,1.));
#2184 = DIRECTION('',(-1.,0.,0.));
#2185 = DEFINITIONAL_REPRESENTATION('',(#2186),#2190);
#2186 = LINE('',#2187,#2188);
#2187 = CARTESIAN_POINT('',(-28.,-1.093817060395));
#2188 = VECTOR('',#2189,1.);
#2189 = DIRECTION('',(-0.,1.));
#2190 = ( GEOMETRIC_REPRESENTATION_CONTEXT(2) 
PARAMETRIC_REPRESENTATION_CONTEXT() REPRESENTATION_CONTEXT('2D SPACE',''
  ) );
#2191 = ORIENTED_EDGE('',*,*,#2192,.F.);
#2192 = EDGE_CURVE('',#2114,#2165,#2193,.T.);
#2193 = SURFACE_CURVE('',#2194,(#2198,#2205),.PCURVE_S1.);
#2194 = LINE('',#2195,#2196);
#2195 = CARTESIAN_POINT('',(72.,-64.,45.343817060395));
#2196 = VECTOR('',#2197,1.);
#2197 = DIRECTION('',(-0.,-0.,-1.));
#2198 = PCURVE('',#1055,#2199);
#2199 = DEFINITIONAL_REPRESENTATION('',(#2200),#2204);
#2200 = LINE('',#2201,#2202);
#2201 = CARTESIAN_POINT('',(-0.343817060395,-6.187634120789));
#2202 = VECTOR('',#2203,1.);
#2203 = DIRECTION('',(-1.,0.));
#2204 = ( GEOMETRIC_REPRESENTATION_CONTEXT(2) 
PARAMETRIC_REPRESENTATION_CONTEXT() REPRESENTATION_CONTEXT('2D SPACE',''
  ) );
#2205 = PCURVE('',#2206,#2211);
#2206 = PLANE('',#2207);
#2207 = AXIS2_PLACEMENT_3D('',#2208,#2209,#2210);
#2208 = CARTESIAN_POINT('',(44.,-64.,45.));
#2209 = DIRECTION('',(0.,-1.,0.));
#2210 = DIRECTION('',(0.,0.,-1.));
#2211 = DEFINITIONAL_REPRESENTATION('',(#2212),#2216);
#2212 = LINE('',#2213,#2214);
#2213 = CARTESIAN_POINT('',(-0.343817060395,28.));
#2214 = VECTOR('',#2215,1.);
#2215 = DIRECTION('',(1.,-0.));
#2216 = ( GEOMETRIC_REPRESENTATION_CONTEXT(2) 
PARAMETRIC_REPRESENTATION_CONTEXT() REPRESENTATION_CONTEXT('2D SPACE',''
  ) );
#2217 = ADVANCED_FACE('',(#2218),#1027,.T.);
#2218 = FACE_BOUND('',#2219,.F.);
#2219 = EDGE_LOOP('',(#2220,#2245,#2266,#2267,#2268,#2289,#2290));
#2220 = ORIENTED_EDGE('',*,*,#2221,.F.);
#2221 = EDGE_CURVE('',#2222,#2224,#2226,.T.);
#2222 = VERTEX_POINT('',#2223);
#2223 = CARTESIAN_POINT('',(68.,-56.625,30.));
#2224 = VERTEX_POINT('',#2225);
#2225 = CARTESIAN_POINT('',(68.,-54.,26.181818181818));
#2226 = SURFACE_CURVE('',#2227,(#2231,#2238),.PCURVE_S1.);
#2227 = LINE('',#2228,#2229);
#2228 = CARTESIAN_POINT('',(68.,-80.,64.));
#2229 = VECTOR('',#2230,1.);
#2230 = DIRECTION('',(0.,0.566528822887,-0.824041924199));
#2231 = PCURVE('',#1027,#2232);
#2232 = DEFINITIONAL_REPRESENTATION('',(#2233),#2237);
#2233 = LINE('',#2234,#2235);
#2234 = CARTESIAN_POINT('',(-0.,-0.));
#2235 = VECTOR('',#2236,1.);
#2236 = DIRECTION('',(-1.,0.));
#2237 = ( GEOMETRIC_REPRESENTATION_CONTEXT(2) 
PARAMETRIC_REPRESENTATION_CONTEXT() REPRESENTATION_CONTEXT('2D SPACE',''
  ) );
#2238 = PCURVE('',#836,#2239);
#2239 = DEFINITIONAL_REPRESENTATION('',(#2240),#2244);
#2240 = LINE('',#2241,#2242);
#2241 = CARTESIAN_POINT('',(18.312365879211,-22.18763412078));
#2242 = VECTOR('',#2243,1.);
#2243 = DIRECTION('',(-0.824041924199,0.566528822887));
#2244 = ( GEOMETRIC_REPRESENTATION_CONTEXT(2) 
PARAMETRIC_REPRESENTATION_CONTEXT() REPRESENTATION_CONTEXT('2D SPACE',''
  ) );
#2245 = ORIENTED_EDGE('',*,*,#2246,.F.);
#2246 = EDGE_CURVE('',#1951,#2222,#2247,.T.);
#2247 = SURFACE_CURVE('',#2248,(#2252,#2259),.PCURVE_S1.);
#2248 = LINE('',#2249,#2250);
#2249 = CARTESIAN_POINT('',(58.,-56.625,30.));
#2250 = VECTOR('',#2251,1.);
#2251 = DIRECTION('',(-1.,-0.,-0.));
#2252 = PCURVE('',#1027,#2253);
#2253 = DEFINITIONAL_REPRESENTATION('',(#2254),#2258);
#2254 = LINE('',#2255,#2256);
#2255 = CARTESIAN_POINT('',(-41.26003665776,10.));
#2256 = VECTOR('',#2257,1.);
#2257 = DIRECTION('',(-0.,1.));
#2258 = ( GEOMETRIC_REPRESENTATION_CONTEXT(2) 
PARAMETRIC_REPRESENTATION_CONTEXT() REPRESENTATION_CONTEXT('2D SPACE',''
  ) );
#2259 = PCURVE('',#2097,#2260);
#2260 = DEFINITIONAL_REPRESENTATION('',(#2261),#2265);
#2261 = LINE('',#2262,#2263);
#2262 = CARTESIAN_POINT('',(-10.,0.625));
#2263 = VECTOR('',#2264,1.);
#2264 = DIRECTION('',(1.,-0.));
#2265 = ( GEOMETRIC_REPRESENTATION_CONTEXT(2) 
PARAMETRIC_REPRESENTATION_CONTEXT() REPRESENTATION_CONTEXT('2D SPACE',''
  ) );
#2266 = ORIENTED_EDGE('',*,*,#1950,.T.);
#2267 = ORIENTED_EDGE('',*,*,#1011,.T.);
#2268 = ORIENTED_EDGE('',*,*,#2269,.F.);
#2269 = EDGE_CURVE('',#1763,#984,#2270,.T.);
#2270 = SURFACE_CURVE('',#2271,(#2275,#2282),.PCURVE_S1.);
#2271 = LINE('',#2272,#2273);
#2272 = CARTESIAN_POINT('',(68.,-80.,64.));
#2273 = VECTOR('',#2274,1.);
#2274 = DIRECTION('',(0.,0.566528822887,-0.824041924199));
#2275 = PCURVE('',#1027,#2276);
#2276 = DEFINITIONAL_REPRESENTATION('',(#2277),#2281);
#2277 = LINE('',#2278,#2279);
#2278 = CARTESIAN_POINT('',(-0.,-0.));
#2279 = VECTOR('',#2280,1.);
#2280 = DIRECTION('',(-1.,0.));
#2281 = ( GEOMETRIC_REPRESENTATION_CONTEXT(2) 
PARAMETRIC_REPRESENTATION_CONTEXT() REPRESENTATION_CONTEXT('2D SPACE',''
  ) );
#2282 = PCURVE('',#999,#2283);
#2283 = DEFINITIONAL_REPRESENTATION('',(#2284),#2288);
#2284 = LINE('',#2285,#2286);
#2285 = CARTESIAN_POINT('',(18.312365879211,-22.18763412078));
#2286 = VECTOR('',#2287,1.);
#2287 = DIRECTION('',(-0.824041924199,0.566528822887));
#2288 = ( GEOMETRIC_REPRESENTATION_CONTEXT(2) 
PARAMETRIC_REPRESENTATION_CONTEXT() REPRESENTATION_CONTEXT('2D SPACE',''
  ) );
#2289 = ORIENTED_EDGE('',*,*,#1785,.F.);
#2290 = ORIENTED_EDGE('',*,*,#2291,.F.);
#2291 = EDGE_CURVE('',#2224,#1684,#2292,.T.);
#2292 = SURFACE_CURVE('',#2293,(#2297,#2304),.PCURVE_S1.);
#2293 = LINE('',#2294,#2295);
#2294 = CARTESIAN_POINT('',(67.5,-54.,26.181818181818));
#2295 = VECTOR('',#2296,1.);
#2296 = DIRECTION('',(1.,-0.,-0.));
#2297 = PCURVE('',#1027,#2298);
#2298 = DEFINITIONAL_REPRESENTATION('',(#2299),#2303);
#2299 = LINE('',#2300,#2301);
#2300 = CARTESIAN_POINT('',(-45.89351671024,0.5));
#2301 = VECTOR('',#2302,1.);
#2302 = DIRECTION('',(-0.,-1.));
#2303 = ( GEOMETRIC_REPRESENTATION_CONTEXT(2) 
PARAMETRIC_REPRESENTATION_CONTEXT() REPRESENTATION_CONTEXT('2D SPACE',''
  ) );
#2304 = PCURVE('',#1700,#2305);
#2305 = DEFINITIONAL_REPRESENTATION('',(#2306),#2310);
#2306 = LINE('',#2307,#2308);
#2307 = CARTESIAN_POINT('',(0.818181818182,0.5));
#2308 = VECTOR('',#2309,1.);
#2309 = DIRECTION('',(-0.,1.));
#2310 = ( GEOMETRIC_REPRESENTATION_CONTEXT(2) 
PARAMETRIC_REPRESENTATION_CONTEXT() REPRESENTATION_CONTEXT('2D SPACE',''
  ) );
#2311 = ADVANCED_FACE('',(#2312),#999,.T.);
#2312 = FACE_BOUND('',#2313,.F.);
#2313 = EDGE_LOOP('',(#2314,#2315,#2316));
#2314 = ORIENTED_EDGE('',*,*,#1762,.T.);
#2315 = ORIENTED_EDGE('',*,*,#2269,.T.);
#2316 = ORIENTED_EDGE('',*,*,#983,.T.);
#2317 = ADVANCED_FACE('',(#2318),#836,.T.);
#2318 = FACE_BOUND('',#2319,.F.);
#2319 = EDGE_LOOP('',(#2320,#2343,#2344,#2365,#2366,#2367,#2368,#2389,
    #2390,#2391,#2414));
#2320 = ORIENTED_EDGE('',*,*,#2321,.F.);
#2321 = EDGE_CURVE('',#2222,#2322,#2324,.T.);
#2322 = VERTEX_POINT('',#2323);
#2323 = CARTESIAN_POINT('',(68.,-56.,30.));
#2324 = SURFACE_CURVE('',#2325,(#2329,#2336),.PCURVE_S1.);
#2325 = LINE('',#2326,#2327);
#2326 = CARTESIAN_POINT('',(68.,-56.9061829396,30.));
#2327 = VECTOR('',#2328,1.);
#2328 = DIRECTION('',(-0.,1.,-0.));
#2329 = PCURVE('',#836,#2330);
#2330 = DEFINITIONAL_REPRESENTATION('',(#2331),#2335);
#2331 = LINE('',#2332,#2333);
#2332 = CARTESIAN_POINT('',(-15.68763412078,0.906182939605));
#2333 = VECTOR('',#2334,1.);
#2334 = DIRECTION('',(0.,1.));
#2335 = ( GEOMETRIC_REPRESENTATION_CONTEXT(2) 
PARAMETRIC_REPRESENTATION_CONTEXT() REPRESENTATION_CONTEXT('2D SPACE',''
  ) );
#2336 = PCURVE('',#2097,#2337);
#2337 = DEFINITIONAL_REPRESENTATION('',(#2338),#2342);
#2338 = LINE('',#2339,#2340);
#2339 = CARTESIAN_POINT('',(-20.,0.906182939605));
#2340 = VECTOR('',#2341,1.);
#2341 = DIRECTION('',(-0.,-1.));
#2342 = ( GEOMETRIC_REPRESENTATION_CONTEXT(2) 
PARAMETRIC_REPRESENTATION_CONTEXT() REPRESENTATION_CONTEXT('2D SPACE',''
  ) );
#2343 = ORIENTED_EDGE('',*,*,#2221,.T.);
#2344 = ORIENTED_EDGE('',*,*,#2345,.F.);
#2345 = EDGE_CURVE('',#1682,#2224,#2346,.T.);
#2346 = SURFACE_CURVE('',#2347,(#2351,#2358),.PCURVE_S1.);
#2347 = LINE('',#2348,#2349);
#2348 = CARTESIAN_POINT('',(68.,-54.,36.343817060395));
#2349 = VECTOR('',#2350,1.);
#2350 = DIRECTION('',(-0.,-0.,-1.));
#2351 = PCURVE('',#836,#2352);
#2352 = DEFINITIONAL_REPRESENTATION('',(#2353),#2357);
#2353 = LINE('',#2354,#2355);
#2354 = CARTESIAN_POINT('',(-9.343817060395,3.812365879211));
#2355 = VECTOR('',#2356,1.);
#2356 = DIRECTION('',(-1.,0.));
#2357 = ( GEOMETRIC_REPRESENTATION_CONTEXT(2) 
PARAMETRIC_REPRESENTATION_CONTEXT() REPRESENTATION_CONTEXT('2D SPACE',''
  ) );
#2358 = PCURVE('',#1700,#2359);
#2359 = DEFINITIONAL_REPRESENTATION('',(#2360),#2364);
#2360 = LINE('',#2361,#2362);
#2361 = CARTESIAN_POINT('',(-9.343817060395,1.));
#2362 = VECTOR('',#2363,1.);
#2363 = DIRECTION('',(1.,-0.));
#2364 = ( GEOMETRIC_REPRESENTATION_CONTEXT(2) 
PARAMETRIC_REPRESENTATION_CONTEXT() REPRESENTATION_CONTEXT('2D SPACE',''
  ) );
#2365 = ORIENTED_EDGE('',*,*,#1716,.F.);
#2366 = ORIENTED_EDGE('',*,*,#904,.T.);
#2367 = ORIENTED_EDGE('',*,*,#1899,.T.);
#2368 = ORIENTED_EDGE('',*,*,#2369,.F.);
#2369 = EDGE_CURVE('',#1819,#1821,#2370,.T.);
#2370 = SURFACE_CURVE('',#2371,(#2375,#2382),.PCURVE_S1.);
#2371 = LINE('',#2372,#2373);
#2372 = CARTESIAN_POINT('',(68.,-54.,51.843817060395));
#2373 = VECTOR('',#2374,1.);
#2374 = DIRECTION('',(-0.,-0.,-1.));
#2375 = PCURVE('',#836,#2376);
#2376 = DEFINITIONAL_REPRESENTATION('',(#2377),#2381);
#2377 = LINE('',#2378,#2379);
#2378 = CARTESIAN_POINT('',(6.156182939605,3.812365879211));
#2379 = VECTOR('',#2380,1.);
#2380 = DIRECTION('',(-1.,0.));
#2381 = ( GEOMETRIC_REPRESENTATION_CONTEXT(2) 
PARAMETRIC_REPRESENTATION_CONTEXT() REPRESENTATION_CONTEXT('2D SPACE',''
  ) );
#2382 = PCURVE('',#1837,#2383);
#2383 = DEFINITIONAL_REPRESENTATION('',(#2384),#2388);
#2384 = LINE('',#2385,#2386);
#2385 = CARTESIAN_POINT('',(6.156182939605,1.));
#2386 = VECTOR('',#2387,1.);
#2387 = DIRECTION('',(1.,-0.));
#2388 = ( GEOMETRIC_REPRESENTATION_CONTEXT(2) 
PARAMETRIC_REPRESENTATION_CONTEXT() REPRESENTATION_CONTEXT('2D SPACE',''
  ) );
#2389 = ORIENTED_EDGE('',*,*,#1853,.F.);
#2390 = ORIENTED_EDGE('',*,*,#820,.T.);
#2391 = ORIENTED_EDGE('',*,*,#2392,.F.);
#2392 = EDGE_CURVE('',#2393,#793,#2395,.T.);
#2393 = VERTEX_POINT('',#2394);
#2394 = CARTESIAN_POINT('',(68.,-56.,60.));
#2395 = SURFACE_CURVE('',#2396,(#2400,#2407),.PCURVE_S1.);
#2396 = LINE('',#2397,#2398);
#2397 = CARTESIAN_POINT('',(68.,-52.4061829396,60.));
#2398 = VECTOR('',#2399,1.);
#2399 = DIRECTION('',(-0.,1.,-0.));
#2400 = PCURVE('',#836,#2401);
#2401 = DEFINITIONAL_REPRESENTATION('',(#2402),#2406);
#2402 = LINE('',#2403,#2404);
#2403 = CARTESIAN_POINT('',(14.312365879211,5.406182939605));
#2404 = VECTOR('',#2405,1.);
#2405 = DIRECTION('',(0.,1.));
#2406 = ( GEOMETRIC_REPRESENTATION_CONTEXT(2) 
PARAMETRIC_REPRESENTATION_CONTEXT() REPRESENTATION_CONTEXT('2D SPACE',''
  ) );
#2407 = PCURVE('',#808,#2408);
#2408 = DEFINITIONAL_REPRESENTATION('',(#2409),#2413);
#2409 = LINE('',#2410,#2411);
#2410 = CARTESIAN_POINT('',(-22.,5.406182939605));
#2411 = VECTOR('',#2412,1.);
#2412 = DIRECTION('',(-0.,-1.));
#2413 = ( GEOMETRIC_REPRESENTATION_CONTEXT(2) 
PARAMETRIC_REPRESENTATION_CONTEXT() REPRESENTATION_CONTEXT('2D SPACE',''
  ) );
#2414 = ORIENTED_EDGE('',*,*,#2415,.F.);
#2415 = EDGE_CURVE('',#2322,#2393,#2416,.T.);
#2416 = SURFACE_CURVE('',#2417,(#2421,#2428),.PCURVE_S1.);
#2417 = LINE('',#2418,#2419);
#2418 = CARTESIAN_POINT('',(68.,-56.,37.843817060395));
#2419 = VECTOR('',#2420,1.);
#2420 = DIRECTION('',(-0.,-0.,1.));
#2421 = PCURVE('',#836,#2422);
#2422 = DEFINITIONAL_REPRESENTATION('',(#2423),#2427);
#2423 = LINE('',#2424,#2425);
#2424 = CARTESIAN_POINT('',(-7.843817060395,1.812365879211));
#2425 = VECTOR('',#2426,1.);
#2426 = DIRECTION('',(1.,-0.));
#2427 = ( GEOMETRIC_REPRESENTATION_CONTEXT(2) 
PARAMETRIC_REPRESENTATION_CONTEXT() REPRESENTATION_CONTEXT('2D SPACE',''
  ) );
#2428 = PCURVE('',#2429,#2434);
#2429 = PLANE('',#2430);
#2430 = AXIS2_PLACEMENT_3D('',#2431,#2432,#2433);
#2431 = CARTESIAN_POINT('',(48.,-56.,30.));
#2432 = DIRECTION('',(0.,-1.,0.));
#2433 = DIRECTION('',(0.,0.,-1.));
#2434 = DEFINITIONAL_REPRESENTATION('',(#2435),#2439);
#2435 = LINE('',#2436,#2437);
#2436 = CARTESIAN_POINT('',(-7.843817060395,20.));
#2437 = VECTOR('',#2438,1.);
#2438 = DIRECTION('',(-1.,0.));
#2439 = ( GEOMETRIC_REPRESENTATION_CONTEXT(2) 
PARAMETRIC_REPRESENTATION_CONTEXT() REPRESENTATION_CONTEXT('2D SPACE',''
  ) );
#2440 = ADVANCED_FACE('',(#2441),#808,.F.);
#2441 = FACE_BOUND('',#2442,.T.);
#2442 = EDGE_LOOP('',(#2443,#2466,#2487,#2488));
#2443 = ORIENTED_EDGE('',*,*,#2444,.T.);
#2444 = EDGE_CURVE('',#2393,#2445,#2447,.T.);
#2445 = VERTEX_POINT('',#2446);
#2446 = CARTESIAN_POINT('',(52.,-56.,60.));
#2447 = SURFACE_CURVE('',#2448,(#2452,#2459),.PCURVE_S1.);
#2448 = LINE('',#2449,#2450);
#2449 = CARTESIAN_POINT('',(47.,-56.,60.));
#2450 = VECTOR('',#2451,1.);
#2451 = DIRECTION('',(-1.,-0.,-0.));
#2452 = PCURVE('',#808,#2453);
#2453 = DEFINITIONAL_REPRESENTATION('',(#2454),#2458);
#2454 = LINE('',#2455,#2456);
#2455 = CARTESIAN_POINT('',(-1.,9.));
#2456 = VECTOR('',#2457,1.);
#2457 = DIRECTION('',(1.,-0.));
#2458 = ( GEOMETRIC_REPRESENTATION_CONTEXT(2) 
PARAMETRIC_REPRESENTATION_CONTEXT() REPRESENTATION_CONTEXT('2D SPACE',''
  ) );
#2459 = PCURVE('',#2429,#2460);
#2460 = DEFINITIONAL_REPRESENTATION('',(#2461),#2465);
#2461 = LINE('',#2462,#2463);
#2462 = CARTESIAN_POINT('',(-30.,-1.));
#2463 = VECTOR('',#2464,1.);
#2464 = DIRECTION('',(-0.,-1.));
#2465 = ( GEOMETRIC_REPRESENTATION_CONTEXT(2) 
PARAMETRIC_REPRESENTATION_CONTEXT() REPRESENTATION_CONTEXT('2D SPACE',''
  ) );
#2466 = ORIENTED_EDGE('',*,*,#2467,.T.);
#2467 = EDGE_CURVE('',#2445,#770,#2468,.T.);
#2468 = SURFACE_CURVE('',#2469,(#2473,#2480),.PCURVE_S1.);
#2469 = LINE('',#2470,#2471);
#2470 = CARTESIAN_POINT('',(52.,-52.4061829396,60.));
#2471 = VECTOR('',#2472,1.);
#2472 = DIRECTION('',(-0.,1.,-0.));
#2473 = PCURVE('',#808,#2474);
#2474 = DEFINITIONAL_REPRESENTATION('',(#2475),#2479);
#2475 = LINE('',#2476,#2477);
#2476 = CARTESIAN_POINT('',(-6.,5.406182939605));
#2477 = VECTOR('',#2478,1.);
#2478 = DIRECTION('',(-0.,-1.));
#2479 = ( GEOMETRIC_REPRESENTATION_CONTEXT(2) 
PARAMETRIC_REPRESENTATION_CONTEXT() REPRESENTATION_CONTEXT('2D SPACE',''
  ) );
#2480 = PCURVE('',#701,#2481);
#2481 = DEFINITIONAL_REPRESENTATION('',(#2482),#2486);
#2482 = LINE('',#2483,#2484);
#2483 = CARTESIAN_POINT('',(14.312365879211,5.406182939605));
#2484 = VECTOR('',#2485,1.);
#2485 = DIRECTION('',(0.,1.));
#2486 = ( GEOMETRIC_REPRESENTATION_CONTEXT(2) 
PARAMETRIC_REPRESENTATION_CONTEXT() REPRESENTATION_CONTEXT('2D SPACE',''
  ) );
#2487 = ORIENTED_EDGE('',*,*,#792,.T.);
#2488 = ORIENTED_EDGE('',*,*,#2392,.F.);
#2489 = ADVANCED_FACE('',(#2490),#701,.F.);
#2490 = FACE_BOUND('',#2491,.T.);
#2491 = EDGE_LOOP('',(#2492,#2517,#2540,#2561,#2562,#2563,#2564,#2585,
    #2586,#2587,#2588));
#2492 = ORIENTED_EDGE('',*,*,#2493,.F.);
#2493 = EDGE_CURVE('',#2494,#2496,#2498,.T.);
#2494 = VERTEX_POINT('',#2495);
#2495 = CARTESIAN_POINT('',(52.,-56.625,30.));
#2496 = VERTEX_POINT('',#2497);
#2497 = CARTESIAN_POINT('',(52.,-56.,30.));
#2498 = SURFACE_CURVE('',#2499,(#2503,#2510),.PCURVE_S1.);
#2499 = LINE('',#2500,#2501);
#2500 = CARTESIAN_POINT('',(52.,-56.9061829396,30.));
#2501 = VECTOR('',#2502,1.);
#2502 = DIRECTION('',(-0.,1.,-0.));
#2503 = PCURVE('',#701,#2504);
#2504 = DEFINITIONAL_REPRESENTATION('',(#2505),#2509);
#2505 = LINE('',#2506,#2507);
#2506 = CARTESIAN_POINT('',(-15.68763412078,0.906182939605));
#2507 = VECTOR('',#2508,1.);
#2508 = DIRECTION('',(0.,1.));
#2509 = ( GEOMETRIC_REPRESENTATION_CONTEXT(2) 
PARAMETRIC_REPRESENTATION_CONTEXT() REPRESENTATION_CONTEXT('2D SPACE',''
  ) );
#2510 = PCURVE('',#2097,#2511);
#2511 = DEFINITIONAL_REPRESENTATION('',(#2512),#2516);
#2512 = LINE('',#2513,#2514);
#2513 = CARTESIAN_POINT('',(-4.,0.906182939605));
#2514 = VECTOR('',#2515,1.);
#2515 = DIRECTION('',(-0.,-1.));
#2516 = ( GEOMETRIC_REPRESENTATION_CONTEXT(2) 
PARAMETRIC_REPRESENTATION_CONTEXT() REPRESENTATION_CONTEXT('2D SPACE',''
  ) );
#2517 = ORIENTED_EDGE('',*,*,#2518,.T.);
#2518 = EDGE_CURVE('',#2494,#2519,#2521,.T.);
#2519 = VERTEX_POINT('',#2520);
#2520 = CARTESIAN_POINT('',(52.,-54.,26.181818181818));
#2521 = SURFACE_CURVE('',#2522,(#2526,#2533),.PCURVE_S1.);
#2522 = LINE('',#2523,#2524);
#2523 = CARTESIAN_POINT('',(52.,-80.,64.));
#2524 = VECTOR('',#2525,1.);
#2525 = DIRECTION('',(0.,0.566528822887,-0.824041924199));
#2526 = PCURVE('',#701,#2527);
#2527 = DEFINITIONAL_REPRESENTATION('',(#2528),#2532);
#2528 = LINE('',#2529,#2530);
#2529 = CARTESIAN_POINT('',(18.312365879211,-22.18763412078));
#2530 = VECTOR('',#2531,1.);
#2531 = DIRECTION('',(-0.824041924199,0.566528822887));
#2532 = ( GEOMETRIC_REPRESENTATION_CONTEXT(2) 
PARAMETRIC_REPRESENTATION_CONTEXT() REPRESENTATION_CONTEXT('2D SPACE',''
  ) );
#2533 = PCURVE('',#589,#2534);
#2534 = DEFINITIONAL_REPRESENTATION('',(#2535),#2539);
#2535 = LINE('',#2536,#2537);
#2536 = CARTESIAN_POINT('',(-0.,-4.));
#2537 = VECTOR('',#2538,1.);
#2538 = DIRECTION('',(-1.,0.));
#2539 = ( GEOMETRIC_REPRESENTATION_CONTEXT(2) 
PARAMETRIC_REPRESENTATION_CONTEXT() REPRESENTATION_CONTEXT('2D SPACE',''
  ) );
#2540 = ORIENTED_EDGE('',*,*,#2541,.F.);
#2541 = EDGE_CURVE('',#1415,#2519,#2542,.T.);
#2542 = SURFACE_CURVE('',#2543,(#2547,#2554),.PCURVE_S1.);
#2543 = LINE('',#2544,#2545);
#2544 = CARTESIAN_POINT('',(52.,-54.,36.343817060395));
#2545 = VECTOR('',#2546,1.);
#2546 = DIRECTION('',(-0.,-0.,-1.));
#2547 = PCURVE('',#701,#2548);
#2548 = DEFINITIONAL_REPRESENTATION('',(#2549),#2553);
#2549 = LINE('',#2550,#2551);
#2550 = CARTESIAN_POINT('',(-9.343817060395,3.812365879211));
#2551 = VECTOR('',#2552,1.);
#2552 = DIRECTION('',(-1.,0.));
#2553 = ( GEOMETRIC_REPRESENTATION_CONTEXT(2) 
PARAMETRIC_REPRESENTATION_CONTEXT() REPRESENTATION_CONTEXT('2D SPACE',''
  ) );
#2554 = PCURVE('',#1431,#2555);
#2555 = DEFINITIONAL_REPRESENTATION('',(#2556),#2560);
#2556 = LINE('',#2557,#2558);
#2557 = CARTESIAN_POINT('',(-9.343817060395,-1.));
#2558 = VECTOR('',#2559,1.);
#2559 = DIRECTION('',(1.,-0.));
#2560 = ( GEOMETRIC_REPRESENTATION_CONTEXT(2) 
PARAMETRIC_REPRESENTATION_CONTEXT() REPRESENTATION_CONTEXT('2D SPACE',''
  ) );
#2561 = ORIENTED_EDGE('',*,*,#1525,.F.);
#2562 = ORIENTED_EDGE('',*,*,#685,.T.);
#2563 = ORIENTED_EDGE('',*,*,#1584,.T.);
#2564 = ORIENTED_EDGE('',*,*,#2565,.F.);
#2565 = EDGE_CURVE('',#1552,#1550,#2566,.T.);
#2566 = SURFACE_CURVE('',#2567,(#2571,#2578),.PCURVE_S1.);
#2567 = LINE('',#2568,#2569);
#2568 = CARTESIAN_POINT('',(52.,-54.,51.843817060395));
#2569 = VECTOR('',#2570,1.);
#2570 = DIRECTION('',(-0.,-0.,-1.));
#2571 = PCURVE('',#701,#2572);
#2572 = DEFINITIONAL_REPRESENTATION('',(#2573),#2577);
#2573 = LINE('',#2574,#2575);
#2574 = CARTESIAN_POINT('',(6.156182939605,3.812365879211));
#2575 = VECTOR('',#2576,1.);
#2576 = DIRECTION('',(-1.,0.));
#2577 = ( GEOMETRIC_REPRESENTATION_CONTEXT(2) 
PARAMETRIC_REPRESENTATION_CONTEXT() REPRESENTATION_CONTEXT('2D SPACE',''
  ) );
#2578 = PCURVE('',#1568,#2579);
#2579 = DEFINITIONAL_REPRESENTATION('',(#2580),#2584);
#2580 = LINE('',#2581,#2582);
#2581 = CARTESIAN_POINT('',(6.156182939605,-1.));
#2582 = VECTOR('',#2583,1.);
#2583 = DIRECTION('',(1.,-0.));
#2584 = ( GEOMETRIC_REPRESENTATION_CONTEXT(2) 
PARAMETRIC_REPRESENTATION_CONTEXT() REPRESENTATION_CONTEXT('2D SPACE',''
  ) );
#2585 = ORIENTED_EDGE('',*,*,#1630,.F.);
#2586 = ORIENTED_EDGE('',*,*,#769,.T.);
#2587 = ORIENTED_EDGE('',*,*,#2467,.F.);
#2588 = ORIENTED_EDGE('',*,*,#2589,.F.);
#2589 = EDGE_CURVE('',#2496,#2445,#2590,.T.);
#2590 = SURFACE_CURVE('',#2591,(#2595,#2602),.PCURVE_S1.);
#2591 = LINE('',#2592,#2593);
#2592 = CARTESIAN_POINT('',(52.,-56.,37.843817060395));
#2593 = VECTOR('',#2594,1.);
#2594 = DIRECTION('',(-0.,-0.,1.));
#2595 = PCURVE('',#701,#2596);
#2596 = DEFINITIONAL_REPRESENTATION('',(#2597),#2601);
#2597 = LINE('',#2598,#2599);
#2598 = CARTESIAN_POINT('',(-7.843817060395,1.812365879211));
#2599 = VECTOR('',#2600,1.);
#2600 = DIRECTION('',(1.,-0.));
#2601 = ( GEOMETRIC_REPRESENTATION_CONTEXT(2) 
PARAMETRIC_REPRESENTATION_CONTEXT() REPRESENTATION_CONTEXT('2D SPACE',''
  ) );
#2602 = PCURVE('',#2429,#2603);
#2603 = DEFINITIONAL_REPRESENTATION('',(#2604),#2608);
#2604 = LINE('',#2605,#2606);
#2605 = CARTESIAN_POINT('',(-7.843817060395,4.));
#2606 = VECTOR('',#2607,1.);
#2607 = DIRECTION('',(-1.,0.));
#2608 = ( GEOMETRIC_REPRESENTATION_CONTEXT(2) 
PARAMETRIC_REPRESENTATION_CONTEXT() REPRESENTATION_CONTEXT('2D SPACE',''
  ) );
#2609 = ADVANCED_FACE('',(#2610),#617,.F.);
#2610 = FACE_BOUND('',#2611,.T.);
#2611 = EDGE_LOOP('',(#2612,#2613,#2634));
#2612 = ORIENTED_EDGE('',*,*,#1479,.T.);
#2613 = ORIENTED_EDGE('',*,*,#2614,.T.);
#2614 = EDGE_CURVE('',#1448,#574,#2615,.T.);
#2615 = SURFACE_CURVE('',#2616,(#2620,#2627),.PCURVE_S1.);
#2616 = LINE('',#2617,#2618);
#2617 = CARTESIAN_POINT('',(52.,-80.,64.));
#2618 = VECTOR('',#2619,1.);
#2619 = DIRECTION('',(0.,0.566528822887,-0.824041924199));
#2620 = PCURVE('',#617,#2621);
#2621 = DEFINITIONAL_REPRESENTATION('',(#2622),#2626);
#2622 = LINE('',#2623,#2624);
#2623 = CARTESIAN_POINT('',(18.312365879211,-22.18763412078));
#2624 = VECTOR('',#2625,1.);
#2625 = DIRECTION('',(-0.824041924199,0.566528822887));
#2626 = ( GEOMETRIC_REPRESENTATION_CONTEXT(2) 
PARAMETRIC_REPRESENTATION_CONTEXT() REPRESENTATION_CONTEXT('2D SPACE',''
  ) );
#2627 = PCURVE('',#589,#2628);
#2628 = DEFINITIONAL_REPRESENTATION('',(#2629),#2633);
#2629 = LINE('',#2630,#2631);
#2630 = CARTESIAN_POINT('',(-0.,-4.));
#2631 = VECTOR('',#2632,1.);
#2632 = DIRECTION('',(-1.,0.));
#2633 = ( GEOMETRIC_REPRESENTATION_CONTEXT(2) 
PARAMETRIC_REPRESENTATION_CONTEXT() REPRESENTATION_CONTEXT('2D SPACE',''
  ) );
#2634 = ORIENTED_EDGE('',*,*,#601,.T.);
#2635 = ADVANCED_FACE('',(#2636),#589,.T.);
#2636 = FACE_BOUND('',#2637,.F.);
#2637 = EDGE_LOOP('',(#2638,#2661,#2662,#2683,#2684,#2685,#2686));
#2638 = ORIENTED_EDGE('',*,*,#2639,.F.);
#2639 = EDGE_CURVE('',#2494,#2640,#2642,.T.);
#2640 = VERTEX_POINT('',#2641);
#2641 = CARTESIAN_POINT('',(48.,-56.625,30.));
#2642 = SURFACE_CURVE('',#2643,(#2647,#2654),.PCURVE_S1.);
#2643 = LINE('',#2644,#2645);
#2644 = CARTESIAN_POINT('',(48.,-56.625,30.));
#2645 = VECTOR('',#2646,1.);
#2646 = DIRECTION('',(-1.,-0.,-0.));
#2647 = PCURVE('',#589,#2648);
#2648 = DEFINITIONAL_REPRESENTATION('',(#2649),#2653);
#2649 = LINE('',#2650,#2651);
#2650 = CARTESIAN_POINT('',(-41.26003665776,0.));
#2651 = VECTOR('',#2652,1.);
#2652 = DIRECTION('',(-0.,1.));
#2653 = ( GEOMETRIC_REPRESENTATION_CONTEXT(2) 
PARAMETRIC_REPRESENTATION_CONTEXT() REPRESENTATION_CONTEXT('2D SPACE',''
  ) );
#2654 = PCURVE('',#2097,#2655);
#2655 = DEFINITIONAL_REPRESENTATION('',(#2656),#2660);
#2656 = LINE('',#2657,#2658);
#2657 = CARTESIAN_POINT('',(-0.,0.625));
#2658 = VECTOR('',#2659,1.);
#2659 = DIRECTION('',(1.,-0.));
#2660 = ( GEOMETRIC_REPRESENTATION_CONTEXT(2) 
PARAMETRIC_REPRESENTATION_CONTEXT() REPRESENTATION_CONTEXT('2D SPACE',''
  ) );
#2661 = ORIENTED_EDGE('',*,*,#2518,.T.);
#2662 = ORIENTED_EDGE('',*,*,#2663,.F.);
#2663 = EDGE_CURVE('',#1413,#2519,#2664,.T.);
#2664 = SURFACE_CURVE('',#2665,(#2669,#2676),.PCURVE_S1.);
#2665 = LINE('',#2666,#2667);
#2666 = CARTESIAN_POINT('',(50.5,-54.,26.181818181818));
#2667 = VECTOR('',#2668,1.);
#2668 = DIRECTION('',(1.,-0.,-0.));
#2669 = PCURVE('',#589,#2670);
#2670 = DEFINITIONAL_REPRESENTATION('',(#2671),#2675);
#2671 = LINE('',#2672,#2673);
#2672 = CARTESIAN_POINT('',(-45.89351671024,-2.5));
#2673 = VECTOR('',#2674,1.);
#2674 = DIRECTION('',(-0.,-1.));
#2675 = ( GEOMETRIC_REPRESENTATION_CONTEXT(2) 
PARAMETRIC_REPRESENTATION_CONTEXT() REPRESENTATION_CONTEXT('2D SPACE',''
  ) );
#2676 = PCURVE('',#1431,#2677);
#2677 = DEFINITIONAL_REPRESENTATION('',(#2678),#2682);
#2678 = LINE('',#2679,#2680);
#2679 = CARTESIAN_POINT('',(0.818181818182,-2.5));
#2680 = VECTOR('',#2681,1.);
#2681 = DIRECTION('',(-0.,1.));
#2682 = ( GEOMETRIC_REPRESENTATION_CONTEXT(2) 
PARAMETRIC_REPRESENTATION_CONTEXT() REPRESENTATION_CONTEXT('2D SPACE',''
  ) );
#2683 = ORIENTED_EDGE('',*,*,#1447,.F.);
#2684 = ORIENTED_EDGE('',*,*,#2614,.T.);
#2685 = ORIENTED_EDGE('',*,*,#573,.T.);
#2686 = ORIENTED_EDGE('',*,*,#2687,.F.);
#2687 = EDGE_CURVE('',#2640,#546,#2688,.T.);
#2688 = SURFACE_CURVE('',#2689,(#2693,#2700),.PCURVE_S1.);
#2689 = LINE('',#2690,#2691);
#2690 = CARTESIAN_POINT('',(48.,-80.,64.));
#2691 = VECTOR('',#2692,1.);
#2692 = DIRECTION('',(0.,0.566528822887,-0.824041924199));
#2693 = PCURVE('',#589,#2694);
#2694 = DEFINITIONAL_REPRESENTATION('',(#2695),#2699);
#2695 = LINE('',#2696,#2697);
#2696 = CARTESIAN_POINT('',(-0.,-0.));
#2697 = VECTOR('',#2698,1.);
#2698 = DIRECTION('',(-1.,0.));
#2699 = ( GEOMETRIC_REPRESENTATION_CONTEXT(2) 
PARAMETRIC_REPRESENTATION_CONTEXT() REPRESENTATION_CONTEXT('2D SPACE',''
  ) );
#2700 = PCURVE('',#561,#2701);
#2701 = DEFINITIONAL_REPRESENTATION('',(#2702),#2706);
#2702 = LINE('',#2703,#2704);
#2703 = CARTESIAN_POINT('',(18.312365879211,-22.18763412078));
#2704 = VECTOR('',#2705,1.);
#2705 = DIRECTION('',(-0.824041924199,0.566528822887));
#2706 = ( GEOMETRIC_REPRESENTATION_CONTEXT(2) 
PARAMETRIC_REPRESENTATION_CONTEXT() REPRESENTATION_CONTEXT('2D SPACE',''
  ) );
#2707 = ADVANCED_FACE('',(#2708,#2832),#561,.T.);
#2708 = FACE_BOUND('',#2709,.F.);
#2709 = EDGE_LOOP('',(#2710,#2711,#2712,#2713,#2714,#2737,#2760,#2788,
    #2811));
#2710 = ORIENTED_EDGE('',*,*,#2687,.T.);
#2711 = ORIENTED_EDGE('',*,*,#545,.T.);
#2712 = ORIENTED_EDGE('',*,*,#1128,.F.);
#2713 = ORIENTED_EDGE('',*,*,#1297,.F.);
#2714 = ORIENTED_EDGE('',*,*,#2715,.F.);
#2715 = EDGE_CURVE('',#2716,#1270,#2718,.T.);
#2716 = VERTEX_POINT('',#2717);
#2717 = CARTESIAN_POINT('',(48.,-76.,30.));
#2718 = SURFACE_CURVE('',#2719,(#2723,#2730),.PCURVE_S1.);
#2719 = LINE('',#2720,#2721);
#2720 = CARTESIAN_POINT('',(48.,-76.,30.));
#2721 = VECTOR('',#2722,1.);
#2722 = DIRECTION('',(0.,-1.,0.));
#2723 = PCURVE('',#561,#2724);
#2724 = DEFINITIONAL_REPRESENTATION('',(#2725),#2729);
#2725 = LINE('',#2726,#2727);
#2726 = CARTESIAN_POINT('',(-15.68763412078,-18.18763412078));
#2727 = VECTOR('',#2728,1.);
#2728 = DIRECTION('',(-0.,-1.));
#2729 = ( GEOMETRIC_REPRESENTATION_CONTEXT(2) 
PARAMETRIC_REPRESENTATION_CONTEXT() REPRESENTATION_CONTEXT('2D SPACE',''
  ) );
#2730 = PCURVE('',#1285,#2731);
#2731 = DEFINITIONAL_REPRESENTATION('',(#2732),#2736);
#2732 = LINE('',#2733,#2734);
#2733 = CARTESIAN_POINT('',(-0.,-0.));
#2734 = VECTOR('',#2735,1.);
#2735 = DIRECTION('',(-0.,1.));
#2736 = ( GEOMETRIC_REPRESENTATION_CONTEXT(2) 
PARAMETRIC_REPRESENTATION_CONTEXT() REPRESENTATION_CONTEXT('2D SPACE',''
  ) );
#2737 = ORIENTED_EDGE('',*,*,#2738,.T.);
#2738 = EDGE_CURVE('',#2716,#2739,#2741,.T.);
#2739 = VERTEX_POINT('',#2740);
#2740 = CARTESIAN_POINT('',(48.,-76.,58.181818181818));
#2741 = SURFACE_CURVE('',#2742,(#2746,#2753),.PCURVE_S1.);
#2742 = LINE('',#2743,#2744);
#2743 = CARTESIAN_POINT('',(48.,-76.,30.));
#2744 = VECTOR('',#2745,1.);
#2745 = DIRECTION('',(0.,0.,1.));
#2746 = PCURVE('',#561,#2747);
#2747 = DEFINITIONAL_REPRESENTATION('',(#2748),#2752);
#2748 = LINE('',#2749,#2750);
#2749 = CARTESIAN_POINT('',(-15.68763412078,-18.18763412078));
#2750 = VECTOR('',#2751,1.);
#2751 = DIRECTION('',(1.,-0.));
#2752 = ( GEOMETRIC_REPRESENTATION_CONTEXT(2) 
PARAMETRIC_REPRESENTATION_CONTEXT() REPRESENTATION_CONTEXT('2D SPACE',''
  ) );
#2753 = PCURVE('',#2015,#2754);
#2754 = DEFINITIONAL_REPRESENTATION('',(#2755),#2759);
#2755 = LINE('',#2756,#2757);
#2756 = CARTESIAN_POINT('',(-0.,0.));
#2757 = VECTOR('',#2758,1.);
#2758 = DIRECTION('',(-1.,0.));
#2759 = ( GEOMETRIC_REPRESENTATION_CONTEXT(2) 
PARAMETRIC_REPRESENTATION_CONTEXT() REPRESENTATION_CONTEXT('2D SPACE',''
  ) );
#2760 = ORIENTED_EDGE('',*,*,#2761,.T.);
#2761 = EDGE_CURVE('',#2739,#2762,#2764,.T.);
#2762 = VERTEX_POINT('',#2763);
#2763 = CARTESIAN_POINT('',(48.,-60.,34.909090909091));
#2764 = SURFACE_CURVE('',#2765,(#2769,#2776),.PCURVE_S1.);
#2765 = LINE('',#2766,#2767);
#2766 = CARTESIAN_POINT('',(48.,-80.,64.));
#2767 = VECTOR('',#2768,1.);
#2768 = DIRECTION('',(0.,0.566528822887,-0.824041924199));
#2769 = PCURVE('',#561,#2770);
#2770 = DEFINITIONAL_REPRESENTATION('',(#2771),#2775);
#2771 = LINE('',#2772,#2773);
#2772 = CARTESIAN_POINT('',(18.312365879211,-22.18763412078));
#2773 = VECTOR('',#2774,1.);
#2774 = DIRECTION('',(-0.824041924199,0.566528822887));
#2775 = ( GEOMETRIC_REPRESENTATION_CONTEXT(2) 
PARAMETRIC_REPRESENTATION_CONTEXT() REPRESENTATION_CONTEXT('2D SPACE',''
  ) );
#2776 = PCURVE('',#2777,#2782);
#2777 = PLANE('',#2778);
#2778 = AXIS2_PLACEMENT_3D('',#2779,#2780,#2781);
#2779 = CARTESIAN_POINT('',(48.,-80.,64.));
#2780 = DIRECTION('',(-0.,-0.824041924199,-0.566528822887));
#2781 = DIRECTION('',(-0.,-0.566528822887,0.824041924199));
#2782 = DEFINITIONAL_REPRESENTATION('',(#2783),#2787);
#2783 = LINE('',#2784,#2785);
#2784 = CARTESIAN_POINT('',(-0.,-0.));
#2785 = VECTOR('',#2786,1.);
#2786 = DIRECTION('',(-1.,0.));
#2787 = ( GEOMETRIC_REPRESENTATION_CONTEXT(2) 
PARAMETRIC_REPRESENTATION_CONTEXT() REPRESENTATION_CONTEXT('2D SPACE',''
  ) );
#2788 = ORIENTED_EDGE('',*,*,#2789,.F.);
#2789 = EDGE_CURVE('',#2790,#2762,#2792,.T.);
#2790 = VERTEX_POINT('',#2791);
#2791 = CARTESIAN_POINT('',(48.,-60.,30.));
#2792 = SURFACE_CURVE('',#2793,(#2797,#2804),.PCURVE_S1.);
#2793 = LINE('',#2794,#2795);
#2794 = CARTESIAN_POINT('',(48.,-60.,30.));
#2795 = VECTOR('',#2796,1.);
#2796 = DIRECTION('',(0.,0.,1.));
#2797 = PCURVE('',#561,#2798);
#2798 = DEFINITIONAL_REPRESENTATION('',(#2799),#2803);
#2799 = LINE('',#2800,#2801);
#2800 = CARTESIAN_POINT('',(-15.68763412078,-2.187634120789));
#2801 = VECTOR('',#2802,1.);
#2802 = DIRECTION('',(1.,-0.));
#2803 = ( GEOMETRIC_REPRESENTATION_CONTEXT(2) 
PARAMETRIC_REPRESENTATION_CONTEXT() REPRESENTATION_CONTEXT('2D SPACE',''
  ) );
#2804 = PCURVE('',#2071,#2805);
#2805 = DEFINITIONAL_REPRESENTATION('',(#2806),#2810);
#2806 = LINE('',#2807,#2808);
#2807 = CARTESIAN_POINT('',(-0.,0.));
#2808 = VECTOR('',#2809,1.);
#2809 = DIRECTION('',(-1.,0.));
#2810 = ( GEOMETRIC_REPRESENTATION_CONTEXT(2) 
PARAMETRIC_REPRESENTATION_CONTEXT() REPRESENTATION_CONTEXT('2D SPACE',''
  ) );
#2811 = ORIENTED_EDGE('',*,*,#2812,.F.);
#2812 = EDGE_CURVE('',#2640,#2790,#2813,.T.);
#2813 = SURFACE_CURVE('',#2814,(#2818,#2825),.PCURVE_S1.);
#2814 = LINE('',#2815,#2816);
#2815 = CARTESIAN_POINT('',(48.,-56.,30.));
#2816 = VECTOR('',#2817,1.);
#2817 = DIRECTION('',(0.,-1.,0.));
#2818 = PCURVE('',#561,#2819);
#2819 = DEFINITIONAL_REPRESENTATION('',(#2820),#2824);
#2820 = LINE('',#2821,#2822);
#2821 = CARTESIAN_POINT('',(-15.68763412078,1.812365879211));
#2822 = VECTOR('',#2823,1.);
#2823 = DIRECTION('',(-0.,-1.));
#2824 = ( GEOMETRIC_REPRESENTATION_CONTEXT(2) 
PARAMETRIC_REPRESENTATION_CONTEXT() REPRESENTATION_CONTEXT('2D SPACE',''
  ) );
#2825 = PCURVE('',#2097,#2826);
#2826 = DEFINITIONAL_REPRESENTATION('',(#2827),#2831);
#2827 = LINE('',#2828,#2829);
#2828 = CARTESIAN_POINT('',(-0.,-0.));
#2829 = VECTOR('',#2830,1.);
#2830 = DIRECTION('',(-0.,1.));
#2831 = ( GEOMETRIC_REPRESENTATION_CONTEXT(2) 
PARAMETRIC_REPRESENTATION_CONTEXT() REPRESENTATION_CONTEXT('2D SPACE',''
  ) );
#2832 = FACE_BOUND('',#2833,.F.);
#2833 = EDGE_LOOP('',(#2834,#2864,#2887,#2915));
#2834 = ORIENTED_EDGE('',*,*,#2835,.F.);
#2835 = EDGE_CURVE('',#2836,#2838,#2840,.T.);
#2836 = VERTEX_POINT('',#2837);
#2837 = CARTESIAN_POINT('',(48.,-60.,59.));
#2838 = VERTEX_POINT('',#2839);
#2839 = CARTESIAN_POINT('',(48.,-64.,59.));
#2840 = SURFACE_CURVE('',#2841,(#2845,#2852),.PCURVE_S1.);
#2841 = LINE('',#2842,#2843);
#2842 = CARTESIAN_POINT('',(48.,-58.9061829396,59.));
#2843 = VECTOR('',#2844,1.);
#2844 = DIRECTION('',(-0.,-1.,-0.));
#2845 = PCURVE('',#561,#2846);
#2846 = DEFINITIONAL_REPRESENTATION('',(#2847),#2851);
#2847 = LINE('',#2848,#2849);
#2848 = CARTESIAN_POINT('',(13.312365879211,-1.093817060395));
#2849 = VECTOR('',#2850,1.);
#2850 = DIRECTION('',(-0.,-1.));
#2851 = ( GEOMETRIC_REPRESENTATION_CONTEXT(2) 
PARAMETRIC_REPRESENTATION_CONTEXT() REPRESENTATION_CONTEXT('2D SPACE',''
  ) );
#2852 = PCURVE('',#2853,#2858);
#2853 = PLANE('',#2854);
#2854 = AXIS2_PLACEMENT_3D('',#2855,#2856,#2857);
#2855 = CARTESIAN_POINT('',(44.,-60.,59.));
#2856 = DIRECTION('',(0.,0.,1.));
#2857 = DIRECTION('',(-1.,0.,0.));
#2858 = DEFINITIONAL_REPRESENTATION('',(#2859),#2863);
#2859 = LINE('',#2860,#2861);
#2860 = CARTESIAN_POINT('',(-4.,-1.093817060395));
#2861 = VECTOR('',#2862,1.);
#2862 = DIRECTION('',(-0.,1.));
#2863 = ( GEOMETRIC_REPRESENTATION_CONTEXT(2) 
PARAMETRIC_REPRESENTATION_CONTEXT() REPRESENTATION_CONTEXT('2D SPACE',''
  ) );
#2864 = ORIENTED_EDGE('',*,*,#2865,.T.);
#2865 = EDGE_CURVE('',#2836,#2866,#2868,.T.);
#2866 = VERTEX_POINT('',#2867);
#2867 = CARTESIAN_POINT('',(48.,-60.,45.));
#2868 = SURFACE_CURVE('',#2869,(#2873,#2880),.PCURVE_S1.);
#2869 = LINE('',#2870,#2871);
#2870 = CARTESIAN_POINT('',(48.,-60.,45.343817060395));
#2871 = VECTOR('',#2872,1.);
#2872 = DIRECTION('',(-0.,-0.,-1.));
#2873 = PCURVE('',#561,#2874);
#2874 = DEFINITIONAL_REPRESENTATION('',(#2875),#2879);
#2875 = LINE('',#2876,#2877);
#2876 = CARTESIAN_POINT('',(-0.343817060395,-2.187634120789));
#2877 = VECTOR('',#2878,1.);
#2878 = DIRECTION('',(-1.,0.));
#2879 = ( GEOMETRIC_REPRESENTATION_CONTEXT(2) 
PARAMETRIC_REPRESENTATION_CONTEXT() REPRESENTATION_CONTEXT('2D SPACE',''
  ) );
#2880 = PCURVE('',#2071,#2881);
#2881 = DEFINITIONAL_REPRESENTATION('',(#2882),#2886);
#2882 = LINE('',#2883,#2884);
#2883 = CARTESIAN_POINT('',(-15.34381706039,0.));
#2884 = VECTOR('',#2885,1.);
#2885 = DIRECTION('',(1.,-0.));
#2886 = ( GEOMETRIC_REPRESENTATION_CONTEXT(2) 
PARAMETRIC_REPRESENTATION_CONTEXT() REPRESENTATION_CONTEXT('2D SPACE',''
  ) );
#2887 = ORIENTED_EDGE('',*,*,#2888,.T.);
#2888 = EDGE_CURVE('',#2866,#2889,#2891,.T.);
#2889 = VERTEX_POINT('',#2890);
#2890 = CARTESIAN_POINT('',(48.,-64.,45.));
#2891 = SURFACE_CURVE('',#2892,(#2896,#2903),.PCURVE_S1.);
#2892 = LINE('',#2893,#2894);
#2893 = CARTESIAN_POINT('',(48.,-58.9061829396,45.));
#2894 = VECTOR('',#2895,1.);
#2895 = DIRECTION('',(-0.,-1.,-0.));
#2896 = PCURVE('',#561,#2897);
#2897 = DEFINITIONAL_REPRESENTATION('',(#2898),#2902);
#2898 = LINE('',#2899,#2900);
#2899 = CARTESIAN_POINT('',(-0.687634120789,-1.093817060395));
#2900 = VECTOR('',#2901,1.);
#2901 = DIRECTION('',(-0.,-1.));
#2902 = ( GEOMETRIC_REPRESENTATION_CONTEXT(2) 
PARAMETRIC_REPRESENTATION_CONTEXT() REPRESENTATION_CONTEXT('2D SPACE',''
  ) );
#2903 = PCURVE('',#2904,#2909);
#2904 = PLANE('',#2905);
#2905 = AXIS2_PLACEMENT_3D('',#2906,#2907,#2908);
#2906 = CARTESIAN_POINT('',(44.,-60.,45.));
#2907 = DIRECTION('',(0.,0.,1.));
#2908 = DIRECTION('',(-1.,0.,0.));
#2909 = DEFINITIONAL_REPRESENTATION('',(#2910),#2914);
#2910 = LINE('',#2911,#2912);
#2911 = CARTESIAN_POINT('',(-4.,-1.093817060395));
#2912 = VECTOR('',#2913,1.);
#2913 = DIRECTION('',(-0.,1.));
#2914 = ( GEOMETRIC_REPRESENTATION_CONTEXT(2) 
PARAMETRIC_REPRESENTATION_CONTEXT() REPRESENTATION_CONTEXT('2D SPACE',''
  ) );
#2915 = ORIENTED_EDGE('',*,*,#2916,.F.);
#2916 = EDGE_CURVE('',#2838,#2889,#2917,.T.);
#2917 = SURFACE_CURVE('',#2918,(#2922,#2929),.PCURVE_S1.);
#2918 = LINE('',#2919,#2920);
#2919 = CARTESIAN_POINT('',(48.,-64.,45.343817060395));
#2920 = VECTOR('',#2921,1.);
#2921 = DIRECTION('',(-0.,-0.,-1.));
#2922 = PCURVE('',#561,#2923);
#2923 = DEFINITIONAL_REPRESENTATION('',(#2924),#2928);
#2924 = LINE('',#2925,#2926);
#2925 = CARTESIAN_POINT('',(-0.343817060395,-6.187634120789));
#2926 = VECTOR('',#2927,1.);
#2927 = DIRECTION('',(-1.,0.));
#2928 = ( GEOMETRIC_REPRESENTATION_CONTEXT(2) 
PARAMETRIC_REPRESENTATION_CONTEXT() REPRESENTATION_CONTEXT('2D SPACE',''
  ) );
#2929 = PCURVE('',#2930,#2935);
#2930 = PLANE('',#2931);
#2931 = AXIS2_PLACEMENT_3D('',#2932,#2933,#2934);
#2932 = CARTESIAN_POINT('',(44.,-64.,45.));
#2933 = DIRECTION('',(0.,-1.,0.));
#2934 = DIRECTION('',(0.,0.,-1.));
#2935 = DEFINITIONAL_REPRESENTATION('',(#2936),#2940);
#2936 = LINE('',#2937,#2938);
#2937 = CARTESIAN_POINT('',(-0.343817060395,4.));
#2938 = VECTOR('',#2939,1.);
#2939 = DIRECTION('',(1.,-0.));
#2940 = ( GEOMETRIC_REPRESENTATION_CONTEXT(2) 
PARAMETRIC_REPRESENTATION_CONTEXT() REPRESENTATION_CONTEXT('2D SPACE',''
  ) );
#2941 = ADVANCED_FACE('',(#2942),#1285,.F.);
#2942 = FACE_BOUND('',#2943,.T.);
#2943 = EDGE_LOOP('',(#2944,#2945,#2966,#2967));
#2944 = ORIENTED_EDGE('',*,*,#2715,.F.);
#2945 = ORIENTED_EDGE('',*,*,#2946,.T.);
#2946 = EDGE_CURVE('',#2716,#1977,#2947,.T.);
#2947 = SURFACE_CURVE('',#2948,(#2952,#2959),.PCURVE_S1.);
#2948 = LINE('',#2949,#2950);
#2949 = CARTESIAN_POINT('',(48.,-76.,30.));
#2950 = VECTOR('',#2951,1.);
#2951 = DIRECTION('',(1.,0.,-0.));
#2952 = PCURVE('',#1285,#2953);
#2953 = DEFINITIONAL_REPRESENTATION('',(#2954),#2958);
#2954 = LINE('',#2955,#2956);
#2955 = CARTESIAN_POINT('',(-0.,-0.));
#2956 = VECTOR('',#2957,1.);
#2957 = DIRECTION('',(-1.,0.));
#2958 = ( GEOMETRIC_REPRESENTATION_CONTEXT(2) 
PARAMETRIC_REPRESENTATION_CONTEXT() REPRESENTATION_CONTEXT('2D SPACE',''
  ) );
#2959 = PCURVE('',#2015,#2960);
#2960 = DEFINITIONAL_REPRESENTATION('',(#2961),#2965);
#2961 = LINE('',#2962,#2963);
#2962 = CARTESIAN_POINT('',(-0.,0.));
#2963 = VECTOR('',#2964,1.);
#2964 = DIRECTION('',(-0.,1.));
#2965 = ( GEOMETRIC_REPRESENTATION_CONTEXT(2) 
PARAMETRIC_REPRESENTATION_CONTEXT() REPRESENTATION_CONTEXT('2D SPACE',''
  ) );
#2966 = ORIENTED_EDGE('',*,*,#1976,.T.);
#2967 = ORIENTED_EDGE('',*,*,#1269,.F.);
#2968 = ADVANCED_FACE('',(#2969),#1341,.F.);
#2969 = FACE_BOUND('',#2970,.T.);
#2970 = EDGE_LOOP('',(#2971,#2972,#2995,#3021));
#2971 = ORIENTED_EDGE('',*,*,#1320,.F.);
#2972 = ORIENTED_EDGE('',*,*,#2973,.F.);
#2973 = EDGE_CURVE('',#2974,#1321,#2976,.T.);
#2974 = VERTEX_POINT('',#2975);
#2975 = CARTESIAN_POINT('',(60.,-76.,44.15));
#2976 = SEAM_CURVE('',#2977,(#2981,#2988),.PCURVE_S1.);
#2977 = LINE('',#2978,#2979);
#2978 = CARTESIAN_POINT('',(60.,-45.,44.15));
#2979 = VECTOR('',#2980,1.);
#2980 = DIRECTION('',(-0.,-1.,-0.));
#2981 = PCURVE('',#1341,#2982);
#2982 = DEFINITIONAL_REPRESENTATION('',(#2983),#2987);
#2983 = LINE('',#2984,#2985);
#2984 = CARTESIAN_POINT('',(-6.28318530718,-0.));
#2985 = VECTOR('',#2986,1.);
#2986 = DIRECTION('',(-0.,1.));
#2987 = ( GEOMETRIC_REPRESENTATION_CONTEXT(2) 
PARAMETRIC_REPRESENTATION_CONTEXT() REPRESENTATION_CONTEXT('2D SPACE',''
  ) );
#2988 = PCURVE('',#1341,#2989);
#2989 = DEFINITIONAL_REPRESENTATION('',(#2990),#2994);
#2990 = LINE('',#2991,#2992);
#2991 = CARTESIAN_POINT('',(-0.,-0.));
#2992 = VECTOR('',#2993,1.);
#2993 = DIRECTION('',(-0.,1.));
#2994 = ( GEOMETRIC_REPRESENTATION_CONTEXT(2) 
PARAMETRIC_REPRESENTATION_CONTEXT() REPRESENTATION_CONTEXT('2D SPACE',''
  ) );
#2995 = ORIENTED_EDGE('',*,*,#2996,.T.);
#2996 = EDGE_CURVE('',#2974,#2974,#2997,.T.);
#2997 = SURFACE_CURVE('',#2998,(#3003,#3010),.PCURVE_S1.);
#2998 = CIRCLE('',#2999,2.15);
#2999 = AXIS2_PLACEMENT_3D('',#3000,#3001,#3002);
#3000 = CARTESIAN_POINT('',(60.,-76.,42.));
#3001 = DIRECTION('',(0.,1.,0.));
#3002 = DIRECTION('',(-0.,-0.,1.));
#3003 = PCURVE('',#1341,#3004);
#3004 = DEFINITIONAL_REPRESENTATION('',(#3005),#3009);
#3005 = LINE('',#3006,#3007);
#3006 = CARTESIAN_POINT('',(-0.,31.));
#3007 = VECTOR('',#3008,1.);
#3008 = DIRECTION('',(-1.,0.));
#3009 = ( GEOMETRIC_REPRESENTATION_CONTEXT(2) 
PARAMETRIC_REPRESENTATION_CONTEXT() REPRESENTATION_CONTEXT('2D SPACE',''
  ) );
#3010 = PCURVE('',#2015,#3011);
#3011 = DEFINITIONAL_REPRESENTATION('',(#3012),#3020);
#3012 = ( BOUNDED_CURVE() B_SPLINE_CURVE(2,(#3013,#3014,#3015,#3016,
#3017,#3018,#3019),.UNSPECIFIED.,.T.,.F.) B_SPLINE_CURVE_WITH_KNOTS((1,2
    ,2,2,2,1),(-2.094395102393,0.,2.094395102393,4.188790204786,
6.28318530718,8.377580409573),.UNSPECIFIED.) CURVE() 
GEOMETRIC_REPRESENTATION_ITEM() RATIONAL_B_SPLINE_CURVE((1.,0.5,1.,0.5,
1.,0.5,1.)) REPRESENTATION_ITEM('') );
#3013 = CARTESIAN_POINT('',(-14.15,12.));
#3014 = CARTESIAN_POINT('',(-14.15,15.723909236273));
#3015 = CARTESIAN_POINT('',(-10.925,13.861954618137));
#3016 = CARTESIAN_POINT('',(-7.7,12.));
#3017 = CARTESIAN_POINT('',(-10.925,10.138045381863));
#3018 = CARTESIAN_POINT('',(-14.15,8.276090763727));
#3019 = CARTESIAN_POINT('',(-14.15,12.));
#3020 = ( GEOMETRIC_REPRESENTATION_CONTEXT(2) 
PARAMETRIC_REPRESENTATION_CONTEXT() REPRESENTATION_CONTEXT('2D SPACE',''
  ) );
#3021 = ORIENTED_EDGE('',*,*,#2973,.T.);
#3022 = ADVANCED_FACE('',(#3023),#1431,.F.);
#3023 = FACE_BOUND('',#3024,.T.);
#3024 = EDGE_LOOP('',(#3025,#3026,#3027));
#3025 = ORIENTED_EDGE('',*,*,#2663,.F.);
#3026 = ORIENTED_EDGE('',*,*,#1412,.T.);
#3027 = ORIENTED_EDGE('',*,*,#2541,.T.);
#3028 = ADVANCED_FACE('',(#3029),#1568,.F.);
#3029 = FACE_BOUND('',#3030,.T.);
#3030 = EDGE_LOOP('',(#3031,#3032));
#3031 = ORIENTED_EDGE('',*,*,#2565,.T.);
#3032 = ORIENTED_EDGE('',*,*,#1549,.T.);
#3033 = ADVANCED_FACE('',(#3034),#1700,.F.);
#3034 = FACE_BOUND('',#3035,.T.);
#3035 = EDGE_LOOP('',(#3036,#3037,#3038));
#3036 = ORIENTED_EDGE('',*,*,#2345,.F.);
#3037 = ORIENTED_EDGE('',*,*,#1681,.T.);
#3038 = ORIENTED_EDGE('',*,*,#2291,.F.);
#3039 = ADVANCED_FACE('',(#3040),#1837,.F.);
#3040 = FACE_BOUND('',#3041,.T.);
#3041 = EDGE_LOOP('',(#3042,#3043));
#3042 = ORIENTED_EDGE('',*,*,#2369,.F.);
#3043 = ORIENTED_EDGE('',*,*,#1818,.T.);
#3044 = ADVANCED_FACE('',(#3045),#2097,.F.);
#3045 = FACE_BOUND('',#3046,.T.);
#3046 = EDGE_LOOP('',(#3047,#3048,#3049,#3050,#3071,#3072,#3073,#3074));
#3047 = ORIENTED_EDGE('',*,*,#2812,.F.);
#3048 = ORIENTED_EDGE('',*,*,#2639,.F.);
#3049 = ORIENTED_EDGE('',*,*,#2493,.T.);
#3050 = ORIENTED_EDGE('',*,*,#3051,.T.);
#3051 = EDGE_CURVE('',#2496,#2322,#3052,.T.);
#3052 = SURFACE_CURVE('',#3053,(#3057,#3064),.PCURVE_S1.);
#3053 = LINE('',#3054,#3055);
#3054 = CARTESIAN_POINT('',(48.,-56.,30.));
#3055 = VECTOR('',#3056,1.);
#3056 = DIRECTION('',(1.,0.,-0.));
#3057 = PCURVE('',#2097,#3058);
#3058 = DEFINITIONAL_REPRESENTATION('',(#3059),#3063);
#3059 = LINE('',#3060,#3061);
#3060 = CARTESIAN_POINT('',(-0.,-0.));
#3061 = VECTOR('',#3062,1.);
#3062 = DIRECTION('',(-1.,0.));
#3063 = ( GEOMETRIC_REPRESENTATION_CONTEXT(2) 
PARAMETRIC_REPRESENTATION_CONTEXT() REPRESENTATION_CONTEXT('2D SPACE',''
  ) );
#3064 = PCURVE('',#2429,#3065);
#3065 = DEFINITIONAL_REPRESENTATION('',(#3066),#3070);
#3066 = LINE('',#3067,#3068);
#3067 = CARTESIAN_POINT('',(-0.,0.));
#3068 = VECTOR('',#3069,1.);
#3069 = DIRECTION('',(-0.,1.));
#3070 = ( GEOMETRIC_REPRESENTATION_CONTEXT(2) 
PARAMETRIC_REPRESENTATION_CONTEXT() REPRESENTATION_CONTEXT('2D SPACE',''
  ) );
#3071 = ORIENTED_EDGE('',*,*,#2321,.F.);
#3072 = ORIENTED_EDGE('',*,*,#2246,.F.);
#3073 = ORIENTED_EDGE('',*,*,#2083,.T.);
#3074 = ORIENTED_EDGE('',*,*,#3075,.F.);
#3075 = EDGE_CURVE('',#2790,#2056,#3076,.T.);
#3076 = SURFACE_CURVE('',#3077,(#3081,#3088),.PCURVE_S1.);
#3077 = LINE('',#3078,#3079);
#3078 = CARTESIAN_POINT('',(48.,-60.,30.));
#3079 = VECTOR('',#3080,1.);
#3080 = DIRECTION('',(1.,0.,-0.));
#3081 = PCURVE('',#2097,#3082);
#3082 = DEFINITIONAL_REPRESENTATION('',(#3083),#3087);
#3083 = LINE('',#3084,#3085);
#3084 = CARTESIAN_POINT('',(-0.,4.));
#3085 = VECTOR('',#3086,1.);
#3086 = DIRECTION('',(-1.,0.));
#3087 = ( GEOMETRIC_REPRESENTATION_CONTEXT(2) 
PARAMETRIC_REPRESENTATION_CONTEXT() REPRESENTATION_CONTEXT('2D SPACE',''
  ) );
#3088 = PCURVE('',#2071,#3089);
#3089 = DEFINITIONAL_REPRESENTATION('',(#3090),#3094);
#3090 = LINE('',#3091,#3092);
#3091 = CARTESIAN_POINT('',(-0.,0.));
#3092 = VECTOR('',#3093,1.);
#3093 = DIRECTION('',(-0.,1.));
#3094 = ( GEOMETRIC_REPRESENTATION_CONTEXT(2) 
PARAMETRIC_REPRESENTATION_CONTEXT() REPRESENTATION_CONTEXT('2D SPACE',''
  ) );
#3095 = ADVANCED_FACE('',(#3096,#3365),#2071,.T.);
#3096 = FACE_BOUND('',#3097,.F.);
#3097 = EDGE_LOOP('',(#3098,#3099,#3100,#3101,#3124,#3152,#3173,#3174,
    #3197,#3220,#3248,#3276,#3297,#3298,#3321,#3344));
#3098 = ORIENTED_EDGE('',*,*,#2055,.F.);
#3099 = ORIENTED_EDGE('',*,*,#3075,.F.);
#3100 = ORIENTED_EDGE('',*,*,#2789,.T.);
#3101 = ORIENTED_EDGE('',*,*,#3102,.F.);
#3102 = EDGE_CURVE('',#3103,#2762,#3105,.T.);
#3103 = VERTEX_POINT('',#3104);
#3104 = CARTESIAN_POINT('',(52.,-60.,34.909090909091));
#3105 = SURFACE_CURVE('',#3106,(#3110,#3117),.PCURVE_S1.);
#3106 = LINE('',#3107,#3108);
#3107 = CARTESIAN_POINT('',(48.,-60.,34.909090909091));
#3108 = VECTOR('',#3109,1.);
#3109 = DIRECTION('',(-1.,-0.,-0.));
#3110 = PCURVE('',#2071,#3111);
#3111 = DEFINITIONAL_REPRESENTATION('',(#3112),#3116);
#3112 = LINE('',#3113,#3114);
#3113 = CARTESIAN_POINT('',(-4.909090909091,0.));
#3114 = VECTOR('',#3115,1.);
#3115 = DIRECTION('',(-0.,-1.));
#3116 = ( GEOMETRIC_REPRESENTATION_CONTEXT(2) 
PARAMETRIC_REPRESENTATION_CONTEXT() REPRESENTATION_CONTEXT('2D SPACE',''
  ) );
#3117 = PCURVE('',#2777,#3118);
#3118 = DEFINITIONAL_REPRESENTATION('',(#3119),#3123);
#3119 = LINE('',#3120,#3121);
#3120 = CARTESIAN_POINT('',(-35.30270516172,0.));
#3121 = VECTOR('',#3122,1.);
#3122 = DIRECTION('',(-0.,1.));
#3123 = ( GEOMETRIC_REPRESENTATION_CONTEXT(2) 
PARAMETRIC_REPRESENTATION_CONTEXT() REPRESENTATION_CONTEXT('2D SPACE',''
  ) );
#3124 = ORIENTED_EDGE('',*,*,#3125,.T.);
#3125 = EDGE_CURVE('',#3103,#3126,#3128,.T.);
#3126 = VERTEX_POINT('',#3127);
#3127 = CARTESIAN_POINT('',(52.,-60.,45.));
#3128 = SURFACE_CURVE('',#3129,(#3133,#3140),.PCURVE_S1.);
#3129 = LINE('',#3130,#3131);
#3130 = CARTESIAN_POINT('',(52.,-60.,37.843817060395));
#3131 = VECTOR('',#3132,1.);
#3132 = DIRECTION('',(-0.,-0.,1.));
#3133 = PCURVE('',#2071,#3134);
#3134 = DEFINITIONAL_REPRESENTATION('',(#3135),#3139);
#3135 = LINE('',#3136,#3137);
#3136 = CARTESIAN_POINT('',(-7.843817060395,4.));
#3137 = VECTOR('',#3138,1.);
#3138 = DIRECTION('',(-1.,0.));
#3139 = ( GEOMETRIC_REPRESENTATION_CONTEXT(2) 
PARAMETRIC_REPRESENTATION_CONTEXT() REPRESENTATION_CONTEXT('2D SPACE',''
  ) );
#3140 = PCURVE('',#3141,#3146);
#3141 = PLANE('',#3142);
#3142 = AXIS2_PLACEMENT_3D('',#3143,#3144,#3145);
#3143 = CARTESIAN_POINT('',(52.,-57.81236587921,45.687634120789));
#3144 = DIRECTION('',(-1.,0.,-0.));
#3145 = DIRECTION('',(0.,0.,1.));
#3146 = DEFINITIONAL_REPRESENTATION('',(#3147),#3151);
#3147 = LINE('',#3148,#3149);
#3148 = CARTESIAN_POINT('',(-7.843817060395,-2.187634120789));
#3149 = VECTOR('',#3150,1.);
#3150 = DIRECTION('',(1.,-0.));
#3151 = ( GEOMETRIC_REPRESENTATION_CONTEXT(2) 
PARAMETRIC_REPRESENTATION_CONTEXT() REPRESENTATION_CONTEXT('2D SPACE',''
  ) );
#3152 = ORIENTED_EDGE('',*,*,#3153,.F.);
#3153 = EDGE_CURVE('',#2866,#3126,#3154,.T.);
#3154 = SURFACE_CURVE('',#3155,(#3159,#3166),.PCURVE_S1.);
#3155 = LINE('',#3156,#3157);
#3156 = CARTESIAN_POINT('',(44.,-60.,45.));
#3157 = VECTOR('',#3158,1.);
#3158 = DIRECTION('',(1.,0.,-0.));
#3159 = PCURVE('',#2071,#3160);
#3160 = DEFINITIONAL_REPRESENTATION('',(#3161),#3165);
#3161 = LINE('',#3162,#3163);
#3162 = CARTESIAN_POINT('',(-15.,-4.));
#3163 = VECTOR('',#3164,1.);
#3164 = DIRECTION('',(-0.,1.));
#3165 = ( GEOMETRIC_REPRESENTATION_CONTEXT(2) 
PARAMETRIC_REPRESENTATION_CONTEXT() REPRESENTATION_CONTEXT('2D SPACE',''
  ) );
#3166 = PCURVE('',#2904,#3167);
#3167 = DEFINITIONAL_REPRESENTATION('',(#3168),#3172);
#3168 = LINE('',#3169,#3170);
#3169 = CARTESIAN_POINT('',(-0.,-0.));
#3170 = VECTOR('',#3171,1.);
#3171 = DIRECTION('',(-1.,0.));
#3172 = ( GEOMETRIC_REPRESENTATION_CONTEXT(2) 
PARAMETRIC_REPRESENTATION_CONTEXT() REPRESENTATION_CONTEXT('2D SPACE',''
  ) );
#3173 = ORIENTED_EDGE('',*,*,#2865,.F.);
#3174 = ORIENTED_EDGE('',*,*,#3175,.T.);
#3175 = EDGE_CURVE('',#2836,#3176,#3178,.T.);
#3176 = VERTEX_POINT('',#3177);
#3177 = CARTESIAN_POINT('',(52.,-60.,59.));
#3178 = SURFACE_CURVE('',#3179,(#3183,#3190),.PCURVE_S1.);
#3179 = LINE('',#3180,#3181);
#3180 = CARTESIAN_POINT('',(44.,-60.,59.));
#3181 = VECTOR('',#3182,1.);
#3182 = DIRECTION('',(1.,0.,-0.));
#3183 = PCURVE('',#2071,#3184);
#3184 = DEFINITIONAL_REPRESENTATION('',(#3185),#3189);
#3185 = LINE('',#3186,#3187);
#3186 = CARTESIAN_POINT('',(-29.,-4.));
#3187 = VECTOR('',#3188,1.);
#3188 = DIRECTION('',(-0.,1.));
#3189 = ( GEOMETRIC_REPRESENTATION_CONTEXT(2) 
PARAMETRIC_REPRESENTATION_CONTEXT() REPRESENTATION_CONTEXT('2D SPACE',''
  ) );
#3190 = PCURVE('',#2853,#3191);
#3191 = DEFINITIONAL_REPRESENTATION('',(#3192),#3196);
#3192 = LINE('',#3193,#3194);
#3193 = CARTESIAN_POINT('',(-0.,-0.));
#3194 = VECTOR('',#3195,1.);
#3195 = DIRECTION('',(-1.,0.));
#3196 = ( GEOMETRIC_REPRESENTATION_CONTEXT(2) 
PARAMETRIC_REPRESENTATION_CONTEXT() REPRESENTATION_CONTEXT('2D SPACE',''
  ) );
#3197 = ORIENTED_EDGE('',*,*,#3198,.T.);
#3198 = EDGE_CURVE('',#3176,#3199,#3201,.T.);
#3199 = VERTEX_POINT('',#3200);
#3200 = CARTESIAN_POINT('',(52.,-60.,60.));
#3201 = SURFACE_CURVE('',#3202,(#3206,#3213),.PCURVE_S1.);
#3202 = LINE('',#3203,#3204);
#3203 = CARTESIAN_POINT('',(52.,-60.,37.843817060395));
#3204 = VECTOR('',#3205,1.);
#3205 = DIRECTION('',(-0.,-0.,1.));
#3206 = PCURVE('',#2071,#3207);
#3207 = DEFINITIONAL_REPRESENTATION('',(#3208),#3212);
#3208 = LINE('',#3209,#3210);
#3209 = CARTESIAN_POINT('',(-7.843817060395,4.));
#3210 = VECTOR('',#3211,1.);
#3211 = DIRECTION('',(-1.,0.));
#3212 = ( GEOMETRIC_REPRESENTATION_CONTEXT(2) 
PARAMETRIC_REPRESENTATION_CONTEXT() REPRESENTATION_CONTEXT('2D SPACE',''
  ) );
#3213 = PCURVE('',#3141,#3214);
#3214 = DEFINITIONAL_REPRESENTATION('',(#3215),#3219);
#3215 = LINE('',#3216,#3217);
#3216 = CARTESIAN_POINT('',(-7.843817060395,-2.187634120789));
#3217 = VECTOR('',#3218,1.);
#3218 = DIRECTION('',(1.,-0.));
#3219 = ( GEOMETRIC_REPRESENTATION_CONTEXT(2) 
PARAMETRIC_REPRESENTATION_CONTEXT() REPRESENTATION_CONTEXT('2D SPACE',''
  ) );
#3220 = ORIENTED_EDGE('',*,*,#3221,.F.);
#3221 = EDGE_CURVE('',#3222,#3199,#3224,.T.);
#3222 = VERTEX_POINT('',#3223);
#3223 = CARTESIAN_POINT('',(68.,-60.,60.));
#3224 = SURFACE_CURVE('',#3225,(#3229,#3236),.PCURVE_S1.);
#3225 = LINE('',#3226,#3227);
#3226 = CARTESIAN_POINT('',(47.,-60.,60.));
#3227 = VECTOR('',#3228,1.);
#3228 = DIRECTION('',(-1.,-0.,-0.));
#3229 = PCURVE('',#2071,#3230);
#3230 = DEFINITIONAL_REPRESENTATION('',(#3231),#3235);
#3231 = LINE('',#3232,#3233);
#3232 = CARTESIAN_POINT('',(-30.,-1.));
#3233 = VECTOR('',#3234,1.);
#3234 = DIRECTION('',(-0.,-1.));
#3235 = ( GEOMETRIC_REPRESENTATION_CONTEXT(2) 
PARAMETRIC_REPRESENTATION_CONTEXT() REPRESENTATION_CONTEXT('2D SPACE',''
  ) );
#3236 = PCURVE('',#3237,#3242);
#3237 = PLANE('',#3238);
#3238 = AXIS2_PLACEMENT_3D('',#3239,#3240,#3241);
#3239 = CARTESIAN_POINT('',(46.,-47.,60.));
#3240 = DIRECTION('',(0.,0.,1.));
#3241 = DIRECTION('',(-1.,0.,0.));
#3242 = DEFINITIONAL_REPRESENTATION('',(#3243),#3247);
#3243 = LINE('',#3244,#3245);
#3244 = CARTESIAN_POINT('',(-1.,13.));
#3245 = VECTOR('',#3246,1.);
#3246 = DIRECTION('',(1.,-0.));
#3247 = ( GEOMETRIC_REPRESENTATION_CONTEXT(2) 
PARAMETRIC_REPRESENTATION_CONTEXT() REPRESENTATION_CONTEXT('2D SPACE',''
  ) );
#3248 = ORIENTED_EDGE('',*,*,#3249,.F.);
#3249 = EDGE_CURVE('',#3250,#3222,#3252,.T.);
#3250 = VERTEX_POINT('',#3251);
#3251 = CARTESIAN_POINT('',(68.,-60.,59.));
#3252 = SURFACE_CURVE('',#3253,(#3257,#3264),.PCURVE_S1.);
#3253 = LINE('',#3254,#3255);
#3254 = CARTESIAN_POINT('',(68.,-60.,37.843817060395));
#3255 = VECTOR('',#3256,1.);
#3256 = DIRECTION('',(-0.,-0.,1.));
#3257 = PCURVE('',#2071,#3258);
#3258 = DEFINITIONAL_REPRESENTATION('',(#3259),#3263);
#3259 = LINE('',#3260,#3261);
#3260 = CARTESIAN_POINT('',(-7.843817060395,20.));
#3261 = VECTOR('',#3262,1.);
#3262 = DIRECTION('',(-1.,0.));
#3263 = ( GEOMETRIC_REPRESENTATION_CONTEXT(2) 
PARAMETRIC_REPRESENTATION_CONTEXT() REPRESENTATION_CONTEXT('2D SPACE',''
  ) );
#3264 = PCURVE('',#3265,#3270);
#3265 = PLANE('',#3266);
#3266 = AXIS2_PLACEMENT_3D('',#3267,#3268,#3269);
#3267 = CARTESIAN_POINT('',(68.,-57.81236587921,45.687634120789));
#3268 = DIRECTION('',(-1.,0.,-0.));
#3269 = DIRECTION('',(0.,0.,1.));
#3270 = DEFINITIONAL_REPRESENTATION('',(#3271),#3275);
#3271 = LINE('',#3272,#3273);
#3272 = CARTESIAN_POINT('',(-7.843817060395,-2.187634120789));
#3273 = VECTOR('',#3274,1.);
#3274 = DIRECTION('',(1.,-0.));
#3275 = ( GEOMETRIC_REPRESENTATION_CONTEXT(2) 
PARAMETRIC_REPRESENTATION_CONTEXT() REPRESENTATION_CONTEXT('2D SPACE',''
  ) );
#3276 = ORIENTED_EDGE('',*,*,#3277,.T.);
#3277 = EDGE_CURVE('',#3250,#2112,#3278,.T.);
#3278 = SURFACE_CURVE('',#3279,(#3283,#3290),.PCURVE_S1.);
#3279 = LINE('',#3280,#3281);
#3280 = CARTESIAN_POINT('',(44.,-60.,59.));
#3281 = VECTOR('',#3282,1.);
#3282 = DIRECTION('',(1.,0.,-0.));
#3283 = PCURVE('',#2071,#3284);
#3284 = DEFINITIONAL_REPRESENTATION('',(#3285),#3289);
#3285 = LINE('',#3286,#3287);
#3286 = CARTESIAN_POINT('',(-29.,-4.));
#3287 = VECTOR('',#3288,1.);
#3288 = DIRECTION('',(-0.,1.));
#3289 = ( GEOMETRIC_REPRESENTATION_CONTEXT(2) 
PARAMETRIC_REPRESENTATION_CONTEXT() REPRESENTATION_CONTEXT('2D SPACE',''
  ) );
#3290 = PCURVE('',#2129,#3291);
#3291 = DEFINITIONAL_REPRESENTATION('',(#3292),#3296);
#3292 = LINE('',#3293,#3294);
#3293 = CARTESIAN_POINT('',(-0.,-0.));
#3294 = VECTOR('',#3295,1.);
#3295 = DIRECTION('',(-1.,0.));
#3296 = ( GEOMETRIC_REPRESENTATION_CONTEXT(2) 
PARAMETRIC_REPRESENTATION_CONTEXT() REPRESENTATION_CONTEXT('2D SPACE',''
  ) );
#3297 = ORIENTED_EDGE('',*,*,#2141,.T.);
#3298 = ORIENTED_EDGE('',*,*,#3299,.F.);
#3299 = EDGE_CURVE('',#3300,#2142,#3302,.T.);
#3300 = VERTEX_POINT('',#3301);
#3301 = CARTESIAN_POINT('',(68.,-60.,45.));
#3302 = SURFACE_CURVE('',#3303,(#3307,#3314),.PCURVE_S1.);
#3303 = LINE('',#3304,#3305);
#3304 = CARTESIAN_POINT('',(44.,-60.,45.));
#3305 = VECTOR('',#3306,1.);
#3306 = DIRECTION('',(1.,0.,-0.));
#3307 = PCURVE('',#2071,#3308);
#3308 = DEFINITIONAL_REPRESENTATION('',(#3309),#3313);
#3309 = LINE('',#3310,#3311);
#3310 = CARTESIAN_POINT('',(-15.,-4.));
#3311 = VECTOR('',#3312,1.);
#3312 = DIRECTION('',(-0.,1.));
#3313 = ( GEOMETRIC_REPRESENTATION_CONTEXT(2) 
PARAMETRIC_REPRESENTATION_CONTEXT() REPRESENTATION_CONTEXT('2D SPACE',''
  ) );
#3314 = PCURVE('',#2180,#3315);
#3315 = DEFINITIONAL_REPRESENTATION('',(#3316),#3320);
#3316 = LINE('',#3317,#3318);
#3317 = CARTESIAN_POINT('',(-0.,-0.));
#3318 = VECTOR('',#3319,1.);
#3319 = DIRECTION('',(-1.,0.));
#3320 = ( GEOMETRIC_REPRESENTATION_CONTEXT(2) 
PARAMETRIC_REPRESENTATION_CONTEXT() REPRESENTATION_CONTEXT('2D SPACE',''
  ) );
#3321 = ORIENTED_EDGE('',*,*,#3322,.F.);
#3322 = EDGE_CURVE('',#3323,#3300,#3325,.T.);
#3323 = VERTEX_POINT('',#3324);
#3324 = CARTESIAN_POINT('',(68.,-60.,34.909090909091));
#3325 = SURFACE_CURVE('',#3326,(#3330,#3337),.PCURVE_S1.);
#3326 = LINE('',#3327,#3328);
#3327 = CARTESIAN_POINT('',(68.,-60.,37.843817060395));
#3328 = VECTOR('',#3329,1.);
#3329 = DIRECTION('',(-0.,-0.,1.));
#3330 = PCURVE('',#2071,#3331);
#3331 = DEFINITIONAL_REPRESENTATION('',(#3332),#3336);
#3332 = LINE('',#3333,#3334);
#3333 = CARTESIAN_POINT('',(-7.843817060395,20.));
#3334 = VECTOR('',#3335,1.);
#3335 = DIRECTION('',(-1.,0.));
#3336 = ( GEOMETRIC_REPRESENTATION_CONTEXT(2) 
PARAMETRIC_REPRESENTATION_CONTEXT() REPRESENTATION_CONTEXT('2D SPACE',''
  ) );
#3337 = PCURVE('',#3265,#3338);
#3338 = DEFINITIONAL_REPRESENTATION('',(#3339),#3343);
#3339 = LINE('',#3340,#3341);
#3340 = CARTESIAN_POINT('',(-7.843817060395,-2.187634120789));
#3341 = VECTOR('',#3342,1.);
#3342 = DIRECTION('',(1.,-0.));
#3343 = ( GEOMETRIC_REPRESENTATION_CONTEXT(2) 
PARAMETRIC_REPRESENTATION_CONTEXT() REPRESENTATION_CONTEXT('2D SPACE',''
  ) );
#3344 = ORIENTED_EDGE('',*,*,#3345,.F.);
#3345 = EDGE_CURVE('',#2028,#3323,#3346,.T.);
#3346 = SURFACE_CURVE('',#3347,(#3351,#3358),.PCURVE_S1.);
#3347 = LINE('',#3348,#3349);
#3348 = CARTESIAN_POINT('',(58.,-60.,34.909090909091));
#3349 = VECTOR('',#3350,1.);
#3350 = DIRECTION('',(-1.,-0.,-0.));
#3351 = PCURVE('',#2071,#3352);
#3352 = DEFINITIONAL_REPRESENTATION('',(#3353),#3357);
#3353 = LINE('',#3354,#3355);
#3354 = CARTESIAN_POINT('',(-4.909090909091,10.));
#3355 = VECTOR('',#3356,1.);
#3356 = DIRECTION('',(-0.,-1.));
#3357 = ( GEOMETRIC_REPRESENTATION_CONTEXT(2) 
PARAMETRIC_REPRESENTATION_CONTEXT() REPRESENTATION_CONTEXT('2D SPACE',''
  ) );
#3358 = PCURVE('',#2043,#3359);
#3359 = DEFINITIONAL_REPRESENTATION('',(#3360),#3364);
#3360 = LINE('',#3361,#3362);
#3361 = CARTESIAN_POINT('',(-35.30270516172,10.));
#3362 = VECTOR('',#3363,1.);
#3363 = DIRECTION('',(-0.,1.));
#3364 = ( GEOMETRIC_REPRESENTATION_CONTEXT(2) 
PARAMETRIC_REPRESENTATION_CONTEXT() REPRESENTATION_CONTEXT('2D SPACE',''
  ) );
#3365 = FACE_BOUND('',#3366,.F.);
#3366 = EDGE_LOOP('',(#3367));
#3367 = ORIENTED_EDGE('',*,*,#3368,.F.);
#3368 = EDGE_CURVE('',#3369,#3369,#3371,.T.);
#3369 = VERTEX_POINT('',#3370);
#3370 = CARTESIAN_POINT('',(60.,-60.,44.15));
#3371 = SURFACE_CURVE('',#3372,(#3377,#3388),.PCURVE_S1.);
#3372 = CIRCLE('',#3373,2.15);
#3373 = AXIS2_PLACEMENT_3D('',#3374,#3375,#3376);
#3374 = CARTESIAN_POINT('',(60.,-60.,42.));
#3375 = DIRECTION('',(0.,1.,0.));
#3376 = DIRECTION('',(-0.,-0.,1.));
#3377 = PCURVE('',#2071,#3378);
#3378 = DEFINITIONAL_REPRESENTATION('',(#3379),#3387);
#3379 = ( BOUNDED_CURVE() B_SPLINE_CURVE(2,(#3380,#3381,#3382,#3383,
#3384,#3385,#3386),.UNSPECIFIED.,.T.,.F.) B_SPLINE_CURVE_WITH_KNOTS((1,2
    ,2,2,2,1),(-2.094395102393,0.,2.094395102393,4.188790204786,
6.28318530718,8.377580409573),.UNSPECIFIED.) CURVE() 
GEOMETRIC_REPRESENTATION_ITEM() RATIONAL_B_SPLINE_CURVE((1.,0.5,1.,0.5,
1.,0.5,1.)) REPRESENTATION_ITEM('') );
#3380 = CARTESIAN_POINT('',(-14.15,12.));
#3381 = CARTESIAN_POINT('',(-14.15,15.723909236273));
#3382 = CARTESIAN_POINT('',(-10.925,13.861954618137));
#3383 = CARTESIAN_POINT('',(-7.7,12.));
#3384 = CARTESIAN_POINT('',(-10.925,10.138045381863));
#3385 = CARTESIAN_POINT('',(-14.15,8.276090763727));
#3386 = CARTESIAN_POINT('',(-14.15,12.));
#3387 = ( GEOMETRIC_REPRESENTATION_CONTEXT(2) 
PARAMETRIC_REPRESENTATION_CONTEXT() REPRESENTATION_CONTEXT('2D SPACE',''
  ) );
#3388 = PCURVE('',#3389,#3394);
#3389 = CYLINDRICAL_SURFACE('',#3390,2.15);
#3390 = AXIS2_PLACEMENT_3D('',#3391,#3392,#3393);
#3391 = CARTESIAN_POINT('',(60.,-45.,42.));
#3392 = DIRECTION('',(-0.,-1.,-0.));
#3393 = DIRECTION('',(-0.,-0.,1.));
#3394 = DEFINITIONAL_REPRESENTATION('',(#3395),#3399);
#3395 = LINE('',#3396,#3397);
#3396 = CARTESIAN_POINT('',(-0.,15.));
#3397 = VECTOR('',#3398,1.);
#3398 = DIRECTION('',(-1.,0.));
#3399 = ( GEOMETRIC_REPRESENTATION_CONTEXT(2) 
PARAMETRIC_REPRESENTATION_CONTEXT() REPRESENTATION_CONTEXT('2D SPACE',''
  ) );
#3400 = ADVANCED_FACE('',(#3401),#2043,.T.);
#3401 = FACE_BOUND('',#3402,.F.);
#3402 = EDGE_LOOP('',(#3403,#3426,#3447,#3448));
#3403 = ORIENTED_EDGE('',*,*,#3404,.F.);
#3404 = EDGE_CURVE('',#3405,#3323,#3407,.T.);
#3405 = VERTEX_POINT('',#3406);
#3406 = CARTESIAN_POINT('',(68.,-76.,58.181818181818));
#3407 = SURFACE_CURVE('',#3408,(#3412,#3419),.PCURVE_S1.);
#3408 = LINE('',#3409,#3410);
#3409 = CARTESIAN_POINT('',(68.,-80.,64.));
#3410 = VECTOR('',#3411,1.);
#3411 = DIRECTION('',(0.,0.566528822887,-0.824041924199));
#3412 = PCURVE('',#2043,#3413);
#3413 = DEFINITIONAL_REPRESENTATION('',(#3414),#3418);
#3414 = LINE('',#3415,#3416);
#3415 = CARTESIAN_POINT('',(-0.,-0.));
#3416 = VECTOR('',#3417,1.);
#3417 = DIRECTION('',(-1.,0.));
#3418 = ( GEOMETRIC_REPRESENTATION_CONTEXT(2) 
PARAMETRIC_REPRESENTATION_CONTEXT() REPRESENTATION_CONTEXT('2D SPACE',''
  ) );
#3419 = PCURVE('',#3265,#3420);
#3420 = DEFINITIONAL_REPRESENTATION('',(#3421),#3425);
#3421 = LINE('',#3422,#3423);
#3422 = CARTESIAN_POINT('',(18.312365879211,-22.18763412078));
#3423 = VECTOR('',#3424,1.);
#3424 = DIRECTION('',(-0.824041924199,0.566528822887));
#3425 = ( GEOMETRIC_REPRESENTATION_CONTEXT(2) 
PARAMETRIC_REPRESENTATION_CONTEXT() REPRESENTATION_CONTEXT('2D SPACE',''
  ) );
#3426 = ORIENTED_EDGE('',*,*,#3427,.F.);
#3427 = EDGE_CURVE('',#2000,#3405,#3428,.T.);
#3428 = SURFACE_CURVE('',#3429,(#3433,#3440),.PCURVE_S1.);
#3429 = LINE('',#3430,#3431);
#3430 = CARTESIAN_POINT('',(58.,-76.,58.181818181818));
#3431 = VECTOR('',#3432,1.);
#3432 = DIRECTION('',(-1.,-0.,-0.));
#3433 = PCURVE('',#2043,#3434);
#3434 = DEFINITIONAL_REPRESENTATION('',(#3435),#3439);
#3435 = LINE('',#3436,#3437);
#3436 = CARTESIAN_POINT('',(-7.060541032345,10.));
#3437 = VECTOR('',#3438,1.);
#3438 = DIRECTION('',(-0.,1.));
#3439 = ( GEOMETRIC_REPRESENTATION_CONTEXT(2) 
PARAMETRIC_REPRESENTATION_CONTEXT() REPRESENTATION_CONTEXT('2D SPACE',''
  ) );
#3440 = PCURVE('',#2015,#3441);
#3441 = DEFINITIONAL_REPRESENTATION('',(#3442),#3446);
#3442 = LINE('',#3443,#3444);
#3443 = CARTESIAN_POINT('',(-28.18181818181,10.));
#3444 = VECTOR('',#3445,1.);
#3445 = DIRECTION('',(-0.,-1.));
#3446 = ( GEOMETRIC_REPRESENTATION_CONTEXT(2) 
PARAMETRIC_REPRESENTATION_CONTEXT() REPRESENTATION_CONTEXT('2D SPACE',''
  ) );
#3447 = ORIENTED_EDGE('',*,*,#2027,.T.);
#3448 = ORIENTED_EDGE('',*,*,#3345,.T.);
#3449 = ADVANCED_FACE('',(#3450,#3546),#2015,.F.);
#3450 = FACE_BOUND('',#3451,.T.);
#3451 = EDGE_LOOP('',(#3452,#3453,#3454,#3455,#3478,#3501,#3524,#3545));
#3452 = ORIENTED_EDGE('',*,*,#1999,.F.);
#3453 = ORIENTED_EDGE('',*,*,#2946,.F.);
#3454 = ORIENTED_EDGE('',*,*,#2738,.T.);
#3455 = ORIENTED_EDGE('',*,*,#3456,.F.);
#3456 = EDGE_CURVE('',#3457,#2739,#3459,.T.);
#3457 = VERTEX_POINT('',#3458);
#3458 = CARTESIAN_POINT('',(52.,-76.,58.181818181818));
#3459 = SURFACE_CURVE('',#3460,(#3464,#3471),.PCURVE_S1.);
#3460 = LINE('',#3461,#3462);
#3461 = CARTESIAN_POINT('',(48.,-76.,58.181818181818));
#3462 = VECTOR('',#3463,1.);
#3463 = DIRECTION('',(-1.,-0.,-0.));
#3464 = PCURVE('',#2015,#3465);
#3465 = DEFINITIONAL_REPRESENTATION('',(#3466),#3470);
#3466 = LINE('',#3467,#3468);
#3467 = CARTESIAN_POINT('',(-28.18181818181,0.));
#3468 = VECTOR('',#3469,1.);
#3469 = DIRECTION('',(-0.,-1.));
#3470 = ( GEOMETRIC_REPRESENTATION_CONTEXT(2) 
PARAMETRIC_REPRESENTATION_CONTEXT() REPRESENTATION_CONTEXT('2D SPACE',''
  ) );
#3471 = PCURVE('',#2777,#3472);
#3472 = DEFINITIONAL_REPRESENTATION('',(#3473),#3477);
#3473 = LINE('',#3474,#3475);
#3474 = CARTESIAN_POINT('',(-7.060541032345,0.));
#3475 = VECTOR('',#3476,1.);
#3476 = DIRECTION('',(-0.,1.));
#3477 = ( GEOMETRIC_REPRESENTATION_CONTEXT(2) 
PARAMETRIC_REPRESENTATION_CONTEXT() REPRESENTATION_CONTEXT('2D SPACE',''
  ) );
#3478 = ORIENTED_EDGE('',*,*,#3479,.T.);
#3479 = EDGE_CURVE('',#3457,#3480,#3482,.T.);
#3480 = VERTEX_POINT('',#3481);
#3481 = CARTESIAN_POINT('',(52.,-76.,60.));
#3482 = SURFACE_CURVE('',#3483,(#3487,#3494),.PCURVE_S1.);
#3483 = LINE('',#3484,#3485);
#3484 = CARTESIAN_POINT('',(52.,-76.,37.843817060395));
#3485 = VECTOR('',#3486,1.);
#3486 = DIRECTION('',(-0.,-0.,1.));
#3487 = PCURVE('',#2015,#3488);
#3488 = DEFINITIONAL_REPRESENTATION('',(#3489),#3493);
#3489 = LINE('',#3490,#3491);
#3490 = CARTESIAN_POINT('',(-7.843817060395,4.));
#3491 = VECTOR('',#3492,1.);
#3492 = DIRECTION('',(-1.,0.));
#3493 = ( GEOMETRIC_REPRESENTATION_CONTEXT(2) 
PARAMETRIC_REPRESENTATION_CONTEXT() REPRESENTATION_CONTEXT('2D SPACE',''
  ) );
#3494 = PCURVE('',#3141,#3495);
#3495 = DEFINITIONAL_REPRESENTATION('',(#3496),#3500);
#3496 = LINE('',#3497,#3498);
#3497 = CARTESIAN_POINT('',(-7.843817060395,-18.18763412078));
#3498 = VECTOR('',#3499,1.);
#3499 = DIRECTION('',(1.,-0.));
#3500 = ( GEOMETRIC_REPRESENTATION_CONTEXT(2) 
PARAMETRIC_REPRESENTATION_CONTEXT() REPRESENTATION_CONTEXT('2D SPACE',''
  ) );
#3501 = ORIENTED_EDGE('',*,*,#3502,.F.);
#3502 = EDGE_CURVE('',#3503,#3480,#3505,.T.);
#3503 = VERTEX_POINT('',#3504);
#3504 = CARTESIAN_POINT('',(68.,-76.,60.));
#3505 = SURFACE_CURVE('',#3506,(#3510,#3517),.PCURVE_S1.);
#3506 = LINE('',#3507,#3508);
#3507 = CARTESIAN_POINT('',(47.,-76.,60.));
#3508 = VECTOR('',#3509,1.);
#3509 = DIRECTION('',(-1.,-0.,-0.));
#3510 = PCURVE('',#2015,#3511);
#3511 = DEFINITIONAL_REPRESENTATION('',(#3512),#3516);
#3512 = LINE('',#3513,#3514);
#3513 = CARTESIAN_POINT('',(-30.,-1.));
#3514 = VECTOR('',#3515,1.);
#3515 = DIRECTION('',(-0.,-1.));
#3516 = ( GEOMETRIC_REPRESENTATION_CONTEXT(2) 
PARAMETRIC_REPRESENTATION_CONTEXT() REPRESENTATION_CONTEXT('2D SPACE',''
  ) );
#3517 = PCURVE('',#3237,#3518);
#3518 = DEFINITIONAL_REPRESENTATION('',(#3519),#3523);
#3519 = LINE('',#3520,#3521);
#3520 = CARTESIAN_POINT('',(-1.,29.));
#3521 = VECTOR('',#3522,1.);
#3522 = DIRECTION('',(1.,-0.));
#3523 = ( GEOMETRIC_REPRESENTATION_CONTEXT(2) 
PARAMETRIC_REPRESENTATION_CONTEXT() REPRESENTATION_CONTEXT('2D SPACE',''
  ) );
#3524 = ORIENTED_EDGE('',*,*,#3525,.F.);
#3525 = EDGE_CURVE('',#3405,#3503,#3526,.T.);
#3526 = SURFACE_CURVE('',#3527,(#3531,#3538),.PCURVE_S1.);
#3527 = LINE('',#3528,#3529);
#3528 = CARTESIAN_POINT('',(68.,-76.,37.843817060395));
#3529 = VECTOR('',#3530,1.);
#3530 = DIRECTION('',(-0.,-0.,1.));
#3531 = PCURVE('',#2015,#3532);
#3532 = DEFINITIONAL_REPRESENTATION('',(#3533),#3537);
#3533 = LINE('',#3534,#3535);
#3534 = CARTESIAN_POINT('',(-7.843817060395,20.));
#3535 = VECTOR('',#3536,1.);
#3536 = DIRECTION('',(-1.,0.));
#3537 = ( GEOMETRIC_REPRESENTATION_CONTEXT(2) 
PARAMETRIC_REPRESENTATION_CONTEXT() REPRESENTATION_CONTEXT('2D SPACE',''
  ) );
#3538 = PCURVE('',#3265,#3539);
#3539 = DEFINITIONAL_REPRESENTATION('',(#3540),#3544);
#3540 = LINE('',#3541,#3542);
#3541 = CARTESIAN_POINT('',(-7.843817060395,-18.18763412078));
#3542 = VECTOR('',#3543,1.);
#3543 = DIRECTION('',(1.,-0.));
#3544 = ( GEOMETRIC_REPRESENTATION_CONTEXT(2) 
PARAMETRIC_REPRESENTATION_CONTEXT() REPRESENTATION_CONTEXT('2D SPACE',''
  ) );
#3545 = ORIENTED_EDGE('',*,*,#3427,.F.);
#3546 = FACE_BOUND('',#3547,.T.);
#3547 = EDGE_LOOP('',(#3548));
#3548 = ORIENTED_EDGE('',*,*,#2996,.F.);
#3549 = ADVANCED_FACE('',(#3550),#2129,.F.);
#3550 = FACE_BOUND('',#3551,.T.);
#3551 = EDGE_LOOP('',(#3552,#3575,#3596,#3597));
#3552 = ORIENTED_EDGE('',*,*,#3553,.F.);
#3553 = EDGE_CURVE('',#3554,#2114,#3556,.T.);
#3554 = VERTEX_POINT('',#3555);
#3555 = CARTESIAN_POINT('',(68.,-64.,59.));
#3556 = SURFACE_CURVE('',#3557,(#3561,#3568),.PCURVE_S1.);
#3557 = LINE('',#3558,#3559);
#3558 = CARTESIAN_POINT('',(44.,-64.,59.));
#3559 = VECTOR('',#3560,1.);
#3560 = DIRECTION('',(1.,0.,-0.));
#3561 = PCURVE('',#2129,#3562);
#3562 = DEFINITIONAL_REPRESENTATION('',(#3563),#3567);
#3563 = LINE('',#3564,#3565);
#3564 = CARTESIAN_POINT('',(-0.,4.));
#3565 = VECTOR('',#3566,1.);
#3566 = DIRECTION('',(-1.,0.));
#3567 = ( GEOMETRIC_REPRESENTATION_CONTEXT(2) 
PARAMETRIC_REPRESENTATION_CONTEXT() REPRESENTATION_CONTEXT('2D SPACE',''
  ) );
#3568 = PCURVE('',#2206,#3569);
#3569 = DEFINITIONAL_REPRESENTATION('',(#3570),#3574);
#3570 = LINE('',#3571,#3572);
#3571 = CARTESIAN_POINT('',(-14.,0.));
#3572 = VECTOR('',#3573,1.);
#3573 = DIRECTION('',(-0.,1.));
#3574 = ( GEOMETRIC_REPRESENTATION_CONTEXT(2) 
PARAMETRIC_REPRESENTATION_CONTEXT() REPRESENTATION_CONTEXT('2D SPACE',''
  ) );
#3575 = ORIENTED_EDGE('',*,*,#3576,.F.);
#3576 = EDGE_CURVE('',#3250,#3554,#3577,.T.);
#3577 = SURFACE_CURVE('',#3578,(#3582,#3589),.PCURVE_S1.);
#3578 = LINE('',#3579,#3580);
#3579 = CARTESIAN_POINT('',(68.,-58.9061829396,59.));
#3580 = VECTOR('',#3581,1.);
#3581 = DIRECTION('',(-0.,-1.,-0.));
#3582 = PCURVE('',#2129,#3583);
#3583 = DEFINITIONAL_REPRESENTATION('',(#3584),#3588);
#3584 = LINE('',#3585,#3586);
#3585 = CARTESIAN_POINT('',(-24.,-1.093817060395));
#3586 = VECTOR('',#3587,1.);
#3587 = DIRECTION('',(-0.,1.));
#3588 = ( GEOMETRIC_REPRESENTATION_CONTEXT(2) 
PARAMETRIC_REPRESENTATION_CONTEXT() REPRESENTATION_CONTEXT('2D SPACE',''
  ) );
#3589 = PCURVE('',#3265,#3590);
#3590 = DEFINITIONAL_REPRESENTATION('',(#3591),#3595);
#3591 = LINE('',#3592,#3593);
#3592 = CARTESIAN_POINT('',(13.312365879211,-1.093817060395));
#3593 = VECTOR('',#3594,1.);
#3594 = DIRECTION('',(-0.,-1.));
#3595 = ( GEOMETRIC_REPRESENTATION_CONTEXT(2) 
PARAMETRIC_REPRESENTATION_CONTEXT() REPRESENTATION_CONTEXT('2D SPACE',''
  ) );
#3596 = ORIENTED_EDGE('',*,*,#3277,.T.);
#3597 = ORIENTED_EDGE('',*,*,#2111,.T.);
#3598 = ADVANCED_FACE('',(#3599),#2206,.F.);
#3599 = FACE_BOUND('',#3600,.T.);
#3600 = EDGE_LOOP('',(#3601,#3624,#3645,#3646));
#3601 = ORIENTED_EDGE('',*,*,#3602,.F.);
#3602 = EDGE_CURVE('',#3603,#2165,#3605,.T.);
#3603 = VERTEX_POINT('',#3604);
#3604 = CARTESIAN_POINT('',(68.,-64.,45.));
#3605 = SURFACE_CURVE('',#3606,(#3610,#3617),.PCURVE_S1.);
#3606 = LINE('',#3607,#3608);
#3607 = CARTESIAN_POINT('',(44.,-64.,45.));
#3608 = VECTOR('',#3609,1.);
#3609 = DIRECTION('',(1.,0.,-0.));
#3610 = PCURVE('',#2206,#3611);
#3611 = DEFINITIONAL_REPRESENTATION('',(#3612),#3616);
#3612 = LINE('',#3613,#3614);
#3613 = CARTESIAN_POINT('',(-0.,0.));
#3614 = VECTOR('',#3615,1.);
#3615 = DIRECTION('',(-0.,1.));
#3616 = ( GEOMETRIC_REPRESENTATION_CONTEXT(2) 
PARAMETRIC_REPRESENTATION_CONTEXT() REPRESENTATION_CONTEXT('2D SPACE',''
  ) );
#3617 = PCURVE('',#2180,#3618);
#3618 = DEFINITIONAL_REPRESENTATION('',(#3619),#3623);
#3619 = LINE('',#3620,#3621);
#3620 = CARTESIAN_POINT('',(-0.,4.));
#3621 = VECTOR('',#3622,1.);
#3622 = DIRECTION('',(-1.,0.));
#3623 = ( GEOMETRIC_REPRESENTATION_CONTEXT(2) 
PARAMETRIC_REPRESENTATION_CONTEXT() REPRESENTATION_CONTEXT('2D SPACE',''
  ) );
#3624 = ORIENTED_EDGE('',*,*,#3625,.F.);
#3625 = EDGE_CURVE('',#3554,#3603,#3626,.T.);
#3626 = SURFACE_CURVE('',#3627,(#3631,#3638),.PCURVE_S1.);
#3627 = LINE('',#3628,#3629);
#3628 = CARTESIAN_POINT('',(68.,-64.,45.343817060395));
#3629 = VECTOR('',#3630,1.);
#3630 = DIRECTION('',(-0.,-0.,-1.));
#3631 = PCURVE('',#2206,#3632);
#3632 = DEFINITIONAL_REPRESENTATION('',(#3633),#3637);
#3633 = LINE('',#3634,#3635);
#3634 = CARTESIAN_POINT('',(-0.343817060395,24.));
#3635 = VECTOR('',#3636,1.);
#3636 = DIRECTION('',(1.,-0.));
#3637 = ( GEOMETRIC_REPRESENTATION_CONTEXT(2) 
PARAMETRIC_REPRESENTATION_CONTEXT() REPRESENTATION_CONTEXT('2D SPACE',''
  ) );
#3638 = PCURVE('',#3265,#3639);
#3639 = DEFINITIONAL_REPRESENTATION('',(#3640),#3644);
#3640 = LINE('',#3641,#3642);
#3641 = CARTESIAN_POINT('',(-0.343817060395,-6.187634120789));
#3642 = VECTOR('',#3643,1.);
#3643 = DIRECTION('',(-1.,0.));
#3644 = ( GEOMETRIC_REPRESENTATION_CONTEXT(2) 
PARAMETRIC_REPRESENTATION_CONTEXT() REPRESENTATION_CONTEXT('2D SPACE',''
  ) );
#3645 = ORIENTED_EDGE('',*,*,#3553,.T.);
#3646 = ORIENTED_EDGE('',*,*,#2192,.T.);
#3647 = ADVANCED_FACE('',(#3648),#2180,.T.);
#3648 = FACE_BOUND('',#3649,.F.);
#3649 = EDGE_LOOP('',(#3650,#3651,#3672,#3673));
#3650 = ORIENTED_EDGE('',*,*,#3602,.F.);
#3651 = ORIENTED_EDGE('',*,*,#3652,.F.);
#3652 = EDGE_CURVE('',#3300,#3603,#3653,.T.);
#3653 = SURFACE_CURVE('',#3654,(#3658,#3665),.PCURVE_S1.);
#3654 = LINE('',#3655,#3656);
#3655 = CARTESIAN_POINT('',(68.,-58.9061829396,45.));
#3656 = VECTOR('',#3657,1.);
#3657 = DIRECTION('',(-0.,-1.,-0.));
#3658 = PCURVE('',#2180,#3659);
#3659 = DEFINITIONAL_REPRESENTATION('',(#3660),#3664);
#3660 = LINE('',#3661,#3662);
#3661 = CARTESIAN_POINT('',(-24.,-1.093817060395));
#3662 = VECTOR('',#3663,1.);
#3663 = DIRECTION('',(-0.,1.));
#3664 = ( GEOMETRIC_REPRESENTATION_CONTEXT(2) 
PARAMETRIC_REPRESENTATION_CONTEXT() REPRESENTATION_CONTEXT('2D SPACE',''
  ) );
#3665 = PCURVE('',#3265,#3666);
#3666 = DEFINITIONAL_REPRESENTATION('',(#3667),#3671);
#3667 = LINE('',#3668,#3669);
#3668 = CARTESIAN_POINT('',(-0.687634120789,-1.093817060395));
#3669 = VECTOR('',#3670,1.);
#3670 = DIRECTION('',(-0.,-1.));
#3671 = ( GEOMETRIC_REPRESENTATION_CONTEXT(2) 
PARAMETRIC_REPRESENTATION_CONTEXT() REPRESENTATION_CONTEXT('2D SPACE',''
  ) );
#3672 = ORIENTED_EDGE('',*,*,#3299,.T.);
#3673 = ORIENTED_EDGE('',*,*,#2164,.T.);
#3674 = ADVANCED_FACE('',(#3675,#3681),#2429,.F.);
#3675 = FACE_BOUND('',#3676,.T.);
#3676 = EDGE_LOOP('',(#3677,#3678,#3679,#3680));
#3677 = ORIENTED_EDGE('',*,*,#2415,.F.);
#3678 = ORIENTED_EDGE('',*,*,#3051,.F.);
#3679 = ORIENTED_EDGE('',*,*,#2589,.T.);
#3680 = ORIENTED_EDGE('',*,*,#2444,.F.);
#3681 = FACE_BOUND('',#3682,.T.);
#3682 = EDGE_LOOP('',(#3683));
#3683 = ORIENTED_EDGE('',*,*,#3684,.F.);
#3684 = EDGE_CURVE('',#3685,#3685,#3687,.T.);
#3685 = VERTEX_POINT('',#3686);
#3686 = CARTESIAN_POINT('',(60.,-56.,44.15));
#3687 = SURFACE_CURVE('',#3688,(#3693,#3704),.PCURVE_S1.);
#3688 = CIRCLE('',#3689,2.15);
#3689 = AXIS2_PLACEMENT_3D('',#3690,#3691,#3692);
#3690 = CARTESIAN_POINT('',(60.,-56.,42.));
#3691 = DIRECTION('',(0.,1.,0.));
#3692 = DIRECTION('',(-0.,-0.,1.));
#3693 = PCURVE('',#2429,#3694);
#3694 = DEFINITIONAL_REPRESENTATION('',(#3695),#3703);
#3695 = ( BOUNDED_CURVE() B_SPLINE_CURVE(2,(#3696,#3697,#3698,#3699,
#3700,#3701,#3702),.UNSPECIFIED.,.T.,.F.) B_SPLINE_CURVE_WITH_KNOTS((1,2
    ,2,2,2,1),(-2.094395102393,0.,2.094395102393,4.188790204786,
6.28318530718,8.377580409573),.UNSPECIFIED.) CURVE() 
GEOMETRIC_REPRESENTATION_ITEM() RATIONAL_B_SPLINE_CURVE((1.,0.5,1.,0.5,
1.,0.5,1.)) REPRESENTATION_ITEM('') );
#3696 = CARTESIAN_POINT('',(-14.15,12.));
#3697 = CARTESIAN_POINT('',(-14.15,15.723909236273));
#3698 = CARTESIAN_POINT('',(-10.925,13.861954618137));
#3699 = CARTESIAN_POINT('',(-7.7,12.));
#3700 = CARTESIAN_POINT('',(-10.925,10.138045381863));
#3701 = CARTESIAN_POINT('',(-14.15,8.276090763727));
#3702 = CARTESIAN_POINT('',(-14.15,12.));
#3703 = ( GEOMETRIC_REPRESENTATION_CONTEXT(2) 
PARAMETRIC_REPRESENTATION_CONTEXT() REPRESENTATION_CONTEXT('2D SPACE',''
  ) );
#3704 = PCURVE('',#3389,#3705);
#3705 = DEFINITIONAL_REPRESENTATION('',(#3706),#3710);
#3706 = LINE('',#3707,#3708);
#3707 = CARTESIAN_POINT('',(-0.,11.));
#3708 = VECTOR('',#3709,1.);
#3709 = DIRECTION('',(-1.,0.));
#3710 = ( GEOMETRIC_REPRESENTATION_CONTEXT(2) 
PARAMETRIC_REPRESENTATION_CONTEXT() REPRESENTATION_CONTEXT('2D SPACE',''
  ) );
#3711 = ADVANCED_FACE('',(#3712),#2777,.T.);
#3712 = FACE_BOUND('',#3713,.F.);
#3713 = EDGE_LOOP('',(#3714,#3715,#3736,#3737));
#3714 = ORIENTED_EDGE('',*,*,#3456,.F.);
#3715 = ORIENTED_EDGE('',*,*,#3716,.T.);
#3716 = EDGE_CURVE('',#3457,#3103,#3717,.T.);
#3717 = SURFACE_CURVE('',#3718,(#3722,#3729),.PCURVE_S1.);
#3718 = LINE('',#3719,#3720);
#3719 = CARTESIAN_POINT('',(52.,-80.,64.));
#3720 = VECTOR('',#3721,1.);
#3721 = DIRECTION('',(0.,0.566528822887,-0.824041924199));
#3722 = PCURVE('',#2777,#3723);
#3723 = DEFINITIONAL_REPRESENTATION('',(#3724),#3728);
#3724 = LINE('',#3725,#3726);
#3725 = CARTESIAN_POINT('',(-0.,-4.));
#3726 = VECTOR('',#3727,1.);
#3727 = DIRECTION('',(-1.,0.));
#3728 = ( GEOMETRIC_REPRESENTATION_CONTEXT(2) 
PARAMETRIC_REPRESENTATION_CONTEXT() REPRESENTATION_CONTEXT('2D SPACE',''
  ) );
#3729 = PCURVE('',#3141,#3730);
#3730 = DEFINITIONAL_REPRESENTATION('',(#3731),#3735);
#3731 = LINE('',#3732,#3733);
#3732 = CARTESIAN_POINT('',(18.312365879211,-22.18763412078));
#3733 = VECTOR('',#3734,1.);
#3734 = DIRECTION('',(-0.824041924199,0.566528822887));
#3735 = ( GEOMETRIC_REPRESENTATION_CONTEXT(2) 
PARAMETRIC_REPRESENTATION_CONTEXT() REPRESENTATION_CONTEXT('2D SPACE',''
  ) );
#3736 = ORIENTED_EDGE('',*,*,#3102,.T.);
#3737 = ORIENTED_EDGE('',*,*,#2761,.F.);
#3738 = ADVANCED_FACE('',(#3739),#2853,.F.);
#3739 = FACE_BOUND('',#3740,.T.);
#3740 = EDGE_LOOP('',(#3741,#3764,#3765,#3766));
#3741 = ORIENTED_EDGE('',*,*,#3742,.F.);
#3742 = EDGE_CURVE('',#2838,#3743,#3745,.T.);
#3743 = VERTEX_POINT('',#3744);
#3744 = CARTESIAN_POINT('',(52.,-64.,59.));
#3745 = SURFACE_CURVE('',#3746,(#3750,#3757),.PCURVE_S1.);
#3746 = LINE('',#3747,#3748);
#3747 = CARTESIAN_POINT('',(44.,-64.,59.));
#3748 = VECTOR('',#3749,1.);
#3749 = DIRECTION('',(1.,0.,-0.));
#3750 = PCURVE('',#2853,#3751);
#3751 = DEFINITIONAL_REPRESENTATION('',(#3752),#3756);
#3752 = LINE('',#3753,#3754);
#3753 = CARTESIAN_POINT('',(-0.,4.));
#3754 = VECTOR('',#3755,1.);
#3755 = DIRECTION('',(-1.,0.));
#3756 = ( GEOMETRIC_REPRESENTATION_CONTEXT(2) 
PARAMETRIC_REPRESENTATION_CONTEXT() REPRESENTATION_CONTEXT('2D SPACE',''
  ) );
#3757 = PCURVE('',#2930,#3758);
#3758 = DEFINITIONAL_REPRESENTATION('',(#3759),#3763);
#3759 = LINE('',#3760,#3761);
#3760 = CARTESIAN_POINT('',(-14.,0.));
#3761 = VECTOR('',#3762,1.);
#3762 = DIRECTION('',(-0.,1.));
#3763 = ( GEOMETRIC_REPRESENTATION_CONTEXT(2) 
PARAMETRIC_REPRESENTATION_CONTEXT() REPRESENTATION_CONTEXT('2D SPACE',''
  ) );
#3764 = ORIENTED_EDGE('',*,*,#2835,.F.);
#3765 = ORIENTED_EDGE('',*,*,#3175,.T.);
#3766 = ORIENTED_EDGE('',*,*,#3767,.T.);
#3767 = EDGE_CURVE('',#3176,#3743,#3768,.T.);
#3768 = SURFACE_CURVE('',#3769,(#3773,#3780),.PCURVE_S1.);
#3769 = LINE('',#3770,#3771);
#3770 = CARTESIAN_POINT('',(52.,-58.9061829396,59.));
#3771 = VECTOR('',#3772,1.);
#3772 = DIRECTION('',(-0.,-1.,-0.));
#3773 = PCURVE('',#2853,#3774);
#3774 = DEFINITIONAL_REPRESENTATION('',(#3775),#3779);
#3775 = LINE('',#3776,#3777);
#3776 = CARTESIAN_POINT('',(-8.,-1.093817060395));
#3777 = VECTOR('',#3778,1.);
#3778 = DIRECTION('',(-0.,1.));
#3779 = ( GEOMETRIC_REPRESENTATION_CONTEXT(2) 
PARAMETRIC_REPRESENTATION_CONTEXT() REPRESENTATION_CONTEXT('2D SPACE',''
  ) );
#3780 = PCURVE('',#3141,#3781);
#3781 = DEFINITIONAL_REPRESENTATION('',(#3782),#3786);
#3782 = LINE('',#3783,#3784);
#3783 = CARTESIAN_POINT('',(13.312365879211,-1.093817060395));
#3784 = VECTOR('',#3785,1.);
#3785 = DIRECTION('',(-0.,-1.));
#3786 = ( GEOMETRIC_REPRESENTATION_CONTEXT(2) 
PARAMETRIC_REPRESENTATION_CONTEXT() REPRESENTATION_CONTEXT('2D SPACE',''
  ) );
#3787 = ADVANCED_FACE('',(#3788),#2930,.F.);
#3788 = FACE_BOUND('',#3789,.T.);
#3789 = EDGE_LOOP('',(#3790,#3813,#3814,#3815));
#3790 = ORIENTED_EDGE('',*,*,#3791,.F.);
#3791 = EDGE_CURVE('',#2889,#3792,#3794,.T.);
#3792 = VERTEX_POINT('',#3793);
#3793 = CARTESIAN_POINT('',(52.,-64.,45.));
#3794 = SURFACE_CURVE('',#3795,(#3799,#3806),.PCURVE_S1.);
#3795 = LINE('',#3796,#3797);
#3796 = CARTESIAN_POINT('',(44.,-64.,45.));
#3797 = VECTOR('',#3798,1.);
#3798 = DIRECTION('',(1.,0.,-0.));
#3799 = PCURVE('',#2930,#3800);
#3800 = DEFINITIONAL_REPRESENTATION('',(#3801),#3805);
#3801 = LINE('',#3802,#3803);
#3802 = CARTESIAN_POINT('',(-0.,0.));
#3803 = VECTOR('',#3804,1.);
#3804 = DIRECTION('',(-0.,1.));
#3805 = ( GEOMETRIC_REPRESENTATION_CONTEXT(2) 
PARAMETRIC_REPRESENTATION_CONTEXT() REPRESENTATION_CONTEXT('2D SPACE',''
  ) );
#3806 = PCURVE('',#2904,#3807);
#3807 = DEFINITIONAL_REPRESENTATION('',(#3808),#3812);
#3808 = LINE('',#3809,#3810);
#3809 = CARTESIAN_POINT('',(-0.,4.));
#3810 = VECTOR('',#3811,1.);
#3811 = DIRECTION('',(-1.,0.));
#3812 = ( GEOMETRIC_REPRESENTATION_CONTEXT(2) 
PARAMETRIC_REPRESENTATION_CONTEXT() REPRESENTATION_CONTEXT('2D SPACE',''
  ) );
#3813 = ORIENTED_EDGE('',*,*,#2916,.F.);
#3814 = ORIENTED_EDGE('',*,*,#3742,.T.);
#3815 = ORIENTED_EDGE('',*,*,#3816,.T.);
#3816 = EDGE_CURVE('',#3743,#3792,#3817,.T.);
#3817 = SURFACE_CURVE('',#3818,(#3822,#3829),.PCURVE_S1.);
#3818 = LINE('',#3819,#3820);
#3819 = CARTESIAN_POINT('',(52.,-64.,45.343817060395));
#3820 = VECTOR('',#3821,1.);
#3821 = DIRECTION('',(-0.,-0.,-1.));
#3822 = PCURVE('',#2930,#3823);
#3823 = DEFINITIONAL_REPRESENTATION('',(#3824),#3828);
#3824 = LINE('',#3825,#3826);
#3825 = CARTESIAN_POINT('',(-0.343817060395,8.));
#3826 = VECTOR('',#3827,1.);
#3827 = DIRECTION('',(1.,-0.));
#3828 = ( GEOMETRIC_REPRESENTATION_CONTEXT(2) 
PARAMETRIC_REPRESENTATION_CONTEXT() REPRESENTATION_CONTEXT('2D SPACE',''
  ) );
#3829 = PCURVE('',#3141,#3830);
#3830 = DEFINITIONAL_REPRESENTATION('',(#3831),#3835);
#3831 = LINE('',#3832,#3833);
#3832 = CARTESIAN_POINT('',(-0.343817060395,-6.187634120789));
#3833 = VECTOR('',#3834,1.);
#3834 = DIRECTION('',(-1.,0.));
#3835 = ( GEOMETRIC_REPRESENTATION_CONTEXT(2) 
PARAMETRIC_REPRESENTATION_CONTEXT() REPRESENTATION_CONTEXT('2D SPACE',''
  ) );
#3836 = ADVANCED_FACE('',(#3837),#2904,.T.);
#3837 = FACE_BOUND('',#3838,.F.);
#3838 = EDGE_LOOP('',(#3839,#3840,#3841,#3842));
#3839 = ORIENTED_EDGE('',*,*,#3791,.F.);
#3840 = ORIENTED_EDGE('',*,*,#2888,.F.);
#3841 = ORIENTED_EDGE('',*,*,#3153,.T.);
#3842 = ORIENTED_EDGE('',*,*,#3843,.T.);
#3843 = EDGE_CURVE('',#3126,#3792,#3844,.T.);
#3844 = SURFACE_CURVE('',#3845,(#3849,#3856),.PCURVE_S1.);
#3845 = LINE('',#3846,#3847);
#3846 = CARTESIAN_POINT('',(52.,-58.9061829396,45.));
#3847 = VECTOR('',#3848,1.);
#3848 = DIRECTION('',(-0.,-1.,-0.));
#3849 = PCURVE('',#2904,#3850);
#3850 = DEFINITIONAL_REPRESENTATION('',(#3851),#3855);
#3851 = LINE('',#3852,#3853);
#3852 = CARTESIAN_POINT('',(-8.,-1.093817060395));
#3853 = VECTOR('',#3854,1.);
#3854 = DIRECTION('',(-0.,1.));
#3855 = ( GEOMETRIC_REPRESENTATION_CONTEXT(2) 
PARAMETRIC_REPRESENTATION_CONTEXT() REPRESENTATION_CONTEXT('2D SPACE',''
  ) );
#3856 = PCURVE('',#3141,#3857);
#3857 = DEFINITIONAL_REPRESENTATION('',(#3858),#3862);
#3858 = LINE('',#3859,#3860);
#3859 = CARTESIAN_POINT('',(-0.687634120789,-1.093817060395));
#3860 = VECTOR('',#3861,1.);
#3861 = DIRECTION('',(-0.,-1.));
#3862 = ( GEOMETRIC_REPRESENTATION_CONTEXT(2) 
PARAMETRIC_REPRESENTATION_CONTEXT() REPRESENTATION_CONTEXT('2D SPACE',''
  ) );
#3863 = ADVANCED_FACE('',(#3864),#3141,.F.);
#3864 = FACE_BOUND('',#3865,.T.);
#3865 = EDGE_LOOP('',(#3866,#3867,#3868,#3869,#3870,#3871,#3872,#3873));
#3866 = ORIENTED_EDGE('',*,*,#3479,.F.);
#3867 = ORIENTED_EDGE('',*,*,#3716,.T.);
#3868 = ORIENTED_EDGE('',*,*,#3125,.T.);
#3869 = ORIENTED_EDGE('',*,*,#3843,.T.);
#3870 = ORIENTED_EDGE('',*,*,#3816,.F.);
#3871 = ORIENTED_EDGE('',*,*,#3767,.F.);
#3872 = ORIENTED_EDGE('',*,*,#3198,.T.);
#3873 = ORIENTED_EDGE('',*,*,#3874,.F.);
#3874 = EDGE_CURVE('',#3480,#3199,#3875,.T.);
#3875 = SURFACE_CURVE('',#3876,(#3880,#3887),.PCURVE_S1.);
#3876 = LINE('',#3877,#3878);
#3877 = CARTESIAN_POINT('',(52.,-52.4061829396,60.));
#3878 = VECTOR('',#3879,1.);
#3879 = DIRECTION('',(-0.,1.,-0.));
#3880 = PCURVE('',#3141,#3881);
#3881 = DEFINITIONAL_REPRESENTATION('',(#3882),#3886);
#3882 = LINE('',#3883,#3884);
#3883 = CARTESIAN_POINT('',(14.312365879211,5.406182939605));
#3884 = VECTOR('',#3885,1.);
#3885 = DIRECTION('',(0.,1.));
#3886 = ( GEOMETRIC_REPRESENTATION_CONTEXT(2) 
PARAMETRIC_REPRESENTATION_CONTEXT() REPRESENTATION_CONTEXT('2D SPACE',''
  ) );
#3887 = PCURVE('',#3237,#3888);
#3888 = DEFINITIONAL_REPRESENTATION('',(#3889),#3893);
#3889 = LINE('',#3890,#3891);
#3890 = CARTESIAN_POINT('',(-6.,5.406182939605));
#3891 = VECTOR('',#3892,1.);
#3892 = DIRECTION('',(-0.,-1.));
#3893 = ( GEOMETRIC_REPRESENTATION_CONTEXT(2) 
PARAMETRIC_REPRESENTATION_CONTEXT() REPRESENTATION_CONTEXT('2D SPACE',''
  ) );
#3894 = ADVANCED_FACE('',(#3895),#3237,.F.);
#3895 = FACE_BOUND('',#3896,.T.);
#3896 = EDGE_LOOP('',(#3897,#3898,#3919,#3920));
#3897 = ORIENTED_EDGE('',*,*,#3221,.F.);
#3898 = ORIENTED_EDGE('',*,*,#3899,.F.);
#3899 = EDGE_CURVE('',#3503,#3222,#3900,.T.);
#3900 = SURFACE_CURVE('',#3901,(#3905,#3912),.PCURVE_S1.);
#3901 = LINE('',#3902,#3903);
#3902 = CARTESIAN_POINT('',(68.,-52.4061829396,60.));
#3903 = VECTOR('',#3904,1.);
#3904 = DIRECTION('',(-0.,1.,-0.));
#3905 = PCURVE('',#3237,#3906);
#3906 = DEFINITIONAL_REPRESENTATION('',(#3907),#3911);
#3907 = LINE('',#3908,#3909);
#3908 = CARTESIAN_POINT('',(-22.,5.406182939605));
#3909 = VECTOR('',#3910,1.);
#3910 = DIRECTION('',(-0.,-1.));
#3911 = ( GEOMETRIC_REPRESENTATION_CONTEXT(2) 
PARAMETRIC_REPRESENTATION_CONTEXT() REPRESENTATION_CONTEXT('2D SPACE',''
  ) );
#3912 = PCURVE('',#3265,#3913);
#3913 = DEFINITIONAL_REPRESENTATION('',(#3914),#3918);
#3914 = LINE('',#3915,#3916);
#3915 = CARTESIAN_POINT('',(14.312365879211,5.406182939605));
#3916 = VECTOR('',#3917,1.);
#3917 = DIRECTION('',(0.,1.));
#3918 = ( GEOMETRIC_REPRESENTATION_CONTEXT(2) 
PARAMETRIC_REPRESENTATION_CONTEXT() REPRESENTATION_CONTEXT('2D SPACE',''
  ) );
#3919 = ORIENTED_EDGE('',*,*,#3502,.T.);
#3920 = ORIENTED_EDGE('',*,*,#3874,.T.);
#3921 = ADVANCED_FACE('',(#3922),#3265,.T.);
#3922 = FACE_BOUND('',#3923,.F.);
#3923 = EDGE_LOOP('',(#3924,#3925,#3926,#3927,#3928,#3929,#3930,#3931));
#3924 = ORIENTED_EDGE('',*,*,#3525,.F.);
#3925 = ORIENTED_EDGE('',*,*,#3404,.T.);
#3926 = ORIENTED_EDGE('',*,*,#3322,.T.);
#3927 = ORIENTED_EDGE('',*,*,#3652,.T.);
#3928 = ORIENTED_EDGE('',*,*,#3625,.F.);
#3929 = ORIENTED_EDGE('',*,*,#3576,.F.);
#3930 = ORIENTED_EDGE('',*,*,#3249,.T.);
#3931 = ORIENTED_EDGE('',*,*,#3899,.F.);
#3932 = ADVANCED_FACE('',(#3933),#3389,.F.);
#3933 = FACE_BOUND('',#3934,.T.);
#3934 = EDGE_LOOP('',(#3935,#3936,#3957,#3958));
#3935 = ORIENTED_EDGE('',*,*,#3368,.F.);
#3936 = ORIENTED_EDGE('',*,*,#3937,.F.);
#3937 = EDGE_CURVE('',#3685,#3369,#3938,.T.);
#3938 = SEAM_CURVE('',#3939,(#3943,#3950),.PCURVE_S1.);
#3939 = LINE('',#3940,#3941);
#3940 = CARTESIAN_POINT('',(60.,-45.,44.15));
#3941 = VECTOR('',#3942,1.);
#3942 = DIRECTION('',(-0.,-1.,-0.));
#3943 = PCURVE('',#3389,#3944);
#3944 = DEFINITIONAL_REPRESENTATION('',(#3945),#3949);
#3945 = LINE('',#3946,#3947);
#3946 = CARTESIAN_POINT('',(-6.28318530718,-0.));
#3947 = VECTOR('',#3948,1.);
#3948 = DIRECTION('',(-0.,1.));
#3949 = ( GEOMETRIC_REPRESENTATION_CONTEXT(2) 
PARAMETRIC_REPRESENTATION_CONTEXT() REPRESENTATION_CONTEXT('2D SPACE',''
  ) );
#3950 = PCURVE('',#3389,#3951);
#3951 = DEFINITIONAL_REPRESENTATION('',(#3952),#3956);
#3952 = LINE('',#3953,#3954);
#3953 = CARTESIAN_POINT('',(-0.,-0.));
#3954 = VECTOR('',#3955,1.);
#3955 = DIRECTION('',(-0.,1.));
#3956 = ( GEOMETRIC_REPRESENTATION_CONTEXT(2) 
PARAMETRIC_REPRESENTATION_CONTEXT() REPRESENTATION_CONTEXT('2D SPACE',''
  ) );
#3957 = ORIENTED_EDGE('',*,*,#3684,.T.);
#3958 = ORIENTED_EDGE('',*,*,#3937,.T.);
#3959 = ( GEOMETRIC_REPRESENTATION_CONTEXT(3) 
GLOBAL_UNCERTAINTY_ASSIGNED_CONTEXT((#3963)) 
GLOBAL_UNIT_ASSIGNED_CONTEXT((#3960,#3961,#3962)) REPRESENTATION_CONTEXT
('Context #1','3D Context with UNIT and UNCERTAINTY') );
#3960 = ( LENGTH_UNIT() NAMED_UNIT(*) SI_UNIT(.MILLI.,.METRE.) );
#3961 = ( NAMED_UNIT(*) PLANE_ANGLE_UNIT() SI_UNIT($,.RADIAN.) );
#3962 = ( NAMED_UNIT(*) SI_UNIT($,.STERADIAN.) SOLID_ANGLE_UNIT() );
#3963 = UNCERTAINTY_MEASURE_WITH_UNIT(LENGTH_MEASURE(1.E-07),#3960,
  'distance_accuracy_value','confusion accuracy');
#3964 = PRODUCT_RELATED_PRODUCT_CATEGORY('part',$,(#7));
ENDSEC;
END-ISO-10303-21;
